timestamp,yhat,yhat_p99
2026-07-27 00:00:00,-211.22,-64.98
2026-07-27 00:05:00,-256.81,-110.57
2026-07-27 00:10:00,-234.23,-87.99
2026-07-27 00:15:00,-142.3,3.94
2026-07-27 00:20:00,-66.23,80.01
2026-07-27 00:25:00,-28.5,117.74
2026-07-27 00:30:00,5.9,152.14
2026-07-27 00:35:00,45.74,191.98
2026-07-27 00:40:00,71.76,218.0
2026-07-27 00:45:00,94.61,240.85
2026-07-27 00:50:00,86.03,232.27
2026-07-27 00:55:00,95.57,241.81
2026-07-27 01:00:00,115.24,261.48
2026-07-27 01:05:00,119.36,265.6
2026-07-27 01:10:00,136.89,283.13
2026-07-27 01:15:00,125.6,271.84
2026-07-27 01:20:00,120.62,266.86
2026-07-27 01:25:00,100.32,246.56
2026-07-27 01:30:00,90.53,236.77
2026-07-27 01:35:00,116.43,262.67
2026-07-27 01:40:00,110.63,256.87
2026-07-27 01:45:00,118.87,265.11
2026-07-27 01:50:00,105.86,252.1
2026-07-27 01:55:00,119.83,266.07
2026-07-27 02:00:00,118.62,264.86
2026-07-27 02:05:00,115.55,261.79
2026-07-27 02:10:00,113.74,259.98
2026-07-27 02:15:00,110.0,256.24
2026-07-27 02:20:00,108.62,254.86
2026-07-27 02:25:00,126.42,272.66
2026-07-27 02:30:00,135.42,281.66
2026-07-27 02:35:00,145.77,292.01
2026-07-27 02:40:00,127.39,273.63
2026-07-27 02:45:00,110.53,256.77
2026-07-27 02:50:00,107.8,254.04
2026-07-27 02:55:00,118.66,264.9
2026-07-27 03:00:00,141.76,288.0
2026-07-27 03:05:00,120.16,266.4
2026-07-27 03:10:00,89.41,235.65
2026-07-27 03:15:00,106.64,252.88
2026-07-27 03:20:00,117.64,263.88
2026-07-27 03:25:00,129.09,275.33
2026-07-27 03:30:00,126.66,272.9
2026-07-27 03:35:00,117.54,263.78
2026-07-27 03:40:00,114.9,261.14
2026-07-27 03:45:00,121.6,267.84
2026-07-27 03:50:00,130.45,276.69
2026-07-27 03:55:00,128.06,274.3
2026-07-27 04:00:00,125.24,271.48
2026-07-27 04:05:00,135.91,282.15
2026-07-27 04:10:00,125.44,271.68
2026-07-27 04:15:00,132.62,278.86
2026-07-27 04:20:00,133.25,279.49
2026-07-27 04:25:00,107.93,254.17
2026-07-27 04:30:00,114.93,261.17
2026-07-27 04:35:00,102.92,249.16
2026-07-27 04:40:00,120.37,266.61
2026-07-27 04:45:00,117.27,263.51
2026-07-27 04:50:00,145.82,292.06
2026-07-27 04:55:00,120.87,267.11
2026-07-27 05:00:00,144.01,290.25
2026-07-27 05:05:00,111.93,258.17
2026-07-27 05:10:00,118.1,264.34
2026-07-27 05:15:00,125.76,272.0
2026-07-27 05:20:00,135.33,281.57
2026-07-27 05:25:00,150.57,296.81
2026-07-27 05:30:00,152.17,298.41
2026-07-27 05:35:00,142.25,288.49
2026-07-27 05:40:00,136.12,282.36
2026-07-27 05:45:00,159.16,305.4
2026-07-27 05:50:00,133.23,279.47
2026-07-27 05:55:00,112.92,259.16
2026-07-27 06:00:00,114.38,260.62
2026-07-27 06:05:00,115.0,261.24
2026-07-27 06:10:00,141.87,288.11
2026-07-27 06:15:00,147.31,293.55
2026-07-27 06:20:00,163.94,310.18
2026-07-27 06:25:00,148.39,294.63
2026-07-27 06:30:00,148.47,294.71
2026-07-27 06:35:00,160.77,307.01
2026-07-27 06:40:00,151.1,297.34
2026-07-27 06:45:00,161.41,307.65
2026-07-27 06:50:00,156.09,302.33
2026-07-27 06:55:00,154.09,300.33
2026-07-27 07:00:00,156.84,303.08
2026-07-27 07:05:00,128.85,275.09
2026-07-27 07:10:00,145.79,292.03
2026-07-27 07:15:00,193.84,340.08
2026-07-27 07:20:00,182.61,328.85
2026-07-27 07:25:00,189.89,336.13
2026-07-27 07:30:00,201.51,347.75
2026-07-27 07:35:00,177.72,323.96
2026-07-27 07:40:00,177.78,324.03
2026-07-27 07:45:00,154.56,300.8
2026-07-27 07:50:00,168.12,314.36
2026-07-27 07:55:00,133.45,279.69
2026-07-27 08:00:00,132.83,279.07
2026-07-27 08:05:00,117.28,263.52
2026-07-27 08:10:00,134.58,280.82
2026-07-27 08:15:00,184.36,330.6
2026-07-27 08:20:00,157.22,303.46
2026-07-27 08:25:00,185.96,332.2
2026-07-27 08:30:00,203.8,350.04
2026-07-27 08:35:00,202.1,348.34
2026-07-27 08:40:00,218.09,364.33
2026-07-27 08:45:00,193.07,339.31
2026-07-27 08:50:00,193.86,340.1
2026-07-27 08:55:00,187.41,333.65
2026-07-27 09:00:00,198.16,344.4
2026-07-27 09:05:00,226.53,372.77
2026-07-27 09:10:00,218.22,364.46
2026-07-27 09:15:00,230.9,377.14
2026-07-27 09:20:00,223.6,369.84
2026-07-27 09:25:00,213.12,359.36
2026-07-27 09:30:00,169.13,315.37
2026-07-27 09:35:00,200.18,346.42
2026-07-27 09:40:00,198.26,344.5
2026-07-27 09:45:00,232.9,379.14
2026-07-27 09:50:00,249.78,396.02
2026-07-27 09:55:00,294.92,441.16
2026-07-27 10:00:00,251.57,397.81
2026-07-27 10:05:00,230.23,376.47
2026-07-27 10:10:00,245.46,391.7
2026-07-27 10:15:00,255.23,401.47
2026-07-27 10:20:00,311.14,457.38
2026-07-27 10:25:00,321.03,467.27
2026-07-27 10:30:00,292.77,439.01
2026-07-27 10:35:00,305.5,451.74
2026-07-27 10:40:00,268.52,414.76
2026-07-27 10:45:00,249.82,396.06
2026-07-27 10:50:00,222.98,369.22
2026-07-27 10:55:00,251.25,397.49
2026-07-27 11:00:00,225.99,372.23
2026-07-27 11:05:00,275.49,421.73
2026-07-27 11:10:00,265.68,411.92
2026-07-27 11:15:00,248.96,395.2
2026-07-27 11:20:00,246.55,392.79
2026-07-27 11:25:00,262.38,408.62
2026-07-27 11:30:00,307.51,453.75
2026-07-27 11:35:00,397.38,543.62
2026-07-27 11:40:00,443.58,589.82
2026-07-27 11:45:00,387.85,534.09
2026-07-27 11:50:00,307.18,453.42
2026-07-27 11:55:00,242.76,389.0
2026-07-27 12:00:00,291.14,437.38
2026-07-27 12:05:00,265.06,411.3
2026-07-27 12:10:00,277.06,423.3
2026-07-27 12:15:00,266.24,412.48
2026-07-27 12:20:00,295.99,442.23
2026-07-27 12:25:00,346.86,493.1
2026-07-27 12:30:00,347.12,493.36
2026-07-27 12:35:00,316.52,462.76
2026-07-27 12:40:00,291.21,437.45
2026-07-27 12:45:00,270.32,416.56
2026-07-27 12:50:00,269.58,415.82
2026-07-27 12:55:00,315.15,461.39
2026-07-27 13:00:00,378.52,524.76
2026-07-27 13:05:00,358.88,505.12
2026-07-27 13:10:00,377.03,523.27
2026-07-27 13:15:00,337.98,484.22
2026-07-27 13:20:00,280.73,426.97
2026-07-27 13:25:00,293.61,439.85
2026-07-27 13:30:00,296.78,443.02
2026-07-27 13:35:00,373.05,519.29
2026-07-27 13:40:00,350.0,496.24
2026-07-27 13:45:00,363.17,509.41
2026-07-27 13:50:00,298.24,444.48
2026-07-27 13:55:00,352.98,499.22
2026-07-27 14:00:00,354.95,501.19
2026-07-27 14:05:00,350.9,497.14
2026-07-27 14:10:00,344.92,491.16
2026-07-27 14:15:00,314.54,460.78
2026-07-27 14:20:00,344.06,490.3
2026-07-27 14:25:00,309.48,455.72
2026-07-27 14:30:00,273.68,419.92
2026-07-27 14:35:00,271.81,418.05
2026-07-27 14:40:00,308.11,454.35
2026-07-27 14:45:00,372.9,519.14
2026-07-27 14:50:00,348.32,494.56
2026-07-27 14:55:00,331.88,478.12
2026-07-27 15:00:00,348.11,494.35
2026-07-27 15:05:00,375.76,522.0
2026-07-27 15:10:00,347.11,493.35
2026-07-27 15:15:00,342.34,488.58
2026-07-27 15:20:00,369.48,515.72
2026-07-27 15:25:00,365.33,511.57
2026-07-27 15:30:00,408.64,554.88
2026-07-27 15:35:00,313.58,459.82
2026-07-27 15:40:00,295.85,442.09
2026-07-27 15:45:00,258.83,405.07
2026-07-27 15:50:00,317.46,463.7
2026-07-27 15:55:00,390.49,536.73
2026-07-27 16:00:00,322.05,468.29
2026-07-27 16:05:00,321.95,468.19
2026-07-27 16:10:00,353.8,500.04
2026-07-27 16:15:00,313.69,459.93
2026-07-27 16:20:00,259.66,405.9
2026-07-27 16:25:00,298.42,444.66
2026-07-27 16:30:00,273.44,419.68
2026-07-27 16:35:00,289.83,436.07
2026-07-27 16:40:00,256.88,403.12
2026-07-27 16:45:00,306.13,452.37
2026-07-27 16:50:00,322.22,468.46
2026-07-27 16:55:00,289.6,435.84
2026-07-27 17:00:00,297.14,443.38
2026-07-27 17:05:00,238.12,384.36
2026-07-27 17:10:00,239.42,385.67
2026-07-27 17:15:00,246.19,392.43
2026-07-27 17:20:00,211.73,357.97
2026-07-27 17:25:00,227.0,373.24
2026-07-27 17:30:00,225.17,371.41
2026-07-27 17:35:00,264.88,411.13
2026-07-27 17:40:00,248.89,395.13
2026-07-27 17:45:00,269.92,416.16
2026-07-27 17:50:00,244.47,390.71
2026-07-27 17:55:00,210.38,356.62
2026-07-27 18:00:00,264.95,411.19
2026-07-27 18:05:00,267.45,413.69
2026-07-27 18:10:00,283.63,429.87
2026-07-27 18:15:00,250.42,396.66
2026-07-27 18:20:00,237.07,383.31
2026-07-27 18:25:00,218.65,364.89
2026-07-27 18:30:00,214.08,360.32
2026-07-27 18:35:00,231.0,377.24
2026-07-27 18:40:00,200.25,346.49
2026-07-27 18:45:00,205.46,351.7
2026-07-27 18:50:00,225.74,371.98
2026-07-27 18:55:00,294.61,440.85
2026-07-27 19:00:00,300.71,446.95
2026-07-27 19:05:00,238.84,385.08
2026-07-27 19:10:00,206.73,352.97
2026-07-27 19:15:00,179.35,325.59
2026-07-27 19:20:00,182.04,328.28
2026-07-27 19:25:00,206.32,352.56
2026-07-27 19:30:00,238.18,384.42
2026-07-27 19:35:00,203.47,349.71
2026-07-27 19:40:00,198.56,344.8
2026-07-27 19:45:00,153.36,299.6
2026-07-27 19:50:00,184.77,331.01
2026-07-27 19:55:00,189.07,335.31
2026-07-27 20:00:00,210.36,356.6
2026-07-27 20:05:00,197.72,343.96
2026-07-27 20:10:00,176.32,322.56
2026-07-27 20:15:00,167.65,313.89
2026-07-27 20:20:00,141.7,287.94
2026-07-27 20:25:00,210.24,356.48
2026-07-27 20:30:00,145.05,291.29
2026-07-27 20:35:00,130.35,276.59
2026-07-27 20:40:00,180.38,326.62
2026-07-27 20:45:00,230.15,376.39
2026-07-27 20:50:00,174.38,320.62
2026-07-27 20:55:00,145.98,292.22
2026-07-27 21:00:00,138.34,284.58
2026-07-27 21:05:00,165.24,311.48
2026-07-27 21:10:00,147.85,294.09
2026-07-27 21:15:00,135.89,282.13
2026-07-27 21:20:00,148.79,295.03
2026-07-27 21:25:00,149.08,295.32
2026-07-27 21:30:00,125.81,272.05
2026-07-27 21:35:00,124.38,270.62
2026-07-27 21:40:00,113.54,259.78
2026-07-27 21:45:00,109.04,255.28
2026-07-27 21:50:00,111.65,257.89
2026-07-27 21:55:00,116.51,262.75
2026-07-27 22:00:00,120.52,266.76
2026-07-27 22:05:00,139.6,285.84
2026-07-27 22:10:00,157.57,303.81
2026-07-27 22:15:00,144.39,290.63
2026-07-27 22:20:00,143.62,289.86
2026-07-27 22:25:00,135.76,282.0
2026-07-27 22:30:00,129.28,275.52
2026-07-27 22:35:00,136.63,282.87
2026-07-27 22:40:00,127.52,273.76
2026-07-27 22:45:00,124.44,270.68
2026-07-27 22:50:00,159.83,306.07
2026-07-27 22:55:00,170.38,316.62
2026-07-27 23:00:00,154.18,300.43
2026-07-27 23:05:00,117.4,263.64
2026-07-27 23:10:00,106.89,253.13
2026-07-27 23:15:00,139.58,285.82
2026-07-27 23:20:00,150.07,296.31
2026-07-27 23:25:00,149.9,296.14
2026-07-27 23:30:00,105.8,252.04
2026-07-27 23:35:00,120.84,267.08
2026-07-27 23:40:00,125.21,271.45
2026-07-27 23:45:00,105.83,252.07
2026-07-27 23:50:00,102.72,248.96
2026-07-27 23:55:00,117.65,263.89
2026-07-28 00:00:00,121.92,268.16
2026-07-28 00:05:00,107.36,253.6
2026-07-28 00:10:00,98.22,244.46
2026-07-28 00:15:00,103.76,250.0
2026-07-28 00:20:00,104.78,251.02
2026-07-28 00:25:00,133.3,279.54
2026-07-28 00:30:00,100.78,247.02
2026-07-28 00:35:00,102.12,248.36
2026-07-28 00:40:00,113.32,259.56
2026-07-28 00:45:00,123.01,269.25
2026-07-28 00:50:00,108.69,254.93
2026-07-28 00:55:00,79.58,225.82
2026-07-28 01:00:00,101.11,247.35
2026-07-28 01:05:00,135.89,282.13
2026-07-28 01:10:00,115.41,261.65
2026-07-28 01:15:00,119.9,266.14
2026-07-28 01:20:00,124.52,270.76
2026-07-28 01:25:00,97.62,243.86
2026-07-28 01:30:00,89.58,235.82
2026-07-28 01:35:00,100.43,246.67
2026-07-28 01:40:00,120.45,266.69
2026-07-28 01:45:00,133.18,279.42
2026-07-28 01:50:00,145.4,291.64
2026-07-28 01:55:00,137.84,284.08
2026-07-28 02:00:00,133.7,279.94
2026-07-28 02:05:00,150.81,297.05
2026-07-28 02:10:00,140.06,286.3
2026-07-28 02:15:00,125.53,271.77
2026-07-28 02:20:00,106.96,253.2
2026-07-28 02:25:00,119.4,265.64
2026-07-28 02:30:00,118.61,264.85
2026-07-28 02:35:00,117.13,263.37
2026-07-28 02:40:00,105.45,251.69
2026-07-28 02:45:00,116.03,262.27
2026-07-28 02:50:00,118.85,265.09
2026-07-28 02:55:00,132.44,278.68
2026-07-28 03:00:00,142.36,288.6
2026-07-28 03:05:00,147.5,293.74
2026-07-28 03:10:00,122.31,268.55
2026-07-28 03:15:00,115.48,261.72
2026-07-28 03:20:00,111.55,257.79
2026-07-28 03:25:00,102.31,248.55
2026-07-28 03:30:00,99.23,245.47
2026-07-28 03:35:00,133.16,279.4
2026-07-28 03:40:00,128.76,275.0
2026-07-28 03:45:00,119.16,265.4
2026-07-28 03:50:00,115.1,261.34
2026-07-28 03:55:00,108.8,255.04
2026-07-28 04:00:00,99.84,246.08
2026-07-28 04:05:00,106.45,252.69
2026-07-28 04:10:00,115.15,261.39
2026-07-28 04:15:00,141.17,287.41
2026-07-28 04:20:00,137.51,283.76
2026-07-28 04:25:00,104.29,250.53
2026-07-28 04:30:00,121.18,267.42
2026-07-28 04:35:00,113.3,259.54
2026-07-28 04:40:00,138.73,284.97
2026-07-28 04:45:00,155.03,301.27
2026-07-28 04:50:00,117.84,264.08
2026-07-28 04:55:00,110.31,256.55
2026-07-28 05:00:00,131.02,277.26
2026-07-28 05:05:00,107.8,254.04
2026-07-28 05:10:00,143.24,289.48
2026-07-28 05:15:00,141.64,287.88
2026-07-28 05:20:00,146.84,293.08
2026-07-28 05:25:00,137.85,284.09
2026-07-28 05:30:00,144.85,291.09
2026-07-28 05:35:00,159.48,305.72
2026-07-28 05:40:00,155.13,301.37
2026-07-28 05:45:00,157.63,303.87
2026-07-28 05:50:00,138.48,284.72
2026-07-28 05:55:00,120.48,266.72
2026-07-28 06:00:00,130.42,276.66
2026-07-28 06:05:00,133.39,279.63
2026-07-28 06:10:00,147.8,294.04
2026-07-28 06:15:00,163.65,309.89
2026-07-28 06:20:00,145.12,291.36
2026-07-28 06:25:00,143.09,289.33
2026-07-28 06:30:00,169.17,315.41
2026-07-28 06:35:00,149.49,295.73
2026-07-28 06:40:00,138.48,284.72
2026-07-28 06:45:00,149.89,296.13
2026-07-28 06:50:00,175.11,321.35
2026-07-28 06:55:00,169.9,316.14
2026-07-28 07:00:00,194.4,340.64
2026-07-28 07:05:00,181.58,327.82
2026-07-28 07:10:00,176.75,322.99
2026-07-28 07:15:00,223.98,370.22
2026-07-28 07:20:00,244.91,391.15
2026-07-28 07:25:00,206.87,353.12
2026-07-28 07:30:00,170.02,316.26
2026-07-28 07:35:00,179.64,325.88
2026-07-28 07:40:00,171.45,317.69
2026-07-28 07:45:00,160.56,306.8
2026-07-28 07:50:00,197.64,343.88
2026-07-28 07:55:00,149.91,296.15
2026-07-28 08:00:00,143.06,289.3
2026-07-28 08:05:00,117.86,264.1
2026-07-28 08:10:00,137.72,283.97
2026-07-28 08:15:00,184.06,330.3
2026-07-28 08:20:00,184.53,330.77
2026-07-28 08:25:00,212.83,359.07
2026-07-28 08:30:00,160.46,306.7
2026-07-28 08:35:00,148.84,295.09
2026-07-28 08:40:00,174.78,321.02
2026-07-28 08:45:00,182.15,328.39
2026-07-28 08:50:00,203.98,350.22
2026-07-28 08:55:00,229.19,375.43
2026-07-28 09:00:00,230.93,377.17
2026-07-28 09:05:00,238.15,384.39
2026-07-28 09:10:00,263.09,409.33
2026-07-28 09:15:00,254.44,400.68
2026-07-28 09:20:00,212.85,359.09
2026-07-28 09:25:00,214.61,360.85
2026-07-28 09:30:00,205.29,351.53
2026-07-28 09:35:00,235.44,381.68
2026-07-28 09:40:00,218.37,364.61
2026-07-28 09:45:00,247.79,394.03
2026-07-28 09:50:00,250.13,396.37
2026-07-28 09:55:00,242.07,388.31
2026-07-28 10:00:00,252.53,398.77
2026-07-28 10:05:00,214.02,360.26
2026-07-28 10:10:00,203.13,349.37
2026-07-28 10:15:00,196.24,342.48
2026-07-28 10:20:00,191.11,337.36
2026-07-28 10:25:00,221.75,367.99
2026-07-28 10:30:00,260.69,406.93
2026-07-28 10:35:00,238.96,385.2
2026-07-28 10:40:00,275.59,421.83
2026-07-28 10:45:00,307.91,454.15
2026-07-28 10:50:00,321.8,468.04
2026-07-28 10:55:00,309.05,455.29
2026-07-28 11:00:00,334.22,480.46
2026-07-28 11:05:00,308.93,455.17
2026-07-28 11:10:00,261.52,407.76
2026-07-28 11:15:00,265.39,411.63
2026-07-28 11:20:00,242.86,389.1
2026-07-28 11:25:00,224.73,370.97
2026-07-28 11:30:00,250.37,396.62
2026-07-28 11:35:00,321.7,467.94
2026-07-28 11:40:00,346.71,492.95
2026-07-28 11:45:00,290.97,437.21
2026-07-28 11:50:00,303.86,450.1
2026-07-28 11:55:00,275.33,421.58
2026-07-28 12:00:00,315.61,461.85
2026-07-28 12:05:00,299.99,446.23
2026-07-28 12:10:00,258.17,404.41
2026-07-28 12:15:00,308.1,454.34
2026-07-28 12:20:00,304.26,450.5
2026-07-28 12:25:00,293.58,439.82
2026-07-28 12:30:00,282.66,428.9
2026-07-28 12:35:00,269.59,415.83
2026-07-28 12:40:00,315.12,461.36
2026-07-28 12:45:00,327.92,474.16
2026-07-28 12:50:00,326.78,473.02
2026-07-28 12:55:00,359.28,505.52
2026-07-28 13:00:00,375.56,521.8
2026-07-28 13:05:00,341.55,487.79
2026-07-28 13:10:00,284.95,431.19
2026-07-28 13:15:00,347.08,493.32
2026-07-28 13:20:00,313.55,459.79
2026-07-28 13:25:00,382.77,529.01
2026-07-28 13:30:00,382.06,528.3
2026-07-28 13:35:00,315.18,461.42
2026-07-28 13:40:00,358.74,504.98
2026-07-28 13:45:00,412.8,559.04
2026-07-28 13:50:00,440.45,586.69
2026-07-28 13:55:00,388.26,534.5
2026-07-28 14:00:00,359.53,505.77
2026-07-28 14:05:00,395.46,541.7
2026-07-28 14:10:00,338.4,484.64
2026-07-28 14:15:00,343.09,489.33
2026-07-28 14:20:00,337.72,483.96
2026-07-28 14:25:00,330.04,476.28
2026-07-28 14:30:00,294.46,440.7
2026-07-28 14:35:00,274.27,420.51
2026-07-28 14:40:00,244.32,390.56
2026-07-28 14:45:00,239.94,386.18
2026-07-28 14:50:00,262.01,408.25
2026-07-28 14:55:00,287.05,433.29
2026-07-28 15:00:00,398.89,545.13
2026-07-28 15:05:00,394.72,540.96
2026-07-28 15:10:00,321.43,467.67
2026-07-28 15:15:00,357.56,503.8
2026-07-28 15:20:00,323.17,469.41
2026-07-28 15:25:00,320.49,466.73
2026-07-28 15:30:00,332.73,478.97
2026-07-28 15:35:00,293.31,439.55
2026-07-28 15:40:00,314.01,460.25
2026-07-28 15:45:00,352.1,498.34
2026-07-28 15:50:00,269.49,415.73
2026-07-28 15:55:00,296.9,443.14
2026-07-28 16:00:00,387.44,533.68
2026-07-28 16:05:00,378.29,524.53
2026-07-28 16:10:00,377.28,523.52
2026-07-28 16:15:00,359.71,505.95
2026-07-28 16:20:00,328.76,475.0
2026-07-28 16:25:00,306.38,452.62
2026-07-28 16:30:00,281.98,428.22
2026-07-28 16:35:00,269.51,415.75
2026-07-28 16:40:00,264.27,410.51
2026-07-28 16:45:00,275.44,421.68
2026-07-28 16:50:00,277.63,423.87
2026-07-28 16:55:00,300.91,447.15
2026-07-28 17:00:00,292.31,438.55
2026-07-28 17:05:00,280.38,426.62
2026-07-28 17:10:00,274.96,421.2
2026-07-28 17:15:00,276.47,422.71
2026-07-28 17:20:00,285.46,431.7
2026-07-28 17:25:00,242.03,388.27
2026-07-28 17:30:00,231.25,377.49
2026-07-28 17:35:00,190.63,336.87
2026-07-28 17:40:00,207.96,354.2
2026-07-28 17:45:00,288.64,434.88
2026-07-28 17:50:00,293.1,439.34
2026-07-28 17:55:00,228.01,374.25
2026-07-28 18:00:00,209.57,355.81
2026-07-28 18:05:00,167.31,313.55
2026-07-28 18:10:00,181.3,327.54
2026-07-28 18:15:00,280.37,426.61
2026-07-28 18:20:00,283.78,430.02
2026-07-28 18:25:00,237.6,383.84
2026-07-28 18:30:00,229.79,376.03
2026-07-28 18:35:00,201.3,347.54
2026-07-28 18:40:00,202.77,349.01
2026-07-28 18:45:00,207.25,353.49
2026-07-28 18:50:00,221.57,367.81
2026-07-28 18:55:00,237.92,384.16
2026-07-28 19:00:00,228.36,374.6
2026-07-28 19:05:00,238.54,384.78
2026-07-28 19:10:00,201.09,347.33
2026-07-28 19:15:00,227.64,373.88
2026-07-28 19:20:00,259.84,406.08
2026-07-28 19:25:00,220.3,366.54
2026-07-28 19:30:00,196.77,343.01
2026-07-28 19:35:00,226.44,372.68
2026-07-28 19:40:00,217.71,363.95
2026-07-28 19:45:00,231.22,377.46
2026-07-28 19:50:00,216.44,362.68
2026-07-28 19:55:00,253.55,399.79
2026-07-28 20:00:00,251.82,398.06
2026-07-28 20:05:00,236.45,382.69
2026-07-28 20:10:00,227.36,373.6
2026-07-28 20:15:00,211.73,357.97
2026-07-28 20:20:00,171.26,317.5
2026-07-28 20:25:00,163.38,309.62
2026-07-28 20:30:00,148.69,294.93
2026-07-28 20:35:00,126.81,273.05
2026-07-28 20:40:00,151.44,297.68
2026-07-28 20:45:00,136.8,283.04
2026-07-28 20:50:00,168.84,315.08
2026-07-28 20:55:00,119.87,266.11
2026-07-28 21:00:00,110.05,256.29
2026-07-28 21:05:00,93.48,239.72
2026-07-28 21:10:00,116.73,262.97
2026-07-28 21:15:00,131.9,278.15
2026-07-28 21:20:00,133.0,279.24
2026-07-28 21:25:00,131.79,278.03
2026-07-28 21:30:00,122.81,269.05
2026-07-28 21:35:00,129.16,275.4
2026-07-28 21:40:00,122.51,268.75
2026-07-28 21:45:00,129.23,275.47
2026-07-28 21:50:00,136.7,282.94
2026-07-28 21:55:00,130.76,277.0
2026-07-28 22:00:00,143.75,289.99
2026-07-28 22:05:00,147.65,293.89
2026-07-28 22:10:00,178.97,325.21
2026-07-28 22:15:00,151.15,297.39
2026-07-28 22:20:00,136.39,282.63
2026-07-28 22:25:00,120.7,266.94
2026-07-28 22:30:00,107.87,254.11
2026-07-28 22:35:00,120.12,266.36
2026-07-28 22:40:00,103.91,250.15
2026-07-28 22:45:00,114.95,261.19
2026-07-28 22:50:00,125.2,271.44
2026-07-28 22:55:00,129.31,275.55
2026-07-28 23:00:00,120.01,266.25
2026-07-28 23:05:00,125.16,271.4
2026-07-28 23:10:00,137.83,284.07
2026-07-28 23:15:00,135.79,282.03
2026-07-28 23:20:00,136.9,283.14
2026-07-28 23:25:00,143.63,289.87
2026-07-28 23:30:00,127.0,273.24
2026-07-28 23:35:00,102.18,248.42
2026-07-28 23:40:00,108.06,254.3
2026-07-28 23:45:00,114.34,260.58
2026-07-28 23:50:00,103.22,249.46
2026-07-28 23:55:00,116.72,262.96
2026-07-29 00:00:00,104.6,250.84
2026-07-29 00:05:00,119.77,266.01
2026-07-29 00:10:00,122.25,268.49
2026-07-29 00:15:00,115.94,262.18
2026-07-29 00:20:00,113.58,259.82
2026-07-29 00:25:00,93.17,239.41
2026-07-29 00:30:00,93.19,239.43
2026-07-29 00:35:00,98.23,244.47
2026-07-29 00:40:00,98.37,244.61
2026-07-29 00:45:00,120.69,266.93
2026-07-29 00:50:00,139.75,285.99
2026-07-29 00:55:00,102.24,248.48
2026-07-29 01:00:00,99.54,245.78
2026-07-29 01:05:00,111.6,257.84
2026-07-29 01:10:00,141.21,287.45
2026-07-29 01:15:00,108.96,255.2
2026-07-29 01:20:00,125.26,271.5
2026-07-29 01:25:00,123.71,269.95
2026-07-29 01:30:00,97.63,243.87
2026-07-29 01:35:00,94.88,241.12
2026-07-29 01:40:00,94.51,240.75
2026-07-29 01:45:00,107.3,253.54
2026-07-29 01:50:00,118.72,264.96
2026-07-29 01:55:00,112.69,258.93
2026-07-29 02:00:00,100.05,246.29
2026-07-29 02:05:00,116.63,262.88
2026-07-29 02:10:00,113.37,259.61
2026-07-29 02:15:00,120.21,266.45
2026-07-29 02:20:00,103.3,249.54
2026-07-29 02:25:00,110.7,256.94
2026-07-29 02:30:00,130.61,276.85
2026-07-29 02:35:00,120.17,266.41
2026-07-29 02:40:00,126.6,272.85
2026-07-29 02:45:00,99.16,245.4
2026-07-29 02:50:00,119.65,265.89
2026-07-29 02:55:00,105.85,252.09
2026-07-29 03:00:00,122.83,269.07
2026-07-29 03:05:00,97.0,243.24
2026-07-29 03:10:00,93.7,239.94
2026-07-29 03:15:00,111.04,257.28
2026-07-29 03:20:00,97.88,244.12
2026-07-29 03:25:00,119.26,265.5
2026-07-29 03:30:00,119.09,265.33
2026-07-29 03:35:00,114.36,260.6
2026-07-29 03:40:00,130.8,277.04
2026-07-29 03:45:00,123.58,269.82
2026-07-29 03:50:00,129.88,276.12
2026-07-29 03:55:00,118.91,265.15
2026-07-29 04:00:00,111.34,257.58
2026-07-29 04:05:00,126.03,272.27
2026-07-29 04:10:00,114.35,260.59
2026-07-29 04:15:00,118.07,264.31
2026-07-29 04:20:00,135.61,281.85
2026-07-29 04:25:00,116.98,263.22
2026-07-29 04:30:00,98.35,244.59
2026-07-29 04:35:00,124.88,271.12
2026-07-29 04:40:00,180.99,327.23
2026-07-29 04:45:00,144.96,291.2
2026-07-29 04:50:00,114.5,260.74
2026-07-29 04:55:00,112.31,258.55
2026-07-29 05:00:00,118.49,264.73
2026-07-29 05:05:00,119.06,265.3
2026-07-29 05:10:00,111.64,257.88
2026-07-29 05:15:00,129.03,275.27
2026-07-29 05:20:00,135.34,281.58
2026-07-29 05:25:00,123.32,269.56
2026-07-29 05:30:00,136.49,282.73
2026-07-29 05:35:00,173.33,319.57
2026-07-29 05:40:00,162.16,308.4
2026-07-29 05:45:00,153.51,299.75
2026-07-29 05:50:00,130.46,276.7
2026-07-29 05:55:00,137.97,284.21
2026-07-29 06:00:00,119.99,266.23
2026-07-29 06:05:00,132.8,279.04
2026-07-29 06:10:00,136.35,282.59
2026-07-29 06:15:00,172.69,318.93
2026-07-29 06:20:00,162.73,308.97
2026-07-29 06:25:00,184.12,330.36
2026-07-29 06:30:00,146.53,292.77
2026-07-29 06:35:00,157.61,303.85
2026-07-29 06:40:00,159.99,306.23
2026-07-29 06:45:00,144.62,290.86
2026-07-29 06:50:00,159.07,305.31
2026-07-29 06:55:00,183.94,330.18
2026-07-29 07:00:00,171.29,317.53
2026-07-29 07:05:00,131.1,277.34
2026-07-29 07:10:00,136.35,282.59
2026-07-29 07:15:00,181.84,328.08
2026-07-29 07:20:00,168.78,315.02
2026-07-29 07:25:00,172.97,319.21
2026-07-29 07:30:00,163.12,309.36
2026-07-29 07:35:00,120.44,266.68
2026-07-29 07:40:00,161.35,307.59
2026-07-29 07:45:00,148.75,294.99
2026-07-29 07:50:00,127.34,273.58
2026-07-29 07:55:00,158.91,305.15
2026-07-29 08:00:00,176.5,322.74
2026-07-29 08:05:00,151.16,297.4
2026-07-29 08:10:00,147.28,293.52
2026-07-29 08:15:00,196.23,342.47
2026-07-29 08:20:00,186.43,332.67
2026-07-29 08:25:00,264.75,410.99
2026-07-29 08:30:00,220.59,366.83
2026-07-29 08:35:00,225.81,372.05
2026-07-29 08:40:00,205.64,351.88
2026-07-29 08:45:00,222.57,368.81
2026-07-29 08:50:00,224.8,371.04
2026-07-29 08:55:00,249.53,395.77
2026-07-29 09:00:00,225.34,371.58
2026-07-29 09:05:00,205.48,351.72
2026-07-29 09:10:00,229.6,375.84
2026-07-29 09:15:00,243.02,389.26
2026-07-29 09:20:00,262.89,409.13
2026-07-29 09:25:00,234.54,380.78
2026-07-29 09:30:00,201.25,347.5
2026-07-29 09:35:00,217.51,363.75
2026-07-29 09:40:00,213.39,359.63
2026-07-29 09:45:00,255.76,402.0
2026-07-29 09:50:00,215.65,361.89
2026-07-29 09:55:00,209.77,356.01
2026-07-29 10:00:00,193.87,340.11
2026-07-29 10:05:00,181.63,327.87
2026-07-29 10:10:00,196.04,342.28
2026-07-29 10:15:00,206.3,352.54
2026-07-29 10:20:00,243.86,390.1
2026-07-29 10:25:00,299.34,445.58
2026-07-29 10:30:00,269.56,415.8
2026-07-29 10:35:00,224.65,370.89
2026-07-29 10:40:00,260.04,406.28
2026-07-29 10:45:00,297.55,443.79
2026-07-29 10:50:00,247.96,394.2
2026-07-29 10:55:00,252.48,398.72
2026-07-29 11:00:00,278.61,424.85
2026-07-29 11:05:00,274.3,420.54
2026-07-29 11:10:00,290.68,436.92
2026-07-29 11:15:00,298.06,444.3
2026-07-29 11:20:00,321.95,468.19
2026-07-29 11:25:00,262.03,408.27
2026-07-29 11:30:00,278.38,424.62
2026-07-29 11:35:00,301.31,447.55
2026-07-29 11:40:00,235.86,382.1
2026-07-29 11:45:00,233.4,379.64
2026-07-29 11:50:00,284.76,431.0
2026-07-29 11:55:00,289.53,435.77
2026-07-29 12:00:00,278.57,424.81
2026-07-29 12:05:00,282.49,428.73
2026-07-29 12:10:00,344.28,490.52
2026-07-29 12:15:00,257.95,404.19
2026-07-29 12:20:00,254.94,401.18
2026-07-29 12:25:00,258.12,404.36
2026-07-29 12:30:00,352.91,499.15
2026-07-29 12:35:00,337.88,484.12
2026-07-29 12:40:00,359.79,506.03
2026-07-29 12:45:00,321.35,467.59
2026-07-29 12:50:00,276.68,422.92
2026-07-29 12:55:00,336.49,482.73
2026-07-29 13:00:00,313.78,460.02
2026-07-29 13:05:00,341.21,487.45
2026-07-29 13:10:00,328.29,474.53
2026-07-29 13:15:00,336.69,482.93
2026-07-29 13:20:00,327.34,473.58
2026-07-29 13:25:00,373.73,519.97
2026-07-29 13:30:00,392.83,539.07
2026-07-29 13:35:00,279.46,425.7
2026-07-29 13:40:00,266.92,413.16
2026-07-29 13:45:00,323.96,470.2
2026-07-29 13:50:00,353.81,500.05
2026-07-29 13:55:00,315.66,461.9
2026-07-29 14:00:00,270.01,416.25
2026-07-29 14:05:00,314.83,461.07
2026-07-29 14:10:00,367.58,513.82
2026-07-29 14:15:00,423.54,569.78
2026-07-29 14:20:00,401.47,547.71
2026-07-29 14:25:00,338.28,484.52
2026-07-29 14:30:00,296.08,442.32
2026-07-29 14:35:00,321.73,467.97
2026-07-29 14:40:00,317.94,464.18
2026-07-29 14:45:00,279.02,425.26
2026-07-29 14:50:00,377.16,523.4
2026-07-29 14:55:00,425.28,571.52
2026-07-29 15:00:00,424.33,570.57
2026-07-29 15:05:00,329.49,475.73
2026-07-29 15:10:00,347.26,493.5
2026-07-29 15:15:00,377.16,523.4
2026-07-29 15:20:00,360.02,506.26
2026-07-29 15:25:00,392.92,539.16
2026-07-29 15:30:00,382.99,529.23
2026-07-29 15:35:00,319.41,465.65
2026-07-29 15:40:00,357.64,503.88
2026-07-29 15:45:00,340.94,487.18
2026-07-29 15:50:00,248.06,394.3
2026-07-29 15:55:00,289.77,436.01
2026-07-29 16:00:00,255.2,401.44
2026-07-29 16:05:00,270.11,416.35
2026-07-29 16:10:00,333.9,480.14
2026-07-29 16:15:00,403.23,549.47
2026-07-29 16:20:00,383.02,529.26
2026-07-29 16:25:00,345.58,491.82
2026-07-29 16:30:00,353.25,499.49
2026-07-29 16:35:00,328.4,474.64
2026-07-29 16:40:00,283.2,429.44
2026-07-29 16:45:00,277.53,423.77
2026-07-29 16:50:00,267.93,414.17
2026-07-29 16:55:00,259.6,405.84
2026-07-29 17:00:00,225.51,371.75
2026-07-29 17:05:00,254.53,400.77
2026-07-29 17:10:00,247.09,393.33
2026-07-29 17:15:00,333.39,479.63
2026-07-29 17:20:00,311.56,457.8
2026-07-29 17:25:00,300.71,446.95
2026-07-29 17:30:00,274.8,421.04
2026-07-29 17:35:00,258.36,404.6
2026-07-29 17:40:00,271.79,418.03
2026-07-29 17:45:00,248.48,394.72
2026-07-29 17:50:00,238.48,384.72
2026-07-29 17:55:00,199.16,345.4
2026-07-29 18:00:00,199.55,345.79
2026-07-29 18:05:00,236.87,383.11
2026-07-29 18:10:00,242.62,388.86
2026-07-29 18:15:00,192.93,339.18
2026-07-29 18:20:00,222.94,369.18
2026-07-29 18:25:00,248.46,394.7
2026-07-29 18:30:00,251.54,397.78
2026-07-29 18:35:00,273.16,419.4
2026-07-29 18:40:00,246.88,393.12
2026-07-29 18:45:00,207.36,353.6
2026-07-29 18:50:00,199.69,345.93
2026-07-29 18:55:00,213.6,359.84
2026-07-29 19:00:00,216.87,363.11
2026-07-29 19:05:00,247.64,393.88
2026-07-29 19:10:00,248.28,394.52
2026-07-29 19:15:00,227.86,374.1
2026-07-29 19:20:00,192.79,339.03
2026-07-29 19:25:00,198.97,345.21
2026-07-29 19:30:00,210.6,356.84
2026-07-29 19:35:00,197.85,344.09
2026-07-29 19:40:00,198.15,344.39
2026-07-29 19:45:00,194.09,340.33
2026-07-29 19:50:00,199.67,345.91
2026-07-29 19:55:00,201.29,347.53
2026-07-29 20:00:00,230.85,377.09
2026-07-29 20:05:00,217.29,363.53
2026-07-29 20:10:00,189.51,335.75
2026-07-29 20:15:00,206.18,352.42
2026-07-29 20:20:00,168.84,315.08
2026-07-29 20:25:00,163.99,310.23
2026-07-29 20:30:00,169.96,316.2
2026-07-29 20:35:00,145.65,291.89
2026-07-29 20:40:00,117.58,263.82
2026-07-29 20:45:00,102.69,248.93
2026-07-29 20:50:00,128.41,274.65
2026-07-29 20:55:00,135.55,281.79
2026-07-29 21:00:00,129.51,275.75
2026-07-29 21:05:00,150.75,296.99
2026-07-29 21:10:00,123.86,270.1
2026-07-29 21:15:00,136.26,282.5
2026-07-29 21:20:00,165.45,311.69
2026-07-29 21:25:00,135.29,281.53
2026-07-29 21:30:00,120.43,266.67
2026-07-29 21:35:00,112.2,258.44
2026-07-29 21:40:00,115.88,262.12
2026-07-29 21:45:00,109.45,255.69
2026-07-29 21:50:00,140.2,286.44
2026-07-29 21:55:00,159.43,305.67
2026-07-29 22:00:00,144.65,290.89
2026-07-29 22:05:00,177.23,323.47
2026-07-29 22:10:00,156.65,302.89
2026-07-29 22:15:00,170.21,316.45
2026-07-29 22:20:00,148.85,295.09
2026-07-29 22:25:00,138.38,284.62
2026-07-29 22:30:00,134.61,280.85
2026-07-29 22:35:00,207.02,353.26
2026-07-29 22:40:00,170.89,317.13
2026-07-29 22:45:00,137.7,283.94
2026-07-29 22:50:00,142.41,288.65
2026-07-29 22:55:00,129.15,275.39
2026-07-29 23:00:00,121.74,267.98
2026-07-29 23:05:00,124.08,270.32
2026-07-29 23:10:00,125.22,271.46
2026-07-29 23:15:00,134.14,280.38
2026-07-29 23:20:00,144.4,290.64
2026-07-29 23:25:00,143.83,290.07
2026-07-29 23:30:00,129.63,275.87
2026-07-29 23:35:00,99.77,246.01
2026-07-29 23:40:00,116.42,262.66
2026-07-29 23:45:00,102.97,249.21
2026-07-29 23:50:00,92.43,238.67
2026-07-29 23:55:00,107.21,253.45
2026-07-30 00:00:00,118.4,264.64
2026-07-30 00:05:00,101.93,248.17
2026-07-30 00:10:00,106.76,253.0
2026-07-30 00:15:00,98.16,244.4
2026-07-30 00:20:00,95.53,241.77
2026-07-30 00:25:00,101.86,248.1
2026-07-30 00:30:00,110.28,256.52
2026-07-30 00:35:00,113.46,259.71
2026-07-30 00:40:00,107.38,253.62
2026-07-30 00:45:00,125.2,271.44
2026-07-30 00:50:00,112.78,259.02
2026-07-30 00:55:00,83.07,229.31
2026-07-30 01:00:00,80.65,226.89
2026-07-30 01:05:00,100.23,246.47
2026-07-30 01:10:00,110.39,256.63
2026-07-30 01:15:00,107.18,253.42
2026-07-30 01:20:00,122.83,269.07
2026-07-30 01:25:00,99.7,245.94
2026-07-30 01:30:00,115.52,261.76
2026-07-30 01:35:00,106.89,253.13
2026-07-30 01:40:00,93.36,239.6
2026-07-30 01:45:00,101.3,247.54
2026-07-30 01:50:00,108.48,254.72
2026-07-30 01:55:00,120.44,266.68
2026-07-30 02:00:00,118.33,264.57
2026-07-30 02:05:00,95.28,241.52
2026-07-30 02:10:00,92.54,238.78
2026-07-30 02:15:00,83.13,229.37
2026-07-30 02:20:00,86.42,232.66
2026-07-30 02:25:00,106.24,252.48
2026-07-30 02:30:00,123.07,269.31
2026-07-30 02:35:00,104.28,250.52
2026-07-30 02:40:00,126.66,272.9
2026-07-30 02:45:00,111.35,257.59
2026-07-30 02:50:00,109.2,255.44
2026-07-30 02:55:00,118.82,265.07
2026-07-30 03:00:00,109.91,256.15
2026-07-30 03:05:00,111.65,257.89
2026-07-30 03:10:00,96.51,242.75
2026-07-30 03:15:00,119.05,265.29
2026-07-30 03:20:00,138.76,285.0
2026-07-30 03:25:00,122.51,268.75
2026-07-30 03:30:00,146.45,292.69
2026-07-30 03:35:00,132.76,279.0
2026-07-30 03:40:00,103.46,249.7
2026-07-30 03:45:00,115.03,261.27
2026-07-30 03:50:00,112.88,259.12
2026-07-30 03:55:00,98.15,244.39
2026-07-30 04:00:00,114.23,260.47
2026-07-30 04:05:00,128.52,274.76
2026-07-30 04:10:00,115.38,261.62
2026-07-30 04:15:00,138.14,284.38
2026-07-30 04:20:00,141.05,287.29
2026-07-30 04:25:00,152.07,298.31
2026-07-30 04:30:00,149.75,295.99
2026-07-30 04:35:00,145.53,291.77
2026-07-30 04:40:00,124.62,270.86
2026-07-30 04:45:00,116.27,262.51
2026-07-30 04:50:00,112.22,258.46
2026-07-30 04:55:00,117.29,263.53
2026-07-30 05:00:00,117.88,264.12
2026-07-30 05:05:00,118.87,265.12
2026-07-30 05:10:00,155.9,302.14
2026-07-30 05:15:00,140.54,286.78
2026-07-30 05:20:00,137.59,283.83
2026-07-30 05:25:00,139.64,285.89
2026-07-30 05:30:00,135.45,281.69
2026-07-30 05:35:00,135.82,282.06
2026-07-30 05:40:00,146.88,293.12
2026-07-30 05:45:00,169.32,315.56
2026-07-30 05:50:00,168.98,315.23
2026-07-30 05:55:00,151.38,297.62
2026-07-30 06:00:00,157.56,303.8
2026-07-30 06:05:00,132.77,279.01
2026-07-30 06:10:00,140.51,286.75
2026-07-30 06:15:00,154.41,300.65
2026-07-30 06:20:00,170.7,316.94
2026-07-30 06:25:00,159.83,306.07
2026-07-30 06:30:00,165.63,311.87
2026-07-30 06:35:00,165.46,311.7
2026-07-30 06:40:00,178.7,324.94
2026-07-30 06:45:00,171.91,318.15
2026-07-30 06:50:00,164.23,310.47
2026-07-30 06:55:00,167.84,314.08
2026-07-30 07:00:00,130.34,276.58
2026-07-30 07:05:00,142.37,288.61
2026-07-30 07:10:00,98.18,244.42
2026-07-30 07:15:00,197.1,343.34
2026-07-30 07:20:00,462.95,609.19
2026-07-30 07:25:00,566.37,712.61
2026-07-30 07:30:00,585.11,731.35
2026-07-30 07:35:00,516.73,662.97
2026-07-30 07:40:00,554.21,700.45
2026-07-30 07:45:00,472.1,618.34
2026-07-30 07:50:00,517.93,664.17
2026-07-30 07:55:00,439.44,585.68
2026-07-30 08:00:00,405.99,552.23
2026-07-30 08:05:00,391.11,537.35
2026-07-30 08:10:00,271.3,417.54
2026-07-30 08:15:00,200.25,346.49
2026-07-30 08:20:00,163.11,309.35
2026-07-30 08:25:00,176.63,322.87
2026-07-30 08:30:00,135.38,281.62
2026-07-30 08:35:00,164.67,310.91
2026-07-30 08:40:00,163.83,310.07
2026-07-30 08:45:00,203.86,350.1
2026-07-30 08:50:00,203.85,350.09
2026-07-30 08:55:00,202.4,348.64
2026-07-30 09:00:00,212.15,358.39
2026-07-30 09:05:00,215.39,361.63
2026-07-30 09:10:00,261.44,407.68
2026-07-30 09:15:00,220.99,367.23
2026-07-30 09:20:00,189.15,335.39
2026-07-30 09:25:00,236.92,383.16
2026-07-30 09:30:00,206.1,352.34
2026-07-30 09:35:00,183.47,329.71
2026-07-30 09:40:00,215.15,361.39
2026-07-30 09:45:00,241.13,387.37
2026-07-30 09:50:00,223.82,370.06
2026-07-30 09:55:00,239.77,386.01
2026-07-30 10:00:00,246.57,392.81
2026-07-30 10:05:00,266.73,412.97
2026-07-30 10:10:00,276.81,423.05
2026-07-30 10:15:00,234.25,380.49
2026-07-30 10:20:00,268.78,415.02
2026-07-30 10:25:00,265.65,411.89
2026-07-30 10:30:00,243.9,390.14
2026-07-30 10:35:00,263.07,409.31
2026-07-30 10:40:00,327.01,473.25
2026-07-30 10:45:00,353.6,499.84
2026-07-30 10:50:00,341.2,487.44
2026-07-30 10:55:00,318.42,464.67
2026-07-30 11:00:00,299.89,446.13
2026-07-30 11:05:00,311.48,457.72
2026-07-30 11:10:00,288.36,434.6
2026-07-30 11:15:00,298.49,444.73
2026-07-30 11:20:00,321.55,467.79
2026-07-30 11:25:00,288.81,435.05
2026-07-30 11:30:00,269.93,416.17
2026-07-30 11:35:00,288.34,434.58
2026-07-30 11:40:00,283.25,429.49
2026-07-30 11:45:00,301.09,447.33
2026-07-30 11:50:00,303.33,449.57
2026-07-30 11:55:00,328.45,474.69
2026-07-30 12:00:00,315.19,461.44
2026-07-30 12:05:00,328.52,474.76
2026-07-30 12:10:00,332.6,478.84
2026-07-30 12:15:00,276.43,422.67
2026-07-30 12:20:00,358.07,504.31
2026-07-30 12:25:00,323.16,469.4
2026-07-30 12:30:00,277.54,423.78
2026-07-30 12:35:00,256.68,402.92
2026-07-30 12:40:00,257.57,403.81
2026-07-30 12:45:00,307.65,453.89
2026-07-30 12:50:00,300.22,446.46
2026-07-30 12:55:00,322.41,468.65
2026-07-30 13:00:00,328.98,475.22
2026-07-30 13:05:00,340.86,487.1
2026-07-30 13:10:00,346.68,492.92
2026-07-30 13:15:00,350.69,496.93
2026-07-30 13:20:00,351.91,498.15
2026-07-30 13:25:00,297.0,443.24
2026-07-30 13:30:00,308.82,455.06
2026-07-30 13:35:00,226.91,373.15
2026-07-30 13:40:00,311.3,457.54
2026-07-30 13:45:00,310.47,456.71
2026-07-30 13:50:00,338.71,484.95
2026-07-30 13:55:00,386.5,532.74
2026-07-30 14:00:00,371.03,517.27
2026-07-30 14:05:00,345.17,491.41
2026-07-30 14:10:00,362.98,509.22
2026-07-30 14:15:00,325.65,471.89
2026-07-30 14:20:00,331.52,477.76
2026-07-30 14:25:00,353.96,500.2
2026-07-30 14:30:00,318.09,464.33
2026-07-30 14:35:00,362.02,508.26
2026-07-30 14:40:00,372.17,518.41
2026-07-30 14:45:00,312.47,458.71
2026-07-30 14:50:00,341.71,487.95
2026-07-30 14:55:00,357.6,503.84
2026-07-30 15:00:00,348.38,494.62
2026-07-30 15:05:00,301.4,447.64
2026-07-30 15:10:00,277.33,423.57
2026-07-30 15:15:00,303.85,450.09
2026-07-30 15:20:00,331.54,477.78
2026-07-30 15:25:00,305.71,451.95
2026-07-30 15:30:00,335.85,482.09
2026-07-30 15:35:00,239.14,385.38
2026-07-30 15:40:00,291.77,438.01
2026-07-30 15:45:00,302.96,449.2
2026-07-30 15:50:00,385.41,531.65
2026-07-30 15:55:00,319.64,465.88
2026-07-30 16:00:00,340.58,486.82
2026-07-30 16:05:00,356.48,502.72
2026-07-30 16:10:00,325.37,471.61
2026-07-30 16:15:00,334.02,480.26
2026-07-30 16:20:00,311.75,457.99
2026-07-30 16:25:00,299.28,445.52
2026-07-30 16:30:00,333.49,479.73
2026-07-30 16:35:00,307.72,453.96
2026-07-30 16:40:00,305.68,451.92
2026-07-30 16:45:00,303.66,449.9
2026-07-30 16:50:00,267.7,413.94
2026-07-30 16:55:00,228.13,374.37
2026-07-30 17:00:00,258.84,405.08
2026-07-30 17:05:00,319.81,466.05
2026-07-30 17:10:00,282.08,428.32
2026-07-30 17:15:00,281.17,427.41
2026-07-30 17:20:00,227.97,374.21
2026-07-30 17:25:00,252.53,398.77
2026-07-30 17:30:00,207.95,354.19
2026-07-30 17:35:00,203.21,349.45
2026-07-30 17:40:00,257.51,403.75
2026-07-30 17:45:00,311.21,457.45
2026-07-30 17:50:00,371.57,517.81
2026-07-30 17:55:00,270.68,416.92
2026-07-30 18:00:00,304.83,451.07
2026-07-30 18:05:00,278.14,424.38
2026-07-30 18:10:00,242.93,389.17
2026-07-30 18:15:00,239.97,386.21
2026-07-30 18:20:00,248.27,394.51
2026-07-30 18:25:00,233.76,380.0
2026-07-30 18:30:00,203.97,350.21
2026-07-30 18:35:00,190.54,336.78
2026-07-30 18:40:00,172.86,319.1
2026-07-30 18:45:00,206.38,352.62
2026-07-30 18:50:00,219.38,365.62
2026-07-30 18:55:00,204.49,350.73
2026-07-30 19:00:00,205.52,351.76
2026-07-30 19:05:00,228.93,375.17
2026-07-30 19:10:00,216.42,362.66
2026-07-30 19:15:00,202.25,348.49
2026-07-30 19:20:00,235.08,381.32
2026-07-30 19:25:00,266.36,412.6
2026-07-30 19:30:00,250.11,396.35
2026-07-30 19:35:00,241.97,388.21
2026-07-30 19:40:00,257.89,404.13
2026-07-30 19:45:00,240.98,387.22
2026-07-30 19:50:00,242.15,388.39
2026-07-30 19:55:00,364.59,510.83
2026-07-30 20:00:00,662.17,808.41
2026-07-30 20:05:00,1110.59,1256.83
2026-07-30 20:10:00,1200.47,1346.71
2026-07-30 20:15:00,1230.77,1377.01
2026-07-30 20:20:00,1264.16,1410.4
2026-07-30 20:25:00,1223.34,1369.58
2026-07-30 20:30:00,1213.97,1360.21
2026-07-30 20:35:00,1118.37,1264.61
2026-07-30 20:40:00,978.9,1125.14
2026-07-30 20:45:00,956.19,1102.43
2026-07-30 20:50:00,926.1,1072.34
2026-07-30 20:55:00,945.5,1091.74
2026-07-30 21:00:00,865.91,1012.15
2026-07-30 21:05:00,789.7,935.94
2026-07-30 21:10:00,753.79,900.03
2026-07-30 21:15:00,721.11,867.36
2026-07-30 21:20:00,683.71,829.95
2026-07-30 21:25:00,643.84,790.08
2026-07-30 21:30:00,612.65,758.9
2026-07-30 21:35:00,599.63,745.87
2026-07-30 21:40:00,554.81,701.05
2026-07-30 21:45:00,514.08,660.32
2026-07-30 21:50:00,274.47,420.71
2026-07-30 21:55:00,185.83,332.07
2026-07-30 22:00:00,132.79,279.03
2026-07-30 22:05:00,110.55,256.79
2026-07-30 22:10:00,83.23,229.47
2026-07-30 22:15:00,80.7,226.94
2026-07-30 22:20:00,96.51,242.75
2026-07-30 22:25:00,99.37,245.61
2026-07-30 22:30:00,133.13,279.37
2026-07-30 22:35:00,142.03,288.27
2026-07-30 22:40:00,145.98,292.22
2026-07-30 22:45:00,138.37,284.61
2026-07-30 22:50:00,129.88,276.12
2026-07-30 22:55:00,127.86,274.1
2026-07-30 23:00:00,129.41,275.65
2026-07-30 23:05:00,141.78,288.02
2026-07-30 23:10:00,109.36,255.61
2026-07-30 23:15:00,100.14,246.38
2026-07-30 23:20:00,120.7,266.94
2026-07-30 23:25:00,128.66,274.9
2026-07-30 23:30:00,126.29,272.53
2026-07-30 23:35:00,128.21,274.45
2026-07-30 23:40:00,116.74,262.98
2026-07-30 23:45:00,128.8,275.04
2026-07-30 23:50:00,136.4,282.64
2026-07-30 23:55:00,131.51,277.75
2026-07-31 00:00:00,140.54,286.78
2026-07-31 00:05:00,123.26,269.5
2026-07-31 00:10:00,98.52,244.76
2026-07-31 00:15:00,115.17,261.41
2026-07-31 00:20:00,108.86,255.1
2026-07-31 00:25:00,113.95,260.19
2026-07-31 00:30:00,135.12,281.36
2026-07-31 00:35:00,98.33,244.57
2026-07-31 00:40:00,95.61,241.85
2026-07-31 00:45:00,96.82,243.06
2026-07-31 00:50:00,93.17,239.41
2026-07-31 00:55:00,89.94,236.18
2026-07-31 01:00:00,89.41,235.65
2026-07-31 01:05:00,94.23,240.47
2026-07-31 01:10:00,100.62,246.87
2026-07-31 01:15:00,139.39,285.63
2026-07-31 01:20:00,164.02,310.26
2026-07-31 01:25:00,113.56,259.8
2026-07-31 01:30:00,104.02,250.26
2026-07-31 01:35:00,99.8,246.05
2026-07-31 01:40:00,83.09,229.33
2026-07-31 01:45:00,106.4,252.64
2026-07-31 01:50:00,97.31,243.55
2026-07-31 01:55:00,96.47,242.71
2026-07-31 02:00:00,94.52,240.76
2026-07-31 02:05:00,99.93,246.17
2026-07-31 02:10:00,115.08,261.32
2026-07-31 02:15:00,108.8,255.04
2026-07-31 02:20:00,110.49,256.73
2026-07-31 02:25:00,108.33,254.57
2026-07-31 02:30:00,133.07,279.31
2026-07-31 02:35:00,104.45,250.69
2026-07-31 02:40:00,118.99,265.23
2026-07-31 02:45:00,114.67,260.91
2026-07-31 02:50:00,106.31,252.55
2026-07-31 02:55:00,106.53,252.77
2026-07-31 03:00:00,125.07,271.31
2026-07-31 03:05:00,122.17,268.41
2026-07-31 03:10:00,98.91,245.15
2026-07-31 03:15:00,143.14,289.38
2026-07-31 03:20:00,140.2,286.44
2026-07-31 03:25:00,128.36,274.6
2026-07-31 03:30:00,126.6,272.84
2026-07-31 03:35:00,152.93,299.17
2026-07-31 03:40:00,157.33,303.57
2026-07-31 03:45:00,126.63,272.87
2026-07-31 03:50:00,118.98,265.22
2026-07-31 03:55:00,130.31,276.55
2026-07-31 04:00:00,112.03,258.27
2026-07-31 04:05:00,103.27,249.51
2026-07-31 04:10:00,104.32,250.56
2026-07-31 04:15:00,123.92,270.16
2026-07-31 04:20:00,116.68,262.92
2026-07-31 04:25:00,111.04,257.28
2026-07-31 04:30:00,115.42,261.66
2026-07-31 04:35:00,100.14,246.38
2026-07-31 04:40:00,114.81,261.05
2026-07-31 04:45:00,153.92,300.16
2026-07-31 04:50:00,147.89,294.13
2026-07-31 04:55:00,146.25,292.49
2026-07-31 05:00:00,133.21,279.45
2026-07-31 05:05:00,126.57,272.81
2026-07-31 05:10:00,118.06,264.3
2026-07-31 05:15:00,95.4,241.64
2026-07-31 05:20:00,92.62,238.86
2026-07-31 05:25:00,100.44,246.68
2026-07-31 05:30:00,91.27,237.51
2026-07-31 05:35:00,101.11,247.35
2026-07-31 05:40:00,146.42,292.67
2026-07-31 05:45:00,152.71,298.95
2026-07-31 05:50:00,155.12,301.36
2026-07-31 05:55:00,148.26,294.5
2026-07-31 06:00:00,159.66,305.9
2026-07-31 06:05:00,139.14,285.38
2026-07-31 06:10:00,154.23,300.47
2026-07-31 06:15:00,157.75,303.99
2026-07-31 06:20:00,149.58,295.82
2026-07-31 06:25:00,155.49,301.73
2026-07-31 06:30:00,157.97,304.21
2026-07-31 06:35:00,146.64,292.88
2026-07-31 06:40:00,132.36,278.6
2026-07-31 06:45:00,127.89,274.13
2026-07-31 06:50:00,151.12,297.36
2026-07-31 06:55:00,161.55,307.79
2026-07-31 07:00:00,156.32,302.56
2026-07-31 07:05:00,148.6,294.84
2026-07-31 07:10:00,159.28,305.52
2026-07-31 07:15:00,225.25,371.49
2026-07-31 07:20:00,219.17,365.41
2026-07-31 07:25:00,218.57,364.81
2026-07-31 07:30:00,192.74,338.98
2026-07-31 07:35:00,197.82,344.06
2026-07-31 07:40:00,174.58,320.82
2026-07-31 07:45:00,185.58,331.82
2026-07-31 07:50:00,179.81,326.05
2026-07-31 07:55:00,160.39,306.63
2026-07-31 08:00:00,140.66,286.9
2026-07-31 08:05:00,135.93,282.17
2026-07-31 08:10:00,138.95,285.19
2026-07-31 08:15:00,195.44,341.68
2026-07-31 08:20:00,215.94,362.18
2026-07-31 08:25:00,201.31,347.55
2026-07-31 08:30:00,188.29,334.53
2026-07-31 08:35:00,187.1,333.34
2026-07-31 08:40:00,181.4,327.64
2026-07-31 08:45:00,209.01,355.25
2026-07-31 08:50:00,205.53,351.77
2026-07-31 08:55:00,253.31,399.55
2026-07-31 09:00:00,230.45,376.69
2026-07-31 09:05:00,242.95,389.19
2026-07-31 09:10:00,259.77,406.01
2026-07-31 09:15:00,259.45,405.69
2026-07-31 09:20:00,221.91,368.15
2026-07-31 09:25:00,220.22,366.46
2026-07-31 09:30:00,202.52,348.76
2026-07-31 09:35:00,193.95,340.19
2026-07-31 09:40:00,224.83,371.07
2026-07-31 09:45:00,248.15,394.39
2026-07-31 09:50:00,276.46,422.7
2026-07-31 09:55:00,303.6,449.84
2026-07-31 10:00:00,298.2,444.44
2026-07-31 10:05:00,271.11,417.35
2026-07-31 10:10:00,266.89,413.13
2026-07-31 10:15:00,246.46,392.7
2026-07-31 10:20:00,263.88,410.12
2026-07-31 10:25:00,254.7,400.94
2026-07-31 10:30:00,301.98,448.22
2026-07-31 10:35:00,276.93,423.17
2026-07-31 10:40:00,279.55,425.79
2026-07-31 10:45:00,305.6,451.84
2026-07-31 10:50:00,224.77,371.01
2026-07-31 10:55:00,217.84,364.08
2026-07-31 11:00:00,267.53,413.77
2026-07-31 11:05:00,277.01,423.25
2026-07-31 11:10:00,279.47,425.71
2026-07-31 11:15:00,260.06,406.3
2026-07-31 11:20:00,276.75,422.99
2026-07-31 11:25:00,342.53,488.77
2026-07-31 11:30:00,347.72,493.96
2026-07-31 11:35:00,346.49,492.73
2026-07-31 11:40:00,277.62,423.86
2026-07-31 11:45:00,284.63,430.87
2026-07-31 11:50:00,228.81,375.05
2026-07-31 11:55:00,274.76,421.0
2026-07-31 12:00:00,331.12,477.36
2026-07-31 12:05:00,269.02,415.26
2026-07-31 12:10:00,269.85,416.09
2026-07-31 12:15:00,253.62,399.86
2026-07-31 12:20:00,263.73,409.97
2026-07-31 12:25:00,295.32,441.56
2026-07-31 12:30:00,259.19,405.43
2026-07-31 12:35:00,303.62,449.86
2026-07-31 12:40:00,342.22,488.46
2026-07-31 12:45:00,339.85,486.09
2026-07-31 12:50:00,258.08,404.32
2026-07-31 12:55:00,281.1,427.34
2026-07-31 13:00:00,331.72,477.96
2026-07-31 13:05:00,257.84,404.08
2026-07-31 13:10:00,283.29,429.53
2026-07-31 13:15:00,271.09,417.33
2026-07-31 13:20:00,319.07,465.31
2026-07-31 13:25:00,325.36,471.6
2026-07-31 13:30:00,350.61,496.85
2026-07-31 13:35:00,335.51,481.75
2026-07-31 13:40:00,437.13,583.37
2026-07-31 13:45:00,366.48,512.72
2026-07-31 13:50:00,336.19,482.43
2026-07-31 13:55:00,288.79,435.03
2026-07-31 14:00:00,356.89,503.13
2026-07-31 14:05:00,332.0,478.24
2026-07-31 14:10:00,319.4,465.64
2026-07-31 14:15:00,322.2,468.44
2026-07-31 14:20:00,285.81,432.05
2026-07-31 14:25:00,300.55,446.79
2026-07-31 14:30:00,349.64,495.88
2026-07-31 14:35:00,359.76,506.0
2026-07-31 14:40:00,298.51,444.75
2026-07-31 14:45:00,305.68,451.92
2026-07-31 14:50:00,330.12,476.36
2026-07-31 14:55:00,273.55,419.79
2026-07-31 15:00:00,270.61,416.85
2026-07-31 15:05:00,321.84,468.08
2026-07-31 15:10:00,327.98,474.23
2026-07-31 15:15:00,363.49,509.73
2026-07-31 15:20:00,413.79,560.03
2026-07-31 15:25:00,393.41,539.65
2026-07-31 15:30:00,382.82,529.06
2026-07-31 15:35:00,412.67,558.91
2026-07-31 15:40:00,374.06,520.3
2026-07-31 15:45:00,313.53,459.77
2026-07-31 15:50:00,292.89,439.13
2026-07-31 15:55:00,326.92,473.16
2026-07-31 16:00:00,270.95,417.19
2026-07-31 16:05:00,285.83,432.07
2026-07-31 16:10:00,367.08,513.32
2026-07-31 16:15:00,363.86,510.1
2026-07-31 16:20:00,291.54,437.79
2026-07-31 16:25:00,326.26,472.5
2026-07-31 16:30:00,290.23,436.47
2026-07-31 16:35:00,293.83,440.07
2026-07-31 16:40:00,277.35,423.59
2026-07-31 16:45:00,274.74,420.98
2026-07-31 16:50:00,266.55,412.79
2026-07-31 16:55:00,326.29,472.53
2026-07-31 17:00:00,309.94,456.18
2026-07-31 17:05:00,283.23,429.47
2026-07-31 17:10:00,250.85,397.09
2026-07-31 17:15:00,258.28,404.52
2026-07-31 17:20:00,239.77,386.02
2026-07-31 17:25:00,253.4,399.64
2026-07-31 17:30:00,274.89,421.14
2026-07-31 17:35:00,220.57,366.81
2026-07-31 17:40:00,283.44,429.68
2026-07-31 17:45:00,274.73,420.97
2026-07-31 17:50:00,261.04,407.28
2026-07-31 17:55:00,207.36,353.6
2026-07-31 18:00:00,269.52,415.76
2026-07-31 18:05:00,292.48,438.72
2026-07-31 18:10:00,284.11,430.35
2026-07-31 18:15:00,218.28,364.52
2026-07-31 18:20:00,257.81,404.05
2026-07-31 18:25:00,246.54,392.78
2026-07-31 18:30:00,186.8,333.04
2026-07-31 18:35:00,210.52,356.76
2026-07-31 18:40:00,225.33,371.57
2026-07-31 18:45:00,228.33,374.57
2026-07-31 18:50:00,238.78,385.02
2026-07-31 18:55:00,232.97,379.21
2026-07-31 19:00:00,256.09,402.33
2026-07-31 19:05:00,262.83,409.07
2026-07-31 19:10:00,178.56,324.8
2026-07-31 19:15:00,189.32,335.56
2026-07-31 19:20:00,194.92,341.16
2026-07-31 19:25:00,174.95,321.19
2026-07-31 19:30:00,196.94,343.18
2026-07-31 19:35:00,224.84,371.08
2026-07-31 19:40:00,204.11,350.35
2026-07-31 19:45:00,198.41,344.65
2026-07-31 19:50:00,198.96,345.2
2026-07-31 19:55:00,206.08,352.32
2026-07-31 20:00:00,262.7,408.94
2026-07-31 20:05:00,217.57,363.81
2026-07-31 20:10:00,191.16,337.4
2026-07-31 20:15:00,172.56,318.8
2026-07-31 20:20:00,209.08,355.32
2026-07-31 20:25:00,208.78,355.02
2026-07-31 20:30:00,153.91,300.15
2026-07-31 20:35:00,164.43,310.67
2026-07-31 20:40:00,141.14,287.38
2026-07-31 20:45:00,163.84,310.08
2026-07-31 20:50:00,153.43,299.67
2026-07-31 20:55:00,138.0,284.24
2026-07-31 21:00:00,124.3,270.54
2026-07-31 21:05:00,113.55,259.79
2026-07-31 21:10:00,153.19,299.43
2026-07-31 21:15:00,148.92,295.16
2026-07-31 21:20:00,151.02,297.26
2026-07-31 21:25:00,144.94,291.18
2026-07-31 21:30:00,139.61,285.85
2026-07-31 21:35:00,124.49,270.73
2026-07-31 21:40:00,176.53,322.77
2026-07-31 21:45:00,117.11,263.35
2026-07-31 21:50:00,145.45,291.69
2026-07-31 21:55:00,150.08,296.32
2026-07-31 22:00:00,134.67,280.91
2026-07-31 22:05:00,175.9,322.14
2026-07-31 22:10:00,173.39,319.63
2026-07-31 22:15:00,162.93,309.17
2026-07-31 22:20:00,146.36,292.6
2026-07-31 22:25:00,133.44,279.68
2026-07-31 22:30:00,124.24,270.48
2026-07-31 22:35:00,145.55,291.79
2026-07-31 22:40:00,148.75,294.99
2026-07-31 22:45:00,141.42,287.66
2026-07-31 22:50:00,119.52,265.76
2026-07-31 22:55:00,135.61,281.85
2026-07-31 23:00:00,147.57,293.81
2026-07-31 23:05:00,131.12,277.36
2026-07-31 23:10:00,139.79,286.03
2026-07-31 23:15:00,134.54,280.78
2026-07-31 23:20:00,132.62,278.86
2026-07-31 23:25:00,122.96,269.2
2026-07-31 23:30:00,94.58,240.82
2026-07-31 23:35:00,107.88,254.12
2026-07-31 23:40:00,111.3,257.54
2026-07-31 23:45:00,106.85,253.09
2026-07-31 23:50:00,82.25,228.49
2026-07-31 23:55:00,89.37,235.61
2026-08-01 00:00:00,122.76,269.0
2026-08-01 00:05:00,92.13,238.37
2026-08-01 00:10:00,79.37,225.61
2026-08-01 00:15:00,71.99,218.23
2026-08-01 00:20:00,86.11,232.36
2026-08-01 00:25:00,88.29,234.53
2026-08-01 00:30:00,89.66,235.9
2026-08-01 00:35:00,110.47,256.71
2026-08-01 00:40:00,117.78,264.02
2026-08-01 00:45:00,103.53,249.77
2026-08-01 00:50:00,80.52,226.76
2026-08-01 00:55:00,67.66,213.9
2026-08-01 01:00:00,82.74,228.98
2026-08-01 01:05:00,85.16,231.4
2026-08-01 01:10:00,88.23,234.47
2026-08-01 01:15:00,95.45,241.69
2026-08-01 01:20:00,99.62,245.86
2026-08-01 01:25:00,97.18,243.42
2026-08-01 01:30:00,87.02,233.26
2026-08-01 01:35:00,107.48,253.73
2026-08-01 01:40:00,95.7,241.94
2026-08-01 01:45:00,107.45,253.69
2026-08-01 01:50:00,87.59,233.83
2026-08-01 01:55:00,69.39,215.63
2026-08-01 02:00:00,85.99,232.23
2026-08-01 02:05:00,98.42,244.66
2026-08-01 02:10:00,97.34,243.58
2026-08-01 02:15:00,70.01,216.25
2026-08-01 02:20:00,59.22,205.46
2026-08-01 02:25:00,71.47,217.71
2026-08-01 02:30:00,74.96,221.2
2026-08-01 02:35:00,72.31,218.55
2026-08-01 02:40:00,91.92,238.16
2026-08-01 02:45:00,87.09,233.33
2026-08-01 02:50:00,77.22,223.46
2026-08-01 02:55:00,80.21,226.45
2026-08-01 03:00:00,91.56,237.8
2026-08-01 03:05:00,105.86,252.1
2026-08-01 03:10:00,68.07,214.31
2026-08-01 03:15:00,87.28,233.52
2026-08-01 03:20:00,101.85,248.09
2026-08-01 03:25:00,103.19,249.43
2026-08-01 03:30:00,96.39,242.63
2026-08-01 03:35:00,95.94,242.18
2026-08-01 03:40:00,87.21,233.45
2026-08-01 03:45:00,99.48,245.72
2026-08-01 03:50:00,96.93,243.18
2026-08-01 03:55:00,91.76,238.0
2026-08-01 04:00:00,79.34,225.58
2026-08-01 04:05:00,90.78,237.02
2026-08-01 04:10:00,91.4,237.64
2026-08-01 04:15:00,90.72,236.96
2026-08-01 04:20:00,85.49,231.73
2026-08-01 04:25:00,82.26,228.5
2026-08-01 04:30:00,84.22,230.46
2026-08-01 04:35:00,74.5,220.74
2026-08-01 04:40:00,88.61,234.85
2026-08-01 04:45:00,89.76,236.0
2026-08-01 04:50:00,86.27,232.51
2026-08-01 04:55:00,94.39,240.63
2026-08-01 05:00:00,88.54,234.78
2026-08-01 05:05:00,86.42,232.66
2026-08-01 05:10:00,85.51,231.75
2026-08-01 05:15:00,108.13,254.37
2026-08-01 05:20:00,103.25,249.49
2026-08-01 05:25:00,107.49,253.73
2026-08-01 05:30:00,108.31,254.55
2026-08-01 05:35:00,89.05,235.3
2026-08-01 05:40:00,98.2,244.44
2026-08-01 05:45:00,136.0,282.24
2026-08-01 05:50:00,108.79,255.03
2026-08-01 05:55:00,101.62,247.86
2026-08-01 06:00:00,111.28,257.52
2026-08-01 06:05:00,121.01,267.25
2026-08-01 06:10:00,101.02,247.26
2026-08-01 06:15:00,84.65,230.89
2026-08-01 06:20:00,106.5,252.74
2026-08-01 06:25:00,100.13,246.37
2026-08-01 06:30:00,119.8,266.04
2026-08-01 06:35:00,114.49,260.73
2026-08-01 06:40:00,95.36,241.61
2026-08-01 06:45:00,95.02,241.26
2026-08-01 06:50:00,88.35,234.6
2026-08-01 06:55:00,101.86,248.1
2026-08-01 07:00:00,117.76,264.0
2026-08-01 07:05:00,105.49,251.73
2026-08-01 07:10:00,122.92,269.16
2026-08-01 07:15:00,192.49,338.73
2026-08-01 07:20:00,150.25,296.49
2026-08-01 07:25:00,114.74,260.98
2026-08-01 07:30:00,147.18,293.42
2026-08-01 07:35:00,127.12,273.36
2026-08-01 07:40:00,133.92,280.16
2026-08-01 07:45:00,137.96,284.2
2026-08-01 07:50:00,119.43,265.67
2026-08-01 07:55:00,149.02,295.26
2026-08-01 08:00:00,131.31,277.55
2026-08-01 08:05:00,122.2,268.44
2026-08-01 08:10:00,115.04,261.28
2026-08-01 08:15:00,125.37,271.61
2026-08-01 08:20:00,145.03,291.27
2026-08-01 08:25:00,153.45,299.69
2026-08-01 08:30:00,147.19,293.43
2026-08-01 08:35:00,159.67,305.92
2026-08-01 08:40:00,154.58,300.82
2026-08-01 08:45:00,175.41,321.65
2026-08-01 08:50:00,161.27,307.51
2026-08-01 08:55:00,133.46,279.7
2026-08-01 09:00:00,143.09,289.33
2026-08-01 09:05:00,158.04,304.28
2026-08-01 09:10:00,196.74,342.98
2026-08-01 09:15:00,159.34,305.58
2026-08-01 09:20:00,145.07,291.31
2026-08-01 09:25:00,147.52,293.76
2026-08-01 09:30:00,136.15,282.39
2026-08-01 09:35:00,132.21,278.45
2026-08-01 09:40:00,138.48,284.72
2026-08-01 09:45:00,147.37,293.61
2026-08-01 09:50:00,198.21,344.45
2026-08-01 09:55:00,208.29,354.53
2026-08-01 10:00:00,176.38,322.62
2026-08-01 10:05:00,184.97,331.21
2026-08-01 10:10:00,187.69,333.93
2026-08-01 10:15:00,179.72,325.96
2026-08-01 10:20:00,179.25,325.49
2026-08-01 10:25:00,182.59,328.83
2026-08-01 10:30:00,170.51,316.75
2026-08-01 10:35:00,148.45,294.69
2026-08-01 10:40:00,195.34,341.58
2026-08-01 10:45:00,208.89,355.13
2026-08-01 10:50:00,168.49,314.73
2026-08-01 10:55:00,209.0,355.24
2026-08-01 11:00:00,199.61,345.85
2026-08-01 11:05:00,214.09,360.33
2026-08-01 11:10:00,203.67,349.91
2026-08-01 11:15:00,194.82,341.06
2026-08-01 11:20:00,186.55,332.79
2026-08-01 11:25:00,187.22,333.46
2026-08-01 11:30:00,231.93,378.17
2026-08-01 11:35:00,207.01,353.25
2026-08-01 11:40:00,195.91,342.15
2026-08-01 11:45:00,250.2,396.44
2026-08-01 11:50:00,231.44,377.68
2026-08-01 11:55:00,244.4,390.64
2026-08-01 12:00:00,229.11,375.35
2026-08-01 12:05:00,220.92,367.16
2026-08-01 12:10:00,192.6,338.84
2026-08-01 12:15:00,163.39,309.63
2026-08-01 12:20:00,233.0,379.24
2026-08-01 12:25:00,214.2,360.44
2026-08-01 12:30:00,227.66,373.9
2026-08-01 12:35:00,195.51,341.75
2026-08-01 12:40:00,187.54,333.78
2026-08-01 12:45:00,223.82,370.06
2026-08-01 12:50:00,213.73,359.97
2026-08-01 12:55:00,262.79,409.03
2026-08-01 13:00:00,242.86,389.1
2026-08-01 13:05:00,257.46,403.7
2026-08-01 13:10:00,258.01,404.25
2026-08-01 13:15:00,300.3,446.54
2026-08-01 13:20:00,233.41,379.65
2026-08-01 13:25:00,258.62,404.86
2026-08-01 13:30:00,290.59,436.84
2026-08-01 13:35:00,280.19,426.43
2026-08-01 13:40:00,254.61,400.85
2026-08-01 13:45:00,233.07,379.32
2026-08-01 13:50:00,253.32,399.56
2026-08-01 13:55:00,270.17,416.41
2026-08-01 14:00:00,263.01,409.25
2026-08-01 14:05:00,262.88,409.12
2026-08-01 14:10:00,253.1,399.34
2026-08-01 14:15:00,253.98,400.22
2026-08-01 14:20:00,252.94,399.18
2026-08-01 14:25:00,233.82,380.06
2026-08-01 14:30:00,237.47,383.71
2026-08-01 14:35:00,232.29,378.53
2026-08-01 14:40:00,257.48,403.72
2026-08-01 14:45:00,347.45,493.69
2026-08-01 14:50:00,241.18,387.42
2026-08-01 14:55:00,249.74,395.98
2026-08-01 15:00:00,233.71,379.95
2026-08-01 15:05:00,241.84,388.08
2026-08-01 15:10:00,236.9,383.14
2026-08-01 15:15:00,283.34,429.58
2026-08-01 15:20:00,288.7,434.94
2026-08-01 15:25:00,279.72,425.96
2026-08-01 15:30:00,298.33,444.57
2026-08-01 15:35:00,165.94,312.18
2026-08-01 15:40:00,264.09,410.33
2026-08-01 15:45:00,260.05,406.29
2026-08-01 15:50:00,246.0,392.24
2026-08-01 15:55:00,224.58,370.82
2026-08-01 16:00:00,180.8,327.04
2026-08-01 16:05:00,241.27,387.51
2026-08-01 16:10:00,213.43,359.67
2026-08-01 16:15:00,245.0,391.24
2026-08-01 16:20:00,249.21,395.45
2026-08-01 16:25:00,203.28,349.52
2026-08-01 16:30:00,221.25,367.49
2026-08-01 16:35:00,233.34,379.58
2026-08-01 16:40:00,188.57,334.81
2026-08-01 16:45:00,202.49,348.73
2026-08-01 16:50:00,198.95,345.19
2026-08-01 16:55:00,145.38,291.62
2026-08-01 17:00:00,185.3,331.54
2026-08-01 17:05:00,171.98,318.22
2026-08-01 17:10:00,179.9,326.14
2026-08-01 17:15:00,200.85,347.09
2026-08-01 17:20:00,214.34,360.58
2026-08-01 17:25:00,216.7,362.94
2026-08-01 17:30:00,180.65,326.89
2026-08-01 17:35:00,174.54,320.78
2026-08-01 17:40:00,229.72,375.96
2026-08-01 17:45:00,237.83,384.07
2026-08-01 17:50:00,192.46,338.7
2026-08-01 17:55:00,166.67,312.91
2026-08-01 18:00:00,152.09,298.33
2026-08-01 18:05:00,174.12,320.36
2026-08-01 18:10:00,139.27,285.51
2026-08-01 18:15:00,168.92,315.16
2026-08-01 18:20:00,186.21,332.45
2026-08-01 18:25:00,226.2,372.44
2026-08-01 18:30:00,167.85,314.09
2026-08-01 18:35:00,171.9,318.14
2026-08-01 18:40:00,205.73,351.97
2026-08-01 18:45:00,199.37,345.61
2026-08-01 18:50:00,180.55,326.79
2026-08-01 18:55:00,173.91,320.15
2026-08-01 19:00:00,160.94,307.18
2026-08-01 19:05:00,160.15,306.39
2026-08-01 19:10:00,142.95,289.19
2026-08-01 19:15:00,152.4,298.64
2026-08-01 19:20:00,132.3,278.54
2026-08-01 19:25:00,153.93,300.17
2026-08-01 19:30:00,167.99,314.23
2026-08-01 19:35:00,151.61,297.85
2026-08-01 19:40:00,143.02,289.26
2026-08-01 19:45:00,152.62,298.86
2026-08-01 19:50:00,175.16,321.4
2026-08-01 19:55:00,175.19,321.43
2026-08-01 20:00:00,185.18,331.42
2026-08-01 20:05:00,148.59,294.83
2026-08-01 20:10:00,111.77,258.01
2026-08-01 20:15:00,136.58,282.82
2026-08-01 20:20:00,147.23,293.47
2026-08-01 20:25:00,137.07,283.31
2026-08-01 20:30:00,111.6,257.84
2026-08-01 20:35:00,104.79,251.03
2026-08-01 20:40:00,118.44,264.68
2026-08-01 20:45:00,107.19,253.43
2026-08-01 20:50:00,122.78,269.02
2026-08-01 20:55:00,100.4,246.64
2026-08-01 21:00:00,76.96,223.2
2026-08-01 21:05:00,65.38,211.62
2026-08-01 21:10:00,90.65,236.89
2026-08-01 21:15:00,81.59,227.83
2026-08-01 21:20:00,92.76,239.0
2026-08-01 21:25:00,93.56,239.8
2026-08-01 21:30:00,122.24,268.48
2026-08-01 21:35:00,89.84,236.08
2026-08-01 21:40:00,98.67,244.91
2026-08-01 21:45:00,72.32,218.56
2026-08-01 21:50:00,79.3,225.54
2026-08-01 21:55:00,77.55,223.79
2026-08-01 22:00:00,75.17,221.41
2026-08-01 22:05:00,91.55,237.79
2026-08-01 22:10:00,124.56,270.8
2026-08-01 22:15:00,103.75,249.99
2026-08-01 22:20:00,104.5,250.74
2026-08-01 22:25:00,112.79,259.03
2026-08-01 22:30:00,100.55,246.79
2026-08-01 22:35:00,106.89,253.13
2026-08-01 22:40:00,71.65,217.89
2026-08-01 22:45:00,90.99,237.23
2026-08-01 22:50:00,90.89,237.13
2026-08-01 22:55:00,84.97,231.21
2026-08-01 23:00:00,94.61,240.85
2026-08-01 23:05:00,75.48,221.72
2026-08-01 23:10:00,81.18,227.42
2026-08-01 23:15:00,100.45,246.69
2026-08-01 23:20:00,101.18,247.42
2026-08-01 23:25:00,114.38,260.62
2026-08-01 23:30:00,83.47,229.71
2026-08-01 23:35:00,77.59,223.83
2026-08-01 23:40:00,103.22,249.46
2026-08-01 23:45:00,103.83,250.07
2026-08-01 23:50:00,95.87,242.11
2026-08-01 23:55:00,86.92,233.16
2026-08-02 00:00:00,82.36,228.6
2026-08-02 00:05:00,79.45,225.69
2026-08-02 00:10:00,71.15,217.39
2026-08-02 00:15:00,79.91,226.15
2026-08-02 00:20:00,75.82,222.06
2026-08-02 00:25:00,83.22,229.46
2026-08-02 00:30:00,75.06,221.3
2026-08-02 00:35:00,73.76,220.0
2026-08-02 00:40:00,92.84,239.08
2026-08-02 00:45:00,84.75,230.99
2026-08-02 00:50:00,76.41,222.65
2026-08-02 00:55:00,63.76,210.0
2026-08-02 01:00:00,77.72,223.96
2026-08-02 01:05:00,81.09,227.33
2026-08-02 01:10:00,105.47,251.71
2026-08-02 01:15:00,94.06,240.3
2026-08-02 01:20:00,90.78,237.02
2026-08-02 01:25:00,73.47,219.71
2026-08-02 01:30:00,69.21,215.45
2026-08-02 01:35:00,75.19,221.43
2026-08-02 01:40:00,80.49,226.73
2026-08-02 01:45:00,87.11,233.35
2026-08-02 01:50:00,93.46,239.7
2026-08-02 01:55:00,75.12,221.36
2026-08-02 02:00:00,80.23,226.47
2026-08-02 02:05:00,80.55,226.79
2026-08-02 02:10:00,83.47,229.71
2026-08-02 02:15:00,85.1,231.34
2026-08-02 02:20:00,84.27,230.51
2026-08-02 02:25:00,112.62,258.86
2026-08-02 02:30:00,133.73,279.97
2026-08-02 02:35:00,91.82,238.07
2026-08-02 02:40:00,88.37,234.61
2026-08-02 02:45:00,73.64,219.88
2026-08-02 02:50:00,80.0,226.24
2026-08-02 02:55:00,77.25,223.49
2026-08-02 03:00:00,83.03,229.27
2026-08-02 03:05:00,68.33,214.57
2026-08-02 03:10:00,60.55,206.79
2026-08-02 03:15:00,78.21,224.45
2026-08-02 03:20:00,87.36,233.6
2026-08-02 03:25:00,84.8,231.04
2026-08-02 03:30:00,115.75,261.99
2026-08-02 03:35:00,101.76,248.0
2026-08-02 03:40:00,88.36,234.6
2026-08-02 03:45:00,81.13,227.37
2026-08-02 03:50:00,113.7,259.95
2026-08-02 03:55:00,102.63,248.87
2026-08-02 04:00:00,99.67,245.91
2026-08-02 04:05:00,86.13,232.37
2026-08-02 04:10:00,88.47,234.71
2026-08-02 04:15:00,85.07,231.31
2026-08-02 04:20:00,98.35,244.59
2026-08-02 04:25:00,102.46,248.7
2026-08-02 04:30:00,104.47,250.71
2026-08-02 04:35:00,68.41,214.65
2026-08-02 04:40:00,85.78,232.02
2026-08-02 04:45:00,91.17,237.41
2026-08-02 04:50:00,110.7,256.94
2026-08-02 04:55:00,110.12,256.36
2026-08-02 05:00:00,92.94,239.18
2026-08-02 05:05:00,96.21,242.45
2026-08-02 05:10:00,107.52,253.76
2026-08-02 05:15:00,88.09,234.33
2026-08-02 05:20:00,88.6,234.84
2026-08-02 05:25:00,105.04,251.28
2026-08-02 05:30:00,97.98,244.22
2026-08-02 05:35:00,86.98,233.22
2026-08-02 05:40:00,95.36,241.6
2026-08-02 05:45:00,104.54,250.78
2026-08-02 05:50:00,90.92,237.16
2026-08-02 05:55:00,87.44,233.68
2026-08-02 06:00:00,94.34,240.58
2026-08-02 06:05:00,101.29,247.53
2026-08-02 06:10:00,116.27,262.51
2026-08-02 06:15:00,107.37,253.61
2026-08-02 06:20:00,110.8,257.04
2026-08-02 06:25:00,111.88,258.12
2026-08-02 06:30:00,89.01,235.25
2026-08-02 06:35:00,107.52,253.76
2026-08-02 06:40:00,111.92,258.16
2026-08-02 06:45:00,117.11,263.35
2026-08-02 06:50:00,138.59,284.83
2026-08-02 06:55:00,109.31,255.55
2026-08-02 07:00:00,101.75,247.99
2026-08-02 07:05:00,105.71,251.95
2026-08-02 07:10:00,107.34,253.58
2026-08-02 07:15:00,167.54,313.78
2026-08-02 07:20:00,134.59,280.83
2026-08-02 07:25:00,141.21,287.45
2026-08-02 07:30:00,165.16,311.4
2026-08-02 07:35:00,135.42,281.66
2026-08-02 07:40:00,130.31,276.55
2026-08-02 07:45:00,96.57,242.81
2026-08-02 07:50:00,126.1,272.34
2026-08-02 07:55:00,136.19,282.43
2026-08-02 08:00:00,148.36,294.6
2026-08-02 08:05:00,107.54,253.78
2026-08-02 08:10:00,139.23,285.47
2026-08-02 08:15:00,164.88,311.12
2026-08-02 08:20:00,163.86,310.1
2026-08-02 08:25:00,154.16,300.4
2026-08-02 08:30:00,129.25,275.49
2026-08-02 08:35:00,157.86,304.1
2026-08-02 08:40:00,157.05,303.29
2026-08-02 08:45:00,135.22,281.46
2026-08-02 08:50:00,151.03,297.27
2026-08-02 08:55:00,164.3,310.54
2026-08-02 09:00:00,173.49,319.73
2026-08-02 09:05:00,166.94,313.18
2026-08-02 09:10:00,187.6,333.84
2026-08-02 09:15:00,206.74,352.98
2026-08-02 09:20:00,166.38,312.62
2026-08-02 09:25:00,156.96,303.2
2026-08-02 09:30:00,145.56,291.8
2026-08-02 09:35:00,174.52,320.76
2026-08-02 09:40:00,145.67,291.91
2026-08-02 09:45:00,141.4,287.64
2026-08-02 09:50:00,146.49,292.73
2026-08-02 09:55:00,165.12,311.36
2026-08-02 10:00:00,139.58,285.82
2026-08-02 10:05:00,168.15,314.39
2026-08-02 10:10:00,191.03,337.27
2026-08-02 10:15:00,186.03,332.27
2026-08-02 10:20:00,208.59,354.84
2026-08-02 10:25:00,209.48,355.72
2026-08-02 10:30:00,210.08,356.32
2026-08-02 10:35:00,200.26,346.5
2026-08-02 10:40:00,202.78,349.02
2026-08-02 10:45:00,189.08,335.32
2026-08-02 10:50:00,211.64,357.88
2026-08-02 10:55:00,236.86,383.1
2026-08-02 11:00:00,191.16,337.4
2026-08-02 11:05:00,214.94,361.18
2026-08-02 11:10:00,181.28,327.52
2026-08-02 11:15:00,246.29,392.53
2026-08-02 11:20:00,263.18,409.42
2026-08-02 11:25:00,231.37,377.61
2026-08-02 11:30:00,226.37,372.61
2026-08-02 11:35:00,240.66,386.91
2026-08-02 11:40:00,220.29,366.53
2026-08-02 11:45:00,219.18,365.42
2026-08-02 11:50:00,224.04,370.28
2026-08-02 11:55:00,247.09,393.33
2026-08-02 12:00:00,233.92,380.16
2026-08-02 12:05:00,211.07,357.31
2026-08-02 12:10:00,195.42,341.66
2026-08-02 12:15:00,190.62,336.86
2026-08-02 12:20:00,180.95,327.19
2026-08-02 12:25:00,229.07,375.31
2026-08-02 12:30:00,297.51,443.75
2026-08-02 12:35:00,301.29,447.53
2026-08-02 12:40:00,236.39,382.63
2026-08-02 12:45:00,267.12,413.36
2026-08-02 12:50:00,290.48,436.72
2026-08-02 12:55:00,276.24,422.48
2026-08-02 13:00:00,236.59,382.83
2026-08-02 13:05:00,200.05,346.29
2026-08-02 13:10:00,229.19,375.43
2026-08-02 13:15:00,211.31,357.55
2026-08-02 13:20:00,221.31,367.55
2026-08-02 13:25:00,222.21,368.45
2026-08-02 13:30:00,256.09,402.33
2026-08-02 13:35:00,255.15,401.39
2026-08-02 13:40:00,259.29,405.53
2026-08-02 13:45:00,221.28,367.52
2026-08-02 13:50:00,162.19,308.43
2026-08-02 13:55:00,204.73,350.97
2026-08-02 14:00:00,213.62,359.87
2026-08-02 14:05:00,212.27,358.51
2026-08-02 14:10:00,253.77,400.01
2026-08-02 14:15:00,238.8,385.04
2026-08-02 14:20:00,229.47,375.71
2026-08-02 14:25:00,212.37,358.61
2026-08-02 14:30:00,256.19,402.43
2026-08-02 14:35:00,277.46,423.7
2026-08-02 14:40:00,266.16,412.4
2026-08-02 14:45:00,263.73,409.97
2026-08-02 14:50:00,215.1,361.34
2026-08-02 14:55:00,229.37,375.61
2026-08-02 15:00:00,248.42,394.66
2026-08-02 15:05:00,223.5,369.74
2026-08-02 15:10:00,239.51,385.75
2026-08-02 15:15:00,246.56,392.8
2026-08-02 15:20:00,250.52,396.76
2026-08-02 15:25:00,272.54,418.78
2026-08-02 15:30:00,206.48,352.72
2026-08-02 15:35:00,206.91,353.15
2026-08-02 15:40:00,182.03,328.27
2026-08-02 15:45:00,197.41,343.65
2026-08-02 15:50:00,213.94,360.18
2026-08-02 15:55:00,231.43,377.67
2026-08-02 16:00:00,176.76,323.0
2026-08-02 16:05:00,212.8,359.04
2026-08-02 16:10:00,228.43,374.67
2026-08-02 16:15:00,209.7,355.94
2026-08-02 16:20:00,231.22,377.47
2026-08-02 16:25:00,232.43,378.67
2026-08-02 16:30:00,187.19,333.43
2026-08-02 16:35:00,203.49,349.73
2026-08-02 16:40:00,158.32,304.56
2026-08-02 16:45:00,239.43,385.67
2026-08-02 16:50:00,222.77,369.01
2026-08-02 16:55:00,171.54,317.78
2026-08-02 17:00:00,172.26,318.5
2026-08-02 17:05:00,176.99,323.24
2026-08-02 17:10:00,211.58,357.82
2026-08-02 17:15:00,194.34,340.58
2026-08-02 17:20:00,220.29,366.53
2026-08-02 17:25:00,221.74,367.98
2026-08-02 17:30:00,175.54,321.78
2026-08-02 17:35:00,169.92,316.16
2026-08-02 17:40:00,181.69,327.93
2026-08-02 17:45:00,179.16,325.4
2026-08-02 17:50:00,174.27,320.51
2026-08-02 17:55:00,142.39,288.63
2026-08-02 18:00:00,134.88,281.12
2026-08-02 18:05:00,150.84,297.08
2026-08-02 18:10:00,131.04,277.28
2026-08-02 18:15:00,137.39,283.63
2026-08-02 18:20:00,155.58,301.82
2026-08-02 18:25:00,140.51,286.75
2026-08-02 18:30:00,189.43,335.67
2026-08-02 18:35:00,190.04,336.28
2026-08-02 18:40:00,182.72,328.96
2026-08-02 18:45:00,138.63,284.87
2026-08-02 18:50:00,152.88,299.12
2026-08-02 18:55:00,161.99,308.23
2026-08-02 19:00:00,141.99,288.23
2026-08-02 19:05:00,163.25,309.49
2026-08-02 19:10:00,140.04,286.28
2026-08-02 19:15:00,148.05,294.29
2026-08-02 19:20:00,145.47,291.71
2026-08-02 19:25:00,161.4,307.64
2026-08-02 19:30:00,154.74,300.98
2026-08-02 19:35:00,144.05,290.29
2026-08-02 19:40:00,158.65,304.89
2026-08-02 19:45:00,133.93,280.17
2026-08-02 19:50:00,166.53,312.77
2026-08-02 19:55:00,184.83,331.07
2026-08-02 20:00:00,192.38,338.62
2026-08-02 20:05:00,166.05,312.29
2026-08-02 20:10:00,146.38,292.62
2026-08-02 20:15:00,157.71,303.95
2026-08-02 20:20:00,132.72,278.96
2026-08-02 20:25:00,138.93,285.17
2026-08-02 20:30:00,129.18,275.42
2026-08-02 20:35:00,104.73,250.97
2026-08-02 20:40:00,124.56,270.8
2026-08-02 20:45:00,91.71,237.95
2026-08-02 20:50:00,104.26,250.5
2026-08-02 20:55:00,120.34,266.58
2026-08-02 21:00:00,111.2,257.44
2026-08-02 21:05:00,100.04,246.28
2026-08-02 21:10:00,106.0,252.24
2026-08-02 21:15:00,102.57,248.81
2026-08-02 21:20:00,93.33,239.57
2026-08-02 21:25:00,90.51,236.75
2026-08-02 21:30:00,79.39,225.63
2026-08-02 21:35:00,88.61,234.85
2026-08-02 21:40:00,87.23,233.47
2026-08-02 21:45:00,70.77,217.01
2026-08-02 21:50:00,70.87,217.11
2026-08-02 21:55:00,75.76,222.0
2026-08-02 22:00:00,102.76,249.0
2026-08-02 22:05:00,106.12,252.36
2026-08-02 22:10:00,116.62,262.86
2026-08-02 22:15:00,105.6,251.84
2026-08-02 22:20:00,107.0,253.24
2026-08-02 22:25:00,104.6,250.84
2026-08-02 22:30:00,97.11,243.35
2026-08-02 22:35:00,105.05,251.29
2026-08-02 22:40:00,119.62,265.86
2026-08-02 22:45:00,103.05,249.29
2026-08-02 22:50:00,90.47,236.71
2026-08-02 22:55:00,98.16,244.4
2026-08-02 23:00:00,101.36,247.6
2026-08-02 23:05:00,71.72,217.96
2026-08-02 23:10:00,96.05,242.29
2026-08-02 23:15:00,99.2,245.44
2026-08-02 23:20:00,102.57,248.81
2026-08-02 23:25:00,115.17,261.41
2026-08-02 23:30:00,102.71,248.95
2026-08-02 23:35:00,83.27,229.51
2026-08-02 23:40:00,102.52,248.76
2026-08-02 23:45:00,97.28,243.52
2026-08-02 23:50:00,91.03,237.27
2026-08-02 23:55:00,110.06,256.3
2026-08-03 00:00:00,100.36,246.6
2026-08-03 00:05:00,102.98,249.22
2026-08-03 00:10:00,90.79,237.03
2026-08-03 00:15:00,112.25,258.49
2026-08-03 00:20:00,112.78,259.02
2026-08-03 00:25:00,117.63,263.87
2026-08-03 00:30:00,109.29,255.53
2026-08-03 00:35:00,110.99,257.23
2026-08-03 00:40:00,114.71,260.95
2026-08-03 00:45:00,106.62,252.86
2026-08-03 00:50:00,87.87,234.11
2026-08-03 00:55:00,97.34,243.58
2026-08-03 01:00:00,83.45,229.69
2026-08-03 01:05:00,104.2,250.44
2026-08-03 01:10:00,110.69,256.93
2026-08-03 01:15:00,123.22,269.46
2026-08-03 01:20:00,125.54,271.78
2026-08-03 01:25:00,107.21,253.45
2026-08-03 01:30:00,102.31,248.55
2026-08-03 01:35:00,112.02,258.26
2026-08-03 01:40:00,118.78,265.02
2026-08-03 01:45:00,119.33,265.57
2026-08-03 01:50:00,126.74,272.98
2026-08-03 01:55:00,101.63,247.87
2026-08-03 02:00:00,115.66,261.9
2026-08-03 02:05:00,129.23,275.47
2026-08-03 02:10:00,134.99,281.23
2026-08-03 02:15:00,140.17,286.41
2026-08-03 02:20:00,111.25,257.49
2026-08-03 02:25:00,106.68,252.92
2026-08-03 02:30:00,106.95,253.19
2026-08-03 02:35:00,110.48,256.72
2026-08-03 02:40:00,118.37,264.61
2026-08-03 02:45:00,115.06,261.3
2026-08-03 02:50:00,110.11,256.35
2026-08-03 02:55:00,121.89,268.13
2026-08-03 03:00:00,115.31,261.55
2026-08-03 03:05:00,123.16,269.4
2026-08-03 03:10:00,147.93,294.17
2026-08-03 03:15:00,150.4,296.64
2026-08-03 03:20:00,134.66,280.9
2026-08-03 03:25:00,124.38,270.62
2026-08-03 03:30:00,94.26,240.5
2026-08-03 03:35:00,101.47,247.71
2026-08-03 03:40:00,89.91,236.15
2026-08-03 03:45:00,93.43,239.67
2026-08-03 03:50:00,141.0,287.25
2026-08-03 03:55:00,124.19,270.43
2026-08-03 04:00:00,127.8,274.04
2026-08-03 04:05:00,124.19,270.43
2026-08-03 04:10:00,118.57,264.81
2026-08-03 04:15:00,139.23,285.47
2026-08-03 04:20:00,124.09,270.33
2026-08-03 04:25:00,128.65,274.89
2026-08-03 04:30:00,128.63,274.87
2026-08-03 04:35:00,111.74,257.98
2026-08-03 04:40:00,116.03,262.27
2026-08-03 04:45:00,93.26,239.5
2026-08-03 04:50:00,110.28,256.52
2026-08-03 04:55:00,114.0,260.24
2026-08-03 05:00:00,111.41,257.65
2026-08-03 05:05:00,119.48,265.72
2026-08-03 05:10:00,124.93,271.17
2026-08-03 05:15:00,105.58,251.82
2026-08-03 05:20:00,103.56,249.8
2026-08-03 05:25:00,132.36,278.6
2026-08-03 05:30:00,137.57,283.82
2026-08-03 05:35:00,127.17,273.41
2026-08-03 05:40:00,138.21,284.45
2026-08-03 05:45:00,162.15,308.39
2026-08-03 05:50:00,150.36,296.6
2026-08-03 05:55:00,138.45,284.69
2026-08-03 06:00:00,134.52,280.76
2026-08-03 06:05:00,129.81,276.05
2026-08-03 06:10:00,148.85,295.09
2026-08-03 06:15:00,147.48,293.72
2026-08-03 06:20:00,163.13,309.37
2026-08-03 06:25:00,156.25,302.49
2026-08-03 06:30:00,162.38,308.62
2026-08-03 06:35:00,157.39,303.63
2026-08-03 06:40:00,167.46,313.7
2026-08-03 06:45:00,177.39,323.63
2026-08-03 06:50:00,160.85,307.09
2026-08-03 06:55:00,134.25,280.49
2026-08-03 07:00:00,183.08,329.32
2026-08-03 07:05:00,166.74,312.98
2026-08-03 07:10:00,132.72,278.96
2026-08-03 07:15:00,336.61,482.85
2026-08-03 07:20:00,651.1,797.34
2026-08-03 07:25:00,968.19,1114.43
2026-08-03 07:30:00,1278.17,1424.41
2026-08-03 07:35:00,1484.66,1630.9
2026-08-03 07:40:00,1499.4,1645.64
2026-08-03 07:45:00,1622.18,1768.42
2026-08-03 07:50:00,1531.65,1677.89
2026-08-03 07:55:00,1597.81,1744.05
2026-08-03 08:00:00,1515.27,1661.51
2026-08-03 08:05:00,1375.81,1522.05
2026-08-03 08:10:00,1329.67,1475.91
2026-08-03 08:15:00,1258.64,1404.88
2026-08-03 08:20:00,1280.56,1426.8
2026-08-03 08:25:00,1181.81,1328.05
2026-08-03 08:30:00,1214.32,1360.56
2026-08-03 08:35:00,1100.26,1246.5
2026-08-03 08:40:00,1073.14,1219.38
2026-08-03 08:45:00,1010.72,1156.96
2026-08-03 08:50:00,1031.04,1177.28
2026-08-03 08:55:00,982.44,1128.68
2026-08-03 09:00:00,1020.79,1167.03
2026-08-03 09:05:00,932.71,1078.95
2026-08-03 09:10:00,868.92,1015.16
2026-08-03 09:15:00,926.73,1072.97
2026-08-03 09:20:00,840.75,986.99
2026-08-03 09:25:00,826.4,972.64
2026-08-03 09:30:00,763.25,909.49
2026-08-03 09:35:00,443.98,590.22
2026-08-03 09:40:00,353.02,499.26
2026-08-03 09:45:00,245.94,392.18
2026-08-03 09:50:00,236.19,382.43
2026-08-03 09:55:00,195.32,341.56
2026-08-03 10:00:00,177.98,324.22
2026-08-03 10:05:00,218.85,365.09
2026-08-03 10:10:00,247.13,393.37
2026-08-03 10:15:00,260.37,406.61
2026-08-03 10:20:00,304.65,450.89
2026-08-03 10:25:00,290.4,436.64
2026-08-03 10:30:00,256.84,403.08
2026-08-03 10:35:00,336.9,483.14
2026-08-03 10:40:00,327.62,473.86
2026-08-03 10:45:00,268.64,414.88
2026-08-03 10:50:00,238.87,385.11
2026-08-03 10:55:00,247.23,393.47
2026-08-03 11:00:00,287.43,433.67
2026-08-03 11:05:00,271.5,417.74
2026-08-03 11:10:00,272.3,418.54
2026-08-03 11:15:00,288.48,434.72
2026-08-03 11:20:00,316.73,462.97
2026-08-03 11:25:00,265.22,411.46
2026-08-03 11:30:00,247.17,393.41
2026-08-03 11:35:00,300.86,447.1
2026-08-03 11:40:00,291.63,437.87
2026-08-03 11:45:00,313.04,459.28
2026-08-03 11:50:00,281.45,427.69
2026-08-03 11:55:00,312.56,458.8
2026-08-03 12:00:00,296.43,442.67
2026-08-03 12:05:00,279.47,425.71
2026-08-03 12:10:00,267.37,413.61
2026-08-03 12:15:00,335.58,481.82
2026-08-03 12:20:00,354.51,500.75
2026-08-03 12:25:00,356.02,502.26
2026-08-03 12:30:00,388.96,535.2
2026-08-03 12:35:00,460.49,606.73
2026-08-03 12:40:00,343.44,489.68
2026-08-03 12:45:00,315.24,461.48
2026-08-03 12:50:00,289.43,435.68
2026-08-03 12:55:00,299.83,446.07
2026-08-03 13:00:00,253.23,399.47
2026-08-03 13:05:00,285.63,431.87
2026-08-03 13:10:00,269.73,415.97
2026-08-03 13:15:00,311.62,457.86
2026-08-03 13:20:00,309.37,455.61
2026-08-03 13:25:00,361.8,508.04
2026-08-03 13:30:00,370.98,517.22
2026-08-03 13:35:00,344.23,490.47
2026-08-03 13:40:00,349.85,496.09
2026-08-03 13:45:00,421.3,567.54
2026-08-03 13:50:00,359.45,505.69
2026-08-03 13:55:00,292.95,439.19
2026-08-03 14:00:00,276.06,422.3
2026-08-03 14:05:00,266.55,412.79
2026-08-03 14:10:00,306.6,452.84
2026-08-03 14:15:00,312.26,458.5
2026-08-03 14:20:00,317.71,463.95
2026-08-03 14:25:00,395.9,542.14
2026-08-03 14:30:00,377.12,523.36
2026-08-03 14:35:00,385.79,532.03
2026-08-03 14:40:00,334.12,480.36
2026-08-03 14:45:00,287.05,433.29
2026-08-03 14:50:00,295.9,442.14
2026-08-03 14:55:00,315.46,461.7
2026-08-03 15:00:00,274.38,420.62
2026-08-03 15:05:00,283.5,429.74
2026-08-03 15:10:00,298.5,444.74
2026-08-03 15:15:00,329.54,475.78
2026-08-03 15:20:00,294.89,441.13
2026-08-03 15:25:00,300.92,447.16
2026-08-03 15:30:00,316.45,462.69
2026-08-03 15:35:00,270.36,416.6
2026-08-03 15:40:00,333.72,479.96
2026-08-03 15:45:00,366.95,513.2
2026-08-03 15:50:00,298.54,444.78
2026-08-03 15:55:00,301.67,447.91
2026-08-03 16:00:00,294.52,440.77
2026-08-03 16:05:00,353.12,499.36
2026-08-03 16:10:00,292.12,438.36
2026-08-03 16:15:00,343.33,489.57
2026-08-03 16:20:00,335.87,482.11
2026-08-03 16:25:00,363.99,510.23
2026-08-03 16:30:00,376.7,522.94
2026-08-03 16:35:00,319.28,465.52
2026-08-03 16:40:00,271.23,417.47
2026-08-03 16:45:00,304.67,450.91
2026-08-03 16:50:00,265.04,411.28
2026-08-03 16:55:00,241.3,387.54
2026-08-03 17:00:00,210.76,357.0
2026-08-03 17:05:00,250.93,397.17
2026-08-03 17:10:00,228.25,374.49
2026-08-03 17:15:00,266.5,412.74
2026-08-03 17:20:00,229.24,375.48
2026-08-03 17:25:00,232.17,378.41
2026-08-03 17:30:00,244.24,390.48
2026-08-03 17:35:00,255.97,402.21
2026-08-03 17:40:00,288.99,435.23
2026-08-03 17:45:00,359.34,505.58
2026-08-03 17:50:00,300.19,446.43
2026-08-03 17:55:00,268.16,414.4
2026-08-03 18:00:00,235.73,381.97
2026-08-03 18:05:00,204.44,350.68
2026-08-03 18:10:00,259.49,405.73
2026-08-03 18:15:00,220.54,366.78
2026-08-03 18:20:00,214.85,361.09
2026-08-03 18:25:00,212.13,358.37
2026-08-03 18:30:00,203.78,350.02
2026-08-03 18:35:00,203.02,349.26
2026-08-03 18:40:00,204.31,350.55
2026-08-03 18:45:00,236.74,382.98
2026-08-03 18:50:00,224.0,370.24
2026-08-03 18:55:00,192.08,338.32
2026-08-03 19:00:00,222.84,369.08
2026-08-03 19:05:00,223.35,369.59
2026-08-03 19:10:00,201.3,347.54
2026-08-03 19:15:00,178.46,324.7
2026-08-03 19:20:00,179.8,326.04
2026-08-03 19:25:00,198.85,345.09
2026-08-03 19:30:00,234.59,380.84
2026-08-03 19:35:00,193.91,340.15
2026-08-03 19:40:00,208.43,354.67
2026-08-03 19:45:00,207.78,354.02
2026-08-03 19:50:00,180.54,326.78
2026-08-03 19:55:00,231.89,378.13
2026-08-03 20:00:00,219.56,365.8
2026-08-03 20:05:00,215.73,361.97
2026-08-03 20:10:00,186.48,332.72
2026-08-03 20:15:00,224.77,371.01
2026-08-03 20:20:00,203.52,349.76
2026-08-03 20:25:00,160.19,306.43
2026-08-03 20:30:00,119.41,265.65
2026-08-03 20:35:00,140.1,286.34
2026-08-03 20:40:00,148.26,294.5
2026-08-03 20:45:00,155.51,301.75
2026-08-03 20:50:00,169.34,315.58
2026-08-03 20:55:00,160.04,306.29
2026-08-03 21:00:00,140.7,286.95
2026-08-03 21:05:00,106.21,252.45
2026-08-03 21:10:00,127.9,274.14
2026-08-03 21:15:00,139.82,286.06
2026-08-03 21:20:00,119.03,265.27
2026-08-03 21:25:00,142.04,288.28
2026-08-03 21:30:00,143.44,289.68
2026-08-03 21:35:00,138.3,284.54
2026-08-03 21:40:00,102.33,248.57
2026-08-03 21:45:00,87.17,233.41
2026-08-03 21:50:00,144.44,290.68
2026-08-03 21:55:00,118.51,264.75
2026-08-03 22:00:00,109.78,256.02
2026-08-03 22:05:00,144.14,290.39
2026-08-03 22:10:00,141.33,287.57
2026-08-03 22:15:00,151.94,298.18
2026-08-03 22:20:00,147.05,293.29
2026-08-03 22:25:00,144.68,290.92
2026-08-03 22:30:00,139.81,286.05
2026-08-03 22:35:00,159.21,305.45
2026-08-03 22:40:00,171.79,318.03
2026-08-03 22:45:00,163.89,310.13
2026-08-03 22:50:00,124.67,270.91
2026-08-03 22:55:00,131.45,277.69
2026-08-03 23:00:00,146.65,292.89
2026-08-03 23:05:00,141.13,287.37
2026-08-03 23:10:00,127.07,273.31
2026-08-03 23:15:00,146.41,292.65
2026-08-03 23:20:00,164.47,310.71
2026-08-03 23:25:00,189.44,335.68
2026-08-03 23:30:00,138.2,284.44
2026-08-03 23:35:00,120.6,266.84
2026-08-03 23:40:00,110.23,256.47
2026-08-03 23:45:00,102.35,248.59
2026-08-03 23:50:00,98.76,245.0
2026-08-03 23:55:00,83.66,229.9
2026-08-04 00:00:00,96.57,242.81
2026-08-04 00:05:00,104.78,251.02
2026-08-04 00:10:00,93.81,240.05
2026-08-04 00:15:00,132.38,278.62
2026-08-04 00:20:00,116.83,263.07
2026-08-04 00:25:00,135.1,281.34
2026-08-04 00:30:00,129.6,275.84
2026-08-04 00:35:00,129.0,275.24
2026-08-04 00:40:00,126.28,272.53
2026-08-04 00:45:00,142.92,289.16
2026-08-04 00:50:00,121.76,268.0
2026-08-04 00:55:00,110.54,256.78
2026-08-04 01:00:00,117.8,264.04
2026-08-04 01:05:00,113.4,259.64
2026-08-04 01:10:00,124.22,270.46
2026-08-04 01:15:00,142.0,288.24
2026-08-04 01:20:00,136.44,282.68
2026-08-04 01:25:00,108.12,254.36
2026-08-04 01:30:00,122.55,268.79
2026-08-04 01:35:00,134.62,280.86
2026-08-04 01:40:00,119.34,265.58
2026-08-04 01:45:00,101.68,247.92
2026-08-04 01:50:00,109.52,255.76
2026-08-04 01:55:00,83.11,229.35
2026-08-04 02:00:00,122.53,268.77
2026-08-04 02:05:00,123.06,269.3
2026-08-04 02:10:00,137.29,283.53
2026-08-04 02:15:00,103.73,249.97
2026-08-04 02:20:00,86.09,232.33
2026-08-04 02:25:00,112.64,258.88
2026-08-04 02:30:00,122.13,268.37
2026-08-04 02:35:00,104.87,251.11
2026-08-04 02:40:00,110.25,256.49
2026-08-04 02:45:00,151.97,298.21
2026-08-04 02:50:00,152.65,298.89
2026-08-04 02:55:00,145.54,291.79
2026-08-04 03:00:00,151.03,297.27
2026-08-04 03:05:00,145.35,291.59
2026-08-04 03:10:00,108.31,254.55
2026-08-04 03:15:00,103.73,249.97
2026-08-04 03:20:00,101.09,247.33
2026-08-04 03:25:00,124.21,270.45
2026-08-04 03:30:00,104.44,250.68
2026-08-04 03:35:00,111.91,258.15
2026-08-04 03:40:00,99.84,246.08
2026-08-04 03:45:00,136.5,282.74
2026-08-04 03:50:00,145.67,291.91
2026-08-04 03:55:00,131.02,277.26
2026-08-04 04:00:00,133.27,279.51
2026-08-04 04:05:00,129.62,275.86
2026-08-04 04:10:00,125.95,272.19
2026-08-04 04:15:00,114.85,261.09
2026-08-04 04:20:00,89.6,235.84
2026-08-04 04:25:00,105.86,252.1
2026-08-04 04:30:00,124.65,270.89
2026-08-04 04:35:00,132.23,278.47
2026-08-04 04:40:00,166.14,312.38
2026-08-04 04:45:00,164.65,310.89
2026-08-04 04:50:00,136.4,282.64
2026-08-04 04:55:00,119.02,265.26
2026-08-04 05:00:00,134.05,280.29
2026-08-04 05:05:00,171.86,318.1
2026-08-04 05:10:00,170.35,316.59
2026-08-04 05:15:00,167.51,313.75
2026-08-04 05:20:00,138.97,285.21
2026-08-04 05:25:00,129.39,275.63
2026-08-04 05:30:00,138.24,284.49
2026-08-04 05:35:00,126.82,273.06
2026-08-04 05:40:00,131.22,277.46
2026-08-04 05:45:00,139.52,285.76
2026-08-04 05:50:00,152.39,298.63
2026-08-04 05:55:00,136.05,282.29
2026-08-04 06:00:00,111.42,257.66
2026-08-04 06:05:00,135.2,281.44
2026-08-04 06:10:00,134.77,281.01
2026-08-04 06:15:00,138.68,284.92
2026-08-04 06:20:00,147.39,293.63
2026-08-04 06:25:00,143.49,289.73
2026-08-04 06:30:00,155.64,301.88
2026-08-04 06:35:00,133.41,279.65
2026-08-04 06:40:00,135.31,281.55
2026-08-04 06:45:00,157.76,304.0
2026-08-04 06:50:00,155.07,301.32
2026-08-04 06:55:00,137.79,284.03
2026-08-04 07:00:00,166.74,312.98
2026-08-04 07:05:00,174.71,320.95
2026-08-04 07:10:00,168.16,314.4
2026-08-04 07:15:00,191.2,337.44
2026-08-04 07:20:00,183.92,330.16
2026-08-04 07:25:00,150.93,297.17
2026-08-04 07:30:00,178.97,325.21
2026-08-04 07:35:00,135.59,281.83
2026-08-04 07:40:00,142.47,288.71
2026-08-04 07:45:00,135.94,282.18
2026-08-04 07:50:00,162.32,308.56
2026-08-04 07:55:00,141.39,287.63
2026-08-04 08:00:00,175.29,321.53
2026-08-04 08:05:00,153.96,300.2
2026-08-04 08:10:00,195.77,342.02
2026-08-04 08:15:00,214.52,360.76
2026-08-04 08:20:00,166.52,312.76
2026-08-04 08:25:00,182.96,329.2
2026-08-04 08:30:00,138.41,284.65
2026-08-04 08:35:00,185.06,331.3
2026-08-04 08:40:00,187.57,333.81
2026-08-04 08:45:00,157.6,303.84
2026-08-04 08:50:00,168.68,314.92
2026-08-04 08:55:00,175.7,321.94
2026-08-04 09:00:00,240.62,386.86
2026-08-04 09:05:00,193.8,340.04
2026-08-04 09:10:00,211.91,358.15
2026-08-04 09:15:00,238.97,385.22
2026-08-04 09:20:00,264.69,410.93
2026-08-04 09:25:00,228.77,375.01
2026-08-04 09:30:00,187.07,333.31
2026-08-04 09:35:00,230.15,376.39
2026-08-04 09:40:00,180.63,326.87
2026-08-04 09:45:00,173.98,320.22
2026-08-04 09:50:00,217.61,363.85
2026-08-04 09:55:00,275.14,421.38
2026-08-04 10:00:00,235.8,382.04
2026-08-04 10:05:00,255.58,401.82
2026-08-04 10:10:00,280.49,426.73
2026-08-04 10:15:00,340.07,486.31
2026-08-04 10:20:00,293.7,439.94
2026-08-04 10:25:00,287.33,433.57
2026-08-04 10:30:00,326.29,472.54
2026-08-04 10:35:00,237.45,383.69
2026-08-04 10:40:00,295.3,441.54
2026-08-04 10:45:00,248.09,394.33
2026-08-04 10:50:00,251.61,397.85
2026-08-04 10:55:00,274.69,420.93
2026-08-04 11:00:00,245.88,392.12
2026-08-04 11:05:00,235.95,382.19
2026-08-04 11:10:00,259.64,405.88
2026-08-04 11:15:00,317.76,464.0
2026-08-04 11:20:00,303.7,449.94
2026-08-04 11:25:00,285.42,431.66
2026-08-04 11:30:00,306.82,453.06
2026-08-04 11:35:00,296.24,442.48
2026-08-04 11:40:00,292.61,438.85
2026-08-04 11:45:00,327.54,473.78
2026-08-04 11:50:00,416.27,562.51
2026-08-04 11:55:00,343.46,489.71
2026-08-04 12:00:00,317.22,463.46
2026-08-04 12:05:00,328.39,474.63
2026-08-04 12:10:00,347.76,494.0
2026-08-04 12:15:00,307.31,453.55
2026-08-04 12:20:00,302.0,448.24
2026-08-04 12:25:00,326.09,472.33
2026-08-04 12:30:00,305.13,451.37
2026-08-04 12:35:00,278.44,424.68
2026-08-04 12:40:00,309.15,455.39
2026-08-04 12:45:00,362.94,509.18
2026-08-04 12:50:00,318.68,464.92
2026-08-04 12:55:00,290.48,436.72
2026-08-04 13:00:00,230.04,376.28
2026-08-04 13:05:00,245.19,391.43
2026-08-04 13:10:00,250.19,396.43
2026-08-04 13:15:00,285.39,431.63
2026-08-04 13:20:00,260.57,406.81
2026-08-04 13:25:00,298.58,444.82
2026-08-04 13:30:00,298.99,445.23
2026-08-04 13:35:00,274.42,420.66
2026-08-04 13:40:00,385.36,531.6
2026-08-04 13:45:00,374.58,520.82
2026-08-04 13:50:00,329.85,476.09
2026-08-04 13:55:00,322.13,468.37
2026-08-04 14:00:00,309.98,456.22
2026-08-04 14:05:00,349.52,495.77
2026-08-04 14:10:00,367.71,513.95
2026-08-04 14:15:00,316.21,462.45
2026-08-04 14:20:00,337.24,483.48
2026-08-04 14:25:00,258.91,405.15
2026-08-04 14:30:00,294.96,441.2
2026-08-04 14:35:00,345.39,491.63
2026-08-04 14:40:00,337.83,484.07
2026-08-04 14:45:00,397.88,544.12
2026-08-04 14:50:00,324.74,470.98
2026-08-04 14:55:00,327.93,474.17
2026-08-04 15:00:00,333.91,480.15
2026-08-04 15:05:00,314.76,461.0
2026-08-04 15:10:00,307.13,453.37
2026-08-04 15:15:00,340.91,487.15
2026-08-04 15:20:00,355.28,501.52
2026-08-04 15:25:00,398.42,544.66
2026-08-04 15:30:00,368.57,514.81
2026-08-04 15:35:00,319.96,466.2
2026-08-04 15:40:00,311.72,457.96
2026-08-04 15:45:00,337.48,483.72
2026-08-04 15:50:00,269.14,415.38
2026-08-04 15:55:00,339.25,485.49
2026-08-04 16:00:00,385.2,531.44
2026-08-04 16:05:00,371.04,517.28
2026-08-04 16:10:00,257.75,403.99
2026-08-04 16:15:00,280.2,426.44
2026-08-04 16:20:00,313.29,459.53
2026-08-04 16:25:00,326.66,472.9
2026-08-04 16:30:00,299.43,445.67
2026-08-04 16:35:00,341.82,488.06
2026-08-04 16:40:00,301.02,447.26
2026-08-04 16:45:00,360.23,506.47
2026-08-04 16:50:00,325.89,472.13
2026-08-04 16:55:00,339.54,485.78
2026-08-04 17:00:00,308.58,454.82
2026-08-04 17:05:00,320.07,466.31
2026-08-04 17:10:00,271.48,417.72
2026-08-04 17:15:00,263.15,409.39
2026-08-04 17:20:00,299.72,445.96
2026-08-04 17:25:00,299.08,445.32
2026-08-04 17:30:00,290.65,436.89
2026-08-04 17:35:00,274.47,420.71
2026-08-04 17:40:00,264.38,410.62
2026-08-04 17:45:00,269.37,415.61
2026-08-04 17:50:00,290.09,436.33
2026-08-04 17:55:00,264.94,411.18
2026-08-04 18:00:00,222.75,368.99
2026-08-04 18:05:00,225.49,371.73
2026-08-04 18:10:00,273.56,419.8
2026-08-04 18:15:00,244.23,390.47
2026-08-04 18:20:00,213.1,359.34
2026-08-04 18:25:00,265.66,411.9
2026-08-04 18:30:00,249.02,395.26
2026-08-04 18:35:00,242.62,388.86
2026-08-04 18:40:00,222.0,368.24
2026-08-04 18:45:00,236.49,382.73
2026-08-04 18:50:00,227.03,373.27
2026-08-04 18:55:00,250.79,397.03
2026-08-04 19:00:00,239.81,386.05
2026-08-04 19:05:00,223.06,369.3
2026-08-04 19:10:00,214.99,361.23
2026-08-04 19:15:00,210.66,356.9
2026-08-04 19:20:00,233.93,380.18
2026-08-04 19:25:00,209.43,355.67
2026-08-04 19:30:00,179.58,325.82
2026-08-04 19:35:00,198.25,344.49
2026-08-04 19:40:00,225.67,371.91
2026-08-04 19:45:00,209.95,356.19
2026-08-04 19:50:00,229.97,376.21
2026-08-04 19:55:00,225.59,371.83
2026-08-04 20:00:00,252.69,398.93
2026-08-04 20:05:00,224.19,370.43
2026-08-04 20:10:00,177.27,323.51
2026-08-04 20:15:00,190.1,336.34
2026-08-04 20:20:00,217.91,364.15
2026-08-04 20:25:00,177.45,323.69
2026-08-04 20:30:00,151.52,297.76
2026-08-04 20:35:00,127.17,273.41
2026-08-04 20:40:00,142.4,288.64
2026-08-04 20:45:00,136.44,282.68
2026-08-04 20:50:00,115.39,261.63
2026-08-04 20:55:00,128.86,275.1
2026-08-04 21:00:00,123.39,269.63
2026-08-04 21:05:00,97.71,243.95
2026-08-04 21:10:00,146.84,293.08
2026-08-04 21:15:00,168.73,314.97
2026-08-04 21:20:00,178.16,324.4
2026-08-04 21:25:00,166.44,312.68
2026-08-04 21:30:00,139.12,285.36
2026-08-04 21:35:00,154.3,300.54
2026-08-04 21:40:00,176.4,322.64
2026-08-04 21:45:00,161.44,307.68
2026-08-04 21:50:00,130.11,276.35
2026-08-04 21:55:00,118.67,264.91
2026-08-04 22:00:00,140.67,286.91
2026-08-04 22:05:00,114.19,260.43
2026-08-04 22:10:00,132.07,278.31
2026-08-04 22:15:00,168.47,314.71
2026-08-04 22:20:00,160.88,307.12
2026-08-04 22:25:00,168.0,314.24
2026-08-04 22:30:00,148.5,294.74
2026-08-04 22:35:00,151.93,298.17
2026-08-04 22:40:00,132.9,279.14
2026-08-04 22:45:00,118.15,264.39
2026-08-04 22:50:00,110.63,256.87
2026-08-04 22:55:00,138.72,284.96
2026-08-04 23:00:00,155.06,301.3
2026-08-04 23:05:00,115.62,261.86
2026-08-04 23:10:00,135.04,281.28
2026-08-04 23:15:00,132.58,278.82
2026-08-04 23:20:00,150.07,296.31
2026-08-04 23:25:00,144.34,290.58
2026-08-04 23:30:00,140.58,286.82
2026-08-04 23:35:00,131.02,277.26
2026-08-04 23:40:00,140.75,286.99
2026-08-04 23:45:00,128.11,274.35
2026-08-04 23:50:00,129.47,275.71
2026-08-04 23:55:00,117.01,263.25
2026-08-05 00:00:00,149.96,296.21
2026-08-05 00:05:00,130.68,276.92
2026-08-05 00:10:00,120.05,266.29
2026-08-05 00:15:00,98.95,245.19
2026-08-05 00:20:00,89.96,236.2
2026-08-05 00:25:00,119.09,265.33
2026-08-05 00:30:00,122.27,268.51
2026-08-05 00:35:00,96.62,242.86
2026-08-05 00:40:00,120.85,267.09
2026-08-05 00:45:00,116.39,262.63
2026-08-05 00:50:00,127.77,274.01
2026-08-05 00:55:00,107.94,254.18
2026-08-05 01:00:00,114.79,261.03
2026-08-05 01:05:00,131.23,277.47
2026-08-05 01:10:00,120.01,266.25
2026-08-05 01:15:00,95.94,242.18
2026-08-05 01:20:00,114.68,260.92
2026-08-05 01:25:00,104.54,250.79
2026-08-05 01:30:00,91.56,237.8
2026-08-05 01:35:00,87.9,234.15
2026-08-05 01:40:00,106.93,253.17
2026-08-05 01:45:00,114.78,261.02
2026-08-05 01:50:00,105.9,252.14
2026-08-05 01:55:00,87.27,233.51
2026-08-05 02:00:00,96.78,243.02
2026-08-05 02:05:00,108.91,255.15
2026-08-05 02:10:00,128.97,275.21
2026-08-05 02:15:00,102.38,248.62
2026-08-05 02:20:00,125.8,272.04
2026-08-05 02:25:00,121.81,268.05
2026-08-05 02:30:00,118.82,265.06
2026-08-05 02:35:00,129.72,275.96
2026-08-05 02:40:00,125.38,271.62
2026-08-05 02:45:00,108.12,254.36
2026-08-05 02:50:00,117.47,263.71
2026-08-05 02:55:00,132.77,279.01
2026-08-05 03:00:00,154.98,301.22
2026-08-05 03:05:00,118.39,264.63
2026-08-05 03:10:00,97.29,243.53
2026-08-05 03:15:00,121.71,267.95
2026-08-05 03:20:00,102.97,249.21
2026-08-05 03:25:00,112.95,259.19
2026-08-05 03:30:00,110.58,256.82
2026-08-05 03:35:00,132.44,278.68
2026-08-05 03:40:00,135.95,282.19
2026-08-05 03:45:00,128.07,274.31
2026-08-05 03:50:00,127.81,274.05
2026-08-05 03:55:00,122.01,268.25
2026-08-05 04:00:00,113.4,259.64
2026-08-05 04:05:00,128.2,274.44
2026-08-05 04:10:00,121.72,267.96
2026-08-05 04:15:00,115.33,261.57
2026-08-05 04:20:00,103.4,249.64
2026-08-05 04:25:00,131.69,277.93
2026-08-05 04:30:00,131.38,277.62
2026-08-05 04:35:00,142.13,288.37
2026-08-05 04:40:00,140.21,286.45
2026-08-05 04:45:00,130.23,276.47
2026-08-05 04:50:00,170.83,317.07
2026-08-05 04:55:00,129.82,276.07
2026-08-05 05:00:00,112.61,258.85
2026-08-05 05:05:00,135.87,282.11
2026-08-05 05:10:00,119.6,265.84
2026-08-05 05:15:00,125.39,271.63
2026-08-05 05:20:00,117.63,263.87
2026-08-05 05:25:00,136.75,282.99
2026-08-05 05:30:00,119.28,265.53
2026-08-05 05:35:00,130.62,276.86
2026-08-05 05:40:00,144.2,290.44
2026-08-05 05:45:00,136.48,282.72
2026-08-05 05:50:00,114.46,260.7
2026-08-05 05:55:00,116.99,263.23
2026-08-05 06:00:00,115.1,261.34
2026-08-05 06:05:00,123.49,269.73
2026-08-05 06:10:00,141.44,287.68
2026-08-05 06:15:00,136.39,282.63
2026-08-05 06:20:00,143.75,289.99
2026-08-05 06:25:00,146.5,292.74
2026-08-05 06:30:00,133.73,279.97
2026-08-05 06:35:00,155.45,301.69
2026-08-05 06:40:00,180.66,326.9
2026-08-05 06:45:00,160.88,307.12
2026-08-05 06:50:00,172.49,318.73
2026-08-05 06:55:00,166.01,312.25
2026-08-05 07:00:00,174.26,320.5
2026-08-05 07:05:00,185.45,331.69
2026-08-05 07:10:00,181.22,327.46
2026-08-05 07:15:00,200.1,346.34
2026-08-05 07:20:00,181.46,327.7
2026-08-05 07:25:00,198.76,345.0
2026-08-05 07:30:00,191.77,338.01
2026-08-05 07:35:00,174.78,321.02
2026-08-05 07:40:00,168.1,314.34
2026-08-05 07:45:00,131.57,277.81
2026-08-05 07:50:00,163.25,309.49
2026-08-05 07:55:00,125.49,271.73
2026-08-05 08:00:00,149.02,295.26
2026-08-05 08:05:00,177.29,323.53
2026-08-05 08:10:00,155.21,301.45
2026-08-05 08:15:00,165.34,311.58
2026-08-05 08:20:00,137.98,284.22
2026-08-05 08:25:00,184.01,330.25
2026-08-05 08:30:00,164.43,310.67
2026-08-05 08:35:00,223.99,370.23
2026-08-05 08:40:00,234.64,380.88
2026-08-05 08:45:00,233.35,379.59
2026-08-05 08:50:00,218.62,364.86
2026-08-05 08:55:00,226.46,372.71
2026-08-05 09:00:00,202.52,348.76
2026-08-05 09:05:00,225.01,371.25
2026-08-05 09:10:00,233.59,379.83
2026-08-05 09:15:00,240.41,386.65
2026-08-05 09:20:00,256.39,402.63
2026-08-05 09:25:00,245.26,391.5
2026-08-05 09:30:00,206.48,352.72
2026-08-05 09:35:00,230.22,376.46
2026-08-05 09:40:00,173.14,319.38
2026-08-05 09:45:00,216.33,362.57
2026-08-05 09:50:00,243.31,389.55
2026-08-05 09:55:00,238.24,384.48
2026-08-05 10:00:00,246.58,392.82
2026-08-05 10:05:00,257.03,403.27
2026-08-05 10:10:00,223.18,369.42
2026-08-05 10:15:00,237.03,383.27
2026-08-05 10:20:00,260.81,407.05
2026-08-05 10:25:00,279.64,425.88
2026-08-05 10:30:00,267.85,414.09
2026-08-05 10:35:00,281.56,427.8
2026-08-05 10:40:00,259.34,405.58
2026-08-05 10:45:00,263.86,410.1
2026-08-05 10:50:00,298.12,444.36
2026-08-05 10:55:00,262.59,408.83
2026-08-05 11:00:00,270.18,416.42
2026-08-05 11:05:00,259.5,405.74
2026-08-05 11:10:00,252.68,398.92
2026-08-05 11:15:00,254.69,400.93
2026-08-05 11:20:00,271.05,417.29
2026-08-05 11:25:00,333.69,479.93
2026-08-05 11:30:00,278.59,424.83
2026-08-05 11:35:00,279.39,425.63
2026-08-05 11:40:00,225.6,371.84
2026-08-05 11:45:00,331.69,477.93
2026-08-05 11:50:00,298.01,444.25
2026-08-05 11:55:00,297.75,443.99
2026-08-05 12:00:00,301.57,447.81
2026-08-05 12:05:00,270.52,416.76
2026-08-05 12:10:00,284.26,430.5
2026-08-05 12:15:00,394.84,541.08
2026-08-05 12:20:00,414.29,560.53
2026-08-05 12:25:00,337.29,483.53
2026-08-05 12:30:00,357.21,503.45
2026-08-05 12:35:00,291.94,438.18
2026-08-05 12:40:00,261.37,407.61
2026-08-05 12:45:00,334.72,480.96
2026-08-05 12:50:00,365.71,511.95
2026-08-05 12:55:00,405.5,551.74
2026-08-05 13:00:00,328.06,474.3
2026-08-05 13:05:00,323.15,469.39
2026-08-05 13:10:00,352.41,498.65
2026-08-05 13:15:00,348.75,494.99
2026-08-05 13:20:00,311.16,457.4
2026-08-05 13:25:00,292.41,438.65
2026-08-05 13:30:00,319.7,465.94
2026-08-05 13:35:00,339.15,485.39
2026-08-05 13:40:00,323.79,470.03
2026-08-05 13:45:00,338.68,484.92
2026-08-05 13:50:00,322.19,468.43
2026-08-05 13:55:00,360.97,507.21
2026-08-05 14:00:00,377.31,523.55
2026-08-05 14:05:00,348.15,494.39
2026-08-05 14:10:00,293.77,440.01
2026-08-05 14:15:00,291.21,437.45
2026-08-05 14:20:00,354.23,500.47
2026-08-05 14:25:00,313.02,459.26
2026-08-05 14:30:00,292.67,438.91
2026-08-05 14:35:00,260.13,406.37
2026-08-05 14:40:00,376.84,523.08
2026-08-05 14:45:00,371.09,517.33
2026-08-05 14:50:00,369.94,516.18
2026-08-05 14:55:00,379.03,525.27
2026-08-05 15:00:00,380.49,526.73
2026-08-05 15:05:00,332.42,478.66
2026-08-05 15:10:00,312.74,458.98
2026-08-05 15:15:00,324.8,471.04
2026-08-05 15:20:00,427.37,573.61
2026-08-05 15:25:00,398.75,544.99
2026-08-05 15:30:00,353.98,500.22
2026-08-05 15:35:00,297.46,443.7
2026-08-05 15:40:00,293.01,439.25
2026-08-05 15:45:00,354.79,501.03
2026-08-05 15:50:00,284.81,431.05
2026-08-05 15:55:00,325.3,471.54
2026-08-05 16:00:00,324.45,470.69
2026-08-05 16:05:00,355.4,501.64
2026-08-05 16:10:00,315.0,461.24
2026-08-05 16:15:00,328.34,474.58
2026-08-05 16:20:00,291.04,437.28
2026-08-05 16:25:00,278.94,425.18
2026-08-05 16:30:00,255.69,401.93
2026-08-05 16:35:00,336.64,482.88
2026-08-05 16:40:00,283.34,429.58
2026-08-05 16:45:00,288.65,434.89
2026-08-05 16:50:00,248.84,395.08
2026-08-05 16:55:00,285.84,432.09
2026-08-05 17:00:00,296.4,442.64
2026-08-05 17:05:00,304.66,450.9
2026-08-05 17:10:00,268.76,415.0
2026-08-05 17:15:00,299.9,446.14
2026-08-05 17:20:00,244.76,391.0
2026-08-05 17:25:00,259.61,405.86
2026-08-05 17:30:00,277.02,423.26
2026-08-05 17:35:00,291.39,437.63
2026-08-05 17:40:00,266.22,412.46
2026-08-05 17:45:00,251.36,397.6
2026-08-05 17:50:00,240.14,386.38
2026-08-05 17:55:00,276.39,422.63
2026-08-05 18:00:00,228.57,374.81
2026-08-05 18:05:00,243.84,390.08
2026-08-05 18:10:00,197.19,343.43
2026-08-05 18:15:00,195.76,342.0
2026-08-05 18:20:00,223.37,369.61
2026-08-05 18:25:00,206.28,352.52
2026-08-05 18:30:00,190.87,337.11
2026-08-05 18:35:00,217.4,363.64
2026-08-05 18:40:00,210.49,356.73
2026-08-05 18:45:00,174.57,320.81
2026-08-05 18:50:00,230.45,376.69
2026-08-05 18:55:00,243.69,389.93
2026-08-05 19:00:00,245.75,391.99
2026-08-05 19:05:00,193.08,339.32
2026-08-05 19:10:00,204.28,350.52
2026-08-05 19:15:00,226.72,372.96
2026-08-05 19:20:00,197.15,343.39
2026-08-05 19:25:00,208.46,354.7
2026-08-05 19:30:00,208.96,355.2
2026-08-05 19:35:00,244.41,390.65
2026-08-05 19:40:00,280.67,426.91
2026-08-05 19:45:00,198.53,344.77
2026-08-05 19:50:00,274.47,420.71
2026-08-05 19:55:00,237.5,383.74
2026-08-05 20:00:00,259.95,406.19
2026-08-05 20:05:00,247.43,393.67
2026-08-05 20:10:00,180.51,326.75
2026-08-05 20:15:00,206.8,353.04
2026-08-05 20:20:00,175.73,321.97
2026-08-05 20:25:00,194.5,340.74
2026-08-05 20:30:00,154.24,300.48
2026-08-05 20:35:00,178.24,324.49
2026-08-05 20:40:00,170.27,316.51
2026-08-05 20:45:00,152.68,298.92
2026-08-05 20:50:00,173.57,319.81
2026-08-05 20:55:00,159.2,305.44
2026-08-05 21:00:00,154.53,300.77
2026-08-05 21:05:00,131.48,277.72
2026-08-05 21:10:00,130.66,276.9
2026-08-05 21:15:00,122.9,269.14
2026-08-05 21:20:00,116.44,262.68
2026-08-05 21:25:00,142.93,289.17
2026-08-05 21:30:00,145.84,292.08
2026-08-05 21:35:00,133.64,279.88
2026-08-05 21:40:00,160.93,307.17
2026-08-05 21:45:00,158.36,304.6
2026-08-05 21:50:00,147.6,293.84
2026-08-05 21:55:00,114.38,260.62
2026-08-05 22:00:00,157.1,303.34
2026-08-05 22:05:00,145.9,292.14
2026-08-05 22:10:00,143.39,289.63
2026-08-05 22:15:00,126.7,272.94
2026-08-05 22:20:00,118.64,264.88
2026-08-05 22:25:00,104.48,250.72
2026-08-05 22:30:00,124.79,271.03
2026-08-05 22:35:00,133.32,279.56
2026-08-05 22:40:00,175.86,322.1
2026-08-05 22:45:00,138.8,285.04
2026-08-05 22:50:00,119.5,265.74
2026-08-05 22:55:00,130.52,276.76
2026-08-05 23:00:00,151.78,298.02
2026-08-05 23:05:00,128.67,274.91
2026-08-05 23:10:00,134.63,280.87
2026-08-05 23:15:00,113.07,259.31
2026-08-05 23:20:00,126.97,273.21
2026-08-05 23:25:00,114.69,260.93
2026-08-05 23:30:00,91.44,237.68
2026-08-05 23:35:00,108.86,255.1
2026-08-05 23:40:00,86.87,233.11
2026-08-05 23:45:00,84.46,230.71
2026-08-05 23:50:00,94.6,240.84
2026-08-05 23:55:00,104.12,250.36
2026-08-06 00:00:00,116.49,262.73
2026-08-06 00:05:00,114.69,260.94
2026-08-06 00:10:00,116.09,262.33
2026-08-06 00:15:00,124.99,271.23
2026-08-06 00:20:00,128.96,275.2
2026-08-06 00:25:00,122.15,268.39
2026-08-06 00:30:00,122.71,268.95
2026-08-06 00:35:00,122.96,269.2
2026-08-06 00:40:00,121.05,267.29
2026-08-06 00:45:00,118.3,264.54
2026-08-06 00:50:00,105.0,251.24
2026-08-06 00:55:00,88.9,235.14
2026-08-06 01:00:00,108.35,254.59
2026-08-06 01:05:00,111.04,257.28
2026-08-06 01:10:00,113.01,259.25
2026-08-06 01:15:00,97.38,243.62
2026-08-06 01:20:00,105.85,252.09
2026-08-06 01:25:00,101.98,248.22
2026-08-06 01:30:00,105.61,251.85
2026-08-06 01:35:00,103.92,250.16
2026-08-06 01:40:00,113.69,259.93
2026-08-06 01:45:00,118.24,264.48
2026-08-06 01:50:00,96.93,243.17
2026-08-06 01:55:00,114.61,260.85
2026-08-06 02:00:00,111.97,258.21
2026-08-06 02:05:00,111.56,257.8
2026-08-06 02:10:00,116.99,263.23
2026-08-06 02:15:00,120.74,266.98
2026-08-06 02:20:00,110.79,257.03
2026-08-06 02:25:00,108.8,255.04
2026-08-06 02:30:00,127.62,273.86
2026-08-06 02:35:00,107.14,253.38
2026-08-06 02:40:00,137.77,284.01
2026-08-06 02:45:00,121.58,267.82
2026-08-06 02:50:00,104.87,251.11
2026-08-06 02:55:00,112.11,258.35
2026-08-06 03:00:00,150.88,297.12
2026-08-06 03:05:00,148.8,295.04
2026-08-06 03:10:00,139.94,286.18
2026-08-06 03:15:00,129.57,275.81
2026-08-06 03:20:00,129.34,275.58
2026-08-06 03:25:00,117.5,263.74
2026-08-06 03:30:00,114.89,261.13
2026-08-06 03:35:00,103.96,250.21
2026-08-06 03:40:00,96.2,242.44
2026-08-06 03:45:00,104.53,250.77
2026-08-06 03:50:00,131.82,278.06
2026-08-06 03:55:00,126.61,272.85
2026-08-06 04:00:00,127.56,273.8
2026-08-06 04:05:00,112.52,258.76
2026-08-06 04:10:00,110.96,257.2
2026-08-06 04:15:00,112.84,259.08
2026-08-06 04:20:00,126.94,273.18
2026-08-06 04:25:00,138.09,284.33
2026-08-06 04:30:00,152.11,298.35
2026-08-06 04:35:00,117.52,263.76
2026-08-06 04:40:00,106.26,252.5
2026-08-06 04:45:00,91.39,237.63
2026-08-06 04:50:00,131.48,277.72
2026-08-06 04:55:00,119.67,265.91
2026-08-06 05:00:00,123.16,269.4
2026-08-06 05:05:00,147.19,293.43
2026-08-06 05:10:00,156.05,302.29
2026-08-06 05:15:00,144.32,290.56
2026-08-06 05:20:00,130.89,277.13
2026-08-06 05:25:00,136.15,282.39
2026-08-06 05:30:00,134.05,280.29
2026-08-06 05:35:00,165.51,311.75
2026-08-06 05:40:00,159.56,305.8
2026-08-06 05:45:00,167.04,313.28
2026-08-06 05:50:00,156.86,303.1
2026-08-06 05:55:00,125.94,272.18
2026-08-06 06:00:00,147.76,294.0
2026-08-06 06:05:00,140.06,286.3
2026-08-06 06:10:00,115.88,262.12
2026-08-06 06:15:00,101.65,247.89
2026-08-06 06:20:00,115.71,261.95
2026-08-06 06:25:00,140.97,287.21
2026-08-06 06:30:00,143.95,290.19
2026-08-06 06:35:00,152.88,299.12
2026-08-06 06:40:00,188.72,334.96
2026-08-06 06:45:00,155.51,301.75
2026-08-06 06:50:00,160.7,306.94
2026-08-06 06:55:00,169.53,315.77
2026-08-06 07:00:00,159.85,306.09
2026-08-06 07:05:00,148.3,294.54
2026-08-06 07:10:00,130.16,276.4
2026-08-06 07:15:00,228.67,374.91
2026-08-06 07:20:00,179.92,326.16
2026-08-06 07:25:00,215.65,361.89
2026-08-06 07:30:00,205.11,351.35
2026-08-06 07:35:00,181.45,327.69
2026-08-06 07:40:00,181.52,327.76
2026-08-06 07:45:00,162.58,308.82
2026-08-06 07:50:00,163.82,310.06
2026-08-06 07:55:00,156.31,302.55
2026-08-06 08:00:00,174.78,321.02
2026-08-06 08:05:00,145.25,291.49
2026-08-06 08:10:00,167.04,313.28
2026-08-06 08:15:00,181.81,328.05
2026-08-06 08:20:00,220.95,367.19
2026-08-06 08:25:00,223.22,369.46
2026-08-06 08:30:00,226.46,372.7
2026-08-06 08:35:00,214.78,361.02
2026-08-06 08:40:00,210.43,356.67
2026-08-06 08:45:00,183.81,330.05
2026-08-06 08:50:00,181.26,327.5
2026-08-06 08:55:00,202.9,349.14
2026-08-06 09:00:00,250.55,396.79
2026-08-06 09:05:00,233.05,379.29
2026-08-06 09:10:00,296.03,442.27
2026-08-06 09:15:00,266.76,413.0
2026-08-06 09:20:00,279.71,425.95
2026-08-06 09:25:00,249.04,395.28
2026-08-06 09:30:00,281.45,427.69
2026-08-06 09:35:00,243.05,389.29
2026-08-06 09:40:00,216.82,363.06
2026-08-06 09:45:00,201.1,347.35
2026-08-06 09:50:00,305.97,452.21
2026-08-06 09:55:00,292.17,438.41
2026-08-06 10:00:00,243.46,389.7
2026-08-06 10:05:00,288.72,434.96
2026-08-06 10:10:00,283.73,429.97
2026-08-06 10:15:00,329.64,475.88
2026-08-06 10:20:00,267.03,413.27
2026-08-06 10:25:00,268.53,414.77
2026-08-06 10:30:00,244.3,390.54
2026-08-06 10:35:00,189.81,336.05
2026-08-06 10:40:00,272.8,419.04
2026-08-06 10:45:00,260.99,407.23
2026-08-06 10:50:00,275.18,421.42
2026-08-06 10:55:00,378.59,524.83
2026-08-06 11:00:00,313.53,459.77
2026-08-06 11:05:00,284.2,430.44
2026-08-06 11:10:00,276.29,422.53
2026-08-06 11:15:00,320.88,467.12
2026-08-06 11:20:00,293.5,439.74
2026-08-06 11:25:00,254.54,400.78
2026-08-06 11:30:00,306.37,452.61
2026-08-06 11:35:00,336.73,482.97
2026-08-06 11:40:00,241.79,388.03
2026-08-06 11:45:00,237.05,383.29
2026-08-06 11:50:00,317.09,463.33
2026-08-06 11:55:00,321.59,467.83
2026-08-06 12:00:00,303.07,449.31
2026-08-06 12:05:00,294.51,440.75
2026-08-06 12:10:00,307.33,453.57
2026-08-06 12:15:00,327.76,474.0
2026-08-06 12:20:00,287.02,433.26
2026-08-06 12:25:00,278.14,424.38
2026-08-06 12:30:00,315.37,461.61
2026-08-06 12:35:00,297.16,443.4
2026-08-06 12:40:00,341.05,487.29
2026-08-06 12:45:00,302.39,448.63
2026-08-06 12:50:00,318.15,464.39
2026-08-06 12:55:00,381.4,527.64
2026-08-06 13:00:00,351.73,497.97
2026-08-06 13:05:00,348.22,494.46
2026-08-06 13:10:00,334.33,480.57
2026-08-06 13:15:00,298.96,445.2
2026-08-06 13:20:00,296.53,442.77
2026-08-06 13:25:00,384.23,530.47
2026-08-06 13:30:00,359.86,506.1
2026-08-06 13:35:00,286.42,432.66
2026-08-06 13:40:00,319.0,465.24
2026-08-06 13:45:00,319.31,465.55
2026-08-06 13:50:00,289.47,435.71
2026-08-06 13:55:00,334.18,480.42
2026-08-06 14:00:00,349.01,495.25
2026-08-06 14:05:00,390.38,536.62
2026-08-06 14:10:00,422.38,568.62
2026-08-06 14:15:00,412.5,558.74
2026-08-06 14:20:00,346.88,493.12
2026-08-06 14:25:00,294.8,441.04
2026-08-06 14:30:00,299.41,445.65
2026-08-06 14:35:00,305.01,451.25
2026-08-06 14:40:00,288.73,434.97
2026-08-06 14:45:00,280.35,426.59
2026-08-06 14:50:00,281.86,428.1
2026-08-06 14:55:00,279.36,425.6
2026-08-06 15:00:00,302.22,448.46
2026-08-06 15:05:00,350.98,497.22
2026-08-06 15:10:00,339.4,485.64
2026-08-06 15:15:00,462.92,609.16
2026-08-06 15:20:00,386.76,533.0
2026-08-06 15:25:00,347.62,493.86
2026-08-06 15:30:00,344.91,491.15
2026-08-06 15:35:00,285.93,432.17
2026-08-06 15:40:00,335.98,482.22
2026-08-06 15:45:00,398.35,544.59
2026-08-06 15:50:00,304.15,450.39
2026-08-06 15:55:00,346.51,492.75
2026-08-06 16:00:00,302.29,448.53
2026-08-06 16:05:00,286.22,432.46
2026-08-06 16:10:00,303.43,449.67
2026-08-06 16:15:00,367.17,513.41
2026-08-06 16:20:00,289.07,435.31
2026-08-06 16:25:00,294.73,440.97
2026-08-06 16:30:00,234.47,380.71
2026-08-06 16:35:00,236.6,382.84
2026-08-06 16:40:00,271.52,417.76
2026-08-06 16:45:00,293.64,439.88
2026-08-06 16:50:00,240.88,387.12
2026-08-06 16:55:00,252.95,399.19
2026-08-06 17:00:00,245.41,391.65
2026-08-06 17:05:00,249.69,395.93
2026-08-06 17:10:00,274.55,420.79
2026-08-06 17:15:00,257.21,403.45
2026-08-06 17:20:00,220.46,366.7
2026-08-06 17:25:00,261.87,408.11
2026-08-06 17:30:00,279.66,425.9
2026-08-06 17:35:00,303.88,450.12
2026-08-06 17:40:00,281.55,427.79
2026-08-06 17:45:00,308.56,454.8
2026-08-06 17:50:00,248.9,395.14
2026-08-06 17:55:00,278.67,424.91
2026-08-06 18:00:00,246.75,392.99
2026-08-06 18:05:00,280.95,427.19
2026-08-06 18:10:00,231.38,377.62
2026-08-06 18:15:00,286.12,432.36
2026-08-06 18:20:00,289.96,436.2
2026-08-06 18:25:00,224.09,370.33
2026-08-06 18:30:00,196.98,343.22
2026-08-06 18:35:00,235.76,382.0
2026-08-06 18:40:00,255.53,401.78
2026-08-06 18:45:00,225.5,371.74
2026-08-06 18:50:00,234.16,380.4
2026-08-06 18:55:00,242.52,388.76
2026-08-06 19:00:00,223.91,370.15
2026-08-06 19:05:00,187.28,333.52
2026-08-06 19:10:00,177.75,323.99
2026-08-06 19:15:00,200.99,347.23
2026-08-06 19:20:00,234.31,380.55
2026-08-06 19:25:00,266.24,412.48
2026-08-06 19:30:00,258.93,405.17
2026-08-06 19:35:00,228.99,375.23
2026-08-06 19:40:00,237.28,383.52
2026-08-06 19:45:00,196.79,343.03
2026-08-06 19:50:00,204.63,350.87
2026-08-06 19:55:00,206.3,352.54
2026-08-06 20:00:00,203.62,349.86
2026-08-06 20:05:00,206.38,352.62
2026-08-06 20:10:00,185.29,331.53
2026-08-06 20:15:00,214.75,360.99
2026-08-06 20:20:00,194.98,341.22
2026-08-06 20:25:00,198.59,344.83
2026-08-06 20:30:00,164.42,310.66
2026-08-06 20:35:00,158.02,304.26
2026-08-06 20:40:00,166.14,312.38
2026-08-06 20:45:00,143.4,289.64
2026-08-06 20:50:00,154.35,300.59
2026-08-06 20:55:00,152.03,298.27
2026-08-06 21:00:00,127.54,273.78
2026-08-06 21:05:00,130.01,276.25
2026-08-06 21:10:00,137.11,283.35
2026-08-06 21:15:00,127.64,273.88
2026-08-06 21:20:00,113.38,259.62
2026-08-06 21:25:00,150.08,296.32
2026-08-06 21:30:00,150.52,296.76
2026-08-06 21:35:00,148.26,294.5
2026-08-06 21:40:00,178.62,324.86
2026-08-06 21:45:00,140.06,286.3
2026-08-06 21:50:00,193.76,340.0
2026-08-06 21:55:00,147.59,293.83
2026-08-06 22:00:00,147.88,294.12
2026-08-06 22:05:00,135.5,281.74
2026-08-06 22:10:00,140.82,287.06
2026-08-06 22:15:00,142.63,288.87
2026-08-06 22:20:00,136.34,282.59
2026-08-06 22:25:00,161.53,307.77
2026-08-06 22:30:00,145.52,291.76
2026-08-06 22:35:00,158.1,304.34
2026-08-06 22:40:00,115.7,261.94
2026-08-06 22:45:00,126.95,273.19
2026-08-06 22:50:00,128.21,274.45
2026-08-06 22:55:00,120.6,266.84
2026-08-06 23:00:00,112.41,258.65
2026-08-06 23:05:00,154.34,300.58
2026-08-06 23:10:00,136.04,282.28
2026-08-06 23:15:00,118.67,264.91
2026-08-06 23:20:00,129.16,275.4
2026-08-06 23:25:00,127.64,273.88
2026-08-06 23:30:00,127.12,273.36
2026-08-06 23:35:00,130.99,277.23
2026-08-06 23:40:00,130.32,276.56
2026-08-06 23:45:00,112.56,258.8
2026-08-06 23:50:00,117.34,263.59
2026-08-06 23:55:00,113.48,259.72
2026-08-07 00:00:00,106.35,252.59
2026-08-07 00:05:00,95.1,241.34
2026-08-07 00:10:00,81.89,228.13
2026-08-07 00:15:00,111.79,258.03
2026-08-07 00:20:00,116.17,262.41
2026-08-07 00:25:00,129.01,275.25
2026-08-07 00:30:00,123.92,270.16
2026-08-07 00:35:00,127.23,273.47
2026-08-07 00:40:00,104.34,250.58
2026-08-07 00:45:00,125.24,271.48
2026-08-07 00:50:00,114.81,261.05
2026-08-07 00:55:00,111.21,257.45
2026-08-07 01:00:00,118.25,264.49
2026-08-07 01:05:00,105.86,252.1
2026-08-07 01:10:00,101.86,248.1
2026-08-07 01:15:00,91.1,237.34
2026-08-07 01:20:00,122.85,269.09
2026-08-07 01:25:00,106.38,252.62
2026-08-07 01:30:00,92.17,238.41
2026-08-07 01:35:00,96.49,242.73
2026-08-07 01:40:00,91.27,237.51
2026-08-07 01:45:00,109.01,255.25
2026-08-07 01:50:00,94.85,241.09
2026-08-07 01:55:00,85.49,231.73
2026-08-07 02:00:00,95.07,241.31
2026-08-07 02:05:00,109.89,256.13
2026-08-07 02:10:00,104.77,251.01
2026-08-07 02:15:00,98.62,244.86
2026-08-07 02:20:00,113.71,259.95
2026-08-07 02:25:00,111.2,257.44
2026-08-07 02:30:00,119.59,265.83
2026-08-07 02:35:00,123.93,270.17
2026-08-07 02:40:00,113.77,260.01
2026-08-07 02:45:00,102.72,248.96
2026-08-07 02:50:00,134.4,280.64
2026-08-07 02:55:00,120.48,266.72
2026-08-07 03:00:00,140.74,286.98
2026-08-07 03:05:00,127.31,273.55
2026-08-07 03:10:00,98.16,244.4
2026-08-07 03:15:00,127.4,273.64
2026-08-07 03:20:00,120.83,267.07
2026-08-07 03:25:00,136.53,282.78
2026-08-07 03:30:00,115.69,261.93
2026-08-07 03:35:00,119.38,265.62
2026-08-07 03:40:00,110.88,257.12
2026-08-07 03:45:00,129.14,275.38
2026-08-07 03:50:00,119.61,265.85
2026-08-07 03:55:00,122.6,268.84
2026-08-07 04:00:00,127.0,273.24
2026-08-07 04:05:00,113.18,259.42
2026-08-07 04:10:00,131.6,277.84
2026-08-07 04:15:00,166.95,313.19
2026-08-07 04:20:00,155.4,301.64
2026-08-07 04:25:00,154.49,300.73
2026-08-07 04:30:00,143.8,290.04
2026-08-07 04:35:00,102.59,248.83
2026-08-07 04:40:00,106.0,252.24
2026-08-07 04:45:00,115.57,261.82
2026-08-07 04:50:00,113.14,259.38
2026-08-07 04:55:00,103.94,250.18
2026-08-07 05:00:00,124.76,271.0
2026-08-07 05:05:00,130.8,277.04
2026-08-07 05:10:00,111.23,257.47
2026-08-07 05:15:00,116.35,262.59
2026-08-07 05:20:00,145.79,292.03
2026-08-07 05:25:00,133.76,280.0
2026-08-07 05:30:00,144.22,290.46
2026-08-07 05:35:00,137.87,284.11
2026-08-07 05:40:00,148.16,294.4
2026-08-07 05:45:00,168.35,314.59
2026-08-07 05:50:00,150.15,296.39
2026-08-07 05:55:00,153.91,300.15
2026-08-07 06:00:00,134.73,280.97
2026-08-07 06:05:00,154.58,300.82
2026-08-07 06:10:00,142.05,288.29
2026-08-07 06:15:00,145.34,291.58
2026-08-07 06:20:00,155.19,301.44
2026-08-07 06:25:00,157.74,303.98
2026-08-07 06:30:00,154.0,300.24
2026-08-07 06:35:00,142.39,288.63
2026-08-07 06:40:00,124.46,270.7
2026-08-07 06:45:00,156.42,302.67
2026-08-07 06:50:00,165.49,311.73
2026-08-07 06:55:00,187.12,333.36
2026-08-07 07:00:00,180.11,326.35
2026-08-07 07:05:00,136.98,283.22
2026-08-07 07:10:00,166.56,312.8
2026-08-07 07:15:00,210.45,356.69
2026-08-07 07:20:00,189.82,336.06
2026-08-07 07:25:00,165.66,311.9
2026-08-07 07:30:00,214.32,360.56
2026-08-07 07:35:00,152.72,298.96
2026-08-07 07:40:00,162.68,308.92
2026-08-07 07:45:00,156.59,302.83
2026-08-07 07:50:00,154.41,300.65
2026-08-07 07:55:00,156.8,303.04
2026-08-07 08:00:00,203.38,349.62
2026-08-07 08:05:00,166.27,312.51
2026-08-07 08:10:00,186.76,333.0
2026-08-07 08:15:00,162.69,308.93
2026-08-07 08:20:00,151.14,297.38
2026-08-07 08:25:00,185.2,331.44
2026-08-07 08:30:00,156.38,302.62
2026-08-07 08:35:00,210.19,356.43
2026-08-07 08:40:00,198.06,344.3
2026-08-07 08:45:00,201.78,348.02
2026-08-07 08:50:00,194.04,340.28
2026-08-07 08:55:00,171.97,318.21
2026-08-07 09:00:00,171.42,317.66
2026-08-07 09:05:00,213.82,360.06
2026-08-07 09:10:00,213.2,359.44
2026-08-07 09:15:00,197.9,344.14
2026-08-07 09:20:00,195.0,341.24
2026-08-07 09:25:00,262.11,408.36
2026-08-07 09:30:00,238.7,384.94
2026-08-07 09:35:00,223.9,370.14
2026-08-07 09:40:00,262.66,408.9
2026-08-07 09:45:00,240.26,386.5
2026-08-07 09:50:00,278.76,425.0
2026-08-07 09:55:00,226.23,372.47
2026-08-07 10:00:00,251.22,397.46
2026-08-07 10:05:00,247.57,393.81
2026-08-07 10:10:00,223.3,369.54
2026-08-07 10:15:00,230.09,376.33
2026-08-07 10:20:00,264.89,411.13
2026-08-07 10:25:00,265.61,411.86
2026-08-07 10:30:00,272.47,418.71
2026-08-07 10:35:00,240.04,386.28
2026-08-07 10:40:00,281.65,427.89
2026-08-07 10:45:00,286.39,432.63
2026-08-07 10:50:00,265.71,411.95
2026-08-07 10:55:00,272.85,419.09
2026-08-07 11:00:00,275.67,421.91
2026-08-07 11:05:00,296.61,442.85
2026-08-07 11:10:00,354.57,500.81
2026-08-07 11:15:00,357.14,503.38
2026-08-07 11:20:00,358.87,505.11
2026-08-07 11:25:00,429.03,575.27
2026-08-07 11:30:00,370.93,517.17
2026-08-07 11:35:00,364.23,510.47
2026-08-07 11:40:00,328.0,474.24
2026-08-07 11:45:00,284.62,430.86
2026-08-07 11:50:00,266.17,412.41
2026-08-07 11:55:00,262.03,408.27
2026-08-07 12:00:00,315.84,462.08
2026-08-07 12:05:00,300.88,447.12
2026-08-07 12:10:00,314.65,460.89
2026-08-07 12:15:00,341.32,487.56
2026-08-07 12:20:00,363.51,509.75
2026-08-07 12:25:00,337.42,483.66
2026-08-07 12:30:00,312.11,458.35
2026-08-07 12:35:00,338.31,484.55
2026-08-07 12:40:00,364.18,510.42
2026-08-07 12:45:00,304.88,451.12
2026-08-07 12:50:00,295.58,441.82
2026-08-07 12:55:00,331.66,477.9
2026-08-07 13:00:00,337.27,483.51
2026-08-07 13:05:00,369.78,516.02
2026-08-07 13:10:00,358.38,504.62
2026-08-07 13:15:00,359.72,505.96
2026-08-07 13:20:00,333.01,479.25
2026-08-07 13:25:00,327.58,473.82
2026-08-07 13:30:00,324.55,470.8
2026-08-07 13:35:00,299.22,445.46
2026-08-07 13:40:00,341.01,487.25
2026-08-07 13:45:00,268.27,414.51
2026-08-07 13:50:00,264.45,410.69
2026-08-07 13:55:00,306.04,452.28
2026-08-07 14:00:00,474.17,620.41
2026-08-07 14:05:00,1020.28,1166.53
2026-08-07 14:10:00,1538.72,1684.96
2026-08-07 14:15:00,1883.91,2030.15
2026-08-07 14:20:00,2019.24,2165.48
2026-08-07 14:25:00,2051.27,2197.51
2026-08-07 14:30:00,1954.2,2100.44
2026-08-07 14:35:00,1900.92,2047.16
2026-08-07 14:40:00,1890.94,2037.18
2026-08-07 14:45:00,1695.72,1841.96
2026-08-07 14:50:00,1612.26,1758.5
2026-08-07 14:55:00,1481.36,1627.6
2026-08-07 15:00:00,1440.62,1586.86
2026-08-07 15:05:00,1371.74,1517.98
2026-08-07 15:10:00,1322.89,1469.13
2026-08-07 15:15:00,1247.61,1393.85
2026-08-07 15:20:00,1197.97,1344.21
2026-08-07 15:25:00,1243.1,1389.34
2026-08-07 15:30:00,1148.16,1294.4
2026-08-07 15:35:00,1062.87,1209.11
2026-08-07 15:40:00,926.29,1072.53
2026-08-07 15:45:00,868.18,1014.42
2026-08-07 15:50:00,813.7,959.94
2026-08-07 15:55:00,486.28,632.52
2026-08-07 16:00:00,319.59,465.83
2026-08-07 16:05:00,299.62,445.86
2026-08-07 16:10:00,197.37,343.61
2026-08-07 16:15:00,251.23,397.47
2026-08-07 16:20:00,218.64,364.88
2026-08-07 16:25:00,266.4,412.64
2026-08-07 16:30:00,228.79,375.03
2026-08-07 16:35:00,269.08,415.32
2026-08-07 16:40:00,241.09,387.33
2026-08-07 16:45:00,298.17,444.41
2026-08-07 16:50:00,278.4,424.64
2026-08-07 16:55:00,256.06,402.3
2026-08-07 17:00:00,221.65,367.89
2026-08-07 17:05:00,213.83,360.07
2026-08-07 17:10:00,215.73,361.97
2026-08-07 17:15:00,258.18,404.42
2026-08-07 17:20:00,231.69,377.93
2026-08-07 17:25:00,282.52,428.76
2026-08-07 17:30:00,254.26,400.5
2026-08-07 17:35:00,227.34,373.58
2026-08-07 17:40:00,255.34,401.58
2026-08-07 17:45:00,274.26,420.5
2026-08-07 17:50:00,265.63,411.87
2026-08-07 17:55:00,287.28,433.52
2026-08-07 18:00:00,265.52,411.76
2026-08-07 18:05:00,248.55,394.79
2026-08-07 18:10:00,245.56,391.8
2026-08-07 18:15:00,230.6,376.84
2026-08-07 18:20:00,234.04,380.28
2026-08-07 18:25:00,189.09,335.33
2026-08-07 18:30:00,183.52,329.76
2026-08-07 18:35:00,187.95,334.19
2026-08-07 18:40:00,170.58,316.82
2026-08-07 18:45:00,170.67,316.91
2026-08-07 18:50:00,188.0,334.24
2026-08-07 18:55:00,217.9,364.14
2026-08-07 19:00:00,225.7,371.94
2026-08-07 19:05:00,199.52,345.76
2026-08-07 19:10:00,197.93,344.17
2026-08-07 19:15:00,174.02,320.26
2026-08-07 19:20:00,182.36,328.6
2026-08-07 19:25:00,209.23,355.47
2026-08-07 19:30:00,233.0,379.24
2026-08-07 19:35:00,200.04,346.28
2026-08-07 19:40:00,231.0,377.24
2026-08-07 19:45:00,183.46,329.7
2026-08-07 19:50:00,180.26,326.5
2026-08-07 19:55:00,224.72,370.96
2026-08-07 20:00:00,274.01,420.25
2026-08-07 20:05:00,245.54,391.78
2026-08-07 20:10:00,200.53,346.77
2026-08-07 20:15:00,173.36,319.6
2026-08-07 20:20:00,131.84,278.08
2026-08-07 20:25:00,164.74,310.98
2026-08-07 20:30:00,132.46,278.7
2026-08-07 20:35:00,127.19,273.43
2026-08-07 20:40:00,145.3,291.54
2026-08-07 20:45:00,149.71,295.95
2026-08-07 20:50:00,170.21,316.45
2026-08-07 20:55:00,150.84,297.08
2026-08-07 21:00:00,161.53,307.77
2026-08-07 21:05:00,146.27,292.51
2026-08-07 21:10:00,152.4,298.64
2026-08-07 21:15:00,161.31,307.55
2026-08-07 21:20:00,133.09,279.34
2026-08-07 21:25:00,192.68,338.92
2026-08-07 21:30:00,157.98,304.22
2026-08-07 21:35:00,148.53,294.77
2026-08-07 21:40:00,147.49,293.73
2026-08-07 21:45:00,162.87,309.11
2026-08-07 21:50:00,154.1,300.34
2026-08-07 21:55:00,111.19,257.43
2026-08-07 22:00:00,149.18,295.42
2026-08-07 22:05:00,138.7,284.94
2026-08-07 22:10:00,139.32,285.57
2026-08-07 22:15:00,112.66,258.9
2026-08-07 22:20:00,132.33,278.57
2026-08-07 22:25:00,120.94,267.18
2026-08-07 22:30:00,124.3,270.54
2026-08-07 22:35:00,140.39,286.63
2026-08-07 22:40:00,152.81,299.05
2026-08-07 22:45:00,172.87,319.11
2026-08-07 22:50:00,153.67,299.91
2026-08-07 22:55:00,141.24,287.48
2026-08-07 23:00:00,128.65,274.89
2026-08-07 23:05:00,129.24,275.48
2026-08-07 23:10:00,121.33,267.57
2026-08-07 23:15:00,123.06,269.3
2026-08-07 23:20:00,153.85,300.09
2026-08-07 23:25:00,134.34,280.58
2026-08-07 23:30:00,122.04,268.28
2026-08-07 23:35:00,102.84,249.08
2026-08-07 23:40:00,115.65,261.89
2026-08-07 23:45:00,143.44,289.68
2026-08-07 23:50:00,138.04,284.28
2026-08-07 23:55:00,154.88,301.12
2026-08-08 00:00:00,123.92,270.16
2026-08-08 00:05:00,98.61,244.85
2026-08-08 00:10:00,72.43,218.67
2026-08-08 00:15:00,73.84,220.08
2026-08-08 00:20:00,79.41,225.65
2026-08-08 00:25:00,82.99,229.23
2026-08-08 00:30:00,75.29,221.53
2026-08-08 00:35:00,67.97,214.21
2026-08-08 00:40:00,69.37,215.61
2026-08-08 00:45:00,87.59,233.83
2026-08-08 00:50:00,102.75,248.99
2026-08-08 00:55:00,97.72,243.96
2026-08-08 01:00:00,78.77,225.01
2026-08-08 01:05:00,96.56,242.8
2026-08-08 01:10:00,107.8,254.04
2026-08-08 01:15:00,76.73,222.97
2026-08-08 01:20:00,90.73,236.97
2026-08-08 01:25:00,76.93,223.17
2026-08-08 01:30:00,82.38,228.62
2026-08-08 01:35:00,77.55,223.79
2026-08-08 01:40:00,80.87,227.11
2026-08-08 01:45:00,76.98,223.22
2026-08-08 01:50:00,76.38,222.62
2026-08-08 01:55:00,87.7,233.94
2026-08-08 02:00:00,90.78,237.02
2026-08-08 02:05:00,86.63,232.87
2026-08-08 02:10:00,99.16,245.4
2026-08-08 02:15:00,92.07,238.31
2026-08-08 02:20:00,93.05,239.29
2026-08-08 02:25:00,107.81,254.05
2026-08-08 02:30:00,115.93,262.17
2026-08-08 02:35:00,99.48,245.72
2026-08-08 02:40:00,93.15,239.39
2026-08-08 02:45:00,85.27,231.51
2026-08-08 02:50:00,91.59,237.83
2026-08-08 02:55:00,78.6,224.84
2026-08-08 03:00:00,81.88,228.12
2026-08-08 03:05:00,75.62,221.86
2026-08-08 03:10:00,65.67,211.91
2026-08-08 03:15:00,105.67,251.91
2026-08-08 03:20:00,92.41,238.65
2026-08-08 03:25:00,103.53,249.77
2026-08-08 03:30:00,102.71,248.95
2026-08-08 03:35:00,95.87,242.11
2026-08-08 03:40:00,91.31,237.55
2026-08-08 03:45:00,91.87,238.11
2026-08-08 03:50:00,112.14,258.38
2026-08-08 03:55:00,96.04,242.28
2026-08-08 04:00:00,81.47,227.71
2026-08-08 04:05:00,92.5,238.74
2026-08-08 04:10:00,107.53,253.77
2026-08-08 04:15:00,101.97,248.21
2026-08-08 04:20:00,98.53,244.77
2026-08-08 04:25:00,95.48,241.73
2026-08-08 04:30:00,89.35,235.59
2026-08-08 04:35:00,85.51,231.75
2026-08-08 04:40:00,92.5,238.74
2026-08-08 04:45:00,84.28,230.52
2026-08-08 04:50:00,100.71,246.95
2026-08-08 04:55:00,97.3,243.54
2026-08-08 05:00:00,103.07,249.31
2026-08-08 05:05:00,98.14,244.38
2026-08-08 05:10:00,95.33,241.57
2026-08-08 05:15:00,98.53,244.77
2026-08-08 05:20:00,101.47,247.71
2026-08-08 05:25:00,101.93,248.17
2026-08-08 05:30:00,97.97,244.21
2026-08-08 05:35:00,101.72,247.96
2026-08-08 05:40:00,91.11,237.35
2026-08-08 05:45:00,96.4,242.64
2026-08-08 05:50:00,106.09,252.33
2026-08-08 05:55:00,104.91,251.15
2026-08-08 06:00:00,97.87,244.11
2026-08-08 06:05:00,85.7,231.94
2026-08-08 06:10:00,101.91,248.16
2026-08-08 06:15:00,124.67,270.91
2026-08-08 06:20:00,121.87,268.11
2026-08-08 06:25:00,132.17,278.41
2026-08-08 06:30:00,121.43,267.67
2026-08-08 06:35:00,125.2,271.44
2026-08-08 06:40:00,103.42,249.66
2026-08-08 06:45:00,122.46,268.7
2026-08-08 06:50:00,122.25,268.49
2026-08-08 06:55:00,135.04,281.28
2026-08-08 07:00:00,125.17,271.41
2026-08-08 07:05:00,114.59,260.84
2026-08-08 07:10:00,121.25,267.49
2026-08-08 07:15:00,171.05,317.3
2026-08-08 07:20:00,148.94,295.18
2026-08-08 07:25:00,133.78,280.02
2026-08-08 07:30:00,133.56,279.8
2026-08-08 07:35:00,131.16,277.4
2026-08-08 07:40:00,152.32,298.56
2026-08-08 07:45:00,117.68,263.92
2026-08-08 07:50:00,139.36,285.6
2026-08-08 07:55:00,111.65,257.89
2026-08-08 08:00:00,104.96,251.2
2026-08-08 08:05:00,119.74,265.98
2026-08-08 08:10:00,110.01,256.25
2026-08-08 08:15:00,159.85,306.09
2026-08-08 08:20:00,124.29,270.53
2026-08-08 08:25:00,149.46,295.7
2026-08-08 08:30:00,137.37,283.61
2026-08-08 08:35:00,158.21,304.45
2026-08-08 08:40:00,141.17,287.41
2026-08-08 08:45:00,162.72,308.96
2026-08-08 08:50:00,157.3,303.54
2026-08-08 08:55:00,144.83,291.07
2026-08-08 09:00:00,152.07,298.31
2026-08-08 09:05:00,176.16,322.4
2026-08-08 09:10:00,238.35,384.59
2026-08-08 09:15:00,211.6,357.84
2026-08-08 09:20:00,164.44,310.68
2026-08-08 09:25:00,174.87,321.11
2026-08-08 09:30:00,160.1,306.34
2026-08-08 09:35:00,182.82,329.06
2026-08-08 09:40:00,189.96,336.2
2026-08-08 09:45:00,199.57,345.81
2026-08-08 09:50:00,197.44,343.68
2026-08-08 09:55:00,177.58,323.83
2026-08-08 10:00:00,135.08,281.32
2026-08-08 10:05:00,174.7,320.94
2026-08-08 10:10:00,185.8,332.04
2026-08-08 10:15:00,198.25,344.49
2026-08-08 10:20:00,185.42,331.66
2026-08-08 10:25:00,220.44,366.68
2026-08-08 10:30:00,250.45,396.69
2026-08-08 10:35:00,214.5,360.74
2026-08-08 10:40:00,214.45,360.69
2026-08-08 10:45:00,210.97,357.21
2026-08-08 10:50:00,245.97,392.21
2026-08-08 10:55:00,221.08,367.32
2026-08-08 11:00:00,214.35,360.59
2026-08-08 11:05:00,198.89,345.13
2026-08-08 11:10:00,183.17,329.41
2026-08-08 11:15:00,204.86,351.1
2026-08-08 11:20:00,254.55,400.79
2026-08-08 11:25:00,263.32,409.56
2026-08-08 11:30:00,250.43,396.67
2026-08-08 11:35:00,248.58,394.82
2026-08-08 11:40:00,285.14,431.38
2026-08-08 11:45:00,250.41,396.65
2026-08-08 11:50:00,214.8,361.04
2026-08-08 11:55:00,180.44,326.68
2026-08-08 12:00:00,250.58,396.82
2026-08-08 12:05:00,261.36,407.6
2026-08-08 12:10:00,324.98,471.22
2026-08-08 12:15:00,238.44,384.69
2026-08-08 12:20:00,279.03,425.27
2026-08-08 12:25:00,261.78,408.02
2026-08-08 12:30:00,278.74,424.98
2026-08-08 12:35:00,204.4,350.64
2026-08-08 12:40:00,266.83,413.07
2026-08-08 12:45:00,286.1,432.34
2026-08-08 12:50:00,256.64,402.88
2026-08-08 12:55:00,282.57,428.81
2026-08-08 13:00:00,225.1,371.34
2026-08-08 13:05:00,222.79,369.03
2026-08-08 13:10:00,223.23,369.47
2026-08-08 13:15:00,190.95,337.19
2026-08-08 13:20:00,230.65,376.89
2026-08-08 13:25:00,294.54,440.78
2026-08-08 13:30:00,262.2,408.44
2026-08-08 13:35:00,236.9,383.14
2026-08-08 13:40:00,260.66,406.9
2026-08-08 13:45:00,253.07,399.31
2026-08-08 13:50:00,213.98,360.22
2026-08-08 13:55:00,219.85,366.09
2026-08-08 14:00:00,273.17,419.41
2026-08-08 14:05:00,273.4,419.64
2026-08-08 14:10:00,320.38,466.62
2026-08-08 14:15:00,274.37,420.61
2026-08-08 14:20:00,244.58,390.82
2026-08-08 14:25:00,266.48,412.72
2026-08-08 14:30:00,267.75,413.99
2026-08-08 14:35:00,284.44,430.68
2026-08-08 14:40:00,300.89,447.13
2026-08-08 14:45:00,247.71,393.95
2026-08-08 14:50:00,231.65,377.89
2026-08-08 14:55:00,230.83,377.07
2026-08-08 15:00:00,216.57,362.81
2026-08-08 15:05:00,212.17,358.41
2026-08-08 15:10:00,260.47,406.71
2026-08-08 15:15:00,281.51,427.75
2026-08-08 15:20:00,224.38,370.62
2026-08-08 15:25:00,199.63,345.87
2026-08-08 15:30:00,285.64,431.88
2026-08-08 15:35:00,207.0,353.24
2026-08-08 15:40:00,236.21,382.45
2026-08-08 15:45:00,218.28,364.52
2026-08-08 15:50:00,163.79,310.03
2026-08-08 15:55:00,257.48,403.72
2026-08-08 16:00:00,210.0,356.24
2026-08-08 16:05:00,285.89,432.13
2026-08-08 16:10:00,248.27,394.51
2026-08-08 16:15:00,289.38,435.62
2026-08-08 16:20:00,248.18,394.42
2026-08-08 16:25:00,253.88,400.12
2026-08-08 16:30:00,243.2,389.44
2026-08-08 16:35:00,253.52,399.76
2026-08-08 16:40:00,213.58,359.82
2026-08-08 16:45:00,230.79,377.03
2026-08-08 16:50:00,253.56,399.8
2026-08-08 16:55:00,195.11,341.35
2026-08-08 17:00:00,193.8,340.04
2026-08-08 17:05:00,202.06,348.31
2026-08-08 17:10:00,198.67,344.91
2026-08-08 17:15:00,203.16,349.4
2026-08-08 17:20:00,192.28,338.52
2026-08-08 17:25:00,203.55,349.79
2026-08-08 17:30:00,159.01,305.25
2026-08-08 17:35:00,171.13,317.37
2026-08-08 17:40:00,181.96,328.2
2026-08-08 17:45:00,169.55,315.79
2026-08-08 17:50:00,177.7,323.94
2026-08-08 17:55:00,162.0,308.24
2026-08-08 18:00:00,201.01,347.25
2026-08-08 18:05:00,202.19,348.43
2026-08-08 18:10:00,152.18,298.42
2026-08-08 18:15:00,133.33,279.57
2026-08-08 18:20:00,211.56,357.8
2026-08-08 18:25:00,167.97,314.21
2026-08-08 18:30:00,167.78,314.02
2026-08-08 18:35:00,162.58,308.82
2026-08-08 18:40:00,165.81,312.05
2026-08-08 18:45:00,145.84,292.08
2026-08-08 18:50:00,178.85,325.09
2026-08-08 18:55:00,172.19,318.43
2026-08-08 19:00:00,151.23,297.48
2026-08-08 19:05:00,137.68,283.92
2026-08-08 19:10:00,149.03,295.27
2026-08-08 19:15:00,141.2,287.44
2026-08-08 19:20:00,157.75,303.99
2026-08-08 19:25:00,214.79,361.03
2026-08-08 19:30:00,213.8,360.04
2026-08-08 19:35:00,191.61,337.85
2026-08-08 19:40:00,173.85,320.09
2026-08-08 19:45:00,132.09,278.33
2026-08-08 19:50:00,135.67,281.91
2026-08-08 19:55:00,184.39,330.63
2026-08-08 20:00:00,180.57,326.81
2026-08-08 20:05:00,156.88,303.12
2026-08-08 20:10:00,132.69,278.93
2026-08-08 20:15:00,139.42,285.66
2026-08-08 20:20:00,112.48,258.72
2026-08-08 20:25:00,130.3,276.54
2026-08-08 20:30:00,89.57,235.81
2026-08-08 20:35:00,93.85,240.09
2026-08-08 20:40:00,96.84,243.08
2026-08-08 20:45:00,110.2,256.44
2026-08-08 20:50:00,108.88,255.12
2026-08-08 20:55:00,96.76,243.0
2026-08-08 21:00:00,99.07,245.31
2026-08-08 21:05:00,94.45,240.69
2026-08-08 21:10:00,107.22,253.46
2026-08-08 21:15:00,106.19,252.43
2026-08-08 21:20:00,113.26,259.5
2026-08-08 21:25:00,102.65,248.89
2026-08-08 21:30:00,90.34,236.58
2026-08-08 21:35:00,83.49,229.73
2026-08-08 21:40:00,81.85,228.09
2026-08-08 21:45:00,88.31,234.55
2026-08-08 21:50:00,92.28,238.52
2026-08-08 21:55:00,93.16,239.4
2026-08-08 22:00:00,102.7,248.95
2026-08-08 22:05:00,105.05,251.29
2026-08-08 22:10:00,112.14,258.38
2026-08-08 22:15:00,111.39,257.63
2026-08-08 22:20:00,116.82,263.06
2026-08-08 22:25:00,104.19,250.43
2026-08-08 22:30:00,113.29,259.53
2026-08-08 22:35:00,124.7,270.94
2026-08-08 22:40:00,102.57,248.81
2026-08-08 22:45:00,99.22,245.46
2026-08-08 22:50:00,102.52,248.76
2026-08-08 22:55:00,92.39,238.63
2026-08-08 23:00:00,102.32,248.56
2026-08-08 23:05:00,120.96,267.2
2026-08-08 23:10:00,102.78,249.02
2026-08-08 23:15:00,104.69,250.93
2026-08-08 23:20:00,109.24,255.48
2026-08-08 23:25:00,98.77,245.01
2026-08-08 23:30:00,105.96,252.2
2026-08-08 23:35:00,92.44,238.68
2026-08-08 23:40:00,81.46,227.7
2026-08-08 23:45:00,66.69,212.93
2026-08-08 23:50:00,68.26,214.5
2026-08-08 23:55:00,69.37,215.61
2026-08-09 00:00:00,83.85,230.09
2026-08-09 00:05:00,112.45,258.69
2026-08-09 00:10:00,88.71,234.95
2026-08-09 00:15:00,74.53,220.77
2026-08-09 00:20:00,82.23,228.47
2026-08-09 00:25:00,78.29,224.53
2026-08-09 00:30:00,97.22,243.46
2026-08-09 00:35:00,87.49,233.73
2026-08-09 00:40:00,85.07,231.31
2026-08-09 00:45:00,89.32,235.56
2026-08-09 00:50:00,87.76,234.01
2026-08-09 00:55:00,73.57,219.81
2026-08-09 01:00:00,77.86,224.1
2026-08-09 01:05:00,80.31,226.55
2026-08-09 01:10:00,80.4,226.64
2026-08-09 01:15:00,79.88,226.12
2026-08-09 01:20:00,82.85,229.09
2026-08-09 01:25:00,59.53,205.77
2026-08-09 01:30:00,75.64,221.88
2026-08-09 01:35:00,88.56,234.8
2026-08-09 01:40:00,86.09,232.33
2026-08-09 01:45:00,95.4,241.64
2026-08-09 01:50:00,99.45,245.69
2026-08-09 01:55:00,96.05,242.29
2026-08-09 02:00:00,97.93,244.17
2026-08-09 02:05:00,103.09,249.33
2026-08-09 02:10:00,105.11,251.35
2026-08-09 02:15:00,81.47,227.71
2026-08-09 02:20:00,63.36,209.6
2026-08-09 02:25:00,87.88,234.12
2026-08-09 02:30:00,100.6,246.84
2026-08-09 02:35:00,96.45,242.69
2026-08-09 02:40:00,82.57,228.81
2026-08-09 02:45:00,72.5,218.74
2026-08-09 02:50:00,91.8,238.04
2026-08-09 02:55:00,88.94,235.18
2026-08-09 03:00:00,81.34,227.58
2026-08-09 03:05:00,81.76,228.0
2026-08-09 03:10:00,53.23,199.47
2026-08-09 03:15:00,75.34,221.58
2026-08-09 03:20:00,92.3,238.54
2026-08-09 03:25:00,113.67,259.92
2026-08-09 03:30:00,87.28,233.52
2026-08-09 03:35:00,87.97,234.21
2026-08-09 03:40:00,82.31,228.55
2026-08-09 03:45:00,109.86,256.1
2026-08-09 03:50:00,102.97,249.21
2026-08-09 03:55:00,80.82,227.06
2026-08-09 04:00:00,101.28,247.52
2026-08-09 04:05:00,98.38,244.62
2026-08-09 04:10:00,98.61,244.85
2026-08-09 04:15:00,87.22,233.46
2026-08-09 04:20:00,85.32,231.56
2026-08-09 04:25:00,69.75,215.99
2026-08-09 04:30:00,77.51,223.75
2026-08-09 04:35:00,83.5,229.74
2026-08-09 04:40:00,103.92,250.16
2026-08-09 04:45:00,94.29,240.53
2026-08-09 04:50:00,86.98,233.22
2026-08-09 04:55:00,84.51,230.75
2026-08-09 05:00:00,103.07,249.31
2026-08-09 05:05:00,104.6,250.84
2026-08-09 05:10:00,78.77,225.01
2026-08-09 05:15:00,82.65,228.89
2026-08-09 05:20:00,87.93,234.17
2026-08-09 05:25:00,102.04,248.28
2026-08-09 05:30:00,102.64,248.88
2026-08-09 05:35:00,110.12,256.36
2026-08-09 05:40:00,107.38,253.62
2026-08-09 05:45:00,109.17,255.41
2026-08-09 05:50:00,89.65,235.89
2026-08-09 05:55:00,104.93,251.17
2026-08-09 06:00:00,103.3,249.54
2026-08-09 06:05:00,103.13,249.38
2026-08-09 06:10:00,114.22,260.46
2026-08-09 06:15:00,129.04,275.28
2026-08-09 06:20:00,123.06,269.3
2026-08-09 06:25:00,126.75,272.99
2026-08-09 06:30:00,130.2,276.44
2026-08-09 06:35:00,122.28,268.52
2026-08-09 06:40:00,114.52,260.76
2026-08-09 06:45:00,111.12,257.36
2026-08-09 06:50:00,117.68,263.92
2026-08-09 06:55:00,131.59,277.83
2026-08-09 07:00:00,136.27,282.51
2026-08-09 07:05:00,121.37,267.61
2026-08-09 07:10:00,107.03,253.27
2026-08-09 07:15:00,153.7,299.94
2026-08-09 07:20:00,168.4,314.64
2026-08-09 07:25:00,145.33,291.57
2026-08-09 07:30:00,139.07,285.32
2026-08-09 07:35:00,130.27,276.51
2026-08-09 07:40:00,138.67,284.91
2026-08-09 07:45:00,129.81,276.05
2026-08-09 07:50:00,134.47,280.71
2026-08-09 07:55:00,114.79,261.03
2026-08-09 08:00:00,120.35,266.6
2026-08-09 08:05:00,92.39,238.63
2026-08-09 08:10:00,117.17,263.41
2026-08-09 08:15:00,151.81,298.05
2026-08-09 08:20:00,156.93,303.17
2026-08-09 08:25:00,170.27,316.51
2026-08-09 08:30:00,112.73,258.97
2026-08-09 08:35:00,133.06,279.3
2026-08-09 08:40:00,196.07,342.31
2026-08-09 08:45:00,192.6,338.84
2026-08-09 08:50:00,157.23,303.47
2026-08-09 08:55:00,172.39,318.63
2026-08-09 09:00:00,157.4,303.64
2026-08-09 09:05:00,131.95,278.19
2026-08-09 09:10:00,175.05,321.29
2026-08-09 09:15:00,168.32,314.56
2026-08-09 09:20:00,137.59,283.83
2026-08-09 09:25:00,136.76,283.0
2026-08-09 09:30:00,127.4,273.64
2026-08-09 09:35:00,147.66,293.9
2026-08-09 09:40:00,166.5,312.74
2026-08-09 09:45:00,163.35,309.59
2026-08-09 09:50:00,196.57,342.81
2026-08-09 09:55:00,170.34,316.58
2026-08-09 10:00:00,201.36,347.6
2026-08-09 10:05:00,173.86,320.1
2026-08-09 10:10:00,162.46,308.7
2026-08-09 10:15:00,181.79,328.03
2026-08-09 10:20:00,240.42,386.66
2026-08-09 10:25:00,242.11,388.35
2026-08-09 10:30:00,220.26,366.51
2026-08-09 10:35:00,197.9,344.14
2026-08-09 10:40:00,188.51,334.75
2026-08-09 10:45:00,183.76,330.0
2026-08-09 10:50:00,155.85,302.09
2026-08-09 10:55:00,174.21,320.45
2026-08-09 11:00:00,197.47,343.71
2026-08-09 11:05:00,188.17,334.41
2026-08-09 11:10:00,199.46,345.7
2026-08-09 11:15:00,191.62,337.86
2026-08-09 11:20:00,221.53,367.77
2026-08-09 11:25:00,188.62,334.86
2026-08-09 11:30:00,239.55,385.79
2026-08-09 11:35:00,264.69,410.93
2026-08-09 11:40:00,251.39,397.63
2026-08-09 11:45:00,228.74,374.98
2026-08-09 11:50:00,219.41,365.65
2026-08-09 11:55:00,202.32,348.56
2026-08-09 12:00:00,213.93,360.17
2026-08-09 12:05:00,213.74,359.99
2026-08-09 12:10:00,208.68,354.92
2026-08-09 12:15:00,189.81,336.05
2026-08-09 12:20:00,185.81,332.05
2026-08-09 12:25:00,171.99,318.23
2026-08-09 12:30:00,191.41,337.65
2026-08-09 12:35:00,221.63,367.87
2026-08-09 12:40:00,203.47,349.71
2026-08-09 12:45:00,206.02,352.26
2026-08-09 12:50:00,275.34,421.58
2026-08-09 12:55:00,262.76,409.0
2026-08-09 13:00:00,245.79,392.03
2026-08-09 13:05:00,266.82,413.06
2026-08-09 13:10:00,274.61,420.85
2026-08-09 13:15:00,226.09,372.33
2026-08-09 13:20:00,217.24,363.48
2026-08-09 13:25:00,213.57,359.81
2026-08-09 13:30:00,317.55,463.79
2026-08-09 13:35:00,221.3,367.54
2026-08-09 13:40:00,234.77,381.01
2026-08-09 13:45:00,206.51,352.76
2026-08-09 13:50:00,173.49,319.73
2026-08-09 13:55:00,262.84,409.09
2026-08-09 14:00:00,342.41,488.65
2026-08-09 14:05:00,301.0,447.24
2026-08-09 14:10:00,237.06,383.31
2026-08-09 14:15:00,183.01,329.25
2026-08-09 14:20:00,218.0,364.24
2026-08-09 14:25:00,211.41,357.65
2026-08-09 14:30:00,209.78,356.02
2026-08-09 14:35:00,244.34,390.58
2026-08-09 14:40:00,258.54,404.78
2026-08-09 14:45:00,255.54,401.78
2026-08-09 14:50:00,234.54,380.78
2026-08-09 14:55:00,212.57,358.81
2026-08-09 15:00:00,256.93,403.17
2026-08-09 15:05:00,242.37,388.61
2026-08-09 15:10:00,259.77,406.01
2026-08-09 15:15:00,294.05,440.29
2026-08-09 15:20:00,230.09,376.33
2026-08-09 15:25:00,207.81,354.05
2026-08-09 15:30:00,220.21,366.45
2026-08-09 15:35:00,153.54,299.78
2026-08-09 15:40:00,244.61,390.85
2026-08-09 15:45:00,239.11,385.35
2026-08-09 15:50:00,239.69,385.93
2026-08-09 15:55:00,263.01,409.25
2026-08-09 16:00:00,228.28,374.52
2026-08-09 16:05:00,285.93,432.17
2026-08-09 16:10:00,259.64,405.89
2026-08-09 16:15:00,255.7,401.94
2026-08-09 16:20:00,265.08,411.32
2026-08-09 16:25:00,243.65,389.89
2026-08-09 16:30:00,213.64,359.88
2026-08-09 16:35:00,205.69,351.93
2026-08-09 16:40:00,199.31,345.55
2026-08-09 16:45:00,262.63,408.88
2026-08-09 16:50:00,216.26,362.5
2026-08-09 16:55:00,229.2,375.44
2026-08-09 17:00:00,175.92,322.16
2026-08-09 17:05:00,191.66,337.9
2026-08-09 17:10:00,183.48,329.72
2026-08-09 17:15:00,190.86,337.1
2026-08-09 17:20:00,241.86,388.1
2026-08-09 17:25:00,230.1,376.34
2026-08-09 17:30:00,193.95,340.19
2026-08-09 17:35:00,186.93,333.17
2026-08-09 17:40:00,174.21,320.45
2026-08-09 17:45:00,181.15,327.39
2026-08-09 17:50:00,201.01,347.26
2026-08-09 17:55:00,151.76,298.0
2026-08-09 18:00:00,168.55,314.79
2026-08-09 18:05:00,200.35,346.59
2026-08-09 18:10:00,211.85,358.09
2026-08-09 18:15:00,198.62,344.86
2026-08-09 18:20:00,187.85,334.09
2026-08-09 18:25:00,168.92,315.16
2026-08-09 18:30:00,141.39,287.63
2026-08-09 18:35:00,144.43,290.67
2026-08-09 18:40:00,138.16,284.4
2026-08-09 18:45:00,133.73,279.97
2026-08-09 18:50:00,146.47,292.71
2026-08-09 18:55:00,131.41,277.65
2026-08-09 19:00:00,143.07,289.31
2026-08-09 19:05:00,156.03,302.27
2026-08-09 19:10:00,186.35,332.59
2026-08-09 19:15:00,169.04,315.28
2026-08-09 19:20:00,170.44,316.68
2026-08-09 19:25:00,170.63,316.87
2026-08-09 19:30:00,163.07,309.31
2026-08-09 19:35:00,166.96,313.2
2026-08-09 19:40:00,176.12,322.36
2026-08-09 19:45:00,165.15,311.39
2026-08-09 19:50:00,168.13,314.37
2026-08-09 19:55:00,172.53,318.78
2026-08-09 20:00:00,167.32,313.57
2026-08-09 20:05:00,149.45,295.69
2026-08-09 20:10:00,123.21,269.46
2026-08-09 20:15:00,133.96,280.2
2026-08-09 20:20:00,132.36,278.6
2026-08-09 20:25:00,158.41,304.65
2026-08-09 20:30:00,104.26,250.5
2026-08-09 20:35:00,113.23,259.47
2026-08-09 20:40:00,103.42,249.67
2026-08-09 20:45:00,100.93,247.17
2026-08-09 20:50:00,98.04,244.28
2026-08-09 20:55:00,101.63,247.87
2026-08-09 21:00:00,85.26,231.5
2026-08-09 21:05:00,102.66,248.9
2026-08-09 21:10:00,111.94,258.18
2026-08-09 21:15:00,95.37,241.61
2026-08-09 21:20:00,85.42,231.66
2026-08-09 21:25:00,93.87,240.11
2026-08-09 21:30:00,96.86,243.1
2026-08-09 21:35:00,99.16,245.4
2026-08-09 21:40:00,131.21,277.45
2026-08-09 21:45:00,121.74,267.98
2026-08-09 21:50:00,99.32,245.56
2026-08-09 21:55:00,86.38,232.62
2026-08-09 22:00:00,99.95,246.19
2026-08-09 22:05:00,94.18,240.42
2026-08-09 22:10:00,112.12,258.36
2026-08-09 22:15:00,104.38,250.62
2026-08-09 22:20:00,104.96,251.2
2026-08-09 22:25:00,107.98,254.22
2026-08-09 22:30:00,119.38,265.62
2026-08-09 22:35:00,127.23,273.47
2026-08-09 22:40:00,96.14,242.38
2026-08-09 22:45:00,110.66,256.9
2026-08-09 22:50:00,116.04,262.28
2026-08-09 22:55:00,103.54,249.78
2026-08-09 23:00:00,100.91,247.15
2026-08-09 23:05:00,82.89,229.13
2026-08-09 23:10:00,91.15,237.39
2026-08-09 23:15:00,222.21,368.45
2026-08-09 23:20:00,515.35,661.59
2026-08-09 23:25:00,793.45,939.69
2026-08-09 23:30:00,1204.53,1350.77
2026-08-09 23:35:00,1454.74,1600.98
2026-08-09 23:40:00,1366.34,1512.58
2026-08-09 23:45:00,1371.14,1517.38
2026-08-09 23:50:00,1353.46,1499.7
2026-08-09 23:55:00,1356.6,1502.84
2026-08-10 00:00:00,1203.27,1349.52
2026-08-10 00:05:00,1186.88,1333.12
2026-08-10 00:10:00,1225.99,1372.23
2026-08-10 00:15:00,1172.13,1318.37
2026-08-10 00:20:00,1161.85,1308.09
2026-08-10 00:25:00,1108.37,1254.61
2026-08-10 00:30:00,1118.41,1264.65
2026-08-10 00:35:00,964.07,1110.31
2026-08-10 00:40:00,882.05,1028.29
2026-08-10 00:45:00,891.13,1037.37
2026-08-10 00:50:00,855.75,1001.99
2026-08-10 00:55:00,838.32,984.56
2026-08-10 01:00:00,761.16,907.4
2026-08-10 01:05:00,706.71,852.95
2026-08-10 01:10:00,734.52,880.76
2026-08-10 01:15:00,668.76,815.0
2026-08-10 01:20:00,674.61,820.85
2026-08-10 01:25:00,620.6,766.84
2026-08-10 01:30:00,547.23,693.47
2026-08-10 01:35:00,300.61,446.86
2026-08-10 01:40:00,156.31,302.55
2026-08-10 01:45:00,114.84,261.08
2026-08-10 01:50:00,79.19,225.43
2026-08-10 01:55:00,79.04,225.28
2026-08-10 02:00:00,91.36,237.6
2026-08-10 02:05:00,107.56,253.8
2026-08-10 02:10:00,117.66,263.9
2026-08-10 02:15:00,109.86,256.1
2026-08-10 02:20:00,99.96,246.2
2026-08-10 02:25:00,117.49,263.73
2026-08-10 02:30:00,137.0,283.24
2026-08-10 02:35:00,109.54,255.78
2026-08-10 02:40:00,103.44,249.68
2026-08-10 02:45:00,107.16,253.4
2026-08-10 02:50:00,123.63,269.87
2026-08-10 02:55:00,110.16,256.4
2026-08-10 03:00:00,120.34,266.58
2026-08-10 03:05:00,110.45,256.69
2026-08-10 03:10:00,74.97,221.21
2026-08-10 03:15:00,106.04,252.28
2026-08-10 03:20:00,106.38,252.62
2026-08-10 03:25:00,112.26,258.5
2026-08-10 03:30:00,131.73,277.97
2026-08-10 03:35:00,115.56,261.8
2026-08-10 03:40:00,102.22,248.46
2026-08-10 03:45:00,88.65,234.89
2026-08-10 03:50:00,106.37,252.61
2026-08-10 03:55:00,99.5,245.74
2026-08-10 04:00:00,103.3,249.54
2026-08-10 04:05:00,134.75,280.99
2026-08-10 04:10:00,137.13,283.37
2026-08-10 04:15:00,136.46,282.7
2026-08-10 04:20:00,122.41,268.65
2026-08-10 04:25:00,131.9,278.14
2026-08-10 04:30:00,133.22,279.47
2026-08-10 04:35:00,107.18,253.42
2026-08-10 04:40:00,111.18,257.42
2026-08-10 04:45:00,110.47,256.71
2026-08-10 04:50:00,128.43,274.67
2026-08-10 04:55:00,160.46,306.7
2026-08-10 05:00:00,154.72,300.96
2026-08-10 05:05:00,124.25,270.49
2026-08-10 05:10:00,111.36,257.6
2026-08-10 05:15:00,130.4,276.64
2026-08-10 05:20:00,105.55,251.79
2026-08-10 05:25:00,135.4,281.64
2026-08-10 05:30:00,143.48,289.72
2026-08-10 05:35:00,150.21,296.45
2026-08-10 05:40:00,144.17,290.41
2026-08-10 05:45:00,157.92,304.16
2026-08-10 05:50:00,136.9,283.14
2026-08-10 05:55:00,120.21,266.45
2026-08-10 06:00:00,166.86,313.1
2026-08-10 06:05:00,148.34,294.58
2026-08-10 06:10:00,164.45,310.69
2026-08-10 06:15:00,121.35,267.59
2026-08-10 06:20:00,161.73,307.97
2026-08-10 06:25:00,178.21,324.45
2026-08-10 06:30:00,158.66,304.9
2026-08-10 06:35:00,164.81,311.05
2026-08-10 06:40:00,166.28,312.52
2026-08-10 06:45:00,150.32,296.56
2026-08-10 06:50:00,168.56,314.8
2026-08-10 06:55:00,152.47,298.71
2026-08-10 07:00:00,153.58,299.82
2026-08-10 07:05:00,167.08,313.32
2026-08-10 07:10:00,181.05,327.29
2026-08-10 07:15:00,211.99,358.23
2026-08-10 07:20:00,171.17,317.41
2026-08-10 07:25:00,158.75,304.99
2026-08-10 07:30:00,191.2,337.44
2026-08-10 07:35:00,140.49,286.73
2026-08-10 07:40:00,168.23,314.47
2026-08-10 07:45:00,173.23,319.47
2026-08-10 07:50:00,179.28,325.52
2026-08-10 07:55:00,185.3,331.54
2026-08-10 08:00:00,174.89,321.13
2026-08-10 08:05:00,156.86,303.1
2026-08-10 08:10:00,156.07,302.31
2026-08-10 08:15:00,211.39,357.64
2026-08-10 08:20:00,162.81,309.05
2026-08-10 08:25:00,201.18,347.42
2026-08-10 08:30:00,182.55,328.79
2026-08-10 08:35:00,176.99,323.23
2026-08-10 08:40:00,173.81,320.05
2026-08-10 08:45:00,223.96,370.2
2026-08-10 08:50:00,218.04,364.28
2026-08-10 08:55:00,199.63,345.87
2026-08-10 09:00:00,216.24,362.48
2026-08-10 09:05:00,206.81,353.05
2026-08-10 09:10:00,350.92,497.16
2026-08-10 09:15:00,287.94,434.18
2026-08-10 09:20:00,242.27,388.51
2026-08-10 09:25:00,269.47,415.71
2026-08-10 09:30:00,182.06,328.3
2026-08-10 09:35:00,208.66,354.9
2026-08-10 09:40:00,271.33,417.57
2026-08-10 09:45:00,261.25,407.49
2026-08-10 09:50:00,220.47,366.71
2026-08-10 09:55:00,222.45,368.69
2026-08-10 10:00:00,259.11,405.35
2026-08-10 10:05:00,271.47,417.71
2026-08-10 10:10:00,242.32,388.56
2026-08-10 10:15:00,227.61,373.85
2026-08-10 10:20:00,239.49,385.73
2026-08-10 10:25:00,276.77,423.01
2026-08-10 10:30:00,299.56,445.8
2026-08-10 10:35:00,302.35,448.59
2026-08-10 10:40:00,307.25,453.49
2026-08-10 10:45:00,253.06,399.31
2026-08-10 10:50:00,213.32,359.56
2026-08-10 10:55:00,276.48,422.72
2026-08-10 11:00:00,238.16,384.4
2026-08-10 11:05:00,258.88,405.12
2026-08-10 11:10:00,270.09,416.33
2026-08-10 11:15:00,258.94,405.18
2026-08-10 11:20:00,255.22,401.46
2026-08-10 11:25:00,251.43,397.67
2026-08-10 11:30:00,285.63,431.87
2026-08-10 11:35:00,353.16,499.4
2026-08-10 11:40:00,320.15,466.39
2026-08-10 11:45:00,320.5,466.74
2026-08-10 11:50:00,279.75,425.99
2026-08-10 11:55:00,261.65,407.89
2026-08-10 12:00:00,275.71,421.96
2026-08-10 12:05:00,302.44,448.68
2026-08-10 12:10:00,319.15,465.39
2026-08-10 12:15:00,254.66,400.9
2026-08-10 12:20:00,262.6,408.84
2026-08-10 12:25:00,340.22,486.46
2026-08-10 12:30:00,342.0,488.24
2026-08-10 12:35:00,274.94,421.18
2026-08-10 12:40:00,397.84,544.08
2026-08-10 12:45:00,373.79,520.03
2026-08-10 12:50:00,352.42,498.66
2026-08-10 12:55:00,367.03,513.27
2026-08-10 13:00:00,315.74,461.98
2026-08-10 13:05:00,299.07,445.31
2026-08-10 13:10:00,396.48,542.72
2026-08-10 13:15:00,400.52,546.76
2026-08-10 13:20:00,379.17,525.41
2026-08-10 13:25:00,393.42,539.67
2026-08-10 13:30:00,328.94,475.18
2026-08-10 13:35:00,350.05,496.29
2026-08-10 13:40:00,335.94,482.18
2026-08-10 13:45:00,330.4,476.64
2026-08-10 13:50:00,263.12,409.36
2026-08-10 13:55:00,248.18,394.42
2026-08-10 14:00:00,302.44,448.69
2026-08-10 14:05:00,309.15,455.39
2026-08-10 14:10:00,259.27,405.51
2026-08-10 14:15:00,308.39,454.63
2026-08-10 14:20:00,419.35,565.59
2026-08-10 14:25:00,417.03,563.27
2026-08-10 14:30:00,360.79,507.03
2026-08-10 14:35:00,351.45,497.69
2026-08-10 14:40:00,370.95,517.19
2026-08-10 14:45:00,382.38,528.62
2026-08-10 14:50:00,332.04,478.28
2026-08-10 14:55:00,327.22,473.46
2026-08-10 15:00:00,342.97,489.21
2026-08-10 15:05:00,343.47,489.71
2026-08-10 15:10:00,319.48,465.72
2026-08-10 15:15:00,334.2,480.44
2026-08-10 15:20:00,373.5,519.74
2026-08-10 15:25:00,396.28,542.52
2026-08-10 15:30:00,386.09,532.33
2026-08-10 15:35:00,364.98,511.22
2026-08-10 15:40:00,351.08,497.32
2026-08-10 15:45:00,378.27,524.51
2026-08-10 15:50:00,331.36,477.6
2026-08-10 15:55:00,474.02,620.26
2026-08-10 16:00:00,331.07,477.31
2026-08-10 16:05:00,315.48,461.72
2026-08-10 16:10:00,309.64,455.88
2026-08-10 16:15:00,328.32,474.56
2026-08-10 16:20:00,368.45,514.69
2026-08-10 16:25:00,309.58,455.82
2026-08-10 16:30:00,318.72,464.97
2026-08-10 16:35:00,351.76,498.0
2026-08-10 16:40:00,313.38,459.62
2026-08-10 16:45:00,293.27,439.51
2026-08-10 16:50:00,314.55,460.79
2026-08-10 16:55:00,317.26,463.5
2026-08-10 17:00:00,309.96,456.2
2026-08-10 17:05:00,298.47,444.71
2026-08-10 17:10:00,275.56,421.8
2026-08-10 17:15:00,282.81,429.05
2026-08-10 17:20:00,272.05,418.29
2026-08-10 17:25:00,278.16,424.4
2026-08-10 17:30:00,237.49,383.73
2026-08-10 17:35:00,213.32,359.56
2026-08-10 17:40:00,235.47,381.71
2026-08-10 17:45:00,265.54,411.78
2026-08-10 17:50:00,251.84,398.08
2026-08-10 17:55:00,226.29,372.53
2026-08-10 18:00:00,265.99,412.23
2026-08-10 18:05:00,235.65,381.89
2026-08-10 18:10:00,270.99,417.23
2026-08-10 18:15:00,240.86,387.1
2026-08-10 18:20:00,236.31,382.55
2026-08-10 18:25:00,238.73,384.97
2026-08-10 18:30:00,181.89,328.13
2026-08-10 18:35:00,191.45,337.69
2026-08-10 18:40:00,231.67,377.91
2026-08-10 18:45:00,184.18,330.42
2026-08-10 18:50:00,241.86,388.1
2026-08-10 18:55:00,268.77,415.01
2026-08-10 19:00:00,225.39,371.63
2026-08-10 19:05:00,224.13,370.37
2026-08-10 19:10:00,235.99,382.23
2026-08-10 19:15:00,218.72,364.96
2026-08-10 19:20:00,233.85,380.09
2026-08-10 19:25:00,207.68,353.92
2026-08-10 19:30:00,200.24,346.48
2026-08-10 19:35:00,181.98,328.22
2026-08-10 19:40:00,201.47,347.71
2026-08-10 19:45:00,222.41,368.65
2026-08-10 19:50:00,221.09,367.33
2026-08-10 19:55:00,205.14,351.38
2026-08-10 20:00:00,205.56,351.8
2026-08-10 20:05:00,210.21,356.45
2026-08-10 20:10:00,225.41,371.65
2026-08-10 20:15:00,229.07,375.31
2026-08-10 20:20:00,187.86,334.1
2026-08-10 20:25:00,200.67,346.91
2026-08-10 20:30:00,153.57,299.81
2026-08-10 20:35:00,146.51,292.75
2026-08-10 20:40:00,137.22,283.46
2026-08-10 20:45:00,168.7,314.94
2026-08-10 20:50:00,126.4,272.64
2026-08-10 20:55:00,140.64,286.88
2026-08-10 21:00:00,125.93,272.17
2026-08-10 21:05:00,121.25,267.49
2026-08-10 21:10:00,174.86,321.1
2026-08-10 21:15:00,143.14,289.39
2026-08-10 21:20:00,131.97,278.21
2026-08-10 21:25:00,130.5,276.74
2026-08-10 21:30:00,128.19,274.44
2026-08-10 21:35:00,124.09,270.33
2026-08-10 21:40:00,108.31,254.55
2026-08-10 21:45:00,97.34,243.58
2026-08-10 21:50:00,131.55,277.79
2026-08-10 21:55:00,127.61,273.85
2026-08-10 22:00:00,140.49,286.73
2026-08-10 22:05:00,138.69,284.93
2026-08-10 22:10:00,128.61,274.85
2026-08-10 22:15:00,153.96,300.2
2026-08-10 22:20:00,142.1,288.34
2026-08-10 22:25:00,130.23,276.47
2026-08-10 22:30:00,141.94,288.18
2026-08-10 22:35:00,143.91,290.15
2026-08-10 22:40:00,116.1,262.34
2026-08-10 22:45:00,119.41,265.65
2026-08-10 22:50:00,125.98,272.22
2026-08-10 22:55:00,132.7,278.94
2026-08-10 23:00:00,166.53,312.77
2026-08-10 23:05:00,135.64,281.88
2026-08-10 23:10:00,108.44,254.68
2026-08-10 23:15:00,131.59,277.83
2026-08-10 23:20:00,141.9,288.14
2026-08-10 23:25:00,141.65,287.89
2026-08-10 23:30:00,120.63,266.87
2026-08-10 23:35:00,108.91,255.15
2026-08-10 23:40:00,114.16,260.4
2026-08-10 23:45:00,120.49,266.73
2026-08-10 23:50:00,111.65,257.89
2026-08-10 23:55:00,104.34,250.58
2026-08-11 00:00:00,166.28,312.52
2026-08-11 00:05:00,128.13,274.37
2026-08-11 00:10:00,109.06,255.3
2026-08-11 00:15:00,98.24,244.48
2026-08-11 00:20:00,97.68,243.92
2026-08-11 00:25:00,98.87,245.11
2026-08-11 00:30:00,96.8,243.04
2026-08-11 00:35:00,120.2,266.44
2026-08-11 00:40:00,130.46,276.7
2026-08-11 00:45:00,133.36,279.6
2026-08-11 00:50:00,99.62,245.86
2026-08-11 00:55:00,117.27,263.51
2026-08-11 01:00:00,106.64,252.88
2026-08-11 01:05:00,132.65,278.89
2026-08-11 01:10:00,140.24,286.48
2026-08-11 01:15:00,127.98,274.22
2026-08-11 01:20:00,122.91,269.15
2026-08-11 01:25:00,97.41,243.65
2026-08-11 01:30:00,88.03,234.27
2026-08-11 01:35:00,110.4,256.64
2026-08-11 01:40:00,105.46,251.7
2026-08-11 01:45:00,100.19,246.43
2026-08-11 01:50:00,119.8,266.04
2026-08-11 01:55:00,110.66,256.9
2026-08-11 02:00:00,110.32,256.56
2026-08-11 02:05:00,108.27,254.52
2026-08-11 02:10:00,119.12,265.36
2026-08-11 02:15:00,97.85,244.09
2026-08-11 02:20:00,76.82,223.06
2026-08-11 02:25:00,110.37,256.61
2026-08-11 02:30:00,127.14,273.38
2026-08-11 02:35:00,111.99,258.23
2026-08-11 02:40:00,101.45,247.69
2026-08-11 02:45:00,106.08,252.32
2026-08-11 02:50:00,102.66,248.9
2026-08-11 02:55:00,98.83,245.07
2026-08-11 03:00:00,107.84,254.08
2026-08-11 03:05:00,116.48,262.72
2026-08-11 03:10:00,98.04,244.28
2026-08-11 03:15:00,114.87,261.11
2026-08-11 03:20:00,140.68,286.92
2026-08-11 03:25:00,136.16,282.4
2026-08-11 03:30:00,125.87,272.11
2026-08-11 03:35:00,120.9,267.14
2026-08-11 03:40:00,106.33,252.57
2026-08-11 03:45:00,94.51,240.75
2026-08-11 03:50:00,126.98,273.22
2026-08-11 03:55:00,119.86,266.1
2026-08-11 04:00:00,117.23,263.47
2026-08-11 04:05:00,122.99,269.23
2026-08-11 04:10:00,127.97,274.21
2026-08-11 04:15:00,113.29,259.53
2026-08-11 04:20:00,109.12,255.36
2026-08-11 04:25:00,97.64,243.88
2026-08-11 04:30:00,142.96,289.2
2026-08-11 04:35:00,135.28,281.52
2026-08-11 04:40:00,121.96,268.2
2026-08-11 04:45:00,104.71,250.95
2026-08-11 04:50:00,113.54,259.79
2026-08-11 04:55:00,108.18,254.42
2026-08-11 05:00:00,112.26,258.5
2026-08-11 05:05:00,144.98,291.22
2026-08-11 05:10:00,143.21,289.45
2026-08-11 05:15:00,144.67,290.91
2026-08-11 05:20:00,125.92,272.16
2026-08-11 05:25:00,147.36,293.6
2026-08-11 05:30:00,131.34,277.58
2026-08-11 05:35:00,132.86,279.1
2026-08-11 05:40:00,147.74,293.98
2026-08-11 05:45:00,131.31,277.55
2026-08-11 05:50:00,147.26,293.5
2026-08-11 05:55:00,140.93,287.17
2026-08-11 06:00:00,164.2,310.44
2026-08-11 06:05:00,138.62,284.86
2026-08-11 06:10:00,132.98,279.22
2026-08-11 06:15:00,122.01,268.26
2026-08-11 06:20:00,144.46,290.7
2026-08-11 06:25:00,144.53,290.77
2026-08-11 06:30:00,136.11,282.35
2026-08-11 06:35:00,131.44,277.68
2026-08-11 06:40:00,123.62,269.86
2026-08-11 06:45:00,140.47,286.71
2026-08-11 06:50:00,148.47,294.71
2026-08-11 06:55:00,146.41,292.65
2026-08-11 07:00:00,191.48,337.72
2026-08-11 07:05:00,165.33,311.57
2026-08-11 07:10:00,184.97,331.21
2026-08-11 07:15:00,216.15,362.39
2026-08-11 07:20:00,190.18,336.42
2026-08-11 07:25:00,178.88,325.12
2026-08-11 07:30:00,160.24,306.48
2026-08-11 07:35:00,170.66,316.9
2026-08-11 07:40:00,174.26,320.5
2026-08-11 07:45:00,174.98,321.22
2026-08-11 07:50:00,169.2,315.44
2026-08-11 07:55:00,155.44,301.68
2026-08-11 08:00:00,150.77,297.01
2026-08-11 08:05:00,175.24,321.48
2026-08-11 08:10:00,190.87,337.11
2026-08-11 08:15:00,212.43,358.67
2026-08-11 08:20:00,208.72,354.96
2026-08-11 08:25:00,240.94,387.18
2026-08-11 08:30:00,218.87,365.11
2026-08-11 08:35:00,187.95,334.19
2026-08-11 08:40:00,177.41,323.65
2026-08-11 08:45:00,170.18,316.42
2026-08-11 08:50:00,201.08,347.32
2026-08-11 08:55:00,216.16,362.4
2026-08-11 09:00:00,191.07,337.31
2026-08-11 09:05:00,197.56,343.8
2026-08-11 09:10:00,205.08,351.32
2026-08-11 09:15:00,208.69,354.93
2026-08-11 09:20:00,184.79,331.03
2026-08-11 09:25:00,217.18,363.42
2026-08-11 09:30:00,209.1,355.34
2026-08-11 09:35:00,279.14,425.38
2026-08-11 09:40:00,270.27,416.51
2026-08-11 09:45:00,253.12,399.37
2026-08-11 09:50:00,276.4,422.64
2026-08-11 09:55:00,231.7,377.94
2026-08-11 10:00:00,197.27,343.51
2026-08-11 10:05:00,237.1,383.34
2026-08-11 10:10:00,200.9,347.14
2026-08-11 10:15:00,224.21,370.45
2026-08-11 10:20:00,229.81,376.05
2026-08-11 10:25:00,266.45,412.69
2026-08-11 10:30:00,228.3,374.54
2026-08-11 10:35:00,247.65,393.89
2026-08-11 10:40:00,268.02,414.26
2026-08-11 10:45:00,313.94,460.18
2026-08-11 10:50:00,282.51,428.75
2026-08-11 10:55:00,272.89,419.13
2026-08-11 11:00:00,264.43,410.67
2026-08-11 11:05:00,243.77,390.01
2026-08-11 11:10:00,262.97,409.21
2026-08-11 11:15:00,303.52,449.76
2026-08-11 11:20:00,397.39,543.63
2026-08-11 11:25:00,307.87,454.11
2026-08-11 11:30:00,286.52,432.76
2026-08-11 11:35:00,295.84,442.08
2026-08-11 11:40:00,275.76,422.0
2026-08-11 11:45:00,306.39,452.63
2026-08-11 11:50:00,293.6,439.84
2026-08-11 11:55:00,337.7,483.94
2026-08-11 12:00:00,311.76,458.0
2026-08-11 12:05:00,338.85,485.09
2026-08-11 12:10:00,339.66,485.9
2026-08-11 12:15:00,321.0,467.24
2026-08-11 12:20:00,309.87,456.11
2026-08-11 12:25:00,412.57,558.81
2026-08-11 12:30:00,346.47,492.71
2026-08-11 12:35:00,330.86,477.1
2026-08-11 12:40:00,297.33,443.57
2026-08-11 12:45:00,391.66,537.9
2026-08-11 12:50:00,380.44,526.68
2026-08-11 12:55:00,344.38,490.62
2026-08-11 13:00:00,333.97,480.21
2026-08-11 13:05:00,344.1,490.34
2026-08-11 13:10:00,310.99,457.23
2026-08-11 13:15:00,346.27,492.51
2026-08-11 13:20:00,336.67,482.91
2026-08-11 13:25:00,358.61,504.85
2026-08-11 13:30:00,347.91,494.15
2026-08-11 13:35:00,324.92,471.16
2026-08-11 13:40:00,360.98,507.22
2026-08-11 13:45:00,334.5,480.74
2026-08-11 13:50:00,294.69,440.93
2026-08-11 13:55:00,393.2,539.44
2026-08-11 14:00:00,328.18,474.42
2026-08-11 14:05:00,358.27,504.51
2026-08-11 14:10:00,331.38,477.62
2026-08-11 14:15:00,393.92,540.17
2026-08-11 14:20:00,337.94,484.18
2026-08-11 14:25:00,291.98,438.22
2026-08-11 14:30:00,276.36,422.6
2026-08-11 14:35:00,323.03,469.27
2026-08-11 14:40:00,285.5,431.74
2026-08-11 14:45:00,282.28,428.52
2026-08-11 14:50:00,238.19,384.43
2026-08-11 14:55:00,292.53,438.77
2026-08-11 15:00:00,304.6,450.84
2026-08-11 15:05:00,264.83,411.07
2026-08-11 15:10:00,329.19,475.43
2026-08-11 15:15:00,310.79,457.03
2026-08-11 15:20:00,340.25,486.49
2026-08-11 15:25:00,314.64,460.88
2026-08-11 15:30:00,394.51,540.75
2026-08-11 15:35:00,330.88,477.12
2026-08-11 15:40:00,321.76,468.0
2026-08-11 15:45:00,275.66,421.9
2026-08-11 15:50:00,290.14,436.38
2026-08-11 15:55:00,297.11,443.35
2026-08-11 16:00:00,278.7,424.94
2026-08-11 16:05:00,362.79,509.03
2026-08-11 16:10:00,303.71,449.96
2026-08-11 16:15:00,320.3,466.54
2026-08-11 16:20:00,322.51,468.75
2026-08-11 16:25:00,337.6,483.84
2026-08-11 16:30:00,300.56,446.8
2026-08-11 16:35:00,294.88,441.12
2026-08-11 16:40:00,217.96,364.2
2026-08-11 16:45:00,248.28,394.52
2026-08-11 16:50:00,257.16,403.4
2026-08-11 16:55:00,246.98,393.22
2026-08-11 17:00:00,262.05,408.29
2026-08-11 17:05:00,305.65,451.89
2026-08-11 17:10:00,246.6,392.84
2026-08-11 17:15:00,267.36,413.6
2026-08-11 17:20:00,252.89,399.13
2026-08-11 17:25:00,250.75,396.99
2026-08-11 17:30:00,292.34,438.58
2026-08-11 17:35:00,295.98,442.22
2026-08-11 17:40:00,304.31,450.55
2026-08-11 17:45:00,347.41,493.65
2026-08-11 17:50:00,257.28,403.52
2026-08-11 17:55:00,220.27,366.51
2026-08-11 18:00:00,254.49,400.73
2026-08-11 18:05:00,224.48,370.72
2026-08-11 18:10:00,227.47,373.71
2026-08-11 18:15:00,200.71,346.95
2026-08-11 18:20:00,245.65,391.89
2026-08-11 18:25:00,258.62,404.86
2026-08-11 18:30:00,238.41,384.65
2026-08-11 18:35:00,201.45,347.69
2026-08-11 18:40:00,186.8,333.04
2026-08-11 18:45:00,211.8,358.04
2026-08-11 18:50:00,227.35,373.59
2026-08-11 18:55:00,172.03,318.27
2026-08-11 19:00:00,217.02,363.26
2026-08-11 19:05:00,219.2,365.44
2026-08-11 19:10:00,190.36,336.61
2026-08-11 19:15:00,231.33,377.57
2026-08-11 19:20:00,207.34,353.58
2026-08-11 19:25:00,195.9,342.14
2026-08-11 19:30:00,212.6,358.84
2026-08-11 19:35:00,248.19,394.43
2026-08-11 19:40:00,266.14,412.38
2026-08-11 19:45:00,234.21,380.45
2026-08-11 19:50:00,237.24,383.48
2026-08-11 19:55:00,250.26,396.5
2026-08-11 20:00:00,224.87,371.11
2026-08-11 20:05:00,223.94,370.18
2026-08-11 20:10:00,175.29,321.53
2026-08-11 20:15:00,200.1,346.34
2026-08-11 20:20:00,177.58,323.82
2026-08-11 20:25:00,189.63,335.87
2026-08-11 20:30:00,155.77,302.01
2026-08-11 20:35:00,113.16,259.4
2026-08-11 20:40:00,140.95,287.19
2026-08-11 20:45:00,152.74,298.98
2026-08-11 20:50:00,164.05,310.29
2026-08-11 20:55:00,143.1,289.34
2026-08-11 21:00:00,166.14,312.38
2026-08-11 21:05:00,154.37,300.61
2026-08-11 21:10:00,163.02,309.26
2026-08-11 21:15:00,165.59,311.83
2026-08-11 21:20:00,159.02,305.26
2026-08-11 21:25:00,132.39,278.63
2026-08-11 21:30:00,90.1,236.34
2026-08-11 21:35:00,102.99,249.23
2026-08-11 21:40:00,131.63,277.87
2026-08-11 21:45:00,117.9,264.14
2026-08-11 21:50:00,131.5,277.74
2026-08-11 21:55:00,128.46,274.7
2026-08-11 22:00:00,154.15,300.39
2026-08-11 22:05:00,144.66,290.9
2026-08-11 22:10:00,148.62,294.86
2026-08-11 22:15:00,141.42,287.67
2026-08-11 22:20:00,162.12,308.36
2026-08-11 22:25:00,126.5,272.74
2026-08-11 22:30:00,115.21,261.45
2026-08-11 22:35:00,152.11,298.35
2026-08-11 22:40:00,153.5,299.74
2026-08-11 22:45:00,141.29,287.53
2026-08-11 22:50:00,132.3,278.54
2026-08-11 22:55:00,143.08,289.32
2026-08-11 23:00:00,147.71,293.95
2026-08-11 23:05:00,115.76,262.0
2026-08-11 23:10:00,129.84,276.08
2026-08-11 23:15:00,154.67,300.91
2026-08-11 23:20:00,181.71,327.95
2026-08-11 23:25:00,170.75,316.99
2026-08-11 23:30:00,131.54,277.78
2026-08-11 23:35:00,112.67,258.91
2026-08-11 23:40:00,122.93,269.17
2026-08-11 23:45:00,113.45,259.69
2026-08-11 23:50:00,116.1,262.34
2026-08-11 23:55:00,107.27,253.51
2026-08-12 00:00:00,131.61,277.85
2026-08-12 00:05:00,107.48,253.72
2026-08-12 00:10:00,93.06,239.3
2026-08-12 00:15:00,107.97,254.21
2026-08-12 00:20:00,129.11,275.35
2026-08-12 00:25:00,120.44,266.68
2026-08-12 00:30:00,105.64,251.88
2026-08-12 00:35:00,103.88,250.12
2026-08-12 00:40:00,137.92,284.16
2026-08-12 00:45:00,103.81,250.05
2026-08-12 00:50:00,93.76,240.0
2026-08-12 00:55:00,128.42,274.66
2026-08-12 01:00:00,133.67,279.91
2026-08-12 01:05:00,113.63,259.87
2026-08-12 01:10:00,116.4,262.64
2026-08-12 01:15:00,109.51,255.75
2026-08-12 01:20:00,134.42,280.66
2026-08-12 01:25:00,127.65,273.89
2026-08-12 01:30:00,113.79,260.03
2026-08-12 01:35:00,116.0,262.24
2026-08-12 01:40:00,119.52,265.76
2026-08-12 01:45:00,120.1,266.34
2026-08-12 01:50:00,102.55,248.79
2026-08-12 01:55:00,84.42,230.66
2026-08-12 02:00:00,86.3,232.54
2026-08-12 02:05:00,93.51,239.75
2026-08-12 02:10:00,94.97,241.21
2026-08-12 02:15:00,100.02,246.26
2026-08-12 02:20:00,89.57,235.81
2026-08-12 02:25:00,83.72,229.96
2026-08-12 02:30:00,95.8,242.04
2026-08-12 02:35:00,94.01,240.25
2026-08-12 02:40:00,99.87,246.11
2026-08-12 02:45:00,125.42,271.66
2026-08-12 02:50:00,121.95,268.19
2026-08-12 02:55:00,131.43,277.67
2026-08-12 03:00:00,132.63,278.87
2026-08-12 03:05:00,115.94,262.18
2026-08-12 03:10:00,91.93,238.17
2026-08-12 03:15:00,116.29,262.53
2026-08-12 03:20:00,102.73,248.97
2026-08-12 03:25:00,114.58,260.82
2026-08-12 03:30:00,108.51,254.75
2026-08-12 03:35:00,106.91,253.15
2026-08-12 03:40:00,120.17,266.41
2026-08-12 03:45:00,131.54,277.78
2026-08-12 03:50:00,126.74,272.98
2026-08-12 03:55:00,115.2,261.44
2026-08-12 04:00:00,115.8,262.04
2026-08-12 04:05:00,114.16,260.4
2026-08-12 04:10:00,113.44,259.68
2026-08-12 04:15:00,116.5,262.74
2026-08-12 04:20:00,107.14,253.38
2026-08-12 04:25:00,93.79,240.03
2026-08-12 04:30:00,108.76,255.0
2026-08-12 04:35:00,112.75,258.99
2026-08-12 04:40:00,127.12,273.36
2026-08-12 04:45:00,167.61,313.85
2026-08-12 04:50:00,159.62,305.86
2026-08-12 04:55:00,155.33,301.57
2026-08-12 05:00:00,162.67,308.91
2026-08-12 05:05:00,164.65,310.89
2026-08-12 05:10:00,136.58,282.82
2026-08-12 05:15:00,104.35,250.59
2026-08-12 05:20:00,108.29,254.53
2026-08-12 05:25:00,134.71,280.95
2026-08-12 05:30:00,132.77,279.01
2026-08-12 05:35:00,142.15,288.39
2026-08-12 05:40:00,163.03,309.27
2026-08-12 05:45:00,166.41,312.65
2026-08-12 05:50:00,149.3,295.54
2026-08-12 05:55:00,126.86,273.1
2026-08-12 06:00:00,119.63,265.87
2026-08-12 06:05:00,157.99,304.23
2026-08-12 06:10:00,157.47,303.71
2026-08-12 06:15:00,142.21,288.45
2026-08-12 06:20:00,141.01,287.25
2026-08-12 06:25:00,131.6,277.84
2026-08-12 06:30:00,125.77,272.01
2026-08-12 06:35:00,122.86,269.1
2026-08-12 06:40:00,117.5,263.74
2026-08-12 06:45:00,134.86,281.1
2026-08-12 06:50:00,143.93,290.17
2026-08-12 06:55:00,175.92,322.16
2026-08-12 07:00:00,180.6,326.84
2026-08-12 07:05:00,166.86,313.1
2026-08-12 07:10:00,149.07,295.31
2026-08-12 07:15:00,204.48,350.72
2026-08-12 07:20:00,187.59,333.83
2026-08-12 07:25:00,191.77,338.01
2026-08-12 07:30:00,193.47,339.71
2026-08-12 07:35:00,178.41,324.65
2026-08-12 07:40:00,180.64,326.88
2026-08-12 07:45:00,177.54,323.78
2026-08-12 07:50:00,174.73,320.97
2026-08-12 07:55:00,132.26,278.5
2026-08-12 08:00:00,160.32,306.56
2026-08-12 08:05:00,167.43,313.67
2026-08-12 08:10:00,192.07,338.31
2026-08-12 08:15:00,214.73,360.97
2026-08-12 08:20:00,173.27,319.51
2026-08-12 08:25:00,181.93,328.17
2026-08-12 08:30:00,184.23,330.47
2026-08-12 08:35:00,208.02,354.26
2026-08-12 08:40:00,192.09,338.34
2026-08-12 08:45:00,224.68,370.92
2026-08-12 08:50:00,194.21,340.45
2026-08-12 08:55:00,195.0,341.24
2026-08-12 09:00:00,249.03,395.27
2026-08-12 09:05:00,250.32,396.56
2026-08-12 09:10:00,252.67,398.91
2026-08-12 09:15:00,237.19,383.43
2026-08-12 09:20:00,234.92,381.16
2026-08-12 09:25:00,176.69,322.93
2026-08-12 09:30:00,159.29,305.53
2026-08-12 09:35:00,195.53,341.77
2026-08-12 09:40:00,197.68,343.92
2026-08-12 09:45:00,236.23,382.47
2026-08-12 09:50:00,277.57,423.81
2026-08-12 09:55:00,259.04,405.28
2026-08-12 10:00:00,212.75,358.99
2026-08-12 10:05:00,242.44,388.68
2026-08-12 10:10:00,243.87,390.11
2026-08-12 10:15:00,241.4,387.64
2026-08-12 10:20:00,255.37,401.61
2026-08-12 10:25:00,346.53,492.77
2026-08-12 10:30:00,246.55,392.79
2026-08-12 10:35:00,231.3,377.54
2026-08-12 10:40:00,258.07,404.31
2026-08-12 10:45:00,241.16,387.4
2026-08-12 10:50:00,272.25,418.49
2026-08-12 10:55:00,314.32,460.56
2026-08-12 11:00:00,290.93,437.17
2026-08-12 11:05:00,285.73,431.97
2026-08-12 11:10:00,267.71,413.95
2026-08-12 11:15:00,285.14,431.38
2026-08-12 11:20:00,287.25,433.49
2026-08-12 11:25:00,266.7,412.94
2026-08-12 11:30:00,283.68,429.92
2026-08-12 11:35:00,338.32,484.56
2026-08-12 11:40:00,259.43,405.67
2026-08-12 11:45:00,255.97,402.21
2026-08-12 11:50:00,226.05,372.29
2026-08-12 11:55:00,294.11,440.35
2026-08-12 12:00:00,321.38,467.62
2026-08-12 12:05:00,327.93,474.17
2026-08-12 12:10:00,277.47,423.71
2026-08-12 12:15:00,359.01,505.25
2026-08-12 12:20:00,327.02,473.26
2026-08-12 12:25:00,322.45,468.69
2026-08-12 12:30:00,359.18,505.42
2026-08-12 12:35:00,299.08,445.32
2026-08-12 12:40:00,292.82,439.06
2026-08-12 12:45:00,324.01,470.25
2026-08-12 12:50:00,437.93,584.17
2026-08-12 12:55:00,409.55,555.79
2026-08-12 13:00:00,411.26,557.5
2026-08-12 13:05:00,416.95,563.19
2026-08-12 13:10:00,376.9,523.14
2026-08-12 13:15:00,316.79,463.03
2026-08-12 13:20:00,343.85,490.09
2026-08-12 13:25:00,307.39,453.63
2026-08-12 13:30:00,385.8,532.04
2026-08-12 13:35:00,335.73,481.97
2026-08-12 13:40:00,284.75,430.99
2026-08-12 13:45:00,281.82,428.06
2026-08-12 13:50:00,317.74,463.98
2026-08-12 13:55:00,325.01,471.25
2026-08-12 14:00:00,356.95,503.19
2026-08-12 14:05:00,331.02,477.26
2026-08-12 14:10:00,293.07,439.31
2026-08-12 14:15:00,297.57,443.81
2026-08-12 14:20:00,322.39,468.63
2026-08-12 14:25:00,300.23,446.47
2026-08-12 14:30:00,362.16,508.4
2026-08-12 14:35:00,326.69,472.93
2026-08-12 14:40:00,340.84,487.08
2026-08-12 14:45:00,325.79,472.04
2026-08-12 14:50:00,276.45,422.69
2026-08-12 14:55:00,259.59,405.83
2026-08-12 15:00:00,300.94,447.18
2026-08-12 15:05:00,389.44,535.68
2026-08-12 15:10:00,367.03,513.27
2026-08-12 15:15:00,319.09,465.33
2026-08-12 15:20:00,231.57,377.81
2026-08-12 15:25:00,308.85,455.09
2026-08-12 15:30:00,325.02,471.26
2026-08-12 15:35:00,311.05,457.29
2026-08-12 15:40:00,317.58,463.82
2026-08-12 15:45:00,317.1,463.34
2026-08-12 15:50:00,319.59,465.83
2026-08-12 15:55:00,306.38,452.63
2026-08-12 16:00:00,277.29,423.53
2026-08-12 16:05:00,312.79,459.03
2026-08-12 16:10:00,320.28,466.52
2026-08-12 16:15:00,326.77,473.01
2026-08-12 16:20:00,326.33,472.57
2026-08-12 16:25:00,297.75,443.99
2026-08-12 16:30:00,250.07,396.31
2026-08-12 16:35:00,349.14,495.38
2026-08-12 16:40:00,276.68,422.92
2026-08-12 16:45:00,290.92,437.16
2026-08-12 16:50:00,264.93,411.17
2026-08-12 16:55:00,255.37,401.61
2026-08-12 17:00:00,252.52,398.76
2026-08-12 17:05:00,263.06,409.3
2026-08-12 17:10:00,255.92,402.16
2026-08-12 17:15:00,283.84,430.08
2026-08-12 17:20:00,201.94,348.18
2026-08-12 17:25:00,306.94,453.18
2026-08-12 17:30:00,271.32,417.56
2026-08-12 17:35:00,273.94,420.18
2026-08-12 17:40:00,254.43,400.67
2026-08-12 17:45:00,250.78,397.02
2026-08-12 17:50:00,231.32,377.56
2026-08-12 17:55:00,254.99,401.23
2026-08-12 18:00:00,248.89,395.13
2026-08-12 18:05:00,266.41,412.65
2026-08-12 18:10:00,225.18,371.42
2026-08-12 18:15:00,215.55,361.79
2026-08-12 18:20:00,228.52,374.76
2026-08-12 18:25:00,255.22,401.46
2026-08-12 18:30:00,190.9,337.14
2026-08-12 18:35:00,188.7,334.94
2026-08-12 18:40:00,165.51,311.75
2026-08-12 18:45:00,164.73,310.97
2026-08-12 18:50:00,185.21,331.45
2026-08-12 18:55:00,212.13,358.37
2026-08-12 19:00:00,283.25,429.49
2026-08-12 19:05:00,365.84,512.08
2026-08-12 19:10:00,448.83,595.07
2026-08-12 19:15:00,573.31,719.55
2026-08-12 19:20:00,600.01,746.25
2026-08-12 19:25:00,632.27,778.51
2026-08-12 19:30:00,622.02,768.26
2026-08-12 19:35:00,597.53,743.77
2026-08-12 19:40:00,587.07,733.31
2026-08-12 19:45:00,552.66,698.9
2026-08-12 19:50:00,581.34,727.58
2026-08-12 19:55:00,565.02,711.26
2026-08-12 20:00:00,554.48,700.72
2026-08-12 20:05:00,492.5,638.74
2026-08-12 20:10:00,494.4,640.64
2026-08-12 20:15:00,473.14,619.38
2026-08-12 20:20:00,452.56,598.8
2026-08-12 20:25:00,491.32,637.56
2026-08-12 20:30:00,397.44,543.68
2026-08-12 20:35:00,398.17,544.41
2026-08-12 20:40:00,400.94,547.18
2026-08-12 20:45:00,356.7,502.94
2026-08-12 20:50:00,354.3,500.54
2026-08-12 20:55:00,348.25,494.49
2026-08-12 21:00:00,338.92,485.16
2026-08-12 21:05:00,320.03,466.27
2026-08-12 21:10:00,335.59,481.83
2026-08-12 21:15:00,319.63,465.87
2026-08-12 21:20:00,316.5,462.75
2026-08-12 21:25:00,300.76,447.0
2026-08-12 21:30:00,272.49,418.73
2026-08-12 21:35:00,247.53,393.77
2026-08-12 21:40:00,171.94,318.18
2026-08-12 21:45:00,170.78,317.02
2026-08-12 21:50:00,135.68,281.92
2026-08-12 21:55:00,104.78,251.02
2026-08-12 22:00:00,115.96,262.2
2026-08-12 22:05:00,108.93,255.18
2026-08-12 22:10:00,106.06,252.3
2026-08-12 22:15:00,99.04,245.28
2026-08-12 22:20:00,108.72,254.96
2026-08-12 22:25:00,137.11,283.35
2026-08-12 22:30:00,138.03,284.27
2026-08-12 22:35:00,159.28,305.52
2026-08-12 22:40:00,118.64,264.88
2026-08-12 22:45:00,113.6,259.84
2026-08-12 22:50:00,127.59,273.83
2026-08-12 22:55:00,122.9,269.14
2026-08-12 23:00:00,121.69,267.93
2026-08-12 23:05:00,115.55,261.79
2026-08-12 23:10:00,122.33,268.57
2026-08-12 23:15:00,137.62,283.86
2026-08-12 23:20:00,167.45,313.69
2026-08-12 23:25:00,152.11,298.35
2026-08-12 23:30:00,140.33,286.57
2026-08-12 23:35:00,127.1,273.34
2026-08-12 23:40:00,106.41,252.65
2026-08-12 23:45:00,94.46,240.7
2026-08-12 23:50:00,94.25,240.49
2026-08-12 23:55:00,100.49,246.73
2026-08-13 00:00:00,108.01,254.25
2026-08-13 00:05:00,116.59,262.83
2026-08-13 00:10:00,120.17,266.41
2026-08-13 00:15:00,125.33,271.57
2026-08-13 00:20:00,103.66,249.9
2026-08-13 00:25:00,92.11,238.35
2026-08-13 00:30:00,100.04,246.28
2026-08-13 00:35:00,109.21,255.45
2026-08-13 00:40:00,118.67,264.91
2026-08-13 00:45:00,150.65,296.89
2026-08-13 00:50:00,146.56,292.8
2026-08-13 00:55:00,121.45,267.69
2026-08-13 01:00:00,110.56,256.8
2026-08-13 01:05:00,107.9,254.14
2026-08-13 01:10:00,112.72,258.96
2026-08-13 01:15:00,99.04,245.28
2026-08-13 01:20:00,124.7,270.94
2026-08-13 01:25:00,101.5,247.74
2026-08-13 01:30:00,84.92,231.16
2026-08-13 01:35:00,124.32,270.56
2026-08-13 01:40:00,115.62,261.86
2026-08-13 01:45:00,109.15,255.39
2026-08-13 01:50:00,108.17,254.41
2026-08-13 01:55:00,109.26,255.5
2026-08-13 02:00:00,127.54,273.78
2026-08-13 02:05:00,119.5,265.74
2026-08-13 02:10:00,130.3,276.54
2026-08-13 02:15:00,114.13,260.37
2026-08-13 02:20:00,93.52,239.76
2026-08-13 02:25:00,98.43,244.67
2026-08-13 02:30:00,127.69,273.93
2026-08-13 02:35:00,129.82,276.06
2026-08-13 02:40:00,127.86,274.1
2026-08-13 02:45:00,135.6,281.84
2026-08-13 02:50:00,146.55,292.79
2026-08-13 02:55:00,138.81,285.05
2026-08-13 03:00:00,124.87,271.11
2026-08-13 03:05:00,135.41,281.65
2026-08-13 03:10:00,117.7,263.94
2026-08-13 03:15:00,123.6,269.84
2026-08-13 03:20:00,106.83,253.07
2026-08-13 03:25:00,116.18,262.42
2026-08-13 03:30:00,93.65,239.89
2026-08-13 03:35:00,119.27,265.51
2026-08-13 03:40:00,101.73,247.97
2026-08-13 03:45:00,120.53,266.77
2026-08-13 03:50:00,120.93,267.17
2026-08-13 03:55:00,107.78,254.02
2026-08-13 04:00:00,104.38,250.63
2026-08-13 04:05:00,117.29,263.53
2026-08-13 04:10:00,142.4,288.64
2026-08-13 04:15:00,158.21,304.45
2026-08-13 04:20:00,143.19,289.43
2026-08-13 04:25:00,128.97,275.21
2026-08-13 04:30:00,140.85,287.1
2026-08-13 04:35:00,134.6,280.84
2026-08-13 04:40:00,136.04,282.28
2026-08-13 04:45:00,126.0,272.24
2026-08-13 04:50:00,105.02,251.26
2026-08-13 04:55:00,124.52,270.76
2026-08-13 05:00:00,170.32,316.56
2026-08-13 05:05:00,140.41,286.65
2026-08-13 05:10:00,111.57,257.81
2026-08-13 05:15:00,130.54,276.78
2026-08-13 05:20:00,117.71,263.95
2026-08-13 05:25:00,122.56,268.8
2026-08-13 05:30:00,133.85,280.09
2026-08-13 05:35:00,143.15,289.4
2026-08-13 05:40:00,135.54,281.78
2026-08-13 05:45:00,138.86,285.1
2026-08-13 05:50:00,125.33,271.57
2026-08-13 05:55:00,123.07,269.31
2026-08-13 06:00:00,120.58,266.82
2026-08-13 06:05:00,125.85,272.09
2026-08-13 06:10:00,145.37,291.61
2026-08-13 06:15:00,143.86,290.1
2026-08-13 06:20:00,133.2,279.45
2026-08-13 06:25:00,154.14,300.38
2026-08-13 06:30:00,114.99,261.23
2026-08-13 06:35:00,128.46,274.71
2026-08-13 06:40:00,132.64,278.88
2026-08-13 06:45:00,147.27,293.51
2026-08-13 06:50:00,169.01,315.25
2026-08-13 06:55:00,187.18,333.42
2026-08-13 07:00:00,169.69,315.93
2026-08-13 07:05:00,165.94,312.18
2026-08-13 07:10:00,163.79,310.03
2026-08-13 07:15:00,188.17,334.41
2026-08-13 07:20:00,211.53,357.77
2026-08-13 07:25:00,168.47,314.71
2026-08-13 07:30:00,191.23,337.47
2026-08-13 07:35:00,163.21,309.45
2026-08-13 07:40:00,178.56,324.8
2026-08-13 07:45:00,152.38,298.62
2026-08-13 07:50:00,186.51,332.75
2026-08-13 07:55:00,144.63,290.87
2026-08-13 08:00:00,160.22,306.46
2026-08-13 08:05:00,142.42,288.66
2026-08-13 08:10:00,155.2,301.44
2026-08-13 08:15:00,195.9,342.14
2026-08-13 08:20:00,195.48,341.72
2026-08-13 08:25:00,203.46,349.7
2026-08-13 08:30:00,200.48,346.72
2026-08-13 08:35:00,206.85,353.09
2026-08-13 08:40:00,186.87,333.11
2026-08-13 08:45:00,188.73,334.97
2026-08-13 08:50:00,188.08,334.33
2026-08-13 08:55:00,192.46,338.7
2026-08-13 09:00:00,214.98,361.22
2026-08-13 09:05:00,217.48,363.72
2026-08-13 09:10:00,215.01,361.25
2026-08-13 09:15:00,181.54,327.78
2026-08-13 09:20:00,213.46,359.7
2026-08-13 09:25:00,203.33,349.57
2026-08-13 09:30:00,202.62,348.86
2026-08-13 09:35:00,238.18,384.42
2026-08-13 09:40:00,200.68,346.92
2026-08-13 09:45:00,200.71,346.95
2026-08-13 09:50:00,273.74,419.98
2026-08-13 09:55:00,273.93,420.17
2026-08-13 10:00:00,236.72,382.97
2026-08-13 10:05:00,222.93,369.17
2026-08-13 10:10:00,229.29,375.53
2026-08-13 10:15:00,210.35,356.59
2026-08-13 10:20:00,275.16,421.4
2026-08-13 10:25:00,258.87,405.11
2026-08-13 10:30:00,288.03,434.27
2026-08-13 10:35:00,254.58,400.82
2026-08-13 10:40:00,243.23,389.47
2026-08-13 10:45:00,244.56,390.8
2026-08-13 10:50:00,188.16,334.4
2026-08-13 10:55:00,242.44,388.69
2026-08-13 11:00:00,253.76,400.0
2026-08-13 11:05:00,303.34,449.58
2026-08-13 11:10:00,236.96,383.2
2026-08-13 11:15:00,311.77,458.01
2026-08-13 11:20:00,330.69,476.93
2026-08-13 11:25:00,337.41,483.65
2026-08-13 11:30:00,309.78,456.02
2026-08-13 11:35:00,355.55,501.79
2026-08-13 11:40:00,262.56,408.8
2026-08-13 11:45:00,307.93,454.17
2026-08-13 11:50:00,278.39,424.63
2026-08-13 11:55:00,242.41,388.65
2026-08-13 12:00:00,252.72,398.96
2026-08-13 12:05:00,274.02,420.26
2026-08-13 12:10:00,272.21,418.45
2026-08-13 12:15:00,298.34,444.58
2026-08-13 12:20:00,268.74,414.98
2026-08-13 12:25:00,233.99,380.23
2026-08-13 12:30:00,335.25,481.49
2026-08-13 12:35:00,354.57,500.81
2026-08-13 12:40:00,310.83,457.07
2026-08-13 12:45:00,331.85,478.09
2026-08-13 12:50:00,348.9,495.14
2026-08-13 12:55:00,372.02,518.26
2026-08-13 13:00:00,336.72,482.96
2026-08-13 13:05:00,376.03,522.27
2026-08-13 13:10:00,323.25,469.49
2026-08-13 13:15:00,328.69,474.93
2026-08-13 13:20:00,309.46,455.7
2026-08-13 13:25:00,332.73,478.97
2026-08-13 13:30:00,321.19,467.43
2026-08-13 13:35:00,298.3,444.54
2026-08-13 13:40:00,344.67,490.91
2026-08-13 13:45:00,294.27,440.51
2026-08-13 13:50:00,328.12,474.36
2026-08-13 13:55:00,308.75,454.99
2026-08-13 14:00:00,312.52,458.76
2026-08-13 14:05:00,326.27,472.51
2026-08-13 14:10:00,346.49,492.73
2026-08-13 14:15:00,267.5,413.74
2026-08-13 14:20:00,337.63,483.87
2026-08-13 14:25:00,300.59,446.83
2026-08-13 14:30:00,357.7,503.94
2026-08-13 14:35:00,337.89,484.13
2026-08-13 14:40:00,333.25,479.49
2026-08-13 14:45:00,395.37,541.61
2026-08-13 14:50:00,349.51,495.75
2026-08-13 14:55:00,382.91,529.15
2026-08-13 15:00:00,363.02,509.26
2026-08-13 15:05:00,346.44,492.69
2026-08-13 15:10:00,320.79,467.03
2026-08-13 15:15:00,373.33,519.57
2026-08-13 15:20:00,321.39,467.63
2026-08-13 15:25:00,293.68,439.92
2026-08-13 15:30:00,298.83,445.07
2026-08-13 15:35:00,255.54,401.78
2026-08-13 15:40:00,309.58,455.82
2026-08-13 15:45:00,327.05,473.29
2026-08-13 15:50:00,341.31,487.55
2026-08-13 15:55:00,303.02,449.26
2026-08-13 16:00:00,267.61,413.85
2026-08-13 16:05:00,266.88,413.12
2026-08-13 16:10:00,355.27,501.51
2026-08-13 16:15:00,356.67,502.91
2026-08-13 16:20:00,322.18,468.42
2026-08-13 16:25:00,271.98,418.22
2026-08-13 16:30:00,277.62,423.86
2026-08-13 16:35:00,302.06,448.3
2026-08-13 16:40:00,264.1,410.34
2026-08-13 16:45:00,336.72,482.96
2026-08-13 16:50:00,375.55,521.79
2026-08-13 16:55:00,282.82,429.06
2026-08-13 17:00:00,247.84,394.08
2026-08-13 17:05:00,235.13,381.37
2026-08-13 17:10:00,294.36,440.6
2026-08-13 17:15:00,326.87,473.11
2026-08-13 17:20:00,278.0,424.24
2026-08-13 17:25:00,277.74,423.98
2026-08-13 17:30:00,238.54,384.78
2026-08-13 17:35:00,263.54,409.78
2026-08-13 17:40:00,272.8,419.04
2026-08-13 17:45:00,265.01,411.25
2026-08-13 17:50:00,273.9,420.14
2026-08-13 17:55:00,224.73,370.98
2026-08-13 18:00:00,242.05,388.29
2026-08-13 18:05:00,240.63,386.87
2026-08-13 18:10:00,249.83,396.07
2026-08-13 18:15:00,286.67,432.91
2026-08-13 18:20:00,286.08,432.32
2026-08-13 18:25:00,265.09,411.33
2026-08-13 18:30:00,228.71,374.95
2026-08-13 18:35:00,217.22,363.46
2026-08-13 18:40:00,232.86,379.1
2026-08-13 18:45:00,223.07,369.31
2026-08-13 18:50:00,200.47,346.71
2026-08-13 18:55:00,203.64,349.88
2026-08-13 19:00:00,197.22,343.46
2026-08-13 19:05:00,193.64,339.88
2026-08-13 19:10:00,233.12,379.36
2026-08-13 19:15:00,234.4,380.64
2026-08-13 19:20:00,255.29,401.53
2026-08-13 19:25:00,237.99,384.23
2026-08-13 19:30:00,227.38,373.62
2026-08-13 19:35:00,193.24,339.48
2026-08-13 19:40:00,197.29,343.53
2026-08-13 19:45:00,195.16,341.4
2026-08-13 19:50:00,184.25,330.49
2026-08-13 19:55:00,197.52,343.76
2026-08-13 20:00:00,217.29,363.53
2026-08-13 20:05:00,220.66,366.9
2026-08-13 20:10:00,197.22,343.46
2026-08-13 20:15:00,196.62,342.86
2026-08-13 20:20:00,192.26,338.5
2026-08-13 20:25:00,180.39,326.63
2026-08-13 20:30:00,111.69,257.93
2026-08-13 20:35:00,126.85,273.09
2026-08-13 20:40:00,164.52,310.76
2026-08-13 20:45:00,129.55,275.79
2026-08-13 20:50:00,145.99,292.23
2026-08-13 20:55:00,168.27,314.51
2026-08-13 21:00:00,134.01,280.25
2026-08-13 21:05:00,134.14,280.38
2026-08-13 21:10:00,126.77,273.01
2026-08-13 21:15:00,159.9,306.14
2026-08-13 21:20:00,149.44,295.68
2026-08-13 21:25:00,142.3,288.54
2026-08-13 21:30:00,152.06,298.3
2026-08-13 21:35:00,150.92,297.16
2026-08-13 21:40:00,132.09,278.33
2026-08-13 21:45:00,111.79,258.03
2026-08-13 21:50:00,121.41,267.65
2026-08-13 21:55:00,113.76,260.0
2026-08-13 22:00:00,96.89,243.13
2026-08-13 22:05:00,120.24,266.48
2026-08-13 22:10:00,112.02,258.27
2026-08-13 22:15:00,144.8,291.04
2026-08-13 22:20:00,142.19,288.43
2026-08-13 22:25:00,127.1,273.34
2026-08-13 22:30:00,114.68,260.92
2026-08-13 22:35:00,116.43,262.67
2026-08-13 22:40:00,98.61,244.85
2026-08-13 22:45:00,127.3,273.54
2026-08-13 22:50:00,168.19,314.43
2026-08-13 22:55:00,162.51,308.75
2026-08-13 23:00:00,143.91,290.15
2026-08-13 23:05:00,113.68,259.92
2026-08-13 23:10:00,113.09,259.33
2026-08-13 23:15:00,162.0,308.24
2026-08-13 23:20:00,151.27,297.51
2026-08-13 23:25:00,179.6,325.84
2026-08-13 23:30:00,157.22,303.46
2026-08-13 23:35:00,107.62,253.86
2026-08-13 23:40:00,104.7,250.94
2026-08-13 23:45:00,98.35,244.59
2026-08-13 23:50:00,104.74,250.98
2026-08-13 23:55:00,114.88,261.12
2026-08-14 00:00:00,165.34,311.58
2026-08-14 00:05:00,126.29,272.53
2026-08-14 00:10:00,109.4,255.64
2026-08-14 00:15:00,121.96,268.2
2026-08-14 00:20:00,106.03,252.27
2026-08-14 00:25:00,115.03,261.27
2026-08-14 00:30:00,99.18,245.42
2026-08-14 00:35:00,108.79,255.03
2026-08-14 00:40:00,122.72,268.96
2026-08-14 00:45:00,125.53,271.77
2026-08-14 00:50:00,124.41,270.65
2026-08-14 00:55:00,119.24,265.48
2026-08-14 01:00:00,132.47,278.72
2026-08-14 01:05:00,126.13,272.37
2026-08-14 01:10:00,110.33,256.57
2026-08-14 01:15:00,100.01,246.25
2026-08-14 01:20:00,115.73,261.97
2026-08-14 01:25:00,95.42,241.66
2026-08-14 01:30:00,89.39,235.63
2026-08-14 01:35:00,99.86,246.1
2026-08-14 01:40:00,89.32,235.56
2026-08-14 01:45:00,97.96,244.2
2026-08-14 01:50:00,101.59,247.83
2026-08-14 01:55:00,88.83,235.07
2026-08-14 02:00:00,94.06,240.3
2026-08-14 02:05:00,103.85,250.09
2026-08-14 02:10:00,99.09,245.33
2026-08-14 02:15:00,102.0,248.24
2026-08-14 02:20:00,112.51,258.75
2026-08-14 02:25:00,118.92,265.16
2026-08-14 02:30:00,118.45,264.69
2026-08-14 02:35:00,115.67,261.91
2026-08-14 02:40:00,109.84,256.08
2026-08-14 02:45:00,97.71,243.95
2026-08-14 02:50:00,129.86,276.1
2026-08-14 02:55:00,134.04,280.28
2026-08-14 03:00:00,142.97,289.21
2026-08-14 03:05:00,132.43,278.67
2026-08-14 03:10:00,89.97,236.21
2026-08-14 03:15:00,132.61,278.85
2026-08-14 03:20:00,125.42,271.66
2026-08-14 03:25:00,135.13,281.37
2026-08-14 03:30:00,126.85,273.09
2026-08-14 03:35:00,125.68,271.92
2026-08-14 03:40:00,112.26,258.5
2026-08-14 03:45:00,124.04,270.28
2026-08-14 03:50:00,124.33,270.57
2026-08-14 03:55:00,123.59,269.83
2026-08-14 04:00:00,103.77,250.01
2026-08-14 04:05:00,112.61,258.85
2026-08-14 04:10:00,141.35,287.59
2026-08-14 04:15:00,129.45,275.69
2026-08-14 04:20:00,121.25,267.49
2026-08-14 04:25:00,109.24,255.48
2026-08-14 04:30:00,124.5,270.74
2026-08-14 04:35:00,101.81,248.05
2026-08-14 04:40:00,128.57,274.81
2026-08-14 04:45:00,136.09,282.33
2026-08-14 04:50:00,124.79,271.03
2026-08-14 04:55:00,130.06,276.3
2026-08-14 05:00:00,149.76,296.0
2026-08-14 05:05:00,144.14,290.38
2026-08-14 05:10:00,141.1,287.34
2026-08-14 05:15:00,194.67,340.91
2026-08-14 05:20:00,176.74,322.98
2026-08-14 05:25:00,164.06,310.3
2026-08-14 05:30:00,131.55,277.79
2026-08-14 05:35:00,133.81,280.05
2026-08-14 05:40:00,158.14,304.38
2026-08-14 05:45:00,185.98,332.22
2026-08-14 05:50:00,169.78,316.02
2026-08-14 05:55:00,160.77,307.01
2026-08-14 06:00:00,135.87,282.11
2026-08-14 06:05:00,143.27,289.52
2026-08-14 06:10:00,129.89,276.13
2026-08-14 06:15:00,116.98,263.22
2026-08-14 06:20:00,142.44,288.68
2026-08-14 06:25:00,148.27,294.51
2026-08-14 06:30:00,161.32,307.56
2026-08-14 06:35:00,165.76,312.0
2026-08-14 06:40:00,168.35,314.59
2026-08-14 06:45:00,147.11,293.35
2026-08-14 06:50:00,155.96,302.2
2026-08-14 06:55:00,136.72,282.96
2026-08-14 07:00:00,128.55,274.79
2026-08-14 07:05:00,148.53,294.77
2026-08-14 07:10:00,140.48,286.72
2026-08-14 07:15:00,220.03,366.27
2026-08-14 07:20:00,208.69,354.93
2026-08-14 07:25:00,181.21,327.45
2026-08-14 07:30:00,200.68,346.92
2026-08-14 07:35:00,150.51,296.75
2026-08-14 07:40:00,138.35,284.59
2026-08-14 07:45:00,144.53,290.77
2026-08-14 07:50:00,156.88,303.12
2026-08-14 07:55:00,149.69,295.93
2026-08-14 08:00:00,208.58,354.82
2026-08-14 08:05:00,152.85,299.09
2026-08-14 08:10:00,180.16,326.4
2026-08-14 08:15:00,181.41,327.65
2026-08-14 08:20:00,182.25,328.49
2026-08-14 08:25:00,209.87,356.11
2026-08-14 08:30:00,194.33,340.57
2026-08-14 08:35:00,184.32,330.56
2026-08-14 08:40:00,178.83,325.07
2026-08-14 08:45:00,211.35,357.59
2026-08-14 08:50:00,249.74,395.98
2026-08-14 08:55:00,248.79,395.03
2026-08-14 09:00:00,213.77,360.01
2026-08-14 09:05:00,215.73,361.98
2026-08-14 09:10:00,310.56,456.8
2026-08-14 09:15:00,265.08,411.32
2026-08-14 09:20:00,278.69,424.93
2026-08-14 09:25:00,234.92,381.16
2026-08-14 09:30:00,206.58,352.82
2026-08-14 09:35:00,229.64,375.88
2026-08-14 09:40:00,231.3,377.54
2026-08-14 09:45:00,229.99,376.23
2026-08-14 09:50:00,217.43,363.67
2026-08-14 09:55:00,260.73,406.97
2026-08-14 10:00:00,273.55,419.79
2026-08-14 10:05:00,307.75,453.99
2026-08-14 10:10:00,337.29,483.53
2026-08-14 10:15:00,295.82,442.06
2026-08-14 10:20:00,278.1,424.34
2026-08-14 10:25:00,317.42,463.66
2026-08-14 10:30:00,299.78,446.02
2026-08-14 10:35:00,243.14,389.38
2026-08-14 10:40:00,235.6,381.84
2026-08-14 10:45:00,262.53,408.77
2026-08-14 10:50:00,252.59,398.83
2026-08-14 10:55:00,274.83,421.07
2026-08-14 11:00:00,306.86,453.1
2026-08-14 11:05:00,321.75,467.99
2026-08-14 11:10:00,337.63,483.87
2026-08-14 11:15:00,272.56,418.8
2026-08-14 11:20:00,288.92,435.16
2026-08-14 11:25:00,293.05,439.29
2026-08-14 11:30:00,250.67,396.91
2026-08-14 11:35:00,270.62,416.86
2026-08-14 11:40:00,241.71,387.95
2026-08-14 11:45:00,275.13,421.37
2026-08-14 11:50:00,345.05,491.29
2026-08-14 11:55:00,400.04,546.28
2026-08-14 12:00:00,341.44,487.68
2026-08-14 12:05:00,331.31,477.55
2026-08-14 12:10:00,341.23,487.47
2026-08-14 12:15:00,326.3,472.54
2026-08-14 12:20:00,341.6,487.84
2026-08-14 12:25:00,338.65,484.89
2026-08-14 12:30:00,393.82,540.06
2026-08-14 12:35:00,383.62,529.86
2026-08-14 12:40:00,322.27,468.51
2026-08-14 12:45:00,362.45,508.69
2026-08-14 12:50:00,354.62,500.86
2026-08-14 12:55:00,367.3,513.54
2026-08-14 13:00:00,370.98,517.22
2026-08-14 13:05:00,354.25,500.49
2026-08-14 13:10:00,342.46,488.7
2026-08-14 13:15:00,340.31,486.55
2026-08-14 13:20:00,257.76,404.0
2026-08-14 13:25:00,311.42,457.66
2026-08-14 13:30:00,303.13,449.37
2026-08-14 13:35:00,251.55,397.79
2026-08-14 13:40:00,374.37,520.61
2026-08-14 13:45:00,364.93,511.17
2026-08-14 13:50:00,330.62,476.86
2026-08-14 13:55:00,322.51,468.75
2026-08-14 14:00:00,336.09,482.33
2026-08-14 14:05:00,384.64,530.88
2026-08-14 14:10:00,332.59,478.83
2026-08-14 14:15:00,323.73,469.97
2026-08-14 14:20:00,359.99,506.23
2026-08-14 14:25:00,279.09,425.33
2026-08-14 14:30:00,292.8,439.04
2026-08-14 14:35:00,306.91,453.15
2026-08-14 14:40:00,318.56,464.8
2026-08-14 14:45:00,290.82,437.06
2026-08-14 14:50:00,315.22,461.46
2026-08-14 14:55:00,396.97,543.21
2026-08-14 15:00:00,362.17,508.41
2026-08-14 15:05:00,343.35,489.59
2026-08-14 15:10:00,399.87,546.11
2026-08-14 15:15:00,407.9,554.14
2026-08-14 15:20:00,557.34,703.58
2026-08-14 15:25:00,621.3,767.54
2026-08-14 15:30:00,796.31,942.55
2026-08-14 15:35:00,767.46,913.7
2026-08-14 15:40:00,842.22,988.46
2026-08-14 15:45:00,757.39,903.63
2026-08-14 15:50:00,706.53,852.77
2026-08-14 15:55:00,677.21,823.45
2026-08-14 16:00:00,701.63,847.87
2026-08-14 16:05:00,716.32,862.56
2026-08-14 16:10:00,675.26,821.5
2026-08-14 16:15:00,686.81,833.05
2026-08-14 16:20:00,675.78,822.02
2026-08-14 16:25:00,693.8,840.04
2026-08-14 16:30:00,602.1,748.34
2026-08-14 16:35:00,588.7,734.94
2026-08-14 16:40:00,558.0,704.24
2026-08-14 16:45:00,622.17,768.41
2026-08-14 16:50:00,585.69,731.93
2026-08-14 16:55:00,491.33,637.57
2026-08-14 17:00:00,484.31,630.55
2026-08-14 17:05:00,452.39,598.63
2026-08-14 17:10:00,427.87,574.11
2026-08-14 17:15:00,515.51,661.75
2026-08-14 17:20:00,441.02,587.26
2026-08-14 17:25:00,397.6,543.84
2026-08-14 17:30:00,385.61,531.85
2026-08-14 17:35:00,303.77,450.01
2026-08-14 17:40:00,307.24,453.48
2026-08-14 17:45:00,291.8,438.04
2026-08-14 17:50:00,295.51,441.75
2026-08-14 17:55:00,195.94,342.18
2026-08-14 18:00:00,261.89,408.13
2026-08-14 18:05:00,240.33,386.57
2026-08-14 18:10:00,245.84,392.08
2026-08-14 18:15:00,204.4,350.64
2026-08-14 18:20:00,228.8,375.04
2026-08-14 18:25:00,221.67,367.91
2026-08-14 18:30:00,244.35,390.59
2026-08-14 18:35:00,211.94,358.18
2026-08-14 18:40:00,215.19,361.43
2026-08-14 18:45:00,187.62,333.86
2026-08-14 18:50:00,225.52,371.76
2026-08-14 18:55:00,243.63,389.87
2026-08-14 19:00:00,251.47,397.72
2026-08-14 19:05:00,221.74,367.98
2026-08-14 19:10:00,228.91,375.15
2026-08-14 19:15:00,253.55,399.79
2026-08-14 19:20:00,199.62,345.86
2026-08-14 19:25:00,216.91,363.15
2026-08-14 19:30:00,236.41,382.65
2026-08-14 19:35:00,212.19,358.43
2026-08-14 19:40:00,184.94,331.18
2026-08-14 19:45:00,207.9,354.14
2026-08-14 19:50:00,194.11,340.35
2026-08-14 19:55:00,208.61,354.85
2026-08-14 20:00:00,227.79,374.03
2026-08-14 20:05:00,231.63,377.88
2026-08-14 20:10:00,181.99,328.23
2026-08-14 20:15:00,187.31,333.55
2026-08-14 20:20:00,179.95,326.19
2026-08-14 20:25:00,196.13,342.37
2026-08-14 20:30:00,212.29,358.53
2026-08-14 20:35:00,162.87,309.11
2026-08-14 20:40:00,162.75,308.99
2026-08-14 20:45:00,135.96,282.2
2026-08-14 20:50:00,165.07,311.31
2026-08-14 20:55:00,129.3,275.54
2026-08-14 21:00:00,115.49,261.73
2026-08-14 21:05:00,114.76,261.0
2026-08-14 21:10:00,136.81,283.05
2026-08-14 21:15:00,138.67,284.91
2026-08-14 21:20:00,148.63,294.87
2026-08-14 21:25:00,142.68,288.92
2026-08-14 21:30:00,109.9,256.14
2026-08-14 21:35:00,130.38,276.62
2026-08-14 21:40:00,134.97,281.21
2026-08-14 21:45:00,144.15,290.39
2026-08-14 21:50:00,120.02,266.26
2026-08-14 21:55:00,100.69,246.93
2026-08-14 22:00:00,116.82,263.06
2026-08-14 22:05:00,151.17,297.41
2026-08-14 22:10:00,150.17,296.41
2026-08-14 22:15:00,131.92,278.16
2026-08-14 22:20:00,119.94,266.19
2026-08-14 22:25:00,156.26,302.5
2026-08-14 22:30:00,125.12,271.36
2026-08-14 22:35:00,133.98,280.22
2026-08-14 22:40:00,129.98,276.22
2026-08-14 22:45:00,105.68,251.92
2026-08-14 22:50:00,136.35,282.59
2026-08-14 22:55:00,144.24,290.48
2026-08-14 23:00:00,149.56,295.8
2026-08-14 23:05:00,130.84,277.08
2026-08-14 23:10:00,133.11,279.35
2026-08-14 23:15:00,124.32,270.56
2026-08-14 23:20:00,134.04,280.28
2026-08-14 23:25:00,125.53,271.77
2026-08-14 23:30:00,116.01,262.25
2026-08-14 23:35:00,120.27,266.51
2026-08-14 23:40:00,142.58,288.82
2026-08-14 23:45:00,131.77,278.01
2026-08-14 23:50:00,135.05,281.29
2026-08-14 23:55:00,128.17,274.41
2026-08-15 00:00:00,112.09,258.33
2026-08-15 00:05:00,99.51,245.75
2026-08-15 00:10:00,75.06,221.3
2026-08-15 00:15:00,83.97,230.21
2026-08-15 00:20:00,64.51,210.75
2026-08-15 00:25:00,71.11,217.35
2026-08-15 00:30:00,80.92,227.16
2026-08-15 00:35:00,93.2,239.44
2026-08-15 00:40:00,86.86,233.1
2026-08-15 00:45:00,95.84,242.08
2026-08-15 00:50:00,84.9,231.14
2026-08-15 00:55:00,67.13,213.37
2026-08-15 01:00:00,94.26,240.51
2026-08-15 01:05:00,100.23,246.47
2026-08-15 01:10:00,104.4,250.64
2026-08-15 01:15:00,110.3,256.54
2026-08-15 01:20:00,103.54,249.78
2026-08-15 01:25:00,63.83,210.08
2026-08-15 01:30:00,58.01,204.25
2026-08-15 01:35:00,77.05,223.29
2026-08-15 01:40:00,59.37,205.61
2026-08-15 01:45:00,83.72,229.96
2026-08-15 01:50:00,77.86,224.1
2026-08-15 01:55:00,85.27,231.51
2026-08-15 02:00:00,91.79,238.03
2026-08-15 02:05:00,86.75,232.99
2026-08-15 02:10:00,95.42,241.66
2026-08-15 02:15:00,87.28,233.52
2026-08-15 02:20:00,73.36,219.6
2026-08-15 02:25:00,85.87,232.11
2026-08-15 02:30:00,76.34,222.58
2026-08-15 02:35:00,64.16,210.4
2026-08-15 02:40:00,71.71,217.95
2026-08-15 02:45:00,75.32,221.56
2026-08-15 02:50:00,80.55,226.79
2026-08-15 02:55:00,79.35,225.59
2026-08-15 03:00:00,84.51,230.75
2026-08-15 03:05:00,78.4,224.64
2026-08-15 03:10:00,76.09,222.33
2026-08-15 03:15:00,96.66,242.9
2026-08-15 03:20:00,89.44,235.68
2026-08-15 03:25:00,77.25,223.49
2026-08-15 03:30:00,73.8,220.04
2026-08-15 03:35:00,81.3,227.54
2026-08-15 03:40:00,76.97,223.21
2026-08-15 03:45:00,88.38,234.62
2026-08-15 03:50:00,111.95,258.19
2026-08-15 03:55:00,98.92,245.16
2026-08-15 04:00:00,86.33,232.57
2026-08-15 04:05:00,103.28,249.52
2026-08-15 04:10:00,94.93,241.17
2026-08-15 04:15:00,91.35,237.59
2026-08-15 04:20:00,98.42,244.66
2026-08-15 04:25:00,92.32,238.56
2026-08-15 04:30:00,83.55,229.79
2026-08-15 04:35:00,79.62,225.86
2026-08-15 04:40:00,106.34,252.58
2026-08-15 04:45:00,94.29,240.53
2026-08-15 04:50:00,97.0,243.24
2026-08-15 04:55:00,82.6,228.84
2026-08-15 05:00:00,104.44,250.68
2026-08-15 05:05:00,89.6,235.84
2026-08-15 05:10:00,100.17,246.41
2026-08-15 05:15:00,100.77,247.01
2026-08-15 05:20:00,88.03,234.27
2026-08-15 05:25:00,91.87,238.11
2026-08-15 05:30:00,74.91,221.15
2026-08-15 05:35:00,99.75,245.99
2026-08-15 05:40:00,92.44,238.68
2026-08-15 05:45:00,110.53,256.77
2026-08-15 05:50:00,96.96,243.2
2026-08-15 05:55:00,103.35,249.59
2026-08-15 06:00:00,98.2,244.44
2026-08-15 06:05:00,100.07,246.31
2026-08-15 06:10:00,130.11,276.35
2026-08-15 06:15:00,143.31,289.55
2026-08-15 06:20:00,145.95,292.19
2026-08-15 06:25:00,126.53,272.77
2026-08-15 06:30:00,104.51,250.75
2026-08-15 06:35:00,118.0,264.24
2026-08-15 06:40:00,113.69,259.93
2026-08-15 06:45:00,122.54,268.78
2026-08-15 06:50:00,118.36,264.6
2026-08-15 06:55:00,117.69,263.93
2026-08-15 07:00:00,130.21,276.45
2026-08-15 07:05:00,117.86,264.1
2026-08-15 07:10:00,123.11,269.35
2026-08-15 07:15:00,165.83,312.07
2026-08-15 07:20:00,123.16,269.4
2026-08-15 07:25:00,152.63,298.88
2026-08-15 07:30:00,194.66,340.9
2026-08-15 07:35:00,143.99,290.23
2026-08-15 07:40:00,126.52,272.76
2026-08-15 07:45:00,103.15,249.39
2026-08-15 07:50:00,127.76,274.0
2026-08-15 07:55:00,142.38,288.62
2026-08-15 08:00:00,118.15,264.39
2026-08-15 08:05:00,108.97,255.21
2026-08-15 08:10:00,128.65,274.89
2026-08-15 08:15:00,164.52,310.76
2026-08-15 08:20:00,125.5,271.74
2026-08-15 08:25:00,130.09,276.33
2026-08-15 08:30:00,131.26,277.5
2026-08-15 08:35:00,165.57,311.81
2026-08-15 08:40:00,160.15,306.39
2026-08-15 08:45:00,162.36,308.6
2026-08-15 08:50:00,145.8,292.04
2026-08-15 08:55:00,146.11,292.35
2026-08-15 09:00:00,174.77,321.01
2026-08-15 09:05:00,172.44,318.69
2026-08-15 09:10:00,199.63,345.87
2026-08-15 09:15:00,211.84,358.08
2026-08-15 09:20:00,169.62,315.86
2026-08-15 09:25:00,162.01,308.25
2026-08-15 09:30:00,148.82,295.06
2026-08-15 09:35:00,148.37,294.61
2026-08-15 09:40:00,167.22,313.46
2026-08-15 09:45:00,184.15,330.39
2026-08-15 09:50:00,169.89,316.13
2026-08-15 09:55:00,181.46,327.7
2026-08-15 10:00:00,173.99,320.23
2026-08-15 10:05:00,202.89,349.13
2026-08-15 10:10:00,205.99,352.23
2026-08-15 10:15:00,206.99,353.23
2026-08-15 10:20:00,221.4,367.64
2026-08-15 10:25:00,214.06,360.3
2026-08-15 10:30:00,182.5,328.74
2026-08-15 10:35:00,185.33,331.57
2026-08-15 10:40:00,197.05,343.29
2026-08-15 10:45:00,236.91,383.15
2026-08-15 10:50:00,243.7,389.94
2026-08-15 10:55:00,251.7,397.94
2026-08-15 11:00:00,233.17,379.42
2026-08-15 11:05:00,223.46,369.7
2026-08-15 11:10:00,180.54,326.78
2026-08-15 11:15:00,204.68,350.92
2026-08-15 11:20:00,215.71,361.95
2026-08-15 11:25:00,202.45,348.69
2026-08-15 11:30:00,222.63,368.87
2026-08-15 11:35:00,261.81,408.05
2026-08-15 11:40:00,210.8,357.04
2026-08-15 11:45:00,207.0,353.24
2026-08-15 11:50:00,250.57,396.81
2026-08-15 11:55:00,252.08,398.32
2026-08-15 12:00:00,246.58,392.82
2026-08-15 12:05:00,227.08,373.32
2026-08-15 12:10:00,230.32,376.56
2026-08-15 12:15:00,221.87,368.11
2026-08-15 12:20:00,250.38,396.62
2026-08-15 12:25:00,325.57,471.81
2026-08-15 12:30:00,288.25,434.49
2026-08-15 12:35:00,266.14,412.38
2026-08-15 12:40:00,223.77,370.02
2026-08-15 12:45:00,233.95,380.19
2026-08-15 12:50:00,252.9,399.14
2026-08-15 12:55:00,278.67,424.91
2026-08-15 13:00:00,168.96,315.2
2026-08-15 13:05:00,226.03,372.27
2026-08-15 13:10:00,292.37,438.61
2026-08-15 13:15:00,229.61,375.85
2026-08-15 13:20:00,268.87,415.11
2026-08-15 13:25:00,223.61,369.85
2026-08-15 13:30:00,264.71,410.95
2026-08-15 13:35:00,231.73,377.98
2026-08-15 13:40:00,213.38,359.62
2026-08-15 13:45:00,234.37,380.61
2026-08-15 13:50:00,258.08,404.32
2026-08-15 13:55:00,275.42,421.66
2026-08-15 14:00:00,278.02,424.26
2026-08-15 14:05:00,263.35,409.59
2026-08-15 14:10:00,217.81,364.05
2026-08-15 14:15:00,245.71,391.95
2026-08-15 14:20:00,297.16,443.4
2026-08-15 14:25:00,298.81,445.05
2026-08-15 14:30:00,220.19,366.43
2026-08-15 14:35:00,207.64,353.88
2026-08-15 14:40:00,209.95,356.19
2026-08-15 14:45:00,177.13,323.37
2026-08-15 14:50:00,215.96,362.2
2026-08-15 14:55:00,234.96,381.2
2026-08-15 15:00:00,221.84,368.08
2026-08-15 15:05:00,248.97,395.21
2026-08-15 15:10:00,247.91,394.15
2026-08-15 15:15:00,259.93,406.17
2026-08-15 15:20:00,240.95,387.19
2026-08-15 15:25:00,209.99,356.23
2026-08-15 15:30:00,226.21,372.45
2026-08-15 15:35:00,179.86,326.1
2026-08-15 15:40:00,240.28,386.52
2026-08-15 15:45:00,242.31,388.55
2026-08-15 15:50:00,215.88,362.12
2026-08-15 15:55:00,228.68,374.92
2026-08-15 16:00:00,220.37,366.61
2026-08-15 16:05:00,275.71,421.95
2026-08-15 16:10:00,239.73,385.97
2026-08-15 16:15:00,258.33,404.57
2026-08-15 16:20:00,214.72,360.96
2026-08-15 16:25:00,202.6,348.84
2026-08-15 16:30:00,223.43,369.67
2026-08-15 16:35:00,209.9,356.14
2026-08-15 16:40:00,202.46,348.7
2026-08-15 16:45:00,234.03,380.27
2026-08-15 16:50:00,190.89,337.13
2026-08-15 16:55:00,179.66,325.9
2026-08-15 17:00:00,180.65,326.89
2026-08-15 17:05:00,166.65,312.89
2026-08-15 17:10:00,184.72,330.96
2026-08-15 17:15:00,204.81,351.05
2026-08-15 17:20:00,210.48,356.72
2026-08-15 17:25:00,203.1,349.34
2026-08-15 17:30:00,237.33,383.57
2026-08-15 17:35:00,199.06,345.3
2026-08-15 17:40:00,201.47,347.71
2026-08-15 17:45:00,188.33,334.57
2026-08-15 17:50:00,154.39,300.63
2026-08-15 17:55:00,179.02,325.26
2026-08-15 18:00:00,222.25,368.49
2026-08-15 18:05:00,215.21,361.45
2026-08-15 18:10:00,168.77,315.01
2026-08-15 18:15:00,207.75,353.99
2026-08-15 18:20:00,195.66,341.9
2026-08-15 18:25:00,166.13,312.37
2026-08-15 18:30:00,182.86,329.1
2026-08-15 18:35:00,199.01,345.25
2026-08-15 18:40:00,225.86,372.1
2026-08-15 18:45:00,193.21,339.45
2026-08-15 18:50:00,179.77,326.01
2026-08-15 18:55:00,162.63,308.87
2026-08-15 19:00:00,122.22,268.46
2026-08-15 19:05:00,138.29,284.53
2026-08-15 19:10:00,161.11,307.35
2026-08-15 19:15:00,169.74,315.98
2026-08-15 19:20:00,166.84,313.08
2026-08-15 19:25:00,149.51,295.75
2026-08-15 19:30:00,159.55,305.79
2026-08-15 19:35:00,172.34,318.58
2026-08-15 19:40:00,173.0,319.24
2026-08-15 19:45:00,159.16,305.4
2026-08-15 19:50:00,157.3,303.54
2026-08-15 19:55:00,183.7,329.94
2026-08-15 20:00:00,159.0,305.24
2026-08-15 20:05:00,164.19,310.43
2026-08-15 20:10:00,183.55,329.79
2026-08-15 20:15:00,160.7,306.94
2026-08-15 20:20:00,140.07,286.31
2026-08-15 20:25:00,134.72,280.96
2026-08-15 20:30:00,100.55,246.79
2026-08-15 20:35:00,126.05,272.29
2026-08-15 20:40:00,124.96,271.2
2026-08-15 20:45:00,118.25,264.49
2026-08-15 20:50:00,126.62,272.86
2026-08-15 20:55:00,105.55,251.79
2026-08-15 21:00:00,147.67,293.91
2026-08-15 21:05:00,122.26,268.5
2026-08-15 21:10:00,122.8,269.04
2026-08-15 21:15:00,87.29,233.53
2026-08-15 21:20:00,87.07,233.31
2026-08-15 21:25:00,106.28,252.52
2026-08-15 21:30:00,79.07,225.31
2026-08-15 21:35:00,62.78,209.02
2026-08-15 21:40:00,84.32,230.56
2026-08-15 21:45:00,97.92,244.16
2026-08-15 21:50:00,90.15,236.39
2026-08-15 21:55:00,86.8,233.04
2026-08-15 22:00:00,76.31,222.55
2026-08-15 22:05:00,95.78,242.03
2026-08-15 22:10:00,110.26,256.5
2026-08-15 22:15:00,81.93,228.17
2026-08-15 22:20:00,104.84,251.08
2026-08-15 22:25:00,109.84,256.08
2026-08-15 22:30:00,112.28,258.52
2026-08-15 22:35:00,127.56,273.8
2026-08-15 22:40:00,108.06,254.3
2026-08-15 22:45:00,106.75,252.99
2026-08-15 22:50:00,109.05,255.29
2026-08-15 22:55:00,88.81,235.05
2026-08-15 23:00:00,78.38,224.62
2026-08-15 23:05:00,64.52,210.76
2026-08-15 23:10:00,85.16,231.4
2026-08-15 23:15:00,103.04,249.28
2026-08-15 23:20:00,113.54,259.78
2026-08-15 23:25:00,124.85,271.09
2026-08-15 23:30:00,106.66,252.9
2026-08-15 23:35:00,81.27,227.51
2026-08-15 23:40:00,86.71,232.95
2026-08-15 23:45:00,76.45,222.69
2026-08-15 23:50:00,77.41,223.65
2026-08-15 23:55:00,91.8,238.04
2026-08-16 00:00:00,61.9,208.14
2026-08-16 00:05:00,99.29,245.53
2026-08-16 00:10:00,87.49,233.73
2026-08-16 00:15:00,84.89,231.13
2026-08-16 00:20:00,95.08,241.32
2026-08-16 00:25:00,91.99,238.23
2026-08-16 00:30:00,86.74,232.98
2026-08-16 00:35:00,82.61,228.85
2026-08-16 00:40:00,106.18,252.42
2026-08-16 00:45:00,97.88,244.12
2026-08-16 00:50:00,91.58,237.82
2026-08-16 00:55:00,82.44,228.68
2026-08-16 01:00:00,92.06,238.3
2026-08-16 01:05:00,90.41,236.65
2026-08-16 01:10:00,102.67,248.91
2026-08-16 01:15:00,116.4,262.64
2026-08-16 01:20:00,115.26,261.5
2026-08-16 01:25:00,79.38,225.62
2026-08-16 01:30:00,73.06,219.3
2026-08-16 01:35:00,98.01,244.25
2026-08-16 01:40:00,81.84,228.08
2026-08-16 01:45:00,92.76,239.0
2026-08-16 01:50:00,74.6,220.84
2026-08-16 01:55:00,65.6,211.84
2026-08-16 02:00:00,73.29,219.53
2026-08-16 02:05:00,82.39,228.63
2026-08-16 02:10:00,106.2,252.44
2026-08-16 02:15:00,90.9,237.14
2026-08-16 02:20:00,74.51,220.75
2026-08-16 02:25:00,83.81,230.05
2026-08-16 02:30:00,105.62,251.86
2026-08-16 02:35:00,98.96,245.2
2026-08-16 02:40:00,95.0,241.24
2026-08-16 02:45:00,80.98,227.22
2026-08-16 02:50:00,100.81,247.05
2026-08-16 02:55:00,84.52,230.76
2026-08-16 03:00:00,99.61,245.85
2026-08-16 03:05:00,108.72,254.96
2026-08-16 03:10:00,88.19,234.43
2026-08-16 03:15:00,90.48,236.72
2026-08-16 03:20:00,88.51,234.75
2026-08-16 03:25:00,84.63,230.87
2026-08-16 03:30:00,71.24,217.48
2026-08-16 03:35:00,89.65,235.89
2026-08-16 03:40:00,95.91,242.15
2026-08-16 03:45:00,94.27,240.51
2026-08-16 03:50:00,95.13,241.37
2026-08-16 03:55:00,73.33,219.57
2026-08-16 04:00:00,81.25,227.49
2026-08-16 04:05:00,89.14,235.38
2026-08-16 04:10:00,73.02,219.26
2026-08-16 04:15:00,109.84,256.08
2026-08-16 04:20:00,104.04,250.28
2026-08-16 04:25:00,102.39,248.63
2026-08-16 04:30:00,110.47,256.71
2026-08-16 04:35:00,96.32,242.56
2026-08-16 04:40:00,107.33,253.57
2026-08-16 04:45:00,99.15,245.39
2026-08-16 04:50:00,96.33,242.57
2026-08-16 04:55:00,93.56,239.8
2026-08-16 05:00:00,105.92,252.16
2026-08-16 05:05:00,87.01,233.25
2026-08-16 05:10:00,84.84,231.08
2026-08-16 05:15:00,90.09,236.33
2026-08-16 05:20:00,91.74,237.98
2026-08-16 05:25:00,85.73,231.97
2026-08-16 05:30:00,97.46,243.7
2026-08-16 05:35:00,114.86,261.1
2026-08-16 05:40:00,145.09,291.33
2026-08-16 05:45:00,130.76,277.0
2026-08-16 05:50:00,96.52,242.76
2026-08-16 05:55:00,83.24,229.48
2026-08-16 06:00:00,101.5,247.74
2026-08-16 06:05:00,105.08,251.32
2026-08-16 06:10:00,102.03,248.27
2026-08-16 06:15:00,104.11,250.35
2026-08-16 06:20:00,95.7,241.94
2026-08-16 06:25:00,109.79,256.03
2026-08-16 06:30:00,101.51,247.75
2026-08-16 06:35:00,108.29,254.53
2026-08-16 06:40:00,97.77,244.01
2026-08-16 06:45:00,101.59,247.83
2026-08-16 06:50:00,113.21,259.45
2026-08-16 06:55:00,118.5,264.74
2026-08-16 07:00:00,135.51,281.75
2026-08-16 07:05:00,138.7,284.94
2026-08-16 07:10:00,136.71,282.95
2026-08-16 07:15:00,191.39,337.63
2026-08-16 07:20:00,174.1,320.34
2026-08-16 07:25:00,160.8,307.05
2026-08-16 07:30:00,153.69,299.93
2026-08-16 07:35:00,130.81,277.05
2026-08-16 07:40:00,151.77,298.01
2026-08-16 07:45:00,136.09,282.33
2026-08-16 07:50:00,119.18,265.42
2026-08-16 07:55:00,103.8,250.04
2026-08-16 08:00:00,110.78,257.02
2026-08-16 08:05:00,119.6,265.84
2026-08-16 08:10:00,131.28,277.52
2026-08-16 08:15:00,169.23,315.47
2026-08-16 08:20:00,154.86,301.1
2026-08-16 08:25:00,185.84,332.08
2026-08-16 08:30:00,169.2,315.44
2026-08-16 08:35:00,148.13,294.37
2026-08-16 08:40:00,158.87,305.11
2026-08-16 08:45:00,144.61,290.85
2026-08-16 08:50:00,121.03,267.27
2026-08-16 08:55:00,142.73,288.97
2026-08-16 09:00:00,178.37,324.61
2026-08-16 09:05:00,176.1,322.34
2026-08-16 09:10:00,233.7,379.94
2026-08-16 09:15:00,201.2,347.44
2026-08-16 09:20:00,233.49,379.73
2026-08-16 09:25:00,206.6,352.84
2026-08-16 09:30:00,167.07,313.31
2026-08-16 09:35:00,145.69,291.93
2026-08-16 09:40:00,169.76,316.0
2026-08-16 09:45:00,177.98,324.22
2026-08-16 09:50:00,172.3,318.54
2026-08-16 09:55:00,207.33,353.57
2026-08-16 10:00:00,208.12,354.36
2026-08-16 10:05:00,222.56,368.8
2026-08-16 10:10:00,200.05,346.29
2026-08-16 10:15:00,192.23,338.47
2026-08-16 10:20:00,204.86,351.1
2026-08-16 10:25:00,225.59,371.83
2026-08-16 10:30:00,239.14,385.38
2026-08-16 10:35:00,214.77,361.01
2026-08-16 10:40:00,267.02,413.26
2026-08-16 10:45:00,248.54,394.78
2026-08-16 10:50:00,209.7,355.94
2026-08-16 10:55:00,236.87,383.11
2026-08-16 11:00:00,259.11,405.35
2026-08-16 11:05:00,289.1,435.34
2026-08-16 11:10:00,267.56,413.8
2026-08-16 11:15:00,251.32,397.56
2026-08-16 11:20:00,228.78,375.02
2026-08-16 11:25:00,214.42,360.66
2026-08-16 11:30:00,258.7,404.94
2026-08-16 11:35:00,263.03,409.27
2026-08-16 11:40:00,235.9,382.14
2026-08-16 11:45:00,235.88,382.12
2026-08-16 11:50:00,215.81,362.05
2026-08-16 11:55:00,208.68,354.92
2026-08-16 12:00:00,236.68,382.92
2026-08-16 12:05:00,273.14,419.39
2026-08-16 12:10:00,250.92,397.16
2026-08-16 12:15:00,232.74,378.98
2026-08-16 12:20:00,225.59,371.83
2026-08-16 12:25:00,248.55,394.79
2026-08-16 12:30:00,283.98,430.22
2026-08-16 12:35:00,293.13,439.38
2026-08-16 12:40:00,281.4,427.64
2026-08-16 12:45:00,291.08,437.32
2026-08-16 12:50:00,241.29,387.53
2026-08-16 12:55:00,270.57,416.81
2026-08-16 13:00:00,253.8,400.04
2026-08-16 13:05:00,251.48,397.72
2026-08-16 13:10:00,243.37,389.61
2026-08-16 13:15:00,261.82,408.06
2026-08-16 13:20:00,228.31,374.55
2026-08-16 13:25:00,255.74,401.98
2026-08-16 13:30:00,303.83,450.07
2026-08-16 13:35:00,339.03,485.27
2026-08-16 13:40:00,290.0,436.24
2026-08-16 13:45:00,229.1,375.34
2026-08-16 13:50:00,194.72,340.96
2026-08-16 13:55:00,228.45,374.69
2026-08-16 14:00:00,261.91,408.15
2026-08-16 14:05:00,281.27,427.51
2026-08-16 14:10:00,275.86,422.1
2026-08-16 14:15:00,270.86,417.1
2026-08-16 14:20:00,237.32,383.56
2026-08-16 14:25:00,226.49,372.73
2026-08-16 14:30:00,228.56,374.8
2026-08-16 14:35:00,213.07,359.31
2026-08-16 14:40:00,206.42,352.66
2026-08-16 14:45:00,187.46,333.7
2026-08-16 14:50:00,240.7,386.94
2026-08-16 14:55:00,241.58,387.82
2026-08-16 15:00:00,275.1,421.34
2026-08-16 15:05:00,214.16,360.4
2026-08-16 15:10:00,179.44,325.68
2026-08-16 15:15:00,255.93,402.17
2026-08-16 15:20:00,189.23,335.47
2026-08-16 15:25:00,261.45,407.69
2026-08-16 15:30:00,223.47,369.71
2026-08-16 15:35:00,201.86,348.1
2026-08-16 15:40:00,226.16,372.4
2026-08-16 15:45:00,253.16,399.4
2026-08-16 15:50:00,320.01,466.26
2026-08-16 15:55:00,242.52,388.76
2026-08-16 16:00:00,236.42,382.66
2026-08-16 16:05:00,217.04,363.28
2026-08-16 16:10:00,222.3,368.54
2026-08-16 16:15:00,236.34,382.58
2026-08-16 16:20:00,211.89,358.13
2026-08-16 16:25:00,197.82,344.06
2026-08-16 16:30:00,226.76,373.0
2026-08-16 16:35:00,196.28,342.52
2026-08-16 16:40:00,217.93,364.17
2026-08-16 16:45:00,231.92,378.16
2026-08-16 16:50:00,170.0,316.24
2026-08-16 16:55:00,216.6,362.84
2026-08-16 17:00:00,207.95,354.19
2026-08-16 17:05:00,261.02,407.26
2026-08-16 17:10:00,251.17,397.41
2026-08-16 17:15:00,214.91,361.15
2026-08-16 17:20:00,190.02,336.26
2026-08-16 17:25:00,205.42,351.66
2026-08-16 17:30:00,223.92,370.16
2026-08-16 17:35:00,208.39,354.63
2026-08-16 17:40:00,225.3,371.54
2026-08-16 17:45:00,213.72,359.96
2026-08-16 17:50:00,197.41,343.65
2026-08-16 17:55:00,192.79,339.03
2026-08-16 18:00:00,196.0,342.24
2026-08-16 18:05:00,180.38,326.62
2026-08-16 18:10:00,159.19,305.43
2026-08-16 18:15:00,151.25,297.49
2026-08-16 18:20:00,151.68,297.92
2026-08-16 18:25:00,139.53,285.77
2026-08-16 18:30:00,171.85,318.09
2026-08-16 18:35:00,180.53,326.77
2026-08-16 18:40:00,182.1,328.34
2026-08-16 18:45:00,134.48,280.72
2026-08-16 18:50:00,169.27,315.51
2026-08-16 18:55:00,166.97,313.21
2026-08-16 19:00:00,146.71,292.95
2026-08-16 19:05:00,160.04,306.28
2026-08-16 19:10:00,143.38,289.62
2026-08-16 19:15:00,121.93,268.17
2026-08-16 19:20:00,158.2,304.44
2026-08-16 19:25:00,165.56,311.8
2026-08-16 19:30:00,160.68,306.92
2026-08-16 19:35:00,142.3,288.54
2026-08-16 19:40:00,131.95,278.19
2026-08-16 19:45:00,140.09,286.33
2026-08-16 19:50:00,188.42,334.66
2026-08-16 19:55:00,187.88,334.12
2026-08-16 20:00:00,180.31,326.55
2026-08-16 20:05:00,174.03,320.27
2026-08-16 20:10:00,139.03,285.27
2026-08-16 20:15:00,170.05,316.29
2026-08-16 20:20:00,157.86,304.1
2026-08-16 20:25:00,112.85,259.09
2026-08-16 20:30:00,104.31,250.55
2026-08-16 20:35:00,100.29,246.53
2026-08-16 20:40:00,89.35,235.59
2026-08-16 20:45:00,97.12,243.36
2026-08-16 20:50:00,111.18,257.42
2026-08-16 20:55:00,83.55,229.79
2026-08-16 21:00:00,91.15,237.39
2026-08-16 21:05:00,104.06,250.3
2026-08-16 21:10:00,113.32,259.56
2026-08-16 21:15:00,93.79,240.03
2026-08-16 21:20:00,88.22,234.46
2026-08-16 21:25:00,104.61,250.85
2026-08-16 21:30:00,77.75,223.99
2026-08-16 21:35:00,97.83,244.07
2026-08-16 21:40:00,100.23,246.47
2026-08-16 21:45:00,85.89,232.13
2026-08-16 21:50:00,66.58,212.82
2026-08-16 21:55:00,76.32,222.56
2026-08-16 22:00:00,96.89,243.13
2026-08-16 22:05:00,88.2,234.45
2026-08-16 22:10:00,103.2,249.44
2026-08-16 22:15:00,97.46,243.7
2026-08-16 22:20:00,92.36,238.6
2026-08-16 22:25:00,104.53,250.77
2026-08-16 22:30:00,77.42,223.66
2026-08-16 22:35:00,107.33,253.57
2026-08-16 22:40:00,111.35,257.59
2026-08-16 22:45:00,120.84,267.08
2026-08-16 22:50:00,110.43,256.67
2026-08-16 22:55:00,102.91,249.15
2026-08-16 23:00:00,93.17,239.41
2026-08-16 23:05:00,76.1,222.34
2026-08-16 23:10:00,97.08,243.32
2026-08-16 23:15:00,96.71,242.95
2026-08-16 23:20:00,114.42,260.66
2026-08-16 23:25:00,137.88,284.12
2026-08-16 23:30:00,99.73,245.97
2026-08-16 23:35:00,74.56,220.8
2026-08-16 23:40:00,68.93,215.17
2026-08-16 23:45:00,83.28,229.53
2026-08-16 23:50:00,82.54,228.78
2026-08-16 23:55:00,98.97,245.21
2026-08-17 00:00:00,86.91,233.15
2026-08-17 00:05:00,110.24,256.48
2026-08-17 00:10:00,101.24,247.48
2026-08-17 00:15:00,104.97,251.21
2026-08-17 00:20:00,94.94,241.19
2026-08-17 00:25:00,97.63,243.87
2026-08-17 00:30:00,130.97,277.21
2026-08-17 00:35:00,123.88,270.12
2026-08-17 00:40:00,131.51,277.76
2026-08-17 00:45:00,119.96,266.2
2026-08-17 00:50:00,104.91,251.15
2026-08-17 00:55:00,88.94,235.18
2026-08-17 01:00:00,117.91,264.15
2026-08-17 01:05:00,113.27,259.51
2026-08-17 01:10:00,109.09,255.33
2026-08-17 01:15:00,106.8,253.04
2026-08-17 01:20:00,128.39,274.63
2026-08-17 01:25:00,123.16,269.4
2026-08-17 01:30:00,113.54,259.78
2026-08-17 01:35:00,126.71,272.95
2026-08-17 01:40:00,124.67,270.91
2026-08-17 01:45:00,118.04,264.28
2026-08-17 01:50:00,102.96,249.2
2026-08-17 01:55:00,91.92,238.16
2026-08-17 02:00:00,90.89,237.13
2026-08-17 02:05:00,116.13,262.37
2026-08-17 02:10:00,121.58,267.82
2026-08-17 02:15:00,108.62,254.86
2026-08-17 02:20:00,81.35,227.59
2026-08-17 02:25:00,137.45,283.69
2026-08-17 02:30:00,123.43,269.67
2026-08-17 02:35:00,139.99,286.23
2026-08-17 02:40:00,114.71,260.95
2026-08-17 02:45:00,100.69,246.93
2026-08-17 02:50:00,91.31,237.55
2026-08-17 02:55:00,107.65,253.89
2026-08-17 03:00:00,111.5,257.74
2026-08-17 03:05:00,92.07,238.31
2026-08-17 03:10:00,78.95,225.19
2026-08-17 03:15:00,118.79,265.03
2026-08-17 03:20:00,124.24,270.48
2026-08-17 03:25:00,148.27,294.51
2026-08-17 03:30:00,123.02,269.26
2026-08-17 03:35:00,125.81,272.05
2026-08-17 03:40:00,102.21,248.45
2026-08-17 03:45:00,110.44,256.68
2026-08-17 03:50:00,115.22,261.46
2026-08-17 03:55:00,113.43,259.67
2026-08-17 04:00:00,131.55,277.79
2026-08-17 04:05:00,147.56,293.8
2026-08-17 04:10:00,117.35,263.59
2026-08-17 04:15:00,137.36,283.6
2026-08-17 04:20:00,127.13,273.37
2026-08-17 04:25:00,119.07,265.31
2026-08-17 04:30:00,116.09,262.33
2026-08-17 04:35:00,99.78,246.02
2026-08-17 04:40:00,155.23,301.47
2026-08-17 04:45:00,141.14,287.38
2026-08-17 04:50:00,138.62,284.86
2026-08-17 04:55:00,122.78,269.02
2026-08-17 05:00:00,172.55,318.79
2026-08-17 05:05:00,159.53,305.77
2026-08-17 05:10:00,139.83,286.07
2026-08-17 05:15:00,127.06,273.3
2026-08-17 05:20:00,123.65,269.89
2026-08-17 05:25:00,136.21,282.45
2026-08-17 05:30:00,123.91,270.15
2026-08-17 05:35:00,139.6,285.84
2026-08-17 05:40:00,161.33,307.57
2026-08-17 05:45:00,143.54,289.78
2026-08-17 05:50:00,111.81,258.05
2026-08-17 05:55:00,113.63,259.87
2026-08-17 06:00:00,126.2,272.44
2026-08-17 06:05:00,167.79,314.03
2026-08-17 06:10:00,176.54,322.78
2026-08-17 06:15:00,175.7,321.94
2026-08-17 06:20:00,164.81,311.05
2026-08-17 06:25:00,144.62,290.86
2026-08-17 06:30:00,124.92,271.16
2026-08-17 06:35:00,149.93,296.17
2026-08-17 06:40:00,159.94,306.18
2026-08-17 06:45:00,180.34,326.58
2026-08-17 06:50:00,170.8,317.04
2026-08-17 06:55:00,163.23,309.47
2026-08-17 07:00:00,172.86,319.1
2026-08-17 07:05:00,171.2,317.44
2026-08-17 07:10:00,141.34,287.58
2026-08-17 07:15:00,212.58,358.82
2026-08-17 07:20:00,184.31,330.55
2026-08-17 07:25:00,163.23,309.47
2026-08-17 07:30:00,148.21,294.45
2026-08-17 07:35:00,134.58,280.82
2026-08-17 07:40:00,190.16,336.4
2026-08-17 07:45:00,204.62,350.86
2026-08-17 07:50:00,202.12,348.36
2026-08-17 07:55:00,222.95,369.19
2026-08-17 08:00:00,196.17,342.41
2026-08-17 08:05:00,190.52,336.76
2026-08-17 08:10:00,180.28,326.52
2026-08-17 08:15:00,186.68,332.92
2026-08-17 08:20:00,151.79,298.03
2026-08-17 08:25:00,153.26,299.5
2026-08-17 08:30:00,185.69,331.93
2026-08-17 08:35:00,186.67,332.91
2026-08-17 08:40:00,181.48,327.72
2026-08-17 08:45:00,169.78,316.02
2026-08-17 08:50:00,180.61,326.85
2026-08-17 08:55:00,249.62,395.86
2026-08-17 09:00:00,288.6,434.84
2026-08-17 09:05:00,219.71,365.95
2026-08-17 09:10:00,230.35,376.59
2026-08-17 09:15:00,204.3,350.54
2026-08-17 09:20:00,232.79,379.03
2026-08-17 09:25:00,239.83,386.07
2026-08-17 09:30:00,200.0,346.24
2026-08-17 09:35:00,216.75,362.99
2026-08-17 09:40:00,201.77,348.01
2026-08-17 09:45:00,277.91,424.15
2026-08-17 09:50:00,280.12,426.36
2026-08-17 09:55:00,281.45,427.69
2026-08-17 10:00:00,197.7,343.94
2026-08-17 10:05:00,220.03,366.27
2026-08-17 10:10:00,302.44,448.68
2026-08-17 10:15:00,316.64,462.88
2026-08-17 10:20:00,260.04,406.29
2026-08-17 10:25:00,259.89,406.13
2026-08-17 10:30:00,222.16,368.4
2026-08-17 10:35:00,287.49,433.73
2026-08-17 10:40:00,294.59,440.83
2026-08-17 10:45:00,256.7,402.94
2026-08-17 10:50:00,256.69,402.93
2026-08-17 10:55:00,219.99,366.24
2026-08-17 11:00:00,216.63,362.87
2026-08-17 11:05:00,253.78,400.02
2026-08-17 11:10:00,286.86,433.1
2026-08-17 11:15:00,254.02,400.26
2026-08-17 11:20:00,266.02,412.26
2026-08-17 11:25:00,294.95,441.19
2026-08-17 11:30:00,255.55,401.79
2026-08-17 11:35:00,297.82,444.06
2026-08-17 11:40:00,285.45,431.69
2026-08-17 11:45:00,361.39,507.63
2026-08-17 11:50:00,320.26,466.5
2026-08-17 11:55:00,298.7,444.94
2026-08-17 12:00:00,346.58,492.82
2026-08-17 12:05:00,278.63,424.87
2026-08-17 12:10:00,290.67,436.91
2026-08-17 12:15:00,276.56,422.8
2026-08-17 12:20:00,304.29,450.53
2026-08-17 12:25:00,340.02,486.26
2026-08-17 12:30:00,351.03,497.27
2026-08-17 12:35:00,296.03,442.27
2026-08-17 12:40:00,323.28,469.52
2026-08-17 12:45:00,394.51,540.75
2026-08-17 12:50:00,315.51,461.75
2026-08-17 12:55:00,339.28,485.53
2026-08-17 13:00:00,315.22,461.46
2026-08-17 13:05:00,320.2,466.44
2026-08-17 13:10:00,268.96,415.2
2026-08-17 13:15:00,357.39,503.63
2026-08-17 13:20:00,302.62,448.86
2026-08-17 13:25:00,380.64,526.88
2026-08-17 13:30:00,337.81,484.06
2026-08-17 13:35:00,282.41,428.65
2026-08-17 13:40:00,378.54,524.78
2026-08-17 13:45:00,385.81,532.05
2026-08-17 13:50:00,348.18,494.42
2026-08-17 13:55:00,377.45,523.69
2026-08-17 14:00:00,340.76,487.0
2026-08-17 14:05:00,342.4,488.64
2026-08-17 14:10:00,320.69,466.93
2026-08-17 14:15:00,351.96,498.2
2026-08-17 14:20:00,314.92,461.16
2026-08-17 14:25:00,371.22,517.46
2026-08-17 14:30:00,331.09,477.33
2026-08-17 14:35:00,340.78,487.02
2026-08-17 14:40:00,364.46,510.7
2026-08-17 14:45:00,334.26,480.5
2026-08-17 14:50:00,319.56,465.8
2026-08-17 14:55:00,311.01,457.25
2026-08-17 15:00:00,361.25,507.49
2026-08-17 15:05:00,316.12,462.36
2026-08-17 15:10:00,300.4,446.64
2026-08-17 15:15:00,333.48,479.72
2026-08-17 15:20:00,356.06,502.3
2026-08-17 15:25:00,341.91,488.15
2026-08-17 15:30:00,411.87,558.11
2026-08-17 15:35:00,304.98,451.22
2026-08-17 15:40:00,326.66,472.9
2026-08-17 15:45:00,307.74,453.98
2026-08-17 15:50:00,233.67,379.91
2026-08-17 15:55:00,254.52,400.76
2026-08-17 16:00:00,247.2,393.44
2026-08-17 16:05:00,341.67,487.91
2026-08-17 16:10:00,313.79,460.03
2026-08-17 16:15:00,311.32,457.56
2026-08-17 16:20:00,326.21,472.45
2026-08-17 16:25:00,368.22,514.46
2026-08-17 16:30:00,369.39,515.63
2026-08-17 16:35:00,309.45,455.69
2026-08-17 16:40:00,259.79,406.03
2026-08-17 16:45:00,356.53,502.77
2026-08-17 16:50:00,304.45,450.69
2026-08-17 16:55:00,265.83,412.07
2026-08-17 17:00:00,289.69,435.93
2026-08-17 17:05:00,315.21,461.45
2026-08-17 17:10:00,264.85,411.09
2026-08-17 17:15:00,277.78,424.02
2026-08-17 17:20:00,285.77,432.01
2026-08-17 17:25:00,256.37,402.61
2026-08-17 17:30:00,244.72,390.96
2026-08-17 17:35:00,214.86,361.1
2026-08-17 17:40:00,233.17,379.41
2026-08-17 17:45:00,241.29,387.53
2026-08-17 17:50:00,260.43,406.67
2026-08-17 17:55:00,220.32,366.56
2026-08-17 18:00:00,226.14,372.38
2026-08-17 18:05:00,236.47,382.71
2026-08-17 18:10:00,203.95,350.19
2026-08-17 18:15:00,225.16,371.4
2026-08-17 18:20:00,272.9,419.14
2026-08-17 18:25:00,242.47,388.71
2026-08-17 18:30:00,213.58,359.82
2026-08-17 18:35:00,241.04,387.28
2026-08-17 18:40:00,185.05,331.29
2026-08-17 18:45:00,212.7,358.94
2026-08-17 18:50:00,318.8,465.04
2026-08-17 18:55:00,268.53,414.77
2026-08-17 19:00:00,227.83,374.07
2026-08-17 19:05:00,237.86,384.1
2026-08-17 19:10:00,254.25,400.49
2026-08-17 19:15:00,253.63,399.87
2026-08-17 19:20:00,191.71,337.95
2026-08-17 19:25:00,211.21,357.45
2026-08-17 19:30:00,277.15,423.39
2026-08-17 19:35:00,250.25,396.49
2026-08-17 19:40:00,206.91,353.15
2026-08-17 19:45:00,201.01,347.25
2026-08-17 19:50:00,187.62,333.86
2026-08-17 19:55:00,230.95,377.19
2026-08-17 20:00:00,225.68,371.92
2026-08-17 20:05:00,216.91,363.15
2026-08-17 20:10:00,169.59,315.83
2026-08-17 20:15:00,183.75,329.99
2026-08-17 20:20:00,207.43,353.67
2026-08-17 20:25:00,195.18,341.42
2026-08-17 20:30:00,149.47,295.71
2026-08-17 20:35:00,137.08,283.32
2026-08-17 20:40:00,117.47,263.71
2026-08-17 20:45:00,114.65,260.89
2026-08-17 20:50:00,135.51,281.75
2026-08-17 20:55:00,153.55,299.79
2026-08-17 21:00:00,128.42,274.66
2026-08-17 21:05:00,161.08,307.32
2026-08-17 21:10:00,149.18,295.42
2026-08-17 21:15:00,136.77,283.01
2026-08-17 21:20:00,124.55,270.79
2026-08-17 21:25:00,143.51,289.75
2026-08-17 21:30:00,172.07,318.31
2026-08-17 21:35:00,125.64,271.88
2026-08-17 21:40:00,127.7,273.94
2026-08-17 21:45:00,138.99,285.23
2026-08-17 21:50:00,109.07,255.32
2026-08-17 21:55:00,125.08,271.32
2026-08-17 22:00:00,149.83,296.07
2026-08-17 22:05:00,146.31,292.55
2026-08-17 22:10:00,150.77,297.01
2026-08-17 22:15:00,165.57,311.81
2026-08-17 22:20:00,182.38,328.62
2026-08-17 22:25:00,153.0,299.24
2026-08-17 22:30:00,129.39,275.63
2026-08-17 22:35:00,132.39,278.63
2026-08-17 22:40:00,133.54,279.78
2026-08-17 22:45:00,113.13,259.37
2026-08-17 22:50:00,114.64,260.88
2026-08-17 22:55:00,125.87,272.11
2026-08-17 23:00:00,121.44,267.68
2026-08-17 23:05:00,114.32,260.56
2026-08-17 23:10:00,168.82,315.06
2026-08-17 23:15:00,155.09,301.33
2026-08-17 23:20:00,145.56,291.8
2026-08-17 23:25:00,155.66,301.9
2026-08-17 23:30:00,127.49,273.73
2026-08-17 23:35:00,136.44,282.68
2026-08-17 23:40:00,129.37,275.61
2026-08-17 23:45:00,116.34,262.58
2026-08-17 23:50:00,94.73,240.97
2026-08-17 23:55:00,91.79,238.03
2026-08-18 00:00:00,84.5,230.74
2026-08-18 00:05:00,100.51,246.75
2026-08-18 00:10:00,83.09,229.33
2026-08-18 00:15:00,119.24,265.48
2026-08-18 00:20:00,106.73,252.97
2026-08-18 00:25:00,296.72,442.96
2026-08-18 00:30:00,570.88,717.12
2026-08-18 00:35:00,862.14,1008.39
2026-08-18 00:40:00,1154.87,1301.11
2026-08-18 00:45:00,1372.27,1518.51
2026-08-18 00:50:00,1721.02,1867.26
2026-08-18 00:55:00,1639.59,1785.83
2026-08-18 01:00:00,1638.72,1784.96
2026-08-18 01:05:00,1524.86,1671.1
2026-08-18 01:10:00,1562.93,1709.17
2026-08-18 01:15:00,1490.31,1636.55
2026-08-18 01:20:00,1521.06,1667.3
2026-08-18 01:25:00,1465.57,1611.81
2026-08-18 01:30:00,1307.12,1453.36
2026-08-18 01:35:00,1225.93,1372.17
2026-08-18 01:40:00,1179.0,1325.24
2026-08-18 01:45:00,1270.28,1416.52
2026-08-18 01:50:00,1303.94,1450.18
2026-08-18 01:55:00,1213.12,1359.36
2026-08-18 02:00:00,1166.03,1312.27
2026-08-18 02:05:00,1095.66,1241.9
2026-08-18 02:10:00,1161.2,1307.44
2026-08-18 02:15:00,1146.38,1292.62
2026-08-18 02:20:00,1095.47,1241.71
2026-08-18 02:25:00,955.98,1102.22
2026-08-18 02:30:00,921.53,1067.77
2026-08-18 02:35:00,972.35,1118.6
2026-08-18 02:40:00,859.71,1005.95
2026-08-18 02:45:00,832.92,979.16
2026-08-18 02:50:00,876.72,1022.96
2026-08-18 02:55:00,838.83,985.07
2026-08-18 03:00:00,817.25,963.49
2026-08-18 03:05:00,720.06,866.3
2026-08-18 03:10:00,698.65,844.89
2026-08-18 03:15:00,355.01,501.25
2026-08-18 03:20:00,181.76,328.0
2026-08-18 03:25:00,87.0,233.24
2026-08-18 03:30:00,76.65,222.89
2026-08-18 03:35:00,80.51,226.75
2026-08-18 03:40:00,78.3,224.55
2026-08-18 03:45:00,87.39,233.63
2026-08-18 03:50:00,93.13,239.37
2026-08-18 03:55:00,101.83,248.07
2026-08-18 04:00:00,95.77,242.01
2026-08-18 04:05:00,119.9,266.14
2026-08-18 04:10:00,145.63,291.87
2026-08-18 04:15:00,158.45,304.69
2026-08-18 04:20:00,121.43,267.67
2026-08-18 04:25:00,113.01,259.25
2026-08-18 04:30:00,126.76,273.0
2026-08-18 04:35:00,112.44,258.68
2026-08-18 04:40:00,117.03,263.27
2026-08-18 04:45:00,122.81,269.05
2026-08-18 04:50:00,127.31,273.55
2026-08-18 04:55:00,152.95,299.19
2026-08-18 05:00:00,142.95,289.19
2026-08-18 05:05:00,141.6,287.84
2026-08-18 05:10:00,126.04,272.28
2026-08-18 05:15:00,112.28,258.52
2026-08-18 05:20:00,130.57,276.81
2026-08-18 05:25:00,154.19,300.43
2026-08-18 05:30:00,131.33,277.57
2026-08-18 05:35:00,137.63,283.87
2026-08-18 05:40:00,118.22,264.46
2026-08-18 05:45:00,136.28,282.52
2026-08-18 05:50:00,137.21,283.45
2026-08-18 05:55:00,127.76,274.0
2026-08-18 06:00:00,137.08,283.32
2026-08-18 06:05:00,121.68,267.92
2026-08-18 06:10:00,127.8,274.04
2026-08-18 06:15:00,166.6,312.84
2026-08-18 06:20:00,167.04,313.28
2026-08-18 06:25:00,137.39,283.63
2026-08-18 06:30:00,138.59,284.83
2026-08-18 06:35:00,122.7,268.94
2026-08-18 06:40:00,124.58,270.82
2026-08-18 06:45:00,163.47,309.71
2026-08-18 06:50:00,165.05,311.29
2026-08-18 06:55:00,200.29,346.53
2026-08-18 07:00:00,188.55,334.79
2026-08-18 07:05:00,161.37,307.61
2026-08-18 07:10:00,170.6,316.84
2026-08-18 07:15:00,176.64,322.88
2026-08-18 07:20:00,169.6,315.84
2026-08-18 07:25:00,171.82,318.06
2026-08-18 07:30:00,213.93,360.17
2026-08-18 07:35:00,189.97,336.21
2026-08-18 07:40:00,168.22,314.46
2026-08-18 07:45:00,180.06,326.3
2026-08-18 07:50:00,178.95,325.19
2026-08-18 07:55:00,150.55,296.79
2026-08-18 08:00:00,166.13,312.37
2026-08-18 08:05:00,153.06,299.3
2026-08-18 08:10:00,205.65,351.89
2026-08-18 08:15:00,217.69,363.93
2026-08-18 08:20:00,184.96,331.2
2026-08-18 08:25:00,225.67,371.91
2026-08-18 08:30:00,214.28,360.52
2026-08-18 08:35:00,228.27,374.51
2026-08-18 08:40:00,248.7,394.94
2026-08-18 08:45:00,237.56,383.8
2026-08-18 08:50:00,220.82,367.06
2026-08-18 08:55:00,250.25,396.49
2026-08-18 09:00:00,224.61,370.85
2026-08-18 09:05:00,219.69,365.93
2026-08-18 09:10:00,281.38,427.62
2026-08-18 09:15:00,295.17,441.41
2026-08-18 09:20:00,251.05,397.29
2026-08-18 09:25:00,228.47,374.71
2026-08-18 09:30:00,246.13,392.37
2026-08-18 09:35:00,256.03,402.27
2026-08-18 09:40:00,240.41,386.65
2026-08-18 09:45:00,239.45,385.69
2026-08-18 09:50:00,252.79,399.03
2026-08-18 09:55:00,246.12,392.36
2026-08-18 10:00:00,220.93,367.17
2026-08-18 10:05:00,239.22,385.46
2026-08-18 10:10:00,251.65,397.89
2026-08-18 10:15:00,239.57,385.81
2026-08-18 10:20:00,291.42,437.66
2026-08-18 10:25:00,323.45,469.69
2026-08-18 10:30:00,316.0,462.24
2026-08-18 10:35:00,269.37,415.61
2026-08-18 10:40:00,297.18,443.43
2026-08-18 10:45:00,280.17,426.41
2026-08-18 10:50:00,233.5,379.74
2026-08-18 10:55:00,287.58,433.82
2026-08-18 11:00:00,283.38,429.62
2026-08-18 11:05:00,379.07,525.31
2026-08-18 11:10:00,365.32,511.56
2026-08-18 11:15:00,360.85,507.1
2026-08-18 11:20:00,334.3,480.54
2026-08-18 11:25:00,292.08,438.32
2026-08-18 11:30:00,261.76,408.0
2026-08-18 11:35:00,243.67,389.91
2026-08-18 11:40:00,231.12,377.36
2026-08-18 11:45:00,265.83,412.07
2026-08-18 11:50:00,226.72,372.96
2026-08-18 11:55:00,245.01,391.26
2026-08-18 12:00:00,283.34,429.58
2026-08-18 12:05:00,284.01,430.25
2026-08-18 12:10:00,284.05,430.29
2026-08-18 12:15:00,280.19,426.43
2026-08-18 12:20:00,378.25,524.5
2026-08-18 12:25:00,370.59,516.83
2026-08-18 12:30:00,327.95,474.19
2026-08-18 12:35:00,306.41,452.65
2026-08-18 12:40:00,324.09,470.34
2026-08-18 12:45:00,309.93,456.17
2026-08-18 12:50:00,277.56,423.8
2026-08-18 12:55:00,352.84,499.08
2026-08-18 13:00:00,317.57,463.81
2026-08-18 13:05:00,289.57,435.81
2026-08-18 13:10:00,305.32,451.56
2026-08-18 13:15:00,321.75,467.99
2026-08-18 13:20:00,256.77,403.01
2026-08-18 13:25:00,314.98,461.22
2026-08-18 13:30:00,359.36,505.6
2026-08-18 13:35:00,335.57,481.81
2026-08-18 13:40:00,451.3,597.54
2026-08-18 13:45:00,431.71,577.95
2026-08-18 13:50:00,420.48,566.72
2026-08-18 13:55:00,506.03,652.27
2026-08-18 14:00:00,440.81,587.05
2026-08-18 14:05:00,392.74,538.98
2026-08-18 14:10:00,400.39,546.63
2026-08-18 14:15:00,332.14,478.38
2026-08-18 14:20:00,329.24,475.48
2026-08-18 14:25:00,292.0,438.24
2026-08-18 14:30:00,314.31,460.55
2026-08-18 14:35:00,311.14,457.38
2026-08-18 14:40:00,298.58,444.82
2026-08-18 14:45:00,315.91,462.15
2026-08-18 14:50:00,318.12,464.36
2026-08-18 14:55:00,259.6,405.84
2026-08-18 15:00:00,257.99,404.23
2026-08-18 15:05:00,254.23,400.47
2026-08-18 15:10:00,250.42,396.66
2026-08-18 15:15:00,326.71,472.95
2026-08-18 15:20:00,331.24,477.48
2026-08-18 15:25:00,377.48,523.72
2026-08-18 15:30:00,384.35,530.59
2026-08-18 15:35:00,338.31,484.55
2026-08-18 15:40:00,372.86,519.1
2026-08-18 15:45:00,342.82,489.06
2026-08-18 15:50:00,329.07,475.31
2026-08-18 15:55:00,363.17,509.41
2026-08-18 16:00:00,329.26,475.5
2026-08-18 16:05:00,379.91,526.15
2026-08-18 16:10:00,269.31,415.55
2026-08-18 16:15:00,292.33,438.57
2026-08-18 16:20:00,262.9,409.14
2026-08-18 16:25:00,318.17,464.41
2026-08-18 16:30:00,354.65,500.89
2026-08-18 16:35:00,290.64,436.88
2026-08-18 16:40:00,317.78,464.02
2026-08-18 16:45:00,287.72,433.96
2026-08-18 16:50:00,232.72,378.96
2026-08-18 16:55:00,233.94,380.18
2026-08-18 17:00:00,244.79,391.03
2026-08-18 17:05:00,222.33,368.57
2026-08-18 17:10:00,257.81,404.05
2026-08-18 17:15:00,292.66,438.9
2026-08-18 17:20:00,298.13,444.37
2026-08-18 17:25:00,283.55,429.79
2026-08-18 17:30:00,257.19,403.43
2026-08-18 17:35:00,248.43,394.67
2026-08-18 17:40:00,326.38,472.62
2026-08-18 17:45:00,243.64,389.88
2026-08-18 17:50:00,221.79,368.03
2026-08-18 17:55:00,207.76,354.0
2026-08-18 18:00:00,210.16,356.4
2026-08-18 18:05:00,219.33,365.57
2026-08-18 18:10:00,220.36,366.6
2026-08-18 18:15:00,207.8,354.04
2026-08-18 18:20:00,232.89,379.13
2026-08-18 18:25:00,241.28,387.52
2026-08-18 18:30:00,214.47,360.71
2026-08-18 18:35:00,220.57,366.81
2026-08-18 18:40:00,214.23,360.47
2026-08-18 18:45:00,217.35,363.59
2026-08-18 18:50:00,187.06,333.3
2026-08-18 18:55:00,217.02,363.26
2026-08-18 19:00:00,199.41,345.65
2026-08-18 19:05:00,240.81,387.05
2026-08-18 19:10:00,229.6,375.84
2026-08-18 19:15:00,246.05,392.29
2026-08-18 19:20:00,211.3,357.54
2026-08-18 19:25:00,204.31,350.55
2026-08-18 19:30:00,180.92,327.16
2026-08-18 19:35:00,175.24,321.48
2026-08-18 19:40:00,222.72,368.96
2026-08-18 19:45:00,239.4,385.64
2026-08-18 19:50:00,213.23,359.47
2026-08-18 19:55:00,206.8,353.04
2026-08-18 20:00:00,229.64,375.88
2026-08-18 20:05:00,229.18,375.42
2026-08-18 20:10:00,163.98,310.22
2026-08-18 20:15:00,165.97,312.21
2026-08-18 20:20:00,175.24,321.48
2026-08-18 20:25:00,147.99,294.23
2026-08-18 20:30:00,129.25,275.49
2026-08-18 20:35:00,149.49,295.73
2026-08-18 20:40:00,160.98,307.22
2026-08-18 20:45:00,154.94,301.18
2026-08-18 20:50:00,147.62,293.86
2026-08-18 20:55:00,154.43,300.67
2026-08-18 21:00:00,143.43,289.67
2026-08-18 21:05:00,125.94,272.18
2026-08-18 21:10:00,142.71,288.96
2026-08-18 21:15:00,143.53,289.77
2026-08-18 21:20:00,176.96,323.2
2026-08-18 21:25:00,166.42,312.66
2026-08-18 21:30:00,161.0,307.24
2026-08-18 21:35:00,134.83,281.07
2026-08-18 21:40:00,130.01,276.25
2026-08-18 21:45:00,112.82,259.06
2026-08-18 21:50:00,113.93,260.17
2026-08-18 21:55:00,105.27,251.51
2026-08-18 22:00:00,139.41,285.65
2026-08-18 22:05:00,154.59,300.84
2026-08-18 22:10:00,143.58,289.82
2026-08-18 22:15:00,142.12,288.36
2026-08-18 22:20:00,139.56,285.8
2026-08-18 22:25:00,144.33,290.57
2026-08-18 22:30:00,117.31,263.55
2026-08-18 22:35:00,138.16,284.4
2026-08-18 22:40:00,120.95,267.19
2026-08-18 22:45:00,133.91,280.15
2026-08-18 22:50:00,121.28,267.52
2026-08-18 22:55:00,100.42,246.66
2026-08-18 23:00:00,102.39,248.63
2026-08-18 23:05:00,102.22,248.46
2026-08-18 23:10:00,118.66,264.9
2026-08-18 23:15:00,158.18,304.42
2026-08-18 23:20:00,163.17,309.41
2026-08-18 23:25:00,151.69,297.93
2026-08-18 23:30:00,123.66,269.9
2026-08-18 23:35:00,128.59,274.83
2026-08-18 23:40:00,116.55,262.79
2026-08-18 23:45:00,111.35,257.6
2026-08-18 23:50:00,100.11,246.35
2026-08-18 23:55:00,132.78,279.02
2026-08-19 00:00:00,130.71,276.95
2026-08-19 00:05:00,109.86,256.1
2026-08-19 00:10:00,100.32,246.56
2026-08-19 00:15:00,115.16,261.4
2026-08-19 00:20:00,107.13,253.37
2026-08-19 00:25:00,112.9,259.14
2026-08-19 00:30:00,100.29,246.53
2026-08-19 00:35:00,112.04,258.28
2026-08-19 00:40:00,109.54,255.78
2026-08-19 00:45:00,114.99,261.24
2026-08-19 00:50:00,85.05,231.29
2026-08-19 00:55:00,88.16,234.4
2026-08-19 01:00:00,97.52,243.76
2026-08-19 01:05:00,112.51,258.75
2026-08-19 01:10:00,118.07,264.31
2026-08-19 01:15:00,123.27,269.51
2026-08-19 01:20:00,137.56,283.8
2026-08-19 01:25:00,107.75,253.99
2026-08-19 01:30:00,102.06,248.3
2026-08-19 01:35:00,108.47,254.71
2026-08-19 01:40:00,99.57,245.81
2026-08-19 01:45:00,109.44,255.68
2026-08-19 01:50:00,105.67,251.91
2026-08-19 01:55:00,99.12,245.36
2026-08-19 02:00:00,110.17,256.41
2026-08-19 02:05:00,110.19,256.43
2026-08-19 02:10:00,94.87,241.11
2026-08-19 02:15:00,102.29,248.53
2026-08-19 02:20:00,96.82,243.06
2026-08-19 02:25:00,109.27,255.51
2026-08-19 02:30:00,112.89,259.13
2026-08-19 02:35:00,102.14,248.38
2026-08-19 02:40:00,134.66,280.9
2026-08-19 02:45:00,118.25,264.49
2026-08-19 02:50:00,117.66,263.9
2026-08-19 02:55:00,129.71,275.95
2026-08-19 03:00:00,113.52,259.76
2026-08-19 03:05:00,135.44,281.68
2026-08-19 03:10:00,139.69,285.93
2026-08-19 03:15:00,119.78,266.02
2026-08-19 03:20:00,115.62,261.86
2026-08-19 03:25:00,109.35,255.59
2026-08-19 03:30:00,107.81,254.05
2026-08-19 03:35:00,109.48,255.72
2026-08-19 03:40:00,119.69,265.93
2026-08-19 03:45:00,121.68,267.92
2026-08-19 03:50:00,117.63,263.87
2026-08-19 03:55:00,105.63,251.87
2026-08-19 04:00:00,120.77,267.01
2026-08-19 04:05:00,114.69,260.93
2026-08-19 04:10:00,93.73,239.97
2026-08-19 04:15:00,140.06,286.3
2026-08-19 04:20:00,124.01,270.25
2026-08-19 04:25:00,121.23,267.47
2026-08-19 04:30:00,120.96,267.2
2026-08-19 04:35:00,118.12,264.36
2026-08-19 04:40:00,163.78,310.02
2026-08-19 04:45:00,148.96,295.2
2026-08-19 04:50:00,123.56,269.8
2026-08-19 04:55:00,102.3,248.54
2026-08-19 05:00:00,116.01,262.25
2026-08-19 05:05:00,106.84,253.08
2026-08-19 05:10:00,105.45,251.69
2026-08-19 05:15:00,128.94,275.18
2026-08-19 05:20:00,116.52,262.76
2026-08-19 05:25:00,153.3,299.54
2026-08-19 05:30:00,174.24,320.48
2026-08-19 05:35:00,155.35,301.59
2026-08-19 05:40:00,150.98,297.22
2026-08-19 05:45:00,139.19,285.43
2026-08-19 05:50:00,133.28,279.52
2026-08-19 05:55:00,124.35,270.59
2026-08-19 06:00:00,123.49,269.73
2026-08-19 06:05:00,125.82,272.06
2026-08-19 06:10:00,133.66,279.9
2026-08-19 06:15:00,132.34,278.58
2026-08-19 06:20:00,163.51,309.75
2026-08-19 06:25:00,140.09,286.33
2026-08-19 06:30:00,175.37,321.62
2026-08-19 06:35:00,145.35,291.59
2026-08-19 06:40:00,180.15,326.39
2026-08-19 06:45:00,149.96,296.2
2026-08-19 06:50:00,160.08,306.32
2026-08-19 06:55:00,151.12,297.36
2026-08-19 07:00:00,159.78,306.02
2026-08-19 07:05:00,163.27,309.51
2026-08-19 07:10:00,187.89,334.13
2026-08-19 07:15:00,245.06,391.3
2026-08-19 07:20:00,194.0,340.24
2026-08-19 07:25:00,187.82,334.06
2026-08-19 07:30:00,177.07,323.31
2026-08-19 07:35:00,134.96,281.2
2026-08-19 07:40:00,142.33,288.57
2026-08-19 07:45:00,134.22,280.47
2026-08-19 07:50:00,166.18,312.42
2026-08-19 07:55:00,133.09,279.33
2026-08-19 08:00:00,153.81,300.05
2026-08-19 08:05:00,186.64,332.88
2026-08-19 08:10:00,211.65,357.89
2026-08-19 08:15:00,203.29,349.53
2026-08-19 08:20:00,151.01,297.25
2026-08-19 08:25:00,198.46,344.7
2026-08-19 08:30:00,139.61,285.85
2026-08-19 08:35:00,200.28,346.52
2026-08-19 08:40:00,198.61,344.85
2026-08-19 08:45:00,246.53,392.77
2026-08-19 08:50:00,194.81,341.05
2026-08-19 08:55:00,228.96,375.2
2026-08-19 09:00:00,216.4,362.64
2026-08-19 09:05:00,211.44,357.68
2026-08-19 09:10:00,205.84,352.08
2026-08-19 09:15:00,228.64,374.88
2026-08-19 09:20:00,237.43,383.67
2026-08-19 09:25:00,285.55,431.79
2026-08-19 09:30:00,263.12,409.36
2026-08-19 09:35:00,231.15,377.39
2026-08-19 09:40:00,198.34,344.58
2026-08-19 09:45:00,197.99,344.23
2026-08-19 09:50:00,265.51,411.75
2026-08-19 09:55:00,236.7,382.94
2026-08-19 10:00:00,276.51,422.75
2026-08-19 10:05:00,278.45,424.69
2026-08-19 10:10:00,271.76,418.0
2026-08-19 10:15:00,251.77,398.01
2026-08-19 10:20:00,288.29,434.53
2026-08-19 10:25:00,281.01,427.25
2026-08-19 10:30:00,255.09,401.33
2026-08-19 10:35:00,268.6,414.84
2026-08-19 10:40:00,271.11,417.35
2026-08-19 10:45:00,244.87,391.11
2026-08-19 10:50:00,268.53,414.77
2026-08-19 10:55:00,283.25,429.49
2026-08-19 11:00:00,295.5,441.74
2026-08-19 11:05:00,274.71,420.95
2026-08-19 11:10:00,233.02,379.26
2026-08-19 11:15:00,333.66,479.9
2026-08-19 11:20:00,370.71,516.95
2026-08-19 11:25:00,337.48,483.72
2026-08-19 11:30:00,302.91,449.15
2026-08-19 11:35:00,302.2,448.44
2026-08-19 11:40:00,333.27,479.51
2026-08-19 11:45:00,303.67,449.91
2026-08-19 11:50:00,280.31,426.55
2026-08-19 11:55:00,353.82,500.06
2026-08-19 12:00:00,339.75,485.99
2026-08-19 12:05:00,379.26,525.5
2026-08-19 12:10:00,308.14,454.38
2026-08-19 12:15:00,317.59,463.83
2026-08-19 12:20:00,404.43,550.67
2026-08-19 12:25:00,356.8,503.04
2026-08-19 12:30:00,328.15,474.39
2026-08-19 12:35:00,272.69,418.93
2026-08-19 12:40:00,344.45,490.69
2026-08-19 12:45:00,320.05,466.29
2026-08-19 12:50:00,305.52,451.76
2026-08-19 12:55:00,288.88,435.12
2026-08-19 13:00:00,357.88,504.12
2026-08-19 13:05:00,388.46,534.7
2026-08-19 13:10:00,354.71,500.95
2026-08-19 13:15:00,302.36,448.6
2026-08-19 13:20:00,363.61,509.85
2026-08-19 13:25:00,356.24,502.48
2026-08-19 13:30:00,309.07,455.31
2026-08-19 13:35:00,242.98,389.22
2026-08-19 13:40:00,284.86,431.1
2026-08-19 13:45:00,258.52,404.76
2026-08-19 13:50:00,263.97,410.21
2026-08-19 13:55:00,331.58,477.82
2026-08-19 14:00:00,322.2,468.44
2026-08-19 14:05:00,352.15,498.39
2026-08-19 14:10:00,327.86,474.1
2026-08-19 14:15:00,326.32,472.56
2026-08-19 14:20:00,407.23,553.47
2026-08-19 14:25:00,347.91,494.15
2026-08-19 14:30:00,342.15,488.39
2026-08-19 14:35:00,300.05,446.29
2026-08-19 14:40:00,375.55,521.79
2026-08-19 14:45:00,323.35,469.59
2026-08-19 14:50:00,361.95,508.19
2026-08-19 14:55:00,332.81,479.05
2026-08-19 15:00:00,357.86,504.1
2026-08-19 15:05:00,360.29,506.53
2026-08-19 15:10:00,313.66,459.9
2026-08-19 15:15:00,376.82,523.06
2026-08-19 15:20:00,321.33,467.57
2026-08-19 15:25:00,354.93,501.17
2026-08-19 15:30:00,331.26,477.5
2026-08-19 15:35:00,283.26,429.5
2026-08-19 15:40:00,308.43,454.67
2026-08-19 15:45:00,308.07,454.31
2026-08-19 15:50:00,243.28,389.52
2026-08-19 15:55:00,297.01,443.25
2026-08-19 16:00:00,290.55,436.79
2026-08-19 16:05:00,298.16,444.4
2026-08-19 16:10:00,294.6,440.84
2026-08-19 16:15:00,321.83,468.07
2026-08-19 16:20:00,273.89,420.13
2026-08-19 16:25:00,281.03,427.27
2026-08-19 16:30:00,249.21,395.45
2026-08-19 16:35:00,370.16,516.4
2026-08-19 16:40:00,344.09,490.33
2026-08-19 16:45:00,341.92,488.16
2026-08-19 16:50:00,330.51,476.75
2026-08-19 16:55:00,239.72,385.96
2026-08-19 17:00:00,192.99,339.23
2026-08-19 17:05:00,224.47,370.71
2026-08-19 17:10:00,203.3,349.54
2026-08-19 17:15:00,237.66,383.9
2026-08-19 17:20:00,243.16,389.4
2026-08-19 17:25:00,297.5,443.74
2026-08-19 17:30:00,240.31,386.55
2026-08-19 17:35:00,255.51,401.75
2026-08-19 17:40:00,273.24,419.48
2026-08-19 17:45:00,289.15,435.39
2026-08-19 17:50:00,257.68,403.92
2026-08-19 17:55:00,265.67,411.91
2026-08-19 18:00:00,261.8,408.04
2026-08-19 18:05:00,302.5,448.74
2026-08-19 18:10:00,244.01,390.25
2026-08-19 18:15:00,251.93,398.17
2026-08-19 18:20:00,248.92,395.16
2026-08-19 18:25:00,221.48,367.72
2026-08-19 18:30:00,223.74,369.98
2026-08-19 18:35:00,227.22,373.46
2026-08-19 18:40:00,171.23,317.47
2026-08-19 18:45:00,139.52,285.76
2026-08-19 18:50:00,216.7,362.94
2026-08-19 18:55:00,252.2,398.44
2026-08-19 19:00:00,278.83,425.07
2026-08-19 19:05:00,247.44,393.68
2026-08-19 19:10:00,193.46,339.7
2026-08-19 19:15:00,187.89,334.13
2026-08-19 19:20:00,202.7,348.94
2026-08-19 19:25:00,188.9,335.14
2026-08-19 19:30:00,237.11,383.35
2026-08-19 19:35:00,275.28,421.52
2026-08-19 19:40:00,253.39,399.63
2026-08-19 19:45:00,215.97,362.21
2026-08-19 19:50:00,197.78,344.02
2026-08-19 19:55:00,240.97,387.21
2026-08-19 20:00:00,249.06,395.3
2026-08-19 20:05:00,219.38,365.62
2026-08-19 20:10:00,196.67,342.91
2026-08-19 20:15:00,198.2,344.44
2026-08-19 20:20:00,181.87,328.11
2026-08-19 20:25:00,157.82,304.06
2026-08-19 20:30:00,162.41,308.65
2026-08-19 20:35:00,159.92,306.16
2026-08-19 20:40:00,178.79,325.03
2026-08-19 20:45:00,161.54,307.78
2026-08-19 20:50:00,154.2,300.44
2026-08-19 20:55:00,122.6,268.84
2026-08-19 21:00:00,134.75,280.99
2026-08-19 21:05:00,119.08,265.32
2026-08-19 21:10:00,131.11,277.35
2026-08-19 21:15:00,132.54,278.78
2026-08-19 21:20:00,140.51,286.75
2026-08-19 21:25:00,113.03,259.27
2026-08-19 21:30:00,109.86,256.1
2026-08-19 21:35:00,133.77,280.01
2026-08-19 21:40:00,134.32,280.56
2026-08-19 21:45:00,117.38,263.62
2026-08-19 21:50:00,121.53,267.77
2026-08-19 21:55:00,123.08,269.32
2026-08-19 22:00:00,113.16,259.4
2026-08-19 22:05:00,125.94,272.18
2026-08-19 22:10:00,150.39,296.63
2026-08-19 22:15:00,122.99,269.23
2026-08-19 22:20:00,122.52,268.76
2026-08-19 22:25:00,107.58,253.82
2026-08-19 22:30:00,131.81,278.05
2026-08-19 22:35:00,147.19,293.43
2026-08-19 22:40:00,116.97,263.21
2026-08-19 22:45:00,123.61,269.85
2026-08-19 22:50:00,109.46,255.7
2026-08-19 22:55:00,110.26,256.5
2026-08-19 23:00:00,104.3,250.54
2026-08-19 23:05:00,91.37,237.61
2026-08-19 23:10:00,133.17,279.41
2026-08-19 23:15:00,129.61,275.85
2026-08-19 23:20:00,146.77,293.01
2026-08-19 23:25:00,133.19,279.43
2026-08-19 23:30:00,127.18,273.42
2026-08-19 23:35:00,102.77,249.01
2026-08-19 23:40:00,112.26,258.5
2026-08-19 23:45:00,112.3,258.54
2026-08-19 23:50:00,151.58,297.82
2026-08-19 23:55:00,145.97,292.21
2026-08-20 00:00:00,123.97,270.21
2026-08-20 00:05:00,122.37,268.61
2026-08-20 00:10:00,137.8,284.04
2026-08-20 00:15:00,110.44,256.68
2026-08-20 00:20:00,97.47,243.71
2026-08-20 00:25:00,110.29,256.53
2026-08-20 00:30:00,101.78,248.02
2026-08-20 00:35:00,104.3,250.54
2026-08-20 00:40:00,96.15,242.39
2026-08-20 00:45:00,131.22,277.46
2026-08-20 00:50:00,93.95,240.19
2026-08-20 00:55:00,89.11,235.35
2026-08-20 01:00:00,112.73,258.97
2026-08-20 01:05:00,123.07,269.31
2026-08-20 01:10:00,110.35,256.6
2026-08-20 01:15:00,95.65,241.89
2026-08-20 01:20:00,111.84,258.08
2026-08-20 01:25:00,80.68,226.92
2026-08-20 01:30:00,94.45,240.69
2026-08-20 01:35:00,97.45,243.69
2026-08-20 01:40:00,116.6,262.84
2026-08-20 01:45:00,126.88,273.12
2026-08-20 01:50:00,116.54,262.78
2026-08-20 01:55:00,132.59,278.83
2026-08-20 02:00:00,119.95,266.19
2026-08-20 02:05:00,116.34,262.58
2026-08-20 02:10:00,109.08,255.32
2026-08-20 02:15:00,95.32,241.56
2026-08-20 02:20:00,96.69,242.93
2026-08-20 02:25:00,108.44,254.68
2026-08-20 02:30:00,104.45,250.69
2026-08-20 02:35:00,86.93,233.17
2026-08-20 02:40:00,111.45,257.69
2026-08-20 02:45:00,113.64,259.88
2026-08-20 02:50:00,135.07,281.31
2026-08-20 02:55:00,151.39,297.63
2026-08-20 03:00:00,154.66,300.9
2026-08-20 03:05:00,146.04,292.28
2026-08-20 03:10:00,114.55,260.79
2026-08-20 03:15:00,157.17,303.41
2026-08-20 03:20:00,161.54,307.78
2026-08-20 03:25:00,152.38,298.63
2026-08-20 03:30:00,139.91,286.15
2026-08-20 03:35:00,126.42,272.66
2026-08-20 03:40:00,114.12,260.36
2026-08-20 03:45:00,113.91,260.15
2026-08-20 03:50:00,131.18,277.42
2026-08-20 03:55:00,106.01,252.25
2026-08-20 04:00:00,110.04,256.28
2026-08-20 04:05:00,98.11,244.35
2026-08-20 04:10:00,130.3,276.55
2026-08-20 04:15:00,123.46,269.7
2026-08-20 04:20:00,129.26,275.5
2026-08-20 04:25:00,146.48,292.72
2026-08-20 04:30:00,142.72,288.96
2026-08-20 04:35:00,142.81,289.05
2026-08-20 04:40:00,132.45,278.7
2026-08-20 04:45:00,162.24,308.48
2026-08-20 04:50:00,163.51,309.75
2026-08-20 04:55:00,141.58,287.82
2026-08-20 05:00:00,160.67,306.91
2026-08-20 05:05:00,116.71,262.95
2026-08-20 05:10:00,125.38,271.62
2026-08-20 05:15:00,145.93,292.17
2026-08-20 05:20:00,116.94,263.18
2026-08-20 05:25:00,136.03,282.27
2026-08-20 05:30:00,140.92,287.16
2026-08-20 05:35:00,174.93,321.17
2026-08-20 05:40:00,135.06,281.3
2026-08-20 05:45:00,173.88,320.12
2026-08-20 05:50:00,133.63,279.87
2026-08-20 05:55:00,124.56,270.8
2026-08-20 06:00:00,122.02,268.26
2026-08-20 06:05:00,114.41,260.65
2026-08-20 06:10:00,140.29,286.53
2026-08-20 06:15:00,126.37,272.61
2026-08-20 06:20:00,155.15,301.39
2026-08-20 06:25:00,139.72,285.96
2026-08-20 06:30:00,125.39,271.63
2026-08-20 06:35:00,133.3,279.54
2026-08-20 06:40:00,149.25,295.49
2026-08-20 06:45:00,147.19,293.43
2026-08-20 06:50:00,160.26,306.5
2026-08-20 06:55:00,172.01,318.25
2026-08-20 07:00:00,196.32,342.56
2026-08-20 07:05:00,163.2,309.44
2026-08-20 07:10:00,142.26,288.5
2026-08-20 07:15:00,198.54,344.78
2026-08-20 07:20:00,187.8,334.04
2026-08-20 07:25:00,160.63,306.87
2026-08-20 07:30:00,163.17,309.42
2026-08-20 07:35:00,134.37,280.61
2026-08-20 07:40:00,158.32,304.56
2026-08-20 07:45:00,138.64,284.88
2026-08-20 07:50:00,175.81,322.05
2026-08-20 07:55:00,144.08,290.32
2026-08-20 08:00:00,135.34,281.58
2026-08-20 08:05:00,137.11,283.35
2026-08-20 08:10:00,158.26,304.5
2026-08-20 08:15:00,163.58,309.82
2026-08-20 08:20:00,148.46,294.7
2026-08-20 08:25:00,179.59,325.83
2026-08-20 08:30:00,165.9,312.14
2026-08-20 08:35:00,190.88,337.12
2026-08-20 08:40:00,187.97,334.21
2026-08-20 08:45:00,228.08,374.32
2026-08-20 08:50:00,231.47,377.71
2026-08-20 08:55:00,209.42,355.66
2026-08-20 09:00:00,210.84,357.08
2026-08-20 09:05:00,218.19,364.43
2026-08-20 09:10:00,268.16,414.4
2026-08-20 09:15:00,232.82,379.06
2026-08-20 09:20:00,241.63,387.87
2026-08-20 09:25:00,237.45,383.69
2026-08-20 09:30:00,251.36,397.6
2026-08-20 09:35:00,273.61,419.85
2026-08-20 09:40:00,247.38,393.62
2026-08-20 09:45:00,247.8,394.04
2026-08-20 09:50:00,257.2,403.44
2026-08-20 09:55:00,246.95,393.19
2026-08-20 10:00:00,284.99,431.23
2026-08-20 10:05:00,269.5,415.74
2026-08-20 10:10:00,247.23,393.47
2026-08-20 10:15:00,236.72,382.96
2026-08-20 10:20:00,232.67,378.91
2026-08-20 10:25:00,269.27,415.51
2026-08-20 10:30:00,241.65,387.89
2026-08-20 10:35:00,274.72,420.96
2026-08-20 10:40:00,247.33,393.57
2026-08-20 10:45:00,259.75,405.99
2026-08-20 10:50:00,293.71,439.95
2026-08-20 10:55:00,248.44,394.68
2026-08-20 11:00:00,331.03,477.27
2026-08-20 11:05:00,293.79,440.03
2026-08-20 11:10:00,282.09,428.33
2026-08-20 11:15:00,313.26,459.5
2026-08-20 11:20:00,327.69,473.93
2026-08-20 11:25:00,294.54,440.78
2026-08-20 11:30:00,326.64,472.88
2026-08-20 11:35:00,342.75,488.99
2026-08-20 11:40:00,366.39,512.63
2026-08-20 11:45:00,347.46,493.7
2026-08-20 11:50:00,396.12,542.36
2026-08-20 11:55:00,367.06,513.3
2026-08-20 12:00:00,298.81,445.05
2026-08-20 12:05:00,390.33,536.57
2026-08-20 12:10:00,338.2,484.44
2026-08-20 12:15:00,371.03,517.27
2026-08-20 12:20:00,345.11,491.35
2026-08-20 12:25:00,362.46,508.7
2026-08-20 12:30:00,317.78,464.02
2026-08-20 12:35:00,327.11,473.35
2026-08-20 12:40:00,320.4,466.65
2026-08-20 12:45:00,392.06,538.3
2026-08-20 12:50:00,358.64,504.88
2026-08-20 12:55:00,388.41,534.65
2026-08-20 13:00:00,283.37,429.61
2026-08-20 13:05:00,299.03,445.27
2026-08-20 13:10:00,323.58,469.82
2026-08-20 13:15:00,335.34,481.58
2026-08-20 13:20:00,353.11,499.35
2026-08-20 13:25:00,350.77,497.01
2026-08-20 13:30:00,342.97,489.21
2026-08-20 13:35:00,359.16,505.4
2026-08-20 13:40:00,298.05,444.29
2026-08-20 13:45:00,328.64,474.88
2026-08-20 13:50:00,307.48,453.72
2026-08-20 13:55:00,291.22,437.46
2026-08-20 14:00:00,324.17,470.41
2026-08-20 14:05:00,384.09,530.33
2026-08-20 14:10:00,406.61,552.85
2026-08-20 14:15:00,360.4,506.64
2026-08-20 14:20:00,370.36,516.6
2026-08-20 14:25:00,372.61,518.85
2026-08-20 14:30:00,334.76,481.0
2026-08-20 14:35:00,324.11,470.35
2026-08-20 14:40:00,302.46,448.7
2026-08-20 14:45:00,334.87,481.11
2026-08-20 14:50:00,325.46,471.7
2026-08-20 14:55:00,288.41,434.65
2026-08-20 15:00:00,265.5,411.74
2026-08-20 15:05:00,320.27,466.51
2026-08-20 15:10:00,296.97,443.21
2026-08-20 15:15:00,338.98,485.22
2026-08-20 15:20:00,377.64,523.88
2026-08-20 15:25:00,317.69,463.93
2026-08-20 15:30:00,325.65,471.89
2026-08-20 15:35:00,264.52,410.76
2026-08-20 15:40:00,327.26,473.5
2026-08-20 15:45:00,360.67,506.91
2026-08-20 15:50:00,266.43,412.67
2026-08-20 15:55:00,317.33,463.57
2026-08-20 16:00:00,333.66,479.9
2026-08-20 16:05:00,329.4,475.64
2026-08-20 16:10:00,306.2,452.44
2026-08-20 16:15:00,333.51,479.75
2026-08-20 16:20:00,308.62,454.86
2026-08-20 16:25:00,318.58,464.82
2026-08-20 16:30:00,317.08,463.32
2026-08-20 16:35:00,282.15,428.39
2026-08-20 16:40:00,294.05,440.29
2026-08-20 16:45:00,347.92,494.16
2026-08-20 16:50:00,298.63,444.87
2026-08-20 16:55:00,236.26,382.5
2026-08-20 17:00:00,250.95,397.19
2026-08-20 17:05:00,269.34,415.58
2026-08-20 17:10:00,231.89,378.13
2026-08-20 17:15:00,246.87,393.11
2026-08-20 17:20:00,206.32,352.56
2026-08-20 17:25:00,264.38,410.62
2026-08-20 17:30:00,258.84,405.08
2026-08-20 17:35:00,215.01,361.25
2026-08-20 17:40:00,262.11,408.35
2026-08-20 17:45:00,272.3,418.54
2026-08-20 17:50:00,279.82,426.06
2026-08-20 17:55:00,225.6,371.84
2026-08-20 18:00:00,227.61,373.85
2026-08-20 18:05:00,211.86,358.1
2026-08-20 18:10:00,208.32,354.56
2026-08-20 18:15:00,216.85,363.09
2026-08-20 18:20:00,239.16,385.4
2026-08-20 18:25:00,224.04,370.28
2026-08-20 18:30:00,200.69,346.93
2026-08-20 18:35:00,214.43,360.67
2026-08-20 18:40:00,290.22,436.46
2026-08-20 18:45:00,242.06,388.3
2026-08-20 18:50:00,220.26,366.5
2026-08-20 18:55:00,320.3,466.54
2026-08-20 19:00:00,268.08,414.32
2026-08-20 19:05:00,212.38,358.62
2026-08-20 19:10:00,220.04,366.28
2026-08-20 19:15:00,191.56,337.8
2026-08-20 19:20:00,222.82,369.06
2026-08-20 19:25:00,215.38,361.62
2026-08-20 19:30:00,200.69,346.93
2026-08-20 19:35:00,234.97,381.21
2026-08-20 19:40:00,235.07,381.31
2026-08-20 19:45:00,228.74,374.98
2026-08-20 19:50:00,238.97,385.21
2026-08-20 19:55:00,217.18,363.42
2026-08-20 20:00:00,246.95,393.19
2026-08-20 20:05:00,250.28,396.52
2026-08-20 20:10:00,205.19,351.43
2026-08-20 20:15:00,251.5,397.74
2026-08-20 20:20:00,221.32,367.56
2026-08-20 20:25:00,204.76,351.0
2026-08-20 20:30:00,166.17,312.41
2026-08-20 20:35:00,164.46,310.7
2026-08-20 20:40:00,136.13,282.37
2026-08-20 20:45:00,140.93,287.17
2026-08-20 20:50:00,149.34,295.58
2026-08-20 20:55:00,133.84,280.08
2026-08-20 21:00:00,131.68,277.92
2026-08-20 21:05:00,131.65,277.89
2026-08-20 21:10:00,158.39,304.63
2026-08-20 21:15:00,157.25,303.49
2026-08-20 21:20:00,151.79,298.03
2026-08-20 21:25:00,122.98,269.22
2026-08-20 21:30:00,150.65,296.89
2026-08-20 21:35:00,136.76,283.0
2026-08-20 21:40:00,138.66,284.9
2026-08-20 21:45:00,117.25,263.49
2026-08-20 21:50:00,110.8,257.04
2026-08-20 21:55:00,144.58,290.83
2026-08-20 22:00:00,161.15,307.39
2026-08-20 22:05:00,156.88,303.12
2026-08-20 22:10:00,145.62,291.86
2026-08-20 22:15:00,142.74,288.98
2026-08-20 22:20:00,136.99,283.23
2026-08-20 22:25:00,129.56,275.8
2026-08-20 22:30:00,131.03,277.27
2026-08-20 22:35:00,140.19,286.43
2026-08-20 22:40:00,127.93,274.17
2026-08-20 22:45:00,129.36,275.6
2026-08-20 22:50:00,135.27,281.51
2026-08-20 22:55:00,127.23,273.47
2026-08-20 23:00:00,139.26,285.5
2026-08-20 23:05:00,111.09,257.33
2026-08-20 23:10:00,112.14,258.38
2026-08-20 23:15:00,120.58,266.82
2026-08-20 23:20:00,121.66,267.9
2026-08-20 23:25:00,145.78,292.02
2026-08-20 23:30:00,111.28,257.52
2026-08-20 23:35:00,99.33,245.57
2026-08-20 23:40:00,127.97,274.21
2026-08-20 23:45:00,114.27,260.51
2026-08-20 23:50:00,111.82,258.06
2026-08-20 23:55:00,105.56,251.8
2026-08-21 00:00:00,123.53,269.77
2026-08-21 00:05:00,126.51,272.75
2026-08-21 00:10:00,118.03,264.27
2026-08-21 00:15:00,124.76,271.0
2026-08-21 00:20:00,115.88,262.12
2026-08-21 00:25:00,116.44,262.68
2026-08-21 00:30:00,100.86,247.1
2026-08-21 00:35:00,123.53,269.77
2026-08-21 00:40:00,129.77,276.01
2026-08-21 00:45:00,119.73,265.97
2026-08-21 00:50:00,103.28,249.52
2026-08-21 00:55:00,92.79,239.03
2026-08-21 01:00:00,87.92,234.16
2026-08-21 01:05:00,111.96,258.2
2026-08-21 01:10:00,110.88,257.12
2026-08-21 01:15:00,100.74,246.98
2026-08-21 01:20:00,101.69,247.93
2026-08-21 01:25:00,69.16,215.4
2026-08-21 01:30:00,81.4,227.64
2026-08-21 01:35:00,105.55,251.79
2026-08-21 01:40:00,100.98,247.22
2026-08-21 01:45:00,125.78,272.02
2026-08-21 01:50:00,114.38,260.62
2026-08-21 01:55:00,118.6,264.84
2026-08-21 02:00:00,116.28,262.52
2026-08-21 02:05:00,114.6,260.84
2026-08-21 02:10:00,116.42,262.66
2026-08-21 02:15:00,88.72,234.97
2026-08-21 02:20:00,100.82,247.06
2026-08-21 02:25:00,109.03,255.27
2026-08-21 02:30:00,137.09,283.33
2026-08-21 02:35:00,106.53,252.77
2026-08-21 02:40:00,129.35,275.59
2026-08-21 02:45:00,108.58,254.82
2026-08-21 02:50:00,108.05,254.29
2026-08-21 02:55:00,113.03,259.27
2026-08-21 03:00:00,141.65,287.89
2026-08-21 03:05:00,144.75,290.99
2026-08-21 03:10:00,106.74,252.98
2026-08-21 03:15:00,155.18,301.42
2026-08-21 03:20:00,130.87,277.11
2026-08-21 03:25:00,139.78,286.02
2026-08-21 03:30:00,114.93,261.17
2026-08-21 03:35:00,123.04,269.28
2026-08-21 03:40:00,91.11,237.35
2026-08-21 03:45:00,95.39,241.63
2026-08-21 03:50:00,120.01,266.25
2026-08-21 03:55:00,96.42,242.66
2026-08-21 04:00:00,113.29,259.53
2026-08-21 04:05:00,138.89,285.13
2026-08-21 04:10:00,118.54,264.78
2026-08-21 04:15:00,109.27,255.51
2026-08-21 04:20:00,110.88,257.12
2026-08-21 04:25:00,104.28,250.52
2026-08-21 04:30:00,117.71,263.95
2026-08-21 04:35:00,110.57,256.81
2026-08-21 04:40:00,130.49,276.73
2026-08-21 04:45:00,148.01,294.25
2026-08-21 04:50:00,132.93,279.17
2026-08-21 04:55:00,146.56,292.8
2026-08-21 05:00:00,129.23,275.48
2026-08-21 05:05:00,118.25,264.49
2026-08-21 05:10:00,149.6,295.84
2026-08-21 05:15:00,151.71,297.95
2026-08-21 05:20:00,137.76,284.0
2026-08-21 05:25:00,145.96,292.2
2026-08-21 05:30:00,144.63,290.87
2026-08-21 05:35:00,133.95,280.19
2026-08-21 05:40:00,144.85,291.09
2026-08-21 05:45:00,182.07,328.31
2026-08-21 05:50:00,153.41,299.65
2026-08-21 05:55:00,148.9,295.14
2026-08-21 06:00:00,159.92,306.16
2026-08-21 06:05:00,129.22,275.46
2026-08-21 06:10:00,145.82,292.06
2026-08-21 06:15:00,130.3,276.54
2026-08-21 06:20:00,134.49,280.73
2026-08-21 06:25:00,177.72,323.96
2026-08-21 06:30:00,157.74,303.99
2026-08-21 06:35:00,146.01,292.25
2026-08-21 06:40:00,168.0,314.24
2026-08-21 06:45:00,146.2,292.44
2026-08-21 06:50:00,151.27,297.51
2026-08-21 06:55:00,177.12,323.36
2026-08-21 07:00:00,178.42,324.66
2026-08-21 07:05:00,136.9,283.14
2026-08-21 07:10:00,155.39,301.63
2026-08-21 07:15:00,197.12,343.36
2026-08-21 07:20:00,208.09,354.33
2026-08-21 07:25:00,184.08,330.32
2026-08-21 07:30:00,208.9,355.14
2026-08-21 07:35:00,205.89,352.13
2026-08-21 07:40:00,181.48,327.72
2026-08-21 07:45:00,158.4,304.64
2026-08-21 07:50:00,174.67,320.91
2026-08-21 07:55:00,153.14,299.38
2026-08-21 08:00:00,169.97,316.21
2026-08-21 08:05:00,155.2,301.44
2026-08-21 08:10:00,163.14,309.38
2026-08-21 08:15:00,190.5,336.74
2026-08-21 08:20:00,173.82,320.06
2026-08-21 08:25:00,201.11,347.35
2026-08-21 08:30:00,172.07,318.31
2026-08-21 08:35:00,177.42,323.66
2026-08-21 08:40:00,192.21,338.45
2026-08-21 08:45:00,191.67,337.91
2026-08-21 08:50:00,192.07,338.31
2026-08-21 08:55:00,214.4,360.64
2026-08-21 09:00:00,179.08,325.32
2026-08-21 09:05:00,186.16,332.4
2026-08-21 09:10:00,214.58,360.82
2026-08-21 09:15:00,204.55,350.79
2026-08-21 09:20:00,253.12,399.36
2026-08-21 09:25:00,246.54,392.78
2026-08-21 09:30:00,221.22,367.46
2026-08-21 09:35:00,212.72,358.96
2026-08-21 09:40:00,213.18,359.42
2026-08-21 09:45:00,213.51,359.75
2026-08-21 09:50:00,224.52,370.76
2026-08-21 09:55:00,218.37,364.61
2026-08-21 10:00:00,214.82,361.06
2026-08-21 10:05:00,182.97,329.21
2026-08-21 10:10:00,191.5,337.74
2026-08-21 10:15:00,267.17,413.41
2026-08-21 10:20:00,305.77,452.01
2026-08-21 10:25:00,330.07,476.31
2026-08-21 10:30:00,337.34,483.58
2026-08-21 10:35:00,305.0,451.24
2026-08-21 10:40:00,281.22,427.46
2026-08-21 10:45:00,245.37,391.61
2026-08-21 10:50:00,279.71,425.95
2026-08-21 10:55:00,297.22,443.46
2026-08-21 11:00:00,369.94,516.18
2026-08-21 11:05:00,314.83,461.07
2026-08-21 11:10:00,355.63,501.87
2026-08-21 11:15:00,325.75,471.99
2026-08-21 11:20:00,351.76,498.0
2026-08-21 11:25:00,356.4,502.64
2026-08-21 11:30:00,293.54,439.78
2026-08-21 11:35:00,294.2,440.44
2026-08-21 11:40:00,246.75,392.99
2026-08-21 11:45:00,239.45,385.69
2026-08-21 11:50:00,290.96,437.2
2026-08-21 11:55:00,279.92,426.16
2026-08-21 12:00:00,317.62,463.86
2026-08-21 12:05:00,312.14,458.38
2026-08-21 12:10:00,273.92,420.16
2026-08-21 12:15:00,331.79,478.03
2026-08-21 12:20:00,320.28,466.52
2026-08-21 12:25:00,331.85,478.09
2026-08-21 12:30:00,350.95,497.19
2026-08-21 12:35:00,374.74,520.98
2026-08-21 12:40:00,353.35,499.59
2026-08-21 12:45:00,287.08,433.32
2026-08-21 12:50:00,293.62,439.86
2026-08-21 12:55:00,326.4,472.64
2026-08-21 13:00:00,287.88,434.12
2026-08-21 13:05:00,312.64,458.88
2026-08-21 13:10:00,305.78,452.02
2026-08-21 13:15:00,280.65,426.89
2026-08-21 13:20:00,313.49,459.73
2026-08-21 13:25:00,327.55,473.79
2026-08-21 13:30:00,320.56,466.8
2026-08-21 13:35:00,285.87,432.11
2026-08-21 13:40:00,378.8,525.04
2026-08-21 13:45:00,347.73,493.97
2026-08-21 13:50:00,331.17,477.41
2026-08-21 13:55:00,319.21,465.45
2026-08-21 14:00:00,342.79,489.03
2026-08-21 14:05:00,396.01,542.25
2026-08-21 14:10:00,393.84,540.08
2026-08-21 14:15:00,384.97,531.21
2026-08-21 14:20:00,371.41,517.65
2026-08-21 14:25:00,297.17,443.41
2026-08-21 14:30:00,271.73,417.97
2026-08-21 14:35:00,309.26,455.5
2026-08-21 14:40:00,296.81,443.05
2026-08-21 14:45:00,268.45,414.69
2026-08-21 14:50:00,240.4,386.64
2026-08-21 14:55:00,240.29,386.53
2026-08-21 15:00:00,288.79,435.03
2026-08-21 15:05:00,300.14,446.38
2026-08-21 15:10:00,283.32,429.56
2026-08-21 15:15:00,325.73,471.97
2026-08-21 15:20:00,308.9,455.14
2026-08-21 15:25:00,365.67,511.92
2026-08-21 15:30:00,348.23,494.47
2026-08-21 15:35:00,308.33,454.57
2026-08-21 15:40:00,343.01,489.26
2026-08-21 15:45:00,279.02,425.26
2026-08-21 15:50:00,263.82,410.06
2026-08-21 15:55:00,261.93,408.17
2026-08-21 16:00:00,265.34,411.58
2026-08-21 16:05:00,280.89,427.13
2026-08-21 16:10:00,302.38,448.62
2026-08-21 16:15:00,283.33,429.57
2026-08-21 16:20:00,275.98,422.22
2026-08-21 16:25:00,304.25,450.49
2026-08-21 16:30:00,322.88,469.12
2026-08-21 16:35:00,295.92,442.16
2026-08-21 16:40:00,270.37,416.61
2026-08-21 16:45:00,301.39,447.63
2026-08-21 16:50:00,322.7,468.94
2026-08-21 16:55:00,253.11,399.35
2026-08-21 17:00:00,239.07,385.31
2026-08-21 17:05:00,360.41,506.65
2026-08-21 17:10:00,301.32,447.56
2026-08-21 17:15:00,243.55,389.79
2026-08-21 17:20:00,223.94,370.18
2026-08-21 17:25:00,191.81,338.05
2026-08-21 17:30:00,221.26,367.5
2026-08-21 17:35:00,261.05,407.29
2026-08-21 17:40:00,252.61,398.86
2026-08-21 17:45:00,257.2,403.44
2026-08-21 17:50:00,283.26,429.5
2026-08-21 17:55:00,199.53,345.78
2026-08-21 18:00:00,203.67,349.91
2026-08-21 18:05:00,213.51,359.75
2026-08-21 18:10:00,205.88,352.12
2026-08-21 18:15:00,208.62,354.86
2026-08-21 18:20:00,203.54,349.78
2026-08-21 18:25:00,216.61,362.85
2026-08-21 18:30:00,204.86,351.1
2026-08-21 18:35:00,241.73,387.97
2026-08-21 18:40:00,230.54,376.78
2026-08-21 18:45:00,234.65,380.89
2026-08-21 18:50:00,205.54,351.78
2026-08-21 18:55:00,219.05,365.29
2026-08-21 19:00:00,201.44,347.68
2026-08-21 19:05:00,207.96,354.2
2026-08-21 19:10:00,224.95,371.19
2026-08-21 19:15:00,202.23,348.47
2026-08-21 19:20:00,239.64,385.88
2026-08-21 19:25:00,263.45,409.69
2026-08-21 19:30:00,252.46,398.7
2026-08-21 19:35:00,202.39,348.63
2026-08-21 19:40:00,169.33,315.57
2026-08-21 19:45:00,197.4,343.64
2026-08-21 19:50:00,216.81,363.05
2026-08-21 19:55:00,203.55,349.79
2026-08-21 20:00:00,253.97,400.21
2026-08-21 20:05:00,213.86,360.1
2026-08-21 20:10:00,179.97,326.21
2026-08-21 20:15:00,209.34,355.58
2026-08-21 20:20:00,166.95,313.19
2026-08-21 20:25:00,174.05,320.29
2026-08-21 20:30:00,170.81,317.05
2026-08-21 20:35:00,169.83,316.07
2026-08-21 20:40:00,185.33,331.57
2026-08-21 20:45:00,189.77,336.01
2026-08-21 20:50:00,169.3,315.54
2026-08-21 20:55:00,118.25,264.49
2026-08-21 21:00:00,100.01,246.25
2026-08-21 21:05:00,128.56,274.8
2026-08-21 21:10:00,121.1,267.34
2026-08-21 21:15:00,122.14,268.38
2026-08-21 21:20:00,137.29,283.53
2026-08-21 21:25:00,164.98,311.22
2026-08-21 21:30:00,129.92,276.16
2026-08-21 21:35:00,119.62,265.86
2026-08-21 21:40:00,130.79,277.03
2026-08-21 21:45:00,124.85,271.09
2026-08-21 21:50:00,121.33,267.57
2026-08-21 21:55:00,140.03,286.27
2026-08-21 22:00:00,124.02,270.26
2026-08-21 22:05:00,133.24,279.48
2026-08-21 22:10:00,143.48,289.72
2026-08-21 22:15:00,127.74,273.98
2026-08-21 22:20:00,142.05,288.29
2026-08-21 22:25:00,138.22,284.46
2026-08-21 22:30:00,142.42,288.66
2026-08-21 22:35:00,154.86,301.1
2026-08-21 22:40:00,137.24,283.48
2026-08-21 22:45:00,122.87,269.11
2026-08-21 22:50:00,114.15,260.39
2026-08-21 22:55:00,143.44,289.68
2026-08-21 23:00:00,145.51,291.75
2026-08-21 23:05:00,113.59,259.83
2026-08-21 23:10:00,122.69,268.93
2026-08-21 23:15:00,106.62,252.86
2026-08-21 23:20:00,120.82,267.06
2026-08-21 23:25:00,143.0,289.24
2026-08-21 23:30:00,120.63,266.87
2026-08-21 23:35:00,115.2,261.44
2026-08-21 23:40:00,86.77,233.01
2026-08-21 23:45:00,95.69,241.93
2026-08-21 23:50:00,109.46,255.7
2026-08-21 23:55:00,123.81,270.05
2026-08-22 00:00:00,134.55,280.79
2026-08-22 00:05:00,103.87,250.12
2026-08-22 00:10:00,80.22,226.46
2026-08-22 00:15:00,73.24,219.48
2026-08-22 00:20:00,72.57,218.81
2026-08-22 00:25:00,76.59,222.83
2026-08-22 00:30:00,63.68,209.92
2026-08-22 00:35:00,65.49,211.73
2026-08-22 00:40:00,92.05,238.29
2026-08-22 00:45:00,93.76,240.0
2026-08-22 00:50:00,79.05,225.29
2026-08-22 00:55:00,66.47,212.71
2026-08-22 01:00:00,60.41,206.65
2026-08-22 01:05:00,90.48,236.72
2026-08-22 01:10:00,75.35,221.59
2026-08-22 01:15:00,74.63,220.87
2026-08-22 01:20:00,89.35,235.59
2026-08-22 01:25:00,68.07,214.31
2026-08-22 01:30:00,64.71,210.95
2026-08-22 01:35:00,69.03,215.27
2026-08-22 01:40:00,71.59,217.83
2026-08-22 01:45:00,81.72,227.96
2026-08-22 01:50:00,73.1,219.34
2026-08-22 01:55:00,85.79,232.03
2026-08-22 02:00:00,78.64,224.88
2026-08-22 02:05:00,93.77,240.01
2026-08-22 02:10:00,91.91,238.15
2026-08-22 02:15:00,86.3,232.54
2026-08-22 02:20:00,76.88,223.12
2026-08-22 02:25:00,100.63,246.87
2026-08-22 02:30:00,103.88,250.12
2026-08-22 02:35:00,84.15,230.39
2026-08-22 02:40:00,76.58,222.82
2026-08-22 02:45:00,61.51,207.75
2026-08-22 02:50:00,81.86,228.1
2026-08-22 02:55:00,85.73,231.97
2026-08-22 03:00:00,102.56,248.8
2026-08-22 03:05:00,82.47,228.71
2026-08-22 03:10:00,78.1,224.34
2026-08-22 03:15:00,95.15,241.39
2026-08-22 03:20:00,95.59,241.83
2026-08-22 03:25:00,98.67,244.91
2026-08-22 03:30:00,110.64,256.88
2026-08-22 03:35:00,97.93,244.17
2026-08-22 03:40:00,82.79,229.03
2026-08-22 03:45:00,77.49,223.73
2026-08-22 03:50:00,105.0,251.24
2026-08-22 03:55:00,93.21,239.45
2026-08-22 04:00:00,94.82,241.06
2026-08-22 04:05:00,139.02,285.26
2026-08-22 04:10:00,111.99,258.23
2026-08-22 04:15:00,90.19,236.43
2026-08-22 04:20:00,88.3,234.55
2026-08-22 04:25:00,79.66,225.9
2026-08-22 04:30:00,86.35,232.59
2026-08-22 04:35:00,73.45,219.69
2026-08-22 04:40:00,94.84,241.08
2026-08-22 04:45:00,75.46,221.7
2026-08-22 04:50:00,108.9,255.14
2026-08-22 04:55:00,100.39,246.63
2026-08-22 05:00:00,101.87,248.11
2026-08-22 05:05:00,97.12,243.36
2026-08-22 05:10:00,109.92,256.16
2026-08-22 05:15:00,100.86,247.1
2026-08-22 05:20:00,109.83,256.07
2026-08-22 05:25:00,109.3,255.54
2026-08-22 05:30:00,110.89,257.13
2026-08-22 05:35:00,116.96,263.2
2026-08-22 05:40:00,113.02,259.26
2026-08-22 05:45:00,114.04,260.28
2026-08-22 05:50:00,114.48,260.72
2026-08-22 05:55:00,99.59,245.83
2026-08-22 06:00:00,111.19,257.43
2026-08-22 06:05:00,112.95,259.19
2026-08-22 06:10:00,106.34,252.58
2026-08-22 06:15:00,98.82,245.06
2026-08-22 06:20:00,107.11,253.35
2026-08-22 06:25:00,98.24,244.48
2026-08-22 06:30:00,88.81,235.05
2026-08-22 06:35:00,98.69,244.93
2026-08-22 06:40:00,108.42,254.66
2026-08-22 06:45:00,129.65,275.89
2026-08-22 06:50:00,139.86,286.1
2026-08-22 06:55:00,103.94,250.18
2026-08-22 07:00:00,128.66,274.9
2026-08-22 07:05:00,110.64,256.88
2026-08-22 07:10:00,118.27,264.51
2026-08-22 07:15:00,165.18,311.42
2026-08-22 07:20:00,137.65,283.89
2026-08-22 07:25:00,138.16,284.4
2026-08-22 07:30:00,145.26,291.5
2026-08-22 07:35:00,134.83,281.07
2026-08-22 07:40:00,139.96,286.2
2026-08-22 07:45:00,137.51,283.75
2026-08-22 07:50:00,148.54,294.78
2026-08-22 07:55:00,143.52,289.77
2026-08-22 08:00:00,115.25,261.49
2026-08-22 08:05:00,125.91,272.15
2026-08-22 08:10:00,123.26,269.5
2026-08-22 08:15:00,155.99,302.23
2026-08-22 08:20:00,118.28,264.52
2026-08-22 08:25:00,128.4,274.64
2026-08-22 08:30:00,158.7,304.94
2026-08-22 08:35:00,144.06,290.3
2026-08-22 08:40:00,171.83,318.07
2026-08-22 08:45:00,158.11,304.35
2026-08-22 08:50:00,151.73,297.97
2026-08-22 08:55:00,157.4,303.64
2026-08-22 09:00:00,139.48,285.72
2026-08-22 09:05:00,154.08,300.32
2026-08-22 09:10:00,159.66,305.9
2026-08-22 09:15:00,162.76,309.0
2026-08-22 09:20:00,175.55,321.79
2026-08-22 09:25:00,183.5,329.74
2026-08-22 09:30:00,134.64,280.88
2026-08-22 09:35:00,168.63,314.87
2026-08-22 09:40:00,162.3,308.54
2026-08-22 09:45:00,176.93,323.17
2026-08-22 09:50:00,194.53,340.77
2026-08-22 09:55:00,192.0,338.24
2026-08-22 10:00:00,155.99,302.23
2026-08-22 10:05:00,216.45,362.69
2026-08-22 10:10:00,204.47,350.71
2026-08-22 10:15:00,192.42,338.66
2026-08-22 10:20:00,201.88,348.12
2026-08-22 10:25:00,230.04,376.28
2026-08-22 10:30:00,201.12,347.36
2026-08-22 10:35:00,157.37,303.61
2026-08-22 10:40:00,174.77,321.01
2026-08-22 10:45:00,221.69,367.93
2026-08-22 10:50:00,218.49,364.73
2026-08-22 10:55:00,229.66,375.9
2026-08-22 11:00:00,241.13,387.37
2026-08-22 11:05:00,247.74,393.98
2026-08-22 11:10:00,211.12,357.36
2026-08-22 11:15:00,222.73,368.97
2026-08-22 11:20:00,230.02,376.26
2026-08-22 11:25:00,182.64,328.88
2026-08-22 11:30:00,203.17,349.41
2026-08-22 11:35:00,237.35,383.59
2026-08-22 11:40:00,181.38,327.62
2026-08-22 11:45:00,203.52,349.76
2026-08-22 11:50:00,206.1,352.34
2026-08-22 11:55:00,232.86,379.1
2026-08-22 12:00:00,217.9,364.14
2026-08-22 12:05:00,194.16,340.4
2026-08-22 12:10:00,220.3,366.54
2026-08-22 12:15:00,242.82,389.06
2026-08-22 12:20:00,248.41,394.65
2026-08-22 12:25:00,290.45,436.69
2026-08-22 12:30:00,287.71,433.95
2026-08-22 12:35:00,240.04,386.28
2026-08-22 12:40:00,253.4,399.64
2026-08-22 12:45:00,251.33,397.57
2026-08-22 12:50:00,257.79,404.03
2026-08-22 12:55:00,229.58,375.82
2026-08-22 13:00:00,212.49,358.73
2026-08-22 13:05:00,239.65,385.89
2026-08-22 13:10:00,273.63,419.87
2026-08-22 13:15:00,220.66,366.9
2026-08-22 13:20:00,254.25,400.49
2026-08-22 13:25:00,270.12,416.36
2026-08-22 13:30:00,222.08,368.32
2026-08-22 13:35:00,152.85,299.09
2026-08-22 13:40:00,184.95,331.19
2026-08-22 13:45:00,211.66,357.91
2026-08-22 13:50:00,219.89,366.13
2026-08-22 13:55:00,258.49,404.73
2026-08-22 14:00:00,244.94,391.18
2026-08-22 14:05:00,227.15,373.39
2026-08-22 14:10:00,235.96,382.2
2026-08-22 14:15:00,243.58,389.82
2026-08-22 14:20:00,245.28,391.52
2026-08-22 14:25:00,221.97,368.21
2026-08-22 14:30:00,250.74,396.98
2026-08-22 14:35:00,250.82,397.06
2026-08-22 14:40:00,229.79,376.03
2026-08-22 14:45:00,213.56,359.8
2026-08-22 14:50:00,256.73,402.97
2026-08-22 14:55:00,245.27,391.51
2026-08-22 15:00:00,239.29,385.53
2026-08-22 15:05:00,257.78,404.02
2026-08-22 15:10:00,310.06,456.3
2026-08-22 15:15:00,297.09,443.33
2026-08-22 15:20:00,300.62,446.86
2026-08-22 15:25:00,302.95,449.19
2026-08-22 15:30:00,265.29,411.53
2026-08-22 15:35:00,200.35,346.59
2026-08-22 15:40:00,210.11,356.35
2026-08-22 15:45:00,210.29,356.53
2026-08-22 15:50:00,178.73,324.97
2026-08-22 15:55:00,208.22,354.46
2026-08-22 16:00:00,186.39,332.63
2026-08-22 16:05:00,219.4,365.64
2026-08-22 16:10:00,232.18,378.42
2026-08-22 16:15:00,246.6,392.84
2026-08-22 16:20:00,183.82,330.06
2026-08-22 16:25:00,185.4,331.64
2026-08-22 16:30:00,163.81,310.05
2026-08-22 16:35:00,209.28,355.52
2026-08-22 16:40:00,205.42,351.66
2026-08-22 16:45:00,236.58,382.82
2026-08-22 16:50:00,183.78,330.02
2026-08-22 16:55:00,194.84,341.08
2026-08-22 17:00:00,196.84,343.08
2026-08-22 17:05:00,172.77,319.01
2026-08-22 17:10:00,198.02,344.26
2026-08-22 17:15:00,226.89,373.13
2026-08-22 17:20:00,220.77,367.01
2026-08-22 17:25:00,209.52,355.76
2026-08-22 17:30:00,216.82,363.06
2026-08-22 17:35:00,188.62,334.86
2026-08-22 17:40:00,218.32,364.56
2026-08-22 17:45:00,210.06,356.3
2026-08-22 17:50:00,192.82,339.06
2026-08-22 17:55:00,124.47,270.71
2026-08-22 18:00:00,159.91,306.15
2026-08-22 18:05:00,167.8,314.04
2026-08-22 18:10:00,163.28,309.52
2026-08-22 18:15:00,201.44,347.68
2026-08-22 18:20:00,179.67,325.91
2026-08-22 18:25:00,158.51,304.75
2026-08-22 18:30:00,134.74,280.98
2026-08-22 18:35:00,152.81,299.05
2026-08-22 18:40:00,172.68,318.92
2026-08-22 18:45:00,201.33,347.57
2026-08-22 18:50:00,181.79,328.03
2026-08-22 18:55:00,156.1,302.34
2026-08-22 19:00:00,132.83,279.07
2026-08-22 19:05:00,175.56,321.8
2026-08-22 19:10:00,176.27,322.51
2026-08-22 19:15:00,166.9,313.14
2026-08-22 19:20:00,143.98,290.22
2026-08-22 19:25:00,136.46,282.7
2026-08-22 19:30:00,149.91,296.15
2026-08-22 19:35:00,156.28,302.52
2026-08-22 19:40:00,138.16,284.4
2026-08-22 19:45:00,130.33,276.57
2026-08-22 19:50:00,185.11,331.35
2026-08-22 19:55:00,177.87,324.11
2026-08-22 20:00:00,215.76,362.0
2026-08-22 20:05:00,198.12,344.36
2026-08-22 20:10:00,144.93,291.17
2026-08-22 20:15:00,153.28,299.52
2026-08-22 20:20:00,134.51,280.75
2026-08-22 20:25:00,126.91,273.15
2026-08-22 20:30:00,91.8,238.04
2026-08-22 20:35:00,128.72,274.96
2026-08-22 20:40:00,108.4,254.64
2026-08-22 20:45:00,124.04,270.28
2026-08-22 20:50:00,111.07,257.31
2026-08-22 20:55:00,103.64,249.88
2026-08-22 21:00:00,99.58,245.82
2026-08-22 21:05:00,86.91,233.15
2026-08-22 21:10:00,110.25,256.49
2026-08-22 21:15:00,82.16,228.4
2026-08-22 21:20:00,97.79,244.03
2026-08-22 21:25:00,74.27,220.51
2026-08-22 21:30:00,72.17,218.41
2026-08-22 21:35:00,93.64,239.88
2026-08-22 21:40:00,108.93,255.17
2026-08-22 21:45:00,77.79,224.03
2026-08-22 21:50:00,71.27,217.51
2026-08-22 21:55:00,71.89,218.13
2026-08-22 22:00:00,86.67,232.91
2026-08-22 22:05:00,77.99,224.23
2026-08-22 22:10:00,91.95,238.19
2026-08-22 22:15:00,95.85,242.09
2026-08-22 22:20:00,93.83,240.07
2026-08-22 22:25:00,102.15,248.39
2026-08-22 22:30:00,98.73,244.97
2026-08-22 22:35:00,108.91,255.15
2026-08-22 22:40:00,76.33,222.57
2026-08-22 22:45:00,86.65,232.89
2026-08-22 22:50:00,81.35,227.59
2026-08-22 22:55:00,86.98,233.22
2026-08-22 23:00:00,97.14,243.38
2026-08-22 23:05:00,104.13,250.37
2026-08-22 23:10:00,99.27,245.51
2026-08-22 23:15:00,111.52,257.76
2026-08-22 23:20:00,102.92,249.16
2026-08-22 23:25:00,105.65,251.89
2026-08-22 23:30:00,87.33,233.57
2026-08-22 23:35:00,93.33,239.57
2026-08-22 23:40:00,86.52,232.76
2026-08-22 23:45:00,82.67,228.91
2026-08-22 23:50:00,93.26,239.5
2026-08-22 23:55:00,92.64,238.88
2026-08-23 00:00:00,78.89,225.13
2026-08-23 00:05:00,107.89,254.13
2026-08-23 00:10:00,77.8,224.04
2026-08-23 00:15:00,83.74,229.98
2026-08-23 00:20:00,83.56,229.8
2026-08-23 00:25:00,94.61,240.85
2026-08-23 00:30:00,85.36,231.6
2026-08-23 00:35:00,83.88,230.12
2026-08-23 00:40:00,82.49,228.73
2026-08-23 00:45:00,81.83,228.07
2026-08-23 00:50:00,93.44,239.68
2026-08-23 00:55:00,75.98,222.22
2026-08-23 01:00:00,84.44,230.68
2026-08-23 01:05:00,88.9,235.14
2026-08-23 01:10:00,87.07,233.31
2026-08-23 01:15:00,80.88,227.12
2026-08-23 01:20:00,80.35,226.59
2026-08-23 01:25:00,59.69,205.93
2026-08-23 01:30:00,62.53,208.77
2026-08-23 01:35:00,93.0,239.24
2026-08-23 01:40:00,80.76,227.0
2026-08-23 01:45:00,86.95,233.19
2026-08-23 01:50:00,75.01,221.25
2026-08-23 01:55:00,90.36,236.6
2026-08-23 02:00:00,83.66,229.9
2026-08-23 02:05:00,97.98,244.23
2026-08-23 02:10:00,101.84,248.08
2026-08-23 02:15:00,80.19,226.43
2026-08-23 02:20:00,64.31,210.55
2026-08-23 02:25:00,75.13,221.37
2026-08-23 02:30:00,101.04,247.28
2026-08-23 02:35:00,69.29,215.53
2026-08-23 02:40:00,84.79,231.03
2026-08-23 02:45:00,87.11,233.35
2026-08-23 02:50:00,94.56,240.8
2026-08-23 02:55:00,92.11,238.35
2026-08-23 03:00:00,92.49,238.73
2026-08-23 03:05:00,74.6,220.84
2026-08-23 03:10:00,64.86,211.1
2026-08-23 03:15:00,87.12,233.36
2026-08-23 03:20:00,68.49,214.73
2026-08-23 03:25:00,86.42,232.66
2026-08-23 03:30:00,77.51,223.75
2026-08-23 03:35:00,89.66,235.9
2026-08-23 03:40:00,100.18,246.42
2026-08-23 03:45:00,100.74,246.98
2026-08-23 03:50:00,109.6,255.84
2026-08-23 03:55:00,93.05,239.29
2026-08-23 04:00:00,108.4,254.64
2026-08-23 04:05:00,95.5,241.74
2026-08-23 04:10:00,86.69,232.93
2026-08-23 04:15:00,96.59,242.83
2026-08-23 04:20:00,92.37,238.61
2026-08-23 04:25:00,103.25,249.49
2026-08-23 04:30:00,98.06,244.3
2026-08-23 04:35:00,106.97,253.22
2026-08-23 04:40:00,140.73,286.97
2026-08-23 04:45:00,113.73,259.97
2026-08-23 04:50:00,112.76,259.0
2026-08-23 04:55:00,110.28,256.52
2026-08-23 05:00:00,97.29,243.53
2026-08-23 05:05:00,73.82,220.06
2026-08-23 05:10:00,106.15,252.39
2026-08-23 05:15:00,99.2,245.44
2026-08-23 05:20:00,98.96,245.2
2026-08-23 05:25:00,102.86,249.1
2026-08-23 05:30:00,80.73,226.97
2026-08-23 05:35:00,91.5,237.74
2026-08-23 05:40:00,92.04,238.28
2026-08-23 05:45:00,118.22,264.46
2026-08-23 05:50:00,109.88,256.12
2026-08-23 05:55:00,110.22,256.46
2026-08-23 06:00:00,117.05,263.29
2026-08-23 06:05:00,96.83,243.07
2026-08-23 06:10:00,111.6,257.84
2026-08-23 06:15:00,117.91,264.15
2026-08-23 06:20:00,136.06,282.3
2026-08-23 06:25:00,146.74,292.98
2026-08-23 06:30:00,110.84,257.08
2026-08-23 06:35:00,111.04,257.28
2026-08-23 06:40:00,102.01,248.25
2026-08-23 06:45:00,109.51,255.75
2026-08-23 06:50:00,120.74,266.98
2026-08-23 06:55:00,118.35,264.59
2026-08-23 07:00:00,140.47,286.71
2026-08-23 07:05:00,111.6,257.84
2026-08-23 07:10:00,100.41,246.65
2026-08-23 07:15:00,143.36,289.6
2026-08-23 07:20:00,125.59,271.83
2026-08-23 07:25:00,119.95,266.19
2026-08-23 07:30:00,137.1,283.34
2026-08-23 07:35:00,109.01,255.25
2026-08-23 07:40:00,118.87,265.11
2026-08-23 07:45:00,124.64,270.88
2026-08-23 07:50:00,128.26,274.5
2026-08-23 07:55:00,139.91,286.15
2026-08-23 08:00:00,135.48,281.72
2026-08-23 08:05:00,118.17,264.41
2026-08-23 08:10:00,119.04,265.28
2026-08-23 08:15:00,141.53,287.78
2026-08-23 08:20:00,136.37,282.61
2026-08-23 08:25:00,149.72,295.96
2026-08-23 08:30:00,139.46,285.7
2026-08-23 08:35:00,137.48,283.72
2026-08-23 08:40:00,160.3,306.54
2026-08-23 08:45:00,142.18,288.42
2026-08-23 08:50:00,165.44,311.68
2026-08-23 08:55:00,165.87,312.11
2026-08-23 09:00:00,192.08,338.32
2026-08-23 09:05:00,162.7,308.94
2026-08-23 09:10:00,157.95,304.19
2026-08-23 09:15:00,158.32,304.56
2026-08-23 09:20:00,133.92,280.16
2026-08-23 09:25:00,135.53,281.77
2026-08-23 09:30:00,147.84,294.08
2026-08-23 09:35:00,159.03,305.27
2026-08-23 09:40:00,150.03,296.27
2026-08-23 09:45:00,174.74,320.98
2026-08-23 09:50:00,168.3,314.54
2026-08-23 09:55:00,217.55,363.79
2026-08-23 10:00:00,179.76,326.0
2026-08-23 10:05:00,161.92,308.16
2026-08-23 10:10:00,193.74,339.98
2026-08-23 10:15:00,185.52,331.76
2026-08-23 10:20:00,256.21,402.45
2026-08-23 10:25:00,220.25,366.49
2026-08-23 10:30:00,223.99,370.23
2026-08-23 10:35:00,221.57,367.81
2026-08-23 10:40:00,210.47,356.71
2026-08-23 10:45:00,190.98,337.22
2026-08-23 10:50:00,198.01,344.25
2026-08-23 10:55:00,237.78,384.02
2026-08-23 11:00:00,184.63,330.87
2026-08-23 11:05:00,179.07,325.31
2026-08-23 11:10:00,140.17,286.41
2026-08-23 11:15:00,206.79,353.03
2026-08-23 11:20:00,210.99,357.23
2026-08-23 11:25:00,191.04,337.28
2026-08-23 11:30:00,176.66,322.9
2026-08-23 11:35:00,193.6,339.84
2026-08-23 11:40:00,186.17,332.41
2026-08-23 11:45:00,197.18,343.42
2026-08-23 11:50:00,215.1,361.34
2026-08-23 11:55:00,223.61,369.85
2026-08-23 12:00:00,318.05,464.29
2026-08-23 12:05:00,253.82,400.06
2026-08-23 12:10:00,289.71,435.95
2026-08-23 12:15:00,230.16,376.4
2026-08-23 12:20:00,206.87,353.11
2026-08-23 12:25:00,205.63,351.87
2026-08-23 12:30:00,192.74,338.98
2026-08-23 12:35:00,205.5,351.74
2026-08-23 12:40:00,214.34,360.58
2026-08-23 12:45:00,203.68,349.92
2026-08-23 12:50:00,262.22,408.46
2026-08-23 12:55:00,252.84,399.08
2026-08-23 13:00:00,211.56,357.8
2026-08-23 13:05:00,252.98,399.22
2026-08-23 13:10:00,225.6,371.84
2026-08-23 13:15:00,277.69,423.93
2026-08-23 13:20:00,224.76,371.0
2026-08-23 13:25:00,243.75,389.99
2026-08-23 13:30:00,259.47,405.71
2026-08-23 13:35:00,250.07,396.31
2026-08-23 13:40:00,289.23,435.47
2026-08-23 13:45:00,259.3,405.54
2026-08-23 13:50:00,256.31,402.55
2026-08-23 13:55:00,274.21,420.45
2026-08-23 14:00:00,267.87,414.11
2026-08-23 14:05:00,258.94,405.18
2026-08-23 14:10:00,227.13,373.37
2026-08-23 14:15:00,251.94,398.18
2026-08-23 14:20:00,241.9,388.14
2026-08-23 14:25:00,229.67,375.91
2026-08-23 14:30:00,263.18,409.42
2026-08-23 14:35:00,238.97,385.21
2026-08-23 14:40:00,292.94,439.18
2026-08-23 14:45:00,259.38,405.62
2026-08-23 14:50:00,254.04,400.28
2026-08-23 14:55:00,235.23,381.47
2026-08-23 15:00:00,214.61,360.85
2026-08-23 15:05:00,216.74,362.98
2026-08-23 15:10:00,229.08,375.32
2026-08-23 15:15:00,271.32,417.56
2026-08-23 15:20:00,250.57,396.81
2026-08-23 15:25:00,205.55,351.79
2026-08-23 15:30:00,201.54,347.78
2026-08-23 15:35:00,232.79,379.03
2026-08-23 15:40:00,235.03,381.27
2026-08-23 15:45:00,269.05,415.29
2026-08-23 15:50:00,203.81,350.05
2026-08-23 15:55:00,224.42,370.66
2026-08-23 16:00:00,226.93,373.17
2026-08-23 16:05:00,227.35,373.59
2026-08-23 16:10:00,263.86,410.1
2026-08-23 16:15:00,264.19,410.43
2026-08-23 16:20:00,240.99,387.24
2026-08-23 16:25:00,221.95,368.19
2026-08-23 16:30:00,227.79,374.03
2026-08-23 16:35:00,273.66,419.9
2026-08-23 16:40:00,219.65,365.89
2026-08-23 16:45:00,277.8,424.04
2026-08-23 16:50:00,206.92,353.16
2026-08-23 16:55:00,214.91,361.15
2026-08-23 17:00:00,224.53,370.77
2026-08-23 17:05:00,187.48,333.72
2026-08-23 17:10:00,190.24,336.48
2026-08-23 17:15:00,202.03,348.27
2026-08-23 17:20:00,167.86,314.1
2026-08-23 17:25:00,203.79,350.03
2026-08-23 17:30:00,189.43,335.67
2026-08-23 17:35:00,185.19,331.43
2026-08-23 17:40:00,200.92,347.16
2026-08-23 17:45:00,210.51,356.75
2026-08-23 17:50:00,190.52,336.76
2026-08-23 17:55:00,167.43,313.67
2026-08-23 18:00:00,175.39,321.63
2026-08-23 18:05:00,237.15,383.39
2026-08-23 18:10:00,183.26,329.5
2026-08-23 18:15:00,157.95,304.19
2026-08-23 18:20:00,167.18,313.42
2026-08-23 18:25:00,206.24,352.48
2026-08-23 18:30:00,153.28,299.52
2026-08-23 18:35:00,178.93,325.17
2026-08-23 18:40:00,169.13,315.37
2026-08-23 18:45:00,172.76,319.0
2026-08-23 18:50:00,201.7,347.94
2026-08-23 18:55:00,200.58,346.82
2026-08-23 19:00:00,166.83,313.07
2026-08-23 19:05:00,169.23,315.47
2026-08-23 19:10:00,124.87,271.11
2026-08-23 19:15:00,142.85,289.09
2026-08-23 19:20:00,140.61,286.85
2026-08-23 19:25:00,151.7,297.94
2026-08-23 19:30:00,133.02,279.26
2026-08-23 19:35:00,144.05,290.29
2026-08-23 19:40:00,137.64,283.88
2026-08-23 19:45:00,138.8,285.04
2026-08-23 19:50:00,143.78,290.02
2026-08-23 19:55:00,150.17,296.41
2026-08-23 20:00:00,195.38,341.62
2026-08-23 20:05:00,187.8,334.04
2026-08-23 20:10:00,174.18,320.42
2026-08-23 20:15:00,197.72,343.96
2026-08-23 20:20:00,148.99,295.23
2026-08-23 20:25:00,168.37,314.61
2026-08-23 20:30:00,108.43,254.67
2026-08-23 20:35:00,121.08,267.32
2026-08-23 20:40:00,110.03,256.27
2026-08-23 20:45:00,96.56,242.8
2026-08-23 20:50:00,110.6,256.84
2026-08-23 20:55:00,117.12,263.36
2026-08-23 21:00:00,110.93,257.17
2026-08-23 21:05:00,102.78,249.02
2026-08-23 21:10:00,110.59,256.83
2026-08-23 21:15:00,110.42,256.66
2026-08-23 21:20:00,108.32,254.56
2026-08-23 21:25:00,109.95,256.19
2026-08-23 21:30:00,94.63,240.87
2026-08-23 21:35:00,102.67,248.91
2026-08-23 21:40:00,87.31,233.55
2026-08-23 21:45:00,77.99,224.23
2026-08-23 21:50:00,69.29,215.53
2026-08-23 21:55:00,81.14,227.38
2026-08-23 22:00:00,108.85,255.09
2026-08-23 22:05:00,103.22,249.46
2026-08-23 22:10:00,105.21,251.45
2026-08-23 22:15:00,106.34,252.58
2026-08-23 22:20:00,83.06,229.3
2026-08-23 22:25:00,84.41,230.65
2026-08-23 22:30:00,90.67,236.91
2026-08-23 22:35:00,86.28,232.52
2026-08-23 22:40:00,74.15,220.39
2026-08-23 22:45:00,96.55,242.79
2026-08-23 22:50:00,107.02,253.26
2026-08-23 22:55:00,109.67,255.91
2026-08-23 23:00:00,112.79,259.03
2026-08-23 23:05:00,96.56,242.8
2026-08-23 23:10:00,101.02,247.26
2026-08-23 23:15:00,102.26,248.5
2026-08-23 23:20:00,112.16,258.4
2026-08-23 23:25:00,101.81,248.05
2026-08-23 23:30:00,100.24,246.48
2026-08-23 23:35:00,102.43,248.67
2026-08-23 23:40:00,110.79,257.03
2026-08-23 23:45:00,93.47,239.71
2026-08-23 23:50:00,77.87,224.11
2026-08-23 23:55:00,98.09,244.33
2026-08-24 00:00:00,97.61,243.85
2026-08-24 00:05:00,106.91,253.15
2026-08-24 00:10:00,95.14,241.38
2026-08-24 00:15:00,113.53,259.77
2026-08-24 00:20:00,99.35,245.59
2026-08-24 00:25:00,122.27,268.51
2026-08-24 00:30:00,133.78,280.02
2026-08-24 00:35:00,146.02,292.26
2026-08-24 00:40:00,137.99,284.23
2026-08-24 00:45:00,118.65,264.89
2026-08-24 00:50:00,103.1,249.34
2026-08-24 00:55:00,126.19,272.43
2026-08-24 01:00:00,107.96,254.2
2026-08-24 01:05:00,115.87,262.11
2026-08-24 01:10:00,135.56,281.8
2026-08-24 01:15:00,129.96,276.2
2026-08-24 01:20:00,166.39,312.63
2026-08-24 01:25:00,109.64,255.88
2026-08-24 01:30:00,92.96,239.2
2026-08-24 01:35:00,123.37,269.61
2026-08-24 01:40:00,105.91,252.15
2026-08-24 01:45:00,114.76,261.0
2026-08-24 01:50:00,109.75,255.99
2026-08-24 01:55:00,118.97,265.22
2026-08-24 02:00:00,126.71,272.95
2026-08-24 02:05:00,133.44,279.68
2026-08-24 02:10:00,118.81,265.05
2026-08-24 02:15:00,119.44,265.68
2026-08-24 02:20:00,178.11,324.35
2026-08-24 02:25:00,165.72,311.96
2026-08-24 02:30:00,150.27,296.51
2026-08-24 02:35:00,102.87,249.11
2026-08-24 02:40:00,102.14,248.39
2026-08-24 02:45:00,104.63,250.87
2026-08-24 02:50:00,106.82,253.06
2026-08-24 02:55:00,106.98,253.22
2026-08-24 03:00:00,146.75,292.99
2026-08-24 03:05:00,142.03,288.27
2026-08-24 03:10:00,103.72,249.96
2026-08-24 03:15:00,111.28,257.52
2026-08-24 03:20:00,133.16,279.4
2026-08-24 03:25:00,124.98,271.22
2026-08-24 03:30:00,101.52,247.76
2026-08-24 03:35:00,120.09,266.33
2026-08-24 03:40:00,127.92,274.16
2026-08-24 03:45:00,105.1,251.34
2026-08-24 03:50:00,106.3,252.54
2026-08-24 03:55:00,104.68,250.92
2026-08-24 04:00:00,121.4,267.64
2026-08-24 04:05:00,121.57,267.81
2026-08-24 04:10:00,106.81,253.05
2026-08-24 04:15:00,125.12,271.36
2026-08-24 04:20:00,119.44,265.68
2026-08-24 04:25:00,126.93,273.17
2026-08-24 04:30:00,118.15,264.39
2026-08-24 04:35:00,93.49,239.73
2026-08-24 04:40:00,134.01,280.25
2026-08-24 04:45:00,128.61,274.85
2026-08-24 04:50:00,145.37,291.61
2026-08-24 04:55:00,123.61,269.85
2026-08-24 05:00:00,122.09,268.33
2026-08-24 05:05:00,136.86,283.1
2026-08-24 05:10:00,121.95,268.19
2026-08-24 05:15:00,139.32,285.56
2026-08-24 05:20:00,158.23,304.47
2026-08-24 05:25:00,160.85,307.09
2026-08-24 05:30:00,138.13,284.37
2026-08-24 05:35:00,127.09,273.33
2026-08-24 05:40:00,130.64,276.88
2026-08-24 05:45:00,126.41,272.65
2026-08-24 05:50:00,106.29,252.53
2026-08-24 05:55:00,128.78,275.02
2026-08-24 06:00:00,149.2,295.44
2026-08-24 06:05:00,133.1,279.34
2026-08-24 06:10:00,151.55,297.79
2026-08-24 06:15:00,156.07,302.31
2026-08-24 06:20:00,183.82,330.06
2026-08-24 06:25:00,167.06,313.3
2026-08-24 06:30:00,174.89,321.13
2026-08-24 06:35:00,173.78,320.02
2026-08-24 06:40:00,177.06,323.3
2026-08-24 06:45:00,144.99,291.23
2026-08-24 06:50:00,153.84,300.08
2026-08-24 06:55:00,156.14,302.38
2026-08-24 07:00:00,159.43,305.67
2026-08-24 07:05:00,160.96,307.2
2026-08-24 07:10:00,168.41,314.65
2026-08-24 07:15:00,215.45,361.69
2026-08-24 07:20:00,183.1,329.34
2026-08-24 07:25:00,171.34,317.58
2026-08-24 07:30:00,203.76,350.0
2026-08-24 07:35:00,171.36,317.6
2026-08-24 07:40:00,164.16,310.4
2026-08-24 07:45:00,150.91,297.15
2026-08-24 07:50:00,136.6,282.84
2026-08-24 07:55:00,149.5,295.74
2026-08-24 08:00:00,162.55,308.79
2026-08-24 08:05:00,145.84,292.08
2026-08-24 08:10:00,199.97,346.21
2026-08-24 08:15:00,186.68,332.92
2026-08-24 08:20:00,185.89,332.13
2026-08-24 08:25:00,257.72,403.96
2026-08-24 08:30:00,233.11,379.35
2026-08-24 08:35:00,219.62,365.86
2026-08-24 08:40:00,189.69,335.93
2026-08-24 08:45:00,164.83,311.07
2026-08-24 08:50:00,177.36,323.6
2026-08-24 08:55:00,183.8,330.04
2026-08-24 09:00:00,182.84,329.08
2026-08-24 09:05:00,196.5,342.74
2026-08-24 09:10:00,223.79,370.03
2026-08-24 09:15:00,241.26,387.5
2026-08-24 09:20:00,200.46,346.7
2026-08-24 09:25:00,204.47,350.71
2026-08-24 09:30:00,194.64,340.88
2026-08-24 09:35:00,205.68,351.92
2026-08-24 09:40:00,262.45,408.69
2026-08-24 09:45:00,272.37,418.61
2026-08-24 09:50:00,223.91,370.15
2026-08-24 09:55:00,246.01,392.25
2026-08-24 10:00:00,250.94,397.18
2026-08-24 10:05:00,249.11,395.35
2026-08-24 10:10:00,222.44,368.68
2026-08-24 10:15:00,289.96,436.2
2026-08-24 10:20:00,263.09,409.33
2026-08-24 10:25:00,285.25,431.49
2026-08-24 10:30:00,276.85,423.09
2026-08-24 10:35:00,272.9,419.14
2026-08-24 10:40:00,334.47,480.71
2026-08-24 10:45:00,319.45,465.69
2026-08-24 10:50:00,263.77,410.01
2026-08-24 10:55:00,322.15,468.39
2026-08-24 11:00:00,270.98,417.22
2026-08-24 11:05:00,281.69,427.93
2026-08-24 11:10:00,239.1,385.34
2026-08-24 11:15:00,246.53,392.77
2026-08-24 11:20:00,271.83,418.07
2026-08-24 11:25:00,270.98,417.22
2026-08-24 11:30:00,242.31,388.55
2026-08-24 11:35:00,300.93,447.17
2026-08-24 11:40:00,263.97,410.21
2026-08-24 11:45:00,331.42,477.66
2026-08-24 11:50:00,305.85,452.09
2026-08-24 11:55:00,260.67,406.91
2026-08-24 12:00:00,304.84,451.08
2026-08-24 12:05:00,261.42,407.66
2026-08-24 12:10:00,346.76,493.0
2026-08-24 12:15:00,319.32,465.56
2026-08-24 12:20:00,324.31,470.55
2026-08-24 12:25:00,332.49,478.73
2026-08-24 12:30:00,301.33,447.57
2026-08-24 12:35:00,259.55,405.79
2026-08-24 12:40:00,310.52,456.76
2026-08-24 12:45:00,302.82,449.06
2026-08-24 12:50:00,263.86,410.1
2026-08-24 12:55:00,335.09,481.33
2026-08-24 13:00:00,351.19,497.43
2026-08-24 13:05:00,299.56,445.8
2026-08-24 13:10:00,288.65,434.89
2026-08-24 13:15:00,288.61,434.85
2026-08-24 13:20:00,361.0,507.24
2026-08-24 13:25:00,401.69,547.93
2026-08-24 13:30:00,356.93,503.17
2026-08-24 13:35:00,343.49,489.73
2026-08-24 13:40:00,311.96,458.2
2026-08-24 13:45:00,292.49,438.73
2026-08-24 13:50:00,304.09,450.33
2026-08-24 13:55:00,335.29,481.53
2026-08-24 14:00:00,332.65,478.89
2026-08-24 14:05:00,345.7,491.94
2026-08-24 14:10:00,351.27,497.51
2026-08-24 14:15:00,333.48,479.73
2026-08-24 14:20:00,312.6,458.84
2026-08-24 14:25:00,304.27,450.51
2026-08-24 14:30:00,309.73,455.97
2026-08-24 14:35:00,353.72,499.96
2026-08-24 14:40:00,347.33,493.57
2026-08-24 14:45:00,293.1,439.34
2026-08-24 14:50:00,272.4,418.64
2026-08-24 14:55:00,309.36,455.6
2026-08-24 15:00:00,389.14,535.38
2026-08-24 15:05:00,355.4,501.64
2026-08-24 15:10:00,316.19,462.43
2026-08-24 15:15:00,341.06,487.3
2026-08-24 15:20:00,293.74,439.98
2026-08-24 15:25:00,360.85,507.09
2026-08-24 15:30:00,361.91,508.15
2026-08-24 15:35:00,265.55,411.79
2026-08-24 15:40:00,308.72,454.96
2026-08-24 15:45:00,284.99,431.23
2026-08-24 15:50:00,319.89,466.13
2026-08-24 15:55:00,319.96,466.2
2026-08-24 16:00:00,300.54,446.78
2026-08-24 16:05:00,340.8,487.04
2026-08-24 16:10:00,290.5,436.75
2026-08-24 16:15:00,318.43,464.67
2026-08-24 16:20:00,302.85,449.09
2026-08-24 16:25:00,255.99,402.23
2026-08-24 16:30:00,274.58,420.82
2026-08-24 16:35:00,289.19,435.43
2026-08-24 16:40:00,274.58,420.82
2026-08-24 16:45:00,295.6,441.84
2026-08-24 16:50:00,276.35,422.59
2026-08-24 16:55:00,312.83,459.07
2026-08-24 17:00:00,266.95,413.19
2026-08-24 17:05:00,256.88,403.12
2026-08-24 17:10:00,275.18,421.42
2026-08-24 17:15:00,292.02,438.26
2026-08-24 17:20:00,277.84,424.08
2026-08-24 17:25:00,380.85,527.09
2026-08-24 17:30:00,324.44,470.68
2026-08-24 17:35:00,317.19,463.43
2026-08-24 17:40:00,288.19,434.43
2026-08-24 17:45:00,258.96,405.2
2026-08-24 17:50:00,242.2,388.44
2026-08-24 17:55:00,238.65,384.89
2026-08-24 18:00:00,265.17,411.41
2026-08-24 18:05:00,252.45,398.69
2026-08-24 18:10:00,238.99,385.23
2026-08-24 18:15:00,217.15,363.39
2026-08-24 18:20:00,232.18,378.42
2026-08-24 18:25:00,238.29,384.53
2026-08-24 18:30:00,242.42,388.66
2026-08-24 18:35:00,221.96,368.2
2026-08-24 18:40:00,232.82,379.06
2026-08-24 18:45:00,212.63,358.87
2026-08-24 18:50:00,235.4,381.64
2026-08-24 18:55:00,216.25,362.49
2026-08-24 19:00:00,249.95,396.19
2026-08-24 19:05:00,225.05,371.29
2026-08-24 19:10:00,210.34,356.58
2026-08-24 19:15:00,222.31,368.55
2026-08-24 19:20:00,199.92,346.16
2026-08-24 19:25:00,205.48,351.72
2026-08-24 19:30:00,201.98,348.22
2026-08-24 19:35:00,184.32,330.56
2026-08-24 19:40:00,195.2,341.44
2026-08-24 19:45:00,212.01,358.25
2026-08-24 19:50:00,208.28,354.52
2026-08-24 19:55:00,228.33,374.57
2026-08-24 20:00:00,242.65,388.89
2026-08-24 20:05:00,201.02,347.26
2026-08-24 20:10:00,194.68,340.92
2026-08-24 20:15:00,180.27,326.51
2026-08-24 20:20:00,186.42,332.66
2026-08-24 20:25:00,176.36,322.6
2026-08-24 20:30:00,154.41,300.65
2026-08-24 20:35:00,135.03,281.27
2026-08-24 20:40:00,147.05,293.29
2026-08-24 20:45:00,166.09,312.33
2026-08-24 20:50:00,145.63,291.87
2026-08-24 20:55:00,132.08,278.32
2026-08-24 21:00:00,133.62,279.86
2026-08-24 21:05:00,139.98,286.22
2026-08-24 21:10:00,115.97,262.21
2026-08-24 21:15:00,164.91,311.15
2026-08-24 21:20:00,160.94,307.18
2026-08-24 21:25:00,160.29,306.54
2026-08-24 21:30:00,134.45,280.69
2026-08-24 21:35:00,104.89,251.13
2026-08-24 21:40:00,134.14,280.38
2026-08-24 21:45:00,113.12,259.36
2026-08-24 21:50:00,127.85,274.09
2026-08-24 21:55:00,122.35,268.59
2026-08-24 22:00:00,127.6,273.84
2026-08-24 22:05:00,124.39,270.63
2026-08-24 22:10:00,145.32,291.56
2026-08-24 22:15:00,118.91,265.15
2026-08-24 22:20:00,164.71,310.95
2026-08-24 22:25:00,186.76,333.0
2026-08-24 22:30:00,179.28,325.52
2026-08-24 22:35:00,189.05,335.29
2026-08-24 22:40:00,148.59,294.83
2026-08-24 22:45:00,151.4,297.64
2026-08-24 22:50:00,134.42,280.67
2026-08-24 22:55:00,114.69,260.93
2026-08-24 23:00:00,142.3,288.54
2026-08-24 23:05:00,141.19,287.43
2026-08-24 23:10:00,131.98,278.22
2026-08-24 23:15:00,121.53,267.77
2026-08-24 23:20:00,128.06,274.3
2026-08-24 23:25:00,111.86,258.1
2026-08-24 23:30:00,120.57,266.81
2026-08-24 23:35:00,93.88,240.12
2026-08-24 23:40:00,110.32,256.56
2026-08-24 23:45:00,103.78,250.02
2026-08-24 23:50:00,93.32,239.56
2026-08-24 23:55:00,111.22,257.46
2026-08-25 00:00:00,111.63,257.87
2026-08-25 00:05:00,118.88,265.12
2026-08-25 00:10:00,94.79,241.03
2026-08-25 00:15:00,98.2,244.44
2026-08-25 00:20:00,81.07,227.31
2026-08-25 00:25:00,84.38,230.62
2026-08-25 00:30:00,121.3,267.54
2026-08-25 00:35:00,147.27,293.51
2026-08-25 00:40:00,131.42,277.66
2026-08-25 00:45:00,122.4,268.64
2026-08-25 00:50:00,101.32,247.56
2026-08-25 00:55:00,104.5,250.74
2026-08-25 01:00:00,101.75,248.0
2026-08-25 01:05:00,117.46,263.7
2026-08-25 01:10:00,117.45,263.69
2026-08-25 01:15:00,108.73,254.97
2026-08-25 01:20:00,112.12,258.36
2026-08-25 01:25:00,95.99,242.23
2026-08-25 01:30:00,89.42,235.66
2026-08-25 01:35:00,111.07,257.31
2026-08-25 01:40:00,109.02,255.26
2026-08-25 01:45:00,121.09,267.33
2026-08-25 01:50:00,133.33,279.57
2026-08-25 01:55:00,115.64,261.88
2026-08-25 02:00:00,128.69,274.93
2026-08-25 02:05:00,110.47,256.71
2026-08-25 02:10:00,107.56,253.8
2026-08-25 02:15:00,100.59,246.83
2026-08-25 02:20:00,123.28,269.52
2026-08-25 02:25:00,111.13,257.37
2026-08-25 02:30:00,122.21,268.45
2026-08-25 02:35:00,125.75,271.99
2026-08-25 02:40:00,114.64,260.88
2026-08-25 02:45:00,111.92,258.16
2026-08-25 02:50:00,121.32,267.57
2026-08-25 02:55:00,117.86,264.1
2026-08-25 03:00:00,147.48,293.72
2026-08-25 03:05:00,130.44,276.68
2026-08-25 03:10:00,117.91,264.15
2026-08-25 03:15:00,128.31,274.55
2026-08-25 03:20:00,113.76,260.0
2026-08-25 03:25:00,112.2,258.44
2026-08-25 03:30:00,101.99,248.23
2026-08-25 03:35:00,117.23,263.47
2026-08-25 03:40:00,106.87,253.11
2026-08-25 03:45:00,112.13,258.37
2026-08-25 03:50:00,126.48,272.72
2026-08-25 03:55:00,104.16,250.4
2026-08-25 04:00:00,120.43,266.67
2026-08-25 04:05:00,121.26,267.5
2026-08-25 04:10:00,133.29,279.53
2026-08-25 04:15:00,122.91,269.15
2026-08-25 04:20:00,132.41,278.65
2026-08-25 04:25:00,127.26,273.5
2026-08-25 04:30:00,140.79,287.03
2026-08-25 04:35:00,122.67,268.91
2026-08-25 04:40:00,117.88,264.12
2026-08-25 04:45:00,130.74,276.98
2026-08-25 04:50:00,130.69,276.93
2026-08-25 04:55:00,133.94,280.18
2026-08-25 05:00:00,147.83,294.07
2026-08-25 05:05:00,117.91,264.15
2026-08-25 05:10:00,119.97,266.21
2026-08-25 05:15:00,128.37,274.61
2026-08-25 05:20:00,127.95,274.19
2026-08-25 05:25:00,146.28,292.52
2026-08-25 05:30:00,138.59,284.83
2026-08-25 05:35:00,154.72,300.96
2026-08-25 05:40:00,153.56,299.8
2026-08-25 05:45:00,158.37,304.61
2026-08-25 05:50:00,130.37,276.61
2026-08-25 05:55:00,132.87,279.11
2026-08-25 06:00:00,157.82,304.06
2026-08-25 06:05:00,150.79,297.03
2026-08-25 06:10:00,156.59,302.83
2026-08-25 06:15:00,151.89,298.13
2026-08-25 06:20:00,155.68,301.92
2026-08-25 06:25:00,174.5,320.74
2026-08-25 06:30:00,180.98,327.22
2026-08-25 06:35:00,170.84,317.08
2026-08-25 06:40:00,160.93,307.17
2026-08-25 06:45:00,145.91,292.15
2026-08-25 06:50:00,153.7,299.94
2026-08-25 06:55:00,161.83,308.07
2026-08-25 07:00:00,181.52,327.76
2026-08-25 07:05:00,177.7,323.94
2026-08-25 07:10:00,148.35,294.59
2026-08-25 07:15:00,214.39,360.63
2026-08-25 07:20:00,184.44,330.68
2026-08-25 07:25:00,169.84,316.08
2026-08-25 07:30:00,206.83,353.07
2026-08-25 07:35:00,195.76,342.0
2026-08-25 07:40:00,198.29,344.53
2026-08-25 07:45:00,183.83,330.07
2026-08-25 07:50:00,195.39,341.63
2026-08-25 07:55:00,205.45,351.69
2026-08-25 08:00:00,205.82,352.06
2026-08-25 08:05:00,154.78,301.02
2026-08-25 08:10:00,209.32,355.57
2026-08-25 08:15:00,233.46,379.7
2026-08-25 08:20:00,184.71,330.95
2026-08-25 08:25:00,180.57,326.81
2026-08-25 08:30:00,179.23,325.47
2026-08-25 08:35:00,187.8,334.04
2026-08-25 08:40:00,203.82,350.06
2026-08-25 08:45:00,216.5,362.74
2026-08-25 08:50:00,200.81,347.05
2026-08-25 08:55:00,187.25,333.49
2026-08-25 09:00:00,207.28,353.52
2026-08-25 09:05:00,203.84,350.08
2026-08-25 09:10:00,402.25,548.49
2026-08-25 09:15:00,852.18,998.42
2026-08-25 09:20:00,1501.76,1648.0
2026-08-25 09:25:00,1756.95,1903.19
2026-08-25 09:30:00,1735.03,1881.27
2026-08-25 09:35:00,1588.66,1734.9
2026-08-25 09:40:00,1616.86,1763.1
2026-08-25 09:45:00,1593.4,1739.64
2026-08-25 09:50:00,1467.45,1613.69
2026-08-25 09:55:00,1473.57,1619.81
2026-08-25 10:00:00,1406.06,1552.3
2026-08-25 10:05:00,1354.15,1500.39
2026-08-25 10:10:00,1280.84,1427.08
2026-08-25 10:15:00,1210.03,1356.27
2026-08-25 10:20:00,1100.46,1246.7
2026-08-25 10:25:00,947.12,1093.36
2026-08-25 10:30:00,986.06,1132.3
2026-08-25 10:35:00,820.17,966.41
2026-08-25 10:40:00,486.27,632.51
2026-08-25 10:45:00,312.69,458.93
2026-08-25 10:50:00,234.39,380.63
2026-08-25 10:55:00,241.89,388.13
2026-08-25 11:00:00,261.9,408.14
2026-08-25 11:05:00,257.91,404.15
2026-08-25 11:10:00,292.29,438.53
2026-08-25 11:15:00,290.93,437.17
2026-08-25 11:20:00,275.98,422.22
2026-08-25 11:25:00,235.48,381.72
2026-08-25 11:30:00,220.79,367.03
2026-08-25 11:35:00,277.98,424.22
2026-08-25 11:40:00,353.34,499.58
2026-08-25 11:45:00,342.97,489.21
2026-08-25 11:50:00,342.49,488.73
2026-08-25 11:55:00,298.86,445.1
2026-08-25 12:00:00,310.0,456.24
2026-08-25 12:05:00,325.9,472.14
2026-08-25 12:10:00,405.22,551.46
2026-08-25 12:15:00,400.97,547.21
2026-08-25 12:20:00,395.62,541.86
2026-08-25 12:25:00,343.19,489.43
2026-08-25 12:30:00,339.55,485.79
2026-08-25 12:35:00,292.69,438.93
2026-08-25 12:40:00,265.19,411.43
2026-08-25 12:45:00,276.47,422.71
2026-08-25 12:50:00,287.25,433.49
2026-08-25 12:55:00,304.9,451.14
2026-08-25 13:00:00,271.45,417.69
2026-08-25 13:05:00,297.9,444.14
2026-08-25 13:10:00,298.82,445.06
2026-08-25 13:15:00,291.19,437.43
2026-08-25 13:20:00,277.05,423.29
2026-08-25 13:25:00,313.56,459.8
2026-08-25 13:30:00,311.21,457.45
2026-08-25 13:35:00,335.65,481.89
2026-08-25 13:40:00,299.14,445.38
2026-08-25 13:45:00,254.75,400.99
2026-08-25 13:50:00,283.96,430.2
2026-08-25 13:55:00,313.35,459.59
2026-08-25 14:00:00,341.98,488.22
2026-08-25 14:05:00,325.7,471.94
2026-08-25 14:10:00,310.49,456.73
2026-08-25 14:15:00,319.88,466.12
2026-08-25 14:20:00,303.29,449.53
2026-08-25 14:25:00,377.21,523.45
2026-08-25 14:30:00,328.98,475.22
2026-08-25 14:35:00,345.23,491.47
2026-08-25 14:40:00,439.82,586.06
2026-08-25 14:45:00,370.08,516.32
2026-08-25 14:50:00,361.49,507.73
2026-08-25 14:55:00,360.55,506.79
2026-08-25 15:00:00,376.42,522.66
2026-08-25 15:05:00,349.73,495.97
2026-08-25 15:10:00,332.07,478.31
2026-08-25 15:15:00,340.79,487.03
2026-08-25 15:20:00,311.95,458.19
2026-08-25 15:25:00,327.96,474.2
2026-08-25 15:30:00,417.23,563.47
2026-08-25 15:35:00,360.54,506.78
2026-08-25 15:40:00,369.11,515.35
2026-08-25 15:45:00,361.24,507.48
2026-08-25 15:50:00,278.44,424.68
2026-08-25 15:55:00,293.65,439.89
2026-08-25 16:00:00,313.9,460.14
2026-08-25 16:05:00,378.78,525.02
2026-08-25 16:10:00,309.98,456.22
2026-08-25 16:15:00,305.57,451.81
2026-08-25 16:20:00,367.04,513.28
2026-08-25 16:25:00,334.77,481.01
2026-08-25 16:30:00,368.97,515.21
2026-08-25 16:35:00,341.0,487.24
2026-08-25 16:40:00,300.05,446.29
2026-08-25 16:45:00,294.03,440.27
2026-08-25 16:50:00,296.05,442.29
2026-08-25 16:55:00,317.22,463.46
2026-08-25 17:00:00,272.18,418.42
2026-08-25 17:05:00,258.73,404.97
2026-08-25 17:10:00,282.1,428.34
2026-08-25 17:15:00,276.32,422.56
2026-08-25 17:20:00,246.03,392.27
2026-08-25 17:25:00,291.57,437.81
2026-08-25 17:30:00,297.56,443.8
2026-08-25 17:35:00,259.14,405.38
2026-08-25 17:40:00,275.07,421.31
2026-08-25 17:45:00,251.8,398.04
2026-08-25 17:50:00,228.64,374.88
2026-08-25 17:55:00,216.91,363.15
2026-08-25 18:00:00,245.23,391.47
2026-08-25 18:05:00,210.79,357.03
2026-08-25 18:10:00,208.31,354.55
2026-08-25 18:15:00,189.42,335.66
2026-08-25 18:20:00,236.7,382.94
2026-08-25 18:25:00,184.08,330.32
2026-08-25 18:30:00,171.3,317.54
2026-08-25 18:35:00,174.88,321.12
2026-08-25 18:40:00,201.88,348.12
2026-08-25 18:45:00,180.51,326.75
2026-08-25 18:50:00,210.8,357.04
2026-08-25 18:55:00,255.69,401.93
2026-08-25 19:00:00,272.87,419.11
2026-08-25 19:05:00,213.79,360.03
2026-08-25 19:10:00,208.27,354.51
2026-08-25 19:15:00,187.29,333.53
2026-08-25 19:20:00,178.18,324.42
2026-08-25 19:25:00,194.42,340.66
2026-08-25 19:30:00,231.01,377.25
2026-08-25 19:35:00,223.16,369.4
2026-08-25 19:40:00,210.82,357.06
2026-08-25 19:45:00,207.88,354.12
2026-08-25 19:50:00,181.36,327.6
2026-08-25 19:55:00,188.55,334.79
2026-08-25 20:00:00,200.75,346.99
2026-08-25 20:05:00,207.87,354.11
2026-08-25 20:10:00,184.77,331.01
2026-08-25 20:15:00,198.24,344.48
2026-08-25 20:20:00,180.21,326.45
2026-08-25 20:25:00,183.13,329.37
2026-08-25 20:30:00,167.69,313.93
2026-08-25 20:35:00,165.83,312.07
2026-08-25 20:40:00,155.55,301.79
2026-08-25 20:45:00,157.81,304.05
2026-08-25 20:50:00,168.98,315.22
2026-08-25 20:55:00,145.09,291.33
2026-08-25 21:00:00,130.46,276.7
2026-08-25 21:05:00,148.77,295.01
2026-08-25 21:10:00,138.68,284.92
2026-08-25 21:15:00,168.65,314.89
2026-08-25 21:20:00,134.55,280.79
2026-08-25 21:25:00,128.95,275.19
2026-08-25 21:30:00,107.18,253.42
2026-08-25 21:35:00,159.1,305.34
2026-08-25 21:40:00,142.83,289.07
2026-08-25 21:45:00,119.04,265.28
2026-08-25 21:50:00,115.7,261.94
2026-08-25 21:55:00,120.72,266.96
2026-08-25 22:00:00,117.84,264.08
2026-08-25 22:05:00,129.01,275.25
2026-08-25 22:10:00,95.36,241.6
2026-08-25 22:15:00,112.52,258.76
2026-08-25 22:20:00,122.67,268.91
2026-08-25 22:25:00,143.05,289.29
2026-08-25 22:30:00,153.01,299.25
2026-08-25 22:35:00,154.7,300.94
2026-08-25 22:40:00,148.23,294.47
2026-08-25 22:45:00,121.46,267.7
2026-08-25 22:50:00,133.15,279.39
2026-08-25 22:55:00,128.68,274.92
2026-08-25 23:00:00,112.59,258.83
2026-08-25 23:05:00,107.35,253.59
2026-08-25 23:10:00,137.12,283.36
2026-08-25 23:15:00,142.91,289.15
2026-08-25 23:20:00,168.65,314.89
2026-08-25 23:25:00,145.1,291.34
2026-08-25 23:30:00,136.73,282.97
2026-08-25 23:35:00,112.08,258.32
2026-08-25 23:40:00,116.48,262.72
2026-08-25 23:45:00,118.19,264.43
2026-08-25 23:50:00,125.05,271.29
2026-08-25 23:55:00,125.54,271.78
2026-08-26 00:00:00,113.1,259.34
2026-08-26 00:05:00,117.79,264.03
2026-08-26 00:10:00,130.21,276.45
2026-08-26 00:15:00,116.44,262.68
2026-08-26 00:20:00,93.75,239.99
2026-08-26 00:25:00,117.7,263.94
2026-08-26 00:30:00,108.05,254.29
2026-08-26 00:35:00,106.91,253.15
2026-08-26 00:40:00,115.98,262.22
2026-08-26 00:45:00,119.11,265.35
2026-08-26 00:50:00,101.49,247.73
2026-08-26 00:55:00,92.27,238.51
2026-08-26 01:00:00,121.3,267.54
2026-08-26 01:05:00,124.85,271.09
2026-08-26 01:10:00,108.28,254.52
2026-08-26 01:15:00,97.98,244.22
2026-08-26 01:20:00,114.46,260.7
2026-08-26 01:25:00,81.98,228.22
2026-08-26 01:30:00,77.86,224.1
2026-08-26 01:35:00,107.1,253.34
2026-08-26 01:40:00,121.56,267.8
2026-08-26 01:45:00,122.6,268.84
2026-08-26 01:50:00,118.4,264.64
2026-08-26 01:55:00,113.24,259.48
2026-08-26 02:00:00,122.2,268.44
2026-08-26 02:05:00,133.73,279.97
2026-08-26 02:10:00,100.86,247.1
2026-08-26 02:15:00,95.01,241.25
2026-08-26 02:20:00,97.63,243.87
2026-08-26 02:25:00,114.09,260.33
2026-08-26 02:30:00,126.38,272.62
2026-08-26 02:35:00,116.94,263.19
2026-08-26 02:40:00,120.51,266.75
2026-08-26 02:45:00,138.42,284.66
2026-08-26 02:50:00,145.19,291.43
2026-08-26 02:55:00,126.54,272.78
2026-08-26 03:00:00,125.9,272.14
2026-08-26 03:05:00,87.53,233.77
2026-08-26 03:10:00,73.97,220.21
2026-08-26 03:15:00,96.53,242.77
2026-08-26 03:20:00,110.96,257.2
2026-08-26 03:25:00,116.79,263.03
2026-08-26 03:30:00,128.19,274.43
2026-08-26 03:35:00,143.64,289.88
2026-08-26 03:40:00,124.55,270.79
2026-08-26 03:45:00,163.04,309.28
2026-08-26 03:50:00,146.78,293.02
2026-08-26 03:55:00,112.45,258.69
2026-08-26 04:00:00,105.19,251.43
2026-08-26 04:05:00,114.29,260.53
2026-08-26 04:10:00,119.83,266.07
2026-08-26 04:15:00,110.44,256.68
2026-08-26 04:20:00,113.72,259.96
2026-08-26 04:25:00,114.31,260.55
2026-08-26 04:30:00,118.74,264.98
2026-08-26 04:35:00,121.75,267.99
2026-08-26 04:40:00,146.93,293.17
2026-08-26 04:45:00,147.67,293.91
2026-08-26 04:50:00,136.55,282.79
2026-08-26 04:55:00,142.77,289.01
2026-08-26 05:00:00,125.32,271.56
2026-08-26 05:05:00,100.07,246.31
2026-08-26 05:10:00,108.58,254.82
2026-08-26 05:15:00,113.24,259.48
2026-08-26 05:20:00,143.69,289.93
2026-08-26 05:25:00,132.33,278.57
2026-08-26 05:30:00,128.82,275.07
2026-08-26 05:35:00,131.16,277.4
2026-08-26 05:40:00,144.53,290.77
2026-08-26 05:45:00,143.79,290.03
2026-08-26 05:50:00,122.79,269.03
2026-08-26 05:55:00,110.12,256.36
2026-08-26 06:00:00,119.02,265.26
2026-08-26 06:05:00,152.7,298.94
2026-08-26 06:10:00,152.0,298.24
2026-08-26 06:15:00,140.01,286.25
2026-08-26 06:20:00,170.36,316.6
2026-08-26 06:25:00,143.27,289.51
2026-08-26 06:30:00,169.04,315.28
2026-08-26 06:35:00,189.4,335.64
2026-08-26 06:40:00,168.42,314.66
2026-08-26 06:45:00,140.37,286.61
2026-08-26 06:50:00,198.55,344.79
2026-08-26 06:55:00,186.02,332.26
2026-08-26 07:00:00,172.4,318.64
2026-08-26 07:05:00,174.94,321.19
2026-08-26 07:10:00,177.28,323.52
2026-08-26 07:15:00,233.22,379.46
2026-08-26 07:20:00,184.19,330.43
2026-08-26 07:25:00,191.62,337.86
2026-08-26 07:30:00,171.73,317.97
2026-08-26 07:35:00,159.58,305.82
2026-08-26 07:40:00,175.3,321.54
2026-08-26 07:45:00,165.11,311.35
2026-08-26 07:50:00,169.82,316.06
2026-08-26 07:55:00,159.44,305.68
2026-08-26 08:00:00,153.46,299.7
2026-08-26 08:05:00,172.39,318.63
2026-08-26 08:10:00,205.02,351.26
2026-08-26 08:15:00,198.31,344.55
2026-08-26 08:20:00,189.95,336.19
2026-08-26 08:25:00,213.49,359.73
2026-08-26 08:30:00,185.82,332.06
2026-08-26 08:35:00,169.95,316.19
2026-08-26 08:40:00,164.01,310.25
2026-08-26 08:45:00,163.91,310.15
2026-08-26 08:50:00,149.56,295.8
2026-08-26 08:55:00,220.57,366.81
2026-08-26 09:00:00,224.91,371.15
2026-08-26 09:05:00,231.18,377.42
2026-08-26 09:10:00,211.43,357.67
2026-08-26 09:15:00,191.61,337.85
2026-08-26 09:20:00,183.8,330.04
2026-08-26 09:25:00,257.25,403.49
2026-08-26 09:30:00,207.23,353.47
2026-08-26 09:35:00,248.65,394.89
2026-08-26 09:40:00,215.11,361.35
2026-08-26 09:45:00,238.47,384.72
2026-08-26 09:50:00,282.89,429.13
2026-08-26 09:55:00,254.68,400.92
2026-08-26 10:00:00,223.83,370.08
2026-08-26 10:05:00,277.14,423.38
2026-08-26 10:10:00,269.92,416.16
2026-08-26 10:15:00,284.37,430.61
2026-08-26 10:20:00,269.03,415.27
2026-08-26 10:25:00,317.85,464.09
2026-08-26 10:30:00,287.27,433.51
2026-08-26 10:35:00,267.09,413.33
2026-08-26 10:40:00,284.44,430.68
2026-08-26 10:45:00,267.46,413.7
2026-08-26 10:50:00,257.61,403.85
2026-08-26 10:55:00,271.76,418.0
2026-08-26 11:00:00,293.6,439.84
2026-08-26 11:05:00,284.41,430.65
2026-08-26 11:10:00,235.55,381.79
2026-08-26 11:15:00,231.42,377.67
2026-08-26 11:20:00,219.5,365.74
2026-08-26 11:25:00,251.4,397.64
2026-08-26 11:30:00,252.2,398.44
2026-08-26 11:35:00,299.49,445.73
2026-08-26 11:40:00,290.93,437.17
2026-08-26 11:45:00,296.77,443.01
2026-08-26 11:50:00,311.74,457.98
2026-08-26 11:55:00,304.57,450.81
2026-08-26 12:00:00,257.06,403.3
2026-08-26 12:05:00,258.32,404.56
2026-08-26 12:10:00,308.27,454.51
2026-08-26 12:15:00,361.08,507.32
2026-08-26 12:20:00,414.68,560.92
2026-08-26 12:25:00,318.12,464.36
2026-08-26 12:30:00,310.52,456.76
2026-08-26 12:35:00,259.32,405.56
2026-08-26 12:40:00,350.83,497.07
2026-08-26 12:45:00,393.13,539.37
2026-08-26 12:50:00,355.32,501.56
2026-08-26 12:55:00,349.92,496.16
2026-08-26 13:00:00,388.44,534.68
2026-08-26 13:05:00,398.84,545.08
2026-08-26 13:10:00,397.26,543.5
2026-08-26 13:15:00,387.63,533.87
2026-08-26 13:20:00,320.2,466.44
2026-08-26 13:25:00,365.88,512.12
2026-08-26 13:30:00,383.51,529.75
2026-08-26 13:35:00,322.13,468.37
2026-08-26 13:40:00,331.18,477.42
2026-08-26 13:45:00,370.21,516.45
2026-08-26 13:50:00,404.13,550.37
2026-08-26 13:55:00,341.28,487.52
2026-08-26 14:00:00,324.97,471.21
2026-08-26 14:05:00,342.12,488.36
2026-08-26 14:10:00,363.24,509.48
2026-08-26 14:15:00,326.12,472.36
2026-08-26 14:20:00,397.5,543.74
2026-08-26 14:25:00,371.66,517.9
2026-08-26 14:30:00,353.67,499.91
2026-08-26 14:35:00,430.82,577.06
2026-08-26 14:40:00,353.51,499.75
2026-08-26 14:45:00,329.37,475.61
2026-08-26 14:50:00,282.95,429.19
2026-08-26 14:55:00,292.76,439.0
2026-08-26 15:00:00,273.22,419.46
2026-08-26 15:05:00,318.1,464.34
2026-08-26 15:10:00,328.7,474.94
2026-08-26 15:15:00,329.52,475.76
2026-08-26 15:20:00,325.64,471.88
2026-08-26 15:25:00,355.05,501.29
2026-08-26 15:30:00,314.71,460.95
2026-08-26 15:35:00,272.09,418.33
2026-08-26 15:40:00,341.82,488.06
2026-08-26 15:45:00,270.23,416.47
2026-08-26 15:50:00,287.75,433.99
2026-08-26 15:55:00,265.72,411.96
2026-08-26 16:00:00,266.49,412.74
2026-08-26 16:05:00,266.55,412.8
2026-08-26 16:10:00,332.14,478.38
2026-08-26 16:15:00,306.86,453.1
2026-08-26 16:20:00,239.55,385.79
2026-08-26 16:25:00,277.0,423.24
2026-08-26 16:30:00,263.41,409.65
2026-08-26 16:35:00,246.92,393.16
2026-08-26 16:40:00,267.4,413.64
2026-08-26 16:45:00,244.28,390.52
2026-08-26 16:50:00,218.42,364.66
2026-08-26 16:55:00,218.92,365.16
2026-08-26 17:00:00,281.73,427.97
2026-08-26 17:05:00,322.39,468.63
2026-08-26 17:10:00,322.56,468.81
2026-08-26 17:15:00,297.25,443.49
2026-08-26 17:20:00,217.47,363.71
2026-08-26 17:25:00,256.57,402.81
2026-08-26 17:30:00,291.12,437.36
2026-08-26 17:35:00,307.3,453.54
2026-08-26 17:40:00,305.57,451.81
2026-08-26 17:45:00,267.94,414.18
2026-08-26 17:50:00,245.67,391.91
2026-08-26 17:55:00,280.86,427.1
2026-08-26 18:00:00,241.96,388.2
2026-08-26 18:05:00,204.15,350.39
2026-08-26 18:10:00,245.53,391.77
2026-08-26 18:15:00,222.48,368.72
2026-08-26 18:20:00,211.28,357.52
2026-08-26 18:25:00,253.58,399.82
2026-08-26 18:30:00,238.51,384.75
2026-08-26 18:35:00,236.73,382.97
2026-08-26 18:40:00,193.47,339.71
2026-08-26 18:45:00,266.73,412.97
2026-08-26 18:50:00,251.29,397.53
2026-08-26 18:55:00,264.28,410.52
2026-08-26 19:00:00,248.79,395.03
2026-08-26 19:05:00,224.76,371.0
2026-08-26 19:10:00,194.29,340.53
2026-08-26 19:15:00,233.79,380.03
2026-08-26 19:20:00,259.59,405.83
2026-08-26 19:25:00,203.8,350.04
2026-08-26 19:30:00,215.1,361.34
2026-08-26 19:35:00,196.89,343.13
2026-08-26 19:40:00,192.28,338.52
2026-08-26 19:45:00,186.79,333.03
2026-08-26 19:50:00,185.01,331.25
2026-08-26 19:55:00,195.64,341.88
2026-08-26 20:00:00,205.36,351.6
2026-08-26 20:05:00,199.39,345.63
2026-08-26 20:10:00,183.35,329.59
2026-08-26 20:15:00,182.84,329.08
2026-08-26 20:20:00,209.16,355.4
2026-08-26 20:25:00,207.15,353.39
2026-08-26 20:30:00,206.85,353.09
2026-08-26 20:35:00,179.05,325.29
2026-08-26 20:40:00,157.19,303.43
2026-08-26 20:45:00,185.71,331.95
2026-08-26 20:50:00,156.53,302.77
2026-08-26 20:55:00,144.25,290.49
2026-08-26 21:00:00,144.09,290.33
2026-08-26 21:05:00,114.07,260.31
2026-08-26 21:10:00,151.11,297.35
2026-08-26 21:15:00,148.23,294.47
2026-08-26 21:20:00,166.89,313.13
2026-08-26 21:25:00,165.7,311.94
2026-08-26 21:30:00,163.87,310.11
2026-08-26 21:35:00,140.64,286.88
2026-08-26 21:40:00,127.15,273.39
2026-08-26 21:45:00,156.45,302.69
2026-08-26 21:50:00,119.82,266.06
2026-08-26 21:55:00,101.32,247.56
2026-08-26 22:00:00,120.7,266.94
2026-08-26 22:05:00,157.87,304.11
2026-08-26 22:10:00,152.1,298.34
2026-08-26 22:15:00,154.51,300.75
2026-08-26 22:20:00,118.37,264.61
2026-08-26 22:25:00,115.69,261.93
2026-08-26 22:30:00,94.11,240.35
2026-08-26 22:35:00,139.27,285.51
2026-08-26 22:40:00,110.1,256.34
2026-08-26 22:45:00,102.91,249.15
2026-08-26 22:50:00,120.54,266.78
2026-08-26 22:55:00,146.65,292.89
2026-08-26 23:00:00,135.87,282.11
2026-08-26 23:05:00,130.9,277.14
2026-08-26 23:10:00,133.97,280.21
2026-08-26 23:15:00,136.23,282.47
2026-08-26 23:20:00,128.09,274.33
2026-08-26 23:25:00,142.8,289.04
2026-08-26 23:30:00,129.21,275.45
2026-08-26 23:35:00,130.09,276.33
2026-08-26 23:40:00,127.14,273.39
2026-08-26 23:45:00,107.67,253.91
2026-08-26 23:50:00,119.6,265.84
2026-08-26 23:55:00,119.22,265.46
2026-08-27 00:00:00,113.79,260.03
2026-08-27 00:05:00,104.53,250.77
2026-08-27 00:10:00,91.64,237.88
2026-08-27 00:15:00,114.8,261.04
2026-08-27 00:20:00,99.04,245.28
2026-08-27 00:25:00,103.87,250.12
2026-08-27 00:30:00,101.94,248.18
2026-08-27 00:35:00,127.79,274.03
2026-08-27 00:40:00,133.03,279.27
2026-08-27 00:45:00,116.42,262.66
2026-08-27 00:50:00,120.81,267.05
2026-08-27 00:55:00,121.39,267.63
2026-08-27 01:00:00,102.43,248.67
2026-08-27 01:05:00,90.14,236.39
2026-08-27 01:10:00,102.87,249.11
2026-08-27 01:15:00,123.26,269.5
2026-08-27 01:20:00,146.37,292.62
2026-08-27 01:25:00,100.88,247.12
2026-08-27 01:30:00,127.0,273.24
2026-08-27 01:35:00,101.08,247.32
2026-08-27 01:40:00,103.41,249.65
2026-08-27 01:45:00,112.1,258.34
2026-08-27 01:50:00,124.09,270.33
2026-08-27 01:55:00,131.08,277.32
2026-08-27 02:00:00,135.47,281.71
2026-08-27 02:05:00,117.06,263.3
2026-08-27 02:10:00,128.57,274.81
2026-08-27 02:15:00,118.21,264.45
2026-08-27 02:20:00,84.84,231.08
2026-08-27 02:25:00,90.91,237.15
2026-08-27 02:30:00,127.35,273.59
2026-08-27 02:35:00,105.97,252.21
2026-08-27 02:40:00,101.29,247.53
2026-08-27 02:45:00,105.58,251.83
2026-08-27 02:50:00,118.3,264.54
2026-08-27 02:55:00,115.05,261.29
2026-08-27 03:00:00,106.92,253.16
2026-08-27 03:05:00,134.32,280.56
2026-08-27 03:10:00,115.57,261.81
2026-08-27 03:15:00,127.98,274.22
2026-08-27 03:20:00,119.29,265.53
2026-08-27 03:25:00,122.38,268.62
2026-08-27 03:30:00,108.66,254.9
2026-08-27 03:35:00,116.59,262.83
2026-08-27 03:40:00,98.38,244.62
2026-08-27 03:45:00,112.97,259.21
2026-08-27 03:50:00,106.48,252.72
2026-08-27 03:55:00,96.9,243.14
2026-08-27 04:00:00,129.94,276.18
2026-08-27 04:05:00,134.01,280.25
2026-08-27 04:10:00,124.55,270.79
2026-08-27 04:15:00,103.26,249.5
2026-08-27 04:20:00,106.64,252.88
2026-08-27 04:25:00,118.85,265.09
2026-08-27 04:30:00,129.79,276.03
2026-08-27 04:35:00,93.31,239.55
2026-08-27 04:40:00,126.23,272.47
2026-08-27 04:45:00,125.14,271.38
2026-08-27 04:50:00,150.04,296.28
2026-08-27 04:55:00,123.66,269.9
2026-08-27 05:00:00,108.31,254.55
2026-08-27 05:05:00,97.1,243.34
2026-08-27 05:10:00,109.61,255.85
2026-08-27 05:15:00,125.43,271.67
2026-08-27 05:20:00,101.62,247.86
2026-08-27 05:25:00,113.58,259.82
2026-08-27 05:30:00,149.1,295.34
2026-08-27 05:35:00,145.86,292.1
2026-08-27 05:40:00,156.57,302.81
2026-08-27 05:45:00,136.35,282.59
2026-08-27 05:50:00,106.44,252.68
2026-08-27 05:55:00,142.83,289.07
2026-08-27 06:00:00,145.81,292.05
2026-08-27 06:05:00,146.78,293.02
2026-08-27 06:10:00,131.62,277.86
2026-08-27 06:15:00,142.41,288.65
2026-08-27 06:20:00,133.86,280.1
2026-08-27 06:25:00,155.04,301.28
2026-08-27 06:30:00,204.01,350.25
2026-08-27 06:35:00,189.26,335.5
2026-08-27 06:40:00,157.44,303.68
2026-08-27 06:45:00,126.32,272.56
2026-08-27 06:50:00,120.94,267.18
2026-08-27 06:55:00,169.51,315.75
2026-08-27 07:00:00,157.1,303.34
2026-08-27 07:05:00,145.85,292.09
2026-08-27 07:10:00,163.78,310.02
2026-08-27 07:15:00,229.39,375.63
2026-08-27 07:20:00,192.88,339.12
2026-08-27 07:25:00,183.92,330.16
2026-08-27 07:30:00,189.91,336.15
2026-08-27 07:35:00,146.37,292.61
2026-08-27 07:40:00,159.38,305.62
2026-08-27 07:45:00,159.9,306.14
2026-08-27 07:50:00,173.69,319.93
2026-08-27 07:55:00,213.95,360.19
2026-08-27 08:00:00,205.86,352.1
2026-08-27 08:05:00,205.99,352.23
2026-08-27 08:10:00,166.73,312.97
2026-08-27 08:15:00,198.95,345.19
2026-08-27 08:20:00,165.19,311.43
2026-08-27 08:25:00,199.01,345.25
2026-08-27 08:30:00,192.92,339.16
2026-08-27 08:35:00,202.58,348.82
2026-08-27 08:40:00,266.65,412.89
2026-08-27 08:45:00,263.01,409.25
2026-08-27 08:50:00,264.61,410.85
2026-08-27 08:55:00,255.03,401.27
2026-08-27 09:00:00,273.04,419.28
2026-08-27 09:05:00,222.26,368.5
2026-08-27 09:10:00,277.73,423.97
2026-08-27 09:15:00,238.22,384.46
2026-08-27 09:20:00,193.65,339.89
2026-08-27 09:25:00,213.63,359.87
2026-08-27 09:30:00,232.42,378.66
2026-08-27 09:35:00,211.67,357.91
2026-08-27 09:40:00,195.81,342.05
2026-08-27 09:45:00,230.36,376.6
2026-08-27 09:50:00,239.11,385.35
2026-08-27 09:55:00,264.59,410.83
2026-08-27 10:00:00,367.63,513.87
2026-08-27 10:05:00,317.59,463.83
2026-08-27 10:10:00,270.28,416.52
2026-08-27 10:15:00,218.82,365.06
2026-08-27 10:20:00,245.36,391.6
2026-08-27 10:25:00,238.55,384.8
2026-08-27 10:30:00,254.43,400.67
2026-08-27 10:35:00,253.33,399.57
2026-08-27 10:40:00,263.07,409.31
2026-08-27 10:45:00,338.46,484.7
2026-08-27 10:50:00,275.81,422.05
2026-08-27 10:55:00,290.59,436.83
2026-08-27 11:00:00,290.22,436.46
2026-08-27 11:05:00,314.41,460.65
2026-08-27 11:10:00,330.48,476.72
2026-08-27 11:15:00,333.37,479.61
2026-08-27 11:20:00,348.14,494.38
2026-08-27 11:25:00,271.17,417.41
2026-08-27 11:30:00,318.81,465.05
2026-08-27 11:35:00,347.42,493.66
2026-08-27 11:40:00,358.88,505.12
2026-08-27 11:45:00,284.79,431.03
2026-08-27 11:50:00,260.5,406.74
2026-08-27 11:55:00,295.85,442.09
2026-08-27 12:00:00,256.01,402.25
2026-08-27 12:05:00,284.05,430.29
2026-08-27 12:10:00,344.34,490.58
2026-08-27 12:15:00,298.82,445.06
2026-08-27 12:20:00,300.57,446.81
2026-08-27 12:25:00,272.09,418.33
2026-08-27 12:30:00,283.91,430.15
2026-08-27 12:35:00,283.0,429.24
2026-08-27 12:40:00,284.03,430.27
2026-08-27 12:45:00,299.86,446.1
2026-08-27 12:50:00,290.94,437.18
2026-08-27 12:55:00,308.51,454.75
2026-08-27 13:00:00,392.69,538.93
2026-08-27 13:05:00,346.53,492.77
2026-08-27 13:10:00,341.45,487.69
2026-08-27 13:15:00,327.49,473.73
2026-08-27 13:20:00,288.97,435.21
2026-08-27 13:25:00,275.39,421.64
2026-08-27 13:30:00,263.46,409.7
2026-08-27 13:35:00,236.96,383.2
2026-08-27 13:40:00,313.94,460.18
2026-08-27 13:45:00,365.07,511.31
2026-08-27 13:50:00,283.74,429.98
2026-08-27 13:55:00,292.54,438.78
2026-08-27 14:00:00,274.15,420.39
2026-08-27 14:05:00,299.9,446.14
2026-08-27 14:10:00,368.0,514.24
2026-08-27 14:15:00,339.39,485.63
2026-08-27 14:20:00,324.9,471.14
2026-08-27 14:25:00,379.59,525.83
2026-08-27 14:30:00,360.09,506.33
2026-08-27 14:35:00,336.52,482.76
2026-08-27 14:40:00,329.81,476.05
2026-08-27 14:45:00,296.57,442.81
2026-08-27 14:50:00,324.0,470.24
2026-08-27 14:55:00,338.15,484.39
2026-08-27 15:00:00,303.21,449.45
2026-08-27 15:05:00,310.43,456.67
2026-08-27 15:10:00,304.43,450.67
2026-08-27 15:15:00,345.12,491.36
2026-08-27 15:20:00,367.85,514.09
2026-08-27 15:25:00,362.65,508.89
2026-08-27 15:30:00,343.98,490.22
2026-08-27 15:35:00,313.71,459.95
2026-08-27 15:40:00,306.63,452.87
2026-08-27 15:45:00,266.37,412.61
2026-08-27 15:50:00,180.71,326.95
2026-08-27 15:55:00,257.62,403.86
2026-08-27 16:00:00,242.76,389.0
2026-08-27 16:05:00,305.45,451.69
2026-08-27 16:10:00,245.67,391.91
2026-08-27 16:15:00,277.57,423.81
2026-08-27 16:20:00,289.45,435.69
2026-08-27 16:25:00,269.76,416.0
2026-08-27 16:30:00,284.52,430.76
2026-08-27 16:35:00,284.23,430.47
2026-08-27 16:40:00,265.54,411.78
2026-08-27 16:45:00,312.08,458.32
2026-08-27 16:50:00,311.13,457.37
2026-08-27 16:55:00,283.6,429.84
2026-08-27 17:00:00,263.16,409.4
2026-08-27 17:05:00,253.72,399.96
2026-08-27 17:10:00,268.84,415.08
2026-08-27 17:15:00,246.89,393.13
2026-08-27 17:20:00,247.19,393.43
2026-08-27 17:25:00,252.15,398.39
2026-08-27 17:30:00,239.7,385.94
2026-08-27 17:35:00,218.67,364.91
2026-08-27 17:40:00,206.3,352.54
2026-08-27 17:45:00,265.19,411.43
2026-08-27 17:50:00,292.25,438.49
2026-08-27 17:55:00,203.89,350.13
2026-08-27 18:00:00,247.36,393.6
2026-08-27 18:05:00,268.44,414.68
2026-08-27 18:10:00,267.23,413.47
2026-08-27 18:15:00,233.49,379.73
2026-08-27 18:20:00,223.78,370.02
2026-08-27 18:25:00,216.59,362.83
2026-08-27 18:30:00,213.36,359.6
2026-08-27 18:35:00,234.79,381.03
2026-08-27 18:40:00,217.07,363.31
2026-08-27 18:45:00,195.88,342.13
2026-08-27 18:50:00,227.84,374.08
2026-08-27 18:55:00,228.52,374.76
2026-08-27 19:00:00,214.61,360.85
2026-08-27 19:05:00,223.36,369.6
2026-08-27 19:10:00,250.82,397.06
2026-08-27 19:15:00,214.96,361.2
2026-08-27 19:20:00,242.01,388.25
2026-08-27 19:25:00,217.09,363.34
2026-08-27 19:30:00,234.83,381.08
2026-08-27 19:35:00,237.1,383.34
2026-08-27 19:40:00,226.28,372.52
2026-08-27 19:45:00,234.67,380.91
2026-08-27 19:50:00,241.02,387.26
2026-08-27 19:55:00,214.14,360.38
2026-08-27 20:00:00,219.13,365.37
2026-08-27 20:05:00,236.91,383.15
2026-08-27 20:10:00,219.84,366.08
2026-08-27 20:15:00,200.08,346.32
2026-08-27 20:20:00,178.36,324.6
2026-08-27 20:25:00,185.09,331.33
2026-08-27 20:30:00,147.27,293.51
2026-08-27 20:35:00,203.46,349.7
2026-08-27 20:40:00,185.85,332.09
2026-08-27 20:45:00,161.63,307.87
2026-08-27 20:50:00,176.62,322.86
2026-08-27 20:55:00,152.4,298.64
2026-08-27 21:00:00,152.23,298.47
2026-08-27 21:05:00,114.14,260.38
2026-08-27 21:10:00,130.42,276.66
2026-08-27 21:15:00,146.62,292.87
2026-08-27 21:20:00,171.7,317.94
2026-08-27 21:25:00,142.22,288.46
2026-08-27 21:30:00,115.83,262.07
2026-08-27 21:35:00,128.01,274.25
2026-08-27 21:40:00,127.56,273.8
2026-08-27 21:45:00,112.53,258.77
2026-08-27 21:50:00,133.6,279.84
2026-08-27 21:55:00,122.15,268.39
2026-08-27 22:00:00,99.32,245.56
2026-08-27 22:05:00,101.39,247.63
2026-08-27 22:10:00,122.34,268.58
2026-08-27 22:15:00,101.6,247.84
2026-08-27 22:20:00,114.69,260.93
2026-08-27 22:25:00,105.21,251.45
2026-08-27 22:30:00,140.97,287.21
2026-08-27 22:35:00,187.12,333.36
2026-08-27 22:40:00,140.33,286.57
2026-08-27 22:45:00,137.18,283.42
2026-08-27 22:50:00,117.12,263.36
2026-08-27 22:55:00,122.28,268.52
2026-08-27 23:00:00,153.52,299.76
2026-08-27 23:05:00,125.69,271.93
2026-08-27 23:10:00,119.21,265.45
2026-08-27 23:15:00,119.54,265.78
2026-08-27 23:20:00,150.14,296.38
2026-08-27 23:25:00,114.49,260.73
2026-08-27 23:30:00,101.48,247.72
2026-08-27 23:35:00,103.34,249.58
2026-08-27 23:40:00,102.09,248.33
2026-08-27 23:45:00,122.72,268.96
2026-08-27 23:50:00,135.56,281.8
2026-08-27 23:55:00,112.17,258.41
2026-08-28 00:00:00,147.85,294.09
2026-08-28 00:05:00,110.89,257.13
2026-08-28 00:10:00,119.3,265.54
2026-08-28 00:15:00,117.38,263.62
2026-08-28 00:20:00,108.73,254.97
2026-08-28 00:25:00,114.04,260.28
2026-08-28 00:30:00,110.52,256.77
2026-08-28 00:35:00,111.37,257.61
2026-08-28 00:40:00,99.8,246.04
2026-08-28 00:45:00,114.93,261.17
2026-08-28 00:50:00,94.67,240.91
2026-08-28 00:55:00,77.48,223.72
2026-08-28 01:00:00,84.76,231.0
2026-08-28 01:05:00,95.37,241.61
2026-08-28 01:10:00,103.43,249.67
2026-08-28 01:15:00,115.15,261.39
2026-08-28 01:20:00,121.52,267.76
2026-08-28 01:25:00,128.04,274.28
2026-08-28 01:30:00,94.5,240.74
2026-08-28 01:35:00,113.09,259.33
2026-08-28 01:40:00,114.37,260.61
2026-08-28 01:45:00,133.31,279.55
2026-08-28 01:50:00,128.54,274.78
2026-08-28 01:55:00,113.63,259.87
2026-08-28 02:00:00,115.17,261.41
2026-08-28 02:05:00,114.18,260.42
2026-08-28 02:10:00,123.84,270.08
2026-08-28 02:15:00,90.78,237.02
2026-08-28 02:20:00,98.74,244.98
2026-08-28 02:25:00,119.84,266.08
2026-08-28 02:30:00,121.92,268.16
2026-08-28 02:35:00,102.34,248.58
2026-08-28 02:40:00,111.51,257.75
2026-08-28 02:45:00,130.49,276.73
2026-08-28 02:50:00,177.52,323.76
2026-08-28 02:55:00,160.76,307.0
2026-08-28 03:00:00,139.59,285.83
2026-08-28 03:05:00,128.47,274.71
2026-08-28 03:10:00,105.47,251.71
2026-08-28 03:15:00,114.81,261.05
2026-08-28 03:20:00,102.18,248.42
2026-08-28 03:25:00,107.48,253.72
2026-08-28 03:30:00,125.07,271.31
2026-08-28 03:35:00,103.37,249.61
2026-08-28 03:40:00,98.76,245.0
2026-08-28 03:45:00,120.83,267.07
2026-08-28 03:50:00,124.19,270.43
2026-08-28 03:55:00,139.58,285.82
2026-08-28 04:00:00,110.28,256.52
2026-08-28 04:05:00,158.5,304.74
2026-08-28 04:10:00,116.4,262.64
2026-08-28 04:15:00,99.2,245.44
2026-08-28 04:20:00,110.93,257.17
2026-08-28 04:25:00,101.32,247.56
2026-08-28 04:30:00,116.57,262.81
2026-08-28 04:35:00,110.5,256.74
2026-08-28 04:40:00,129.44,275.68
2026-08-28 04:45:00,112.27,258.51
2026-08-28 04:50:00,129.02,275.26
2026-08-28 04:55:00,117.4,263.64
2026-08-28 05:00:00,146.84,293.08
2026-08-28 05:05:00,126.91,273.15
2026-08-28 05:10:00,126.22,272.46
2026-08-28 05:15:00,100.97,247.21
2026-08-28 05:20:00,116.42,262.66
2026-08-28 05:25:00,111.99,258.23
2026-08-28 05:30:00,107.57,253.81
2026-08-28 05:35:00,132.85,279.09
2026-08-28 05:40:00,114.64,260.88
2026-08-28 05:45:00,159.01,305.25
2026-08-28 05:50:00,143.48,289.72
2026-08-28 05:55:00,136.34,282.58
2026-08-28 06:00:00,127.13,273.37
2026-08-28 06:05:00,147.02,293.26
2026-08-28 06:10:00,147.8,294.04
2026-08-28 06:15:00,138.88,285.12
2026-08-28 06:20:00,151.87,298.11
2026-08-28 06:25:00,123.06,269.3
2026-08-28 06:30:00,109.77,256.01
2026-08-28 06:35:00,118.85,265.09
2026-08-28 06:40:00,139.23,285.47
2026-08-28 06:45:00,153.22,299.46
2026-08-28 06:50:00,180.37,326.61
2026-08-28 06:55:00,155.76,302.0
2026-08-28 07:00:00,175.55,321.8
2026-08-28 07:05:00,160.14,306.38
2026-08-28 07:10:00,145.04,291.29
2026-08-28 07:15:00,195.14,341.38
2026-08-28 07:20:00,178.72,324.96
2026-08-28 07:25:00,174.63,320.87
2026-08-28 07:30:00,185.05,331.29
2026-08-28 07:35:00,153.9,300.14
2026-08-28 07:40:00,171.17,317.41
2026-08-28 07:45:00,151.2,297.44
2026-08-28 07:50:00,146.16,292.4
2026-08-28 07:55:00,151.66,297.9
2026-08-28 08:00:00,153.81,300.05
2026-08-28 08:05:00,138.64,284.88
2026-08-28 08:10:00,151.5,297.74
2026-08-28 08:15:00,197.46,343.7
2026-08-28 08:20:00,185.63,331.87
2026-08-28 08:25:00,192.64,338.88
2026-08-28 08:30:00,164.84,311.08
2026-08-28 08:35:00,204.03,350.28
2026-08-28 08:40:00,164.42,310.66
2026-08-28 08:45:00,196.48,342.72
2026-08-28 08:50:00,172.71,318.95
2026-08-28 08:55:00,169.63,315.87
2026-08-28 09:00:00,176.28,322.52
2026-08-28 09:05:00,267.93,414.17
2026-08-28 09:10:00,312.11,458.35
2026-08-28 09:15:00,297.17,443.41
2026-08-28 09:20:00,247.27,393.51
2026-08-28 09:25:00,190.76,337.0
2026-08-28 09:30:00,188.77,335.01
2026-08-28 09:35:00,202.57,348.81
2026-08-28 09:40:00,186.37,332.61
2026-08-28 09:45:00,226.68,372.92
2026-08-28 09:50:00,232.3,378.54
2026-08-28 09:55:00,265.16,411.4
2026-08-28 10:00:00,202.83,349.07
2026-08-28 10:05:00,226.47,372.71
2026-08-28 10:10:00,225.97,372.21
2026-08-28 10:15:00,222.97,369.21
2026-08-28 10:20:00,267.1,413.34
2026-08-28 10:25:00,250.21,396.45
2026-08-28 10:30:00,253.08,399.32
2026-08-28 10:35:00,234.49,380.73
2026-08-28 10:40:00,252.25,398.49
2026-08-28 10:45:00,251.13,397.37
2026-08-28 10:50:00,249.95,396.19
2026-08-28 10:55:00,263.93,410.17
2026-08-28 11:00:00,260.58,406.82
2026-08-28 11:05:00,266.39,412.63
2026-08-28 11:10:00,249.13,395.37
2026-08-28 11:15:00,336.68,482.92
2026-08-28 11:20:00,329.99,476.23
2026-08-28 11:25:00,275.9,422.14
2026-08-28 11:30:00,296.92,443.16
2026-08-28 11:35:00,280.36,426.6
2026-08-28 11:40:00,257.39,403.63
2026-08-28 11:45:00,273.56,419.8
2026-08-28 11:50:00,252.81,399.05
2026-08-28 11:55:00,275.72,421.97
2026-08-28 12:00:00,303.31,449.55
2026-08-28 12:05:00,283.01,429.25
2026-08-28 12:10:00,286.85,433.09
2026-08-28 12:15:00,413.85,560.09
2026-08-28 12:20:00,352.49,498.73
2026-08-28 12:25:00,273.85,420.09
2026-08-28 12:30:00,253.49,399.73
2026-08-28 12:35:00,307.93,454.17
2026-08-28 12:40:00,366.65,512.89
2026-08-28 12:45:00,342.31,488.55
2026-08-28 12:50:00,366.38,512.63
2026-08-28 12:55:00,381.98,528.22
2026-08-28 13:00:00,340.28,486.52
2026-08-28 13:05:00,322.41,468.65
2026-08-28 13:10:00,320.74,466.98
2026-08-28 13:15:00,367.12,513.36
2026-08-28 13:20:00,341.28,487.52
2026-08-28 13:25:00,329.3,475.54
2026-08-28 13:30:00,329.96,476.2
2026-08-28 13:35:00,387.83,534.07
2026-08-28 13:40:00,388.32,534.56
2026-08-28 13:45:00,383.85,530.09
2026-08-28 13:50:00,362.29,508.53
2026-08-28 13:55:00,353.86,500.1
2026-08-28 14:00:00,346.82,493.06
2026-08-28 14:05:00,374.81,521.05
2026-08-28 14:10:00,382.55,528.79
2026-08-28 14:15:00,366.53,512.77
2026-08-28 14:20:00,316.22,462.46
2026-08-28 14:25:00,325.72,471.96
2026-08-28 14:30:00,311.11,457.36
2026-08-28 14:35:00,327.03,473.27
2026-08-28 14:40:00,436.0,582.24
2026-08-28 14:45:00,333.34,479.58
2026-08-28 14:50:00,360.65,506.89
2026-08-28 14:55:00,306.81,453.05
2026-08-28 15:00:00,332.93,479.17
2026-08-28 15:05:00,427.12,573.36
2026-08-28 15:10:00,337.02,483.26
2026-08-28 15:15:00,315.84,462.08
2026-08-28 15:20:00,318.64,464.88
2026-08-28 15:25:00,293.1,439.34
2026-08-28 15:30:00,352.04,498.28
2026-08-28 15:35:00,267.69,413.93
2026-08-28 15:40:00,332.85,479.09
2026-08-28 15:45:00,280.33,426.57
2026-08-28 15:50:00,221.45,367.69
2026-08-28 15:55:00,270.52,416.76
2026-08-28 16:00:00,230.97,377.21
2026-08-28 16:05:00,336.8,483.04
2026-08-28 16:10:00,273.77,420.01
2026-08-28 16:15:00,280.8,427.04
2026-08-28 16:20:00,285.91,432.15
2026-08-28 16:25:00,280.72,426.96
2026-08-28 16:30:00,234.62,380.86
2026-08-28 16:35:00,349.28,495.52
2026-08-28 16:40:00,273.43,419.67
2026-08-28 16:45:00,290.03,436.27
2026-08-28 16:50:00,261.53,407.77
2026-08-28 16:55:00,277.57,423.81
2026-08-28 17:00:00,297.65,443.89
2026-08-28 17:05:00,263.78,410.02
2026-08-28 17:10:00,243.52,389.76
2026-08-28 17:15:00,255.05,401.29
2026-08-28 17:20:00,278.45,424.69
2026-08-28 17:25:00,249.29,395.53
2026-08-28 17:30:00,306.02,452.26
2026-08-28 17:35:00,257.12,403.36
2026-08-28 17:40:00,267.95,414.19
2026-08-28 17:45:00,251.13,397.37
2026-08-28 17:50:00,221.58,367.82
2026-08-28 17:55:00,189.13,335.38
2026-08-28 18:00:00,207.42,353.66
2026-08-28 18:05:00,207.56,353.8
2026-08-28 18:10:00,198.88,345.12
2026-08-28 18:15:00,229.85,376.09
2026-08-28 18:20:00,229.41,375.65
2026-08-28 18:25:00,200.08,346.32
2026-08-28 18:30:00,191.37,337.62
2026-08-28 18:35:00,247.71,393.95
2026-08-28 18:40:00,233.97,380.21
2026-08-28 18:45:00,227.14,373.38
2026-08-28 18:50:00,204.43,350.67
2026-08-28 18:55:00,181.85,328.09
2026-08-28 19:00:00,161.74,307.98
2026-08-28 19:05:00,228.85,375.09
2026-08-28 19:10:00,222.51,368.75
2026-08-28 19:15:00,200.02,346.26
2026-08-28 19:20:00,192.12,338.36
2026-08-28 19:25:00,193.87,340.11
2026-08-28 19:30:00,182.94,329.18
2026-08-28 19:35:00,193.46,339.7
2026-08-28 19:40:00,208.93,355.17
2026-08-28 19:45:00,239.03,385.27
2026-08-28 19:50:00,262.35,408.59
2026-08-28 19:55:00,271.53,417.77
2026-08-28 20:00:00,270.13,416.37
2026-08-28 20:05:00,229.88,376.12
2026-08-28 20:10:00,206.75,352.99
2026-08-28 20:15:00,204.97,351.21
2026-08-28 20:20:00,217.81,364.05
2026-08-28 20:25:00,207.58,353.82
2026-08-28 20:30:00,173.7,319.94
2026-08-28 20:35:00,163.13,309.37
2026-08-28 20:40:00,195.46,341.7
2026-08-28 20:45:00,147.07,293.31
2026-08-28 20:50:00,181.82,328.06
2026-08-28 20:55:00,159.31,305.55
2026-08-28 21:00:00,115.26,261.5
2026-08-28 21:05:00,108.84,255.08
2026-08-28 21:10:00,112.89,259.13
2026-08-28 21:15:00,130.96,277.2
2026-08-28 21:20:00,118.9,265.14
2026-08-28 21:25:00,131.23,277.47
2026-08-28 21:30:00,145.68,291.92
2026-08-28 21:35:00,124.67,270.91
2026-08-28 21:40:00,131.5,277.74
2026-08-28 21:45:00,102.36,248.6
2026-08-28 21:50:00,107.65,253.89
2026-08-28 21:55:00,165.06,311.3
2026-08-28 22:00:00,158.86,305.1
2026-08-28 22:05:00,144.57,290.81
2026-08-28 22:10:00,132.7,278.94
2026-08-28 22:15:00,127.85,274.09
2026-08-28 22:20:00,131.31,277.55
2026-08-28 22:25:00,125.17,271.41
2026-08-28 22:30:00,130.06,276.3
2026-08-28 22:35:00,128.59,274.84
2026-08-28 22:40:00,112.91,259.15
2026-08-28 22:45:00,125.11,271.35
2026-08-28 22:50:00,110.5,256.74
2026-08-28 22:55:00,135.44,281.68
2026-08-28 23:00:00,130.44,276.68
2026-08-28 23:05:00,100.51,246.75
2026-08-28 23:10:00,112.26,258.5
2026-08-28 23:15:00,110.5,256.74
2026-08-28 23:20:00,137.1,283.34
2026-08-28 23:25:00,139.33,285.57
2026-08-28 23:30:00,148.89,295.13
2026-08-28 23:35:00,142.53,288.77
2026-08-28 23:40:00,117.23,263.47
2026-08-28 23:45:00,95.29,241.53
2026-08-28 23:50:00,93.14,239.38
2026-08-28 23:55:00,94.63,240.87
2026-08-29 00:00:00,132.14,278.38
2026-08-29 00:05:00,104.25,250.49
2026-08-29 00:10:00,92.33,238.57
2026-08-29 00:15:00,84.41,230.65
2026-08-29 00:20:00,81.67,227.91
2026-08-29 00:25:00,90.38,236.62
2026-08-29 00:30:00,95.52,241.76
2026-08-29 00:35:00,89.49,235.73
2026-08-29 00:40:00,76.43,222.67
2026-08-29 00:45:00,107.17,253.41
2026-08-29 00:50:00,82.59,228.83
2026-08-29 00:55:00,66.1,212.34
2026-08-29 01:00:00,53.63,199.87
2026-08-29 01:05:00,82.69,228.93
2026-08-29 01:10:00,88.29,234.53
2026-08-29 01:15:00,88.17,234.41
2026-08-29 01:20:00,89.33,235.57
2026-08-29 01:25:00,63.29,209.53
2026-08-29 01:30:00,67.51,213.75
2026-08-29 01:35:00,84.04,230.28
2026-08-29 01:40:00,92.39,238.63
2026-08-29 01:45:00,96.0,242.24
2026-08-29 01:50:00,95.8,242.04
2026-08-29 01:55:00,85.19,231.43
2026-08-29 02:00:00,80.53,226.77
2026-08-29 02:05:00,93.5,239.74
2026-08-29 02:10:00,80.42,226.66
2026-08-29 02:15:00,77.5,223.74
2026-08-29 02:20:00,56.19,202.43
2026-08-29 02:25:00,75.69,221.93
2026-08-29 02:30:00,76.57,222.81
2026-08-29 02:35:00,67.58,213.82
2026-08-29 02:40:00,99.48,245.72
2026-08-29 02:45:00,93.48,239.72
2026-08-29 02:50:00,96.58,242.82
2026-08-29 02:55:00,115.63,261.87
2026-08-29 03:00:00,115.17,261.41
2026-08-29 03:05:00,89.13,235.37
2026-08-29 03:10:00,58.12,204.36
2026-08-29 03:15:00,87.36,233.6
2026-08-29 03:20:00,83.88,230.12
2026-08-29 03:25:00,80.73,226.97
2026-08-29 03:30:00,95.21,241.45
2026-08-29 03:35:00,101.99,248.23
2026-08-29 03:40:00,79.44,225.69
2026-08-29 03:45:00,80.83,227.07
2026-08-29 03:50:00,84.83,231.07
2026-08-29 03:55:00,89.15,235.39
2026-08-29 04:00:00,99.92,246.16
2026-08-29 04:05:00,131.83,278.07
2026-08-29 04:10:00,101.37,247.61
2026-08-29 04:15:00,95.15,241.39
2026-08-29 04:20:00,99.2,245.44
2026-08-29 04:25:00,86.92,233.16
2026-08-29 04:30:00,91.82,238.06
2026-08-29 04:35:00,78.81,225.05
2026-08-29 04:40:00,78.85,225.09
2026-08-29 04:45:00,82.97,229.21
2026-08-29 04:50:00,90.31,236.55
2026-08-29 04:55:00,101.17,247.42
2026-08-29 05:00:00,105.67,251.91
2026-08-29 05:05:00,81.42,227.66
2026-08-29 05:10:00,96.4,242.64
2026-08-29 05:15:00,73.37,219.61
2026-08-29 05:20:00,76.91,223.15
2026-08-29 05:25:00,98.14,244.38
2026-08-29 05:30:00,99.18,245.42
2026-08-29 05:35:00,112.82,259.06
2026-08-29 05:40:00,93.03,239.27
2026-08-29 05:45:00,103.68,249.92
2026-08-29 05:50:00,90.99,237.23
2026-08-29 05:55:00,104.12,250.36
2026-08-29 06:00:00,116.33,262.57
2026-08-29 06:05:00,118.91,265.15
2026-08-29 06:10:00,134.82,281.06
2026-08-29 06:15:00,120.41,266.65
2026-08-29 06:20:00,136.45,282.69
2026-08-29 06:25:00,108.02,254.26
2026-08-29 06:30:00,93.6,239.84
2026-08-29 06:35:00,116.32,262.56
2026-08-29 06:40:00,96.31,242.55
2026-08-29 06:45:00,118.55,264.8
2026-08-29 06:50:00,123.94,270.18
2026-08-29 06:55:00,136.44,282.68
2026-08-29 07:00:00,134.74,280.98
2026-08-29 07:05:00,121.77,268.01
2026-08-29 07:10:00,127.49,273.73
2026-08-29 07:15:00,149.98,296.22
2026-08-29 07:20:00,127.73,273.97
2026-08-29 07:25:00,145.02,291.26
2026-08-29 07:30:00,147.78,294.02
2026-08-29 07:35:00,111.51,257.75
2026-08-29 07:40:00,129.22,275.46
2026-08-29 07:45:00,140.1,286.34
2026-08-29 07:50:00,134.74,280.98
2026-08-29 07:55:00,114.58,260.82
2026-08-29 08:00:00,104.69,250.93
2026-08-29 08:05:00,107.9,254.14
2026-08-29 08:10:00,127.19,273.43
2026-08-29 08:15:00,157.6,303.84
2026-08-29 08:20:00,138.68,284.92
2026-08-29 08:25:00,169.6,315.84
2026-08-29 08:30:00,152.55,298.79
2026-08-29 08:35:00,174.56,320.8
2026-08-29 08:40:00,182.9,329.14
2026-08-29 08:45:00,186.92,333.16
2026-08-29 08:50:00,171.6,317.84
2026-08-29 08:55:00,149.03,295.28
2026-08-29 09:00:00,161.15,307.39
2026-08-29 09:05:00,184.15,330.39
2026-08-29 09:10:00,225.37,371.61
2026-08-29 09:15:00,232.65,378.89
2026-08-29 09:20:00,217.96,364.2
2026-08-29 09:25:00,198.67,344.91
2026-08-29 09:30:00,163.85,310.09
2026-08-29 09:35:00,150.03,296.27
2026-08-29 09:40:00,154.15,300.39
2026-08-29 09:45:00,165.16,311.4
2026-08-29 09:50:00,186.45,332.69
2026-08-29 09:55:00,185.97,332.21
2026-08-29 10:00:00,184.87,331.11
2026-08-29 10:05:00,181.47,327.71
2026-08-29 10:10:00,212.02,358.26
2026-08-29 10:15:00,152.89,299.13
2026-08-29 10:20:00,191.82,338.07
2026-08-29 10:25:00,234.19,380.43
2026-08-29 10:30:00,251.77,398.01
2026-08-29 10:35:00,221.22,367.46
2026-08-29 10:40:00,267.2,413.44
2026-08-29 10:45:00,238.84,385.08
2026-08-29 10:50:00,210.14,356.38
2026-08-29 10:55:00,238.41,384.65
2026-08-29 11:00:00,209.62,355.86
2026-08-29 11:05:00,194.54,340.78
2026-08-29 11:10:00,184.4,330.64
2026-08-29 11:15:00,187.84,334.08
2026-08-29 11:20:00,217.14,363.38
2026-08-29 11:25:00,197.08,343.32
2026-08-29 11:30:00,208.65,354.89
2026-08-29 11:35:00,217.85,364.09
2026-08-29 11:40:00,215.89,362.13
2026-08-29 11:45:00,243.82,390.06
2026-08-29 11:50:00,213.41,359.65
2026-08-29 11:55:00,176.44,322.68
2026-08-29 12:00:00,253.26,399.5
2026-08-29 12:05:00,201.57,347.81
2026-08-29 12:10:00,242.67,388.91
2026-08-29 12:15:00,264.4,410.64
2026-08-29 12:20:00,303.21,449.46
2026-08-29 12:25:00,288.09,434.33
2026-08-29 12:30:00,288.05,434.29
2026-08-29 12:35:00,324.78,471.02
2026-08-29 12:40:00,231.26,377.5
2026-08-29 12:45:00,243.09,389.33
2026-08-29 12:50:00,248.13,394.37
2026-08-29 12:55:00,245.28,391.52
2026-08-29 13:00:00,273.25,419.5
2026-08-29 13:05:00,258.07,404.31
2026-08-29 13:10:00,246.65,392.89
2026-08-29 13:15:00,248.83,395.07
2026-08-29 13:20:00,213.82,360.06
2026-08-29 13:25:00,234.5,380.74
2026-08-29 13:30:00,259.08,405.32
2026-08-29 13:35:00,209.16,355.4
2026-08-29 13:40:00,277.14,423.38
2026-08-29 13:45:00,274.89,421.13
2026-08-29 13:50:00,280.94,427.18
2026-08-29 13:55:00,238.56,384.8
2026-08-29 14:00:00,209.51,355.75
2026-08-29 14:05:00,232.36,378.6
2026-08-29 14:10:00,343.05,489.29
2026-08-29 14:15:00,335.25,481.49
2026-08-29 14:20:00,272.1,418.34
2026-08-29 14:25:00,259.24,405.48
2026-08-29 14:30:00,258.02,404.26
2026-08-29 14:35:00,242.11,388.35
2026-08-29 14:40:00,302.89,449.13
2026-08-29 14:45:00,339.78,486.02
2026-08-29 14:50:00,394.06,540.3
2026-08-29 14:55:00,478.84,625.08
2026-08-29 15:00:00,625.86,772.1
2026-08-29 15:05:00,560.06,706.3
2026-08-29 15:10:00,521.6,667.84
2026-08-29 15:15:00,584.91,731.15
2026-08-29 15:20:00,527.23,673.47
2026-08-29 15:25:00,520.78,667.02
2026-08-29 15:30:00,557.98,704.22
2026-08-29 15:35:00,523.27,669.51
2026-08-29 15:40:00,573.09,719.33
2026-08-29 15:45:00,573.16,719.4
2026-08-29 15:50:00,579.83,726.07
2026-08-29 15:55:00,514.28,660.52
2026-08-29 16:00:00,506.51,652.75
2026-08-29 16:05:00,503.6,649.84
2026-08-29 16:10:00,494.13,640.37
2026-08-29 16:15:00,507.46,653.7
2026-08-29 16:20:00,510.0,656.24
2026-08-29 16:25:00,477.26,623.5
2026-08-29 16:30:00,472.55,618.79
2026-08-29 16:35:00,444.63,590.87
2026-08-29 16:40:00,389.6,535.84
2026-08-29 16:45:00,424.97,571.21
2026-08-29 16:50:00,401.5,547.74
2026-08-29 16:55:00,375.87,522.11
2026-08-29 17:00:00,354.96,501.2
2026-08-29 17:05:00,327.51,473.75
2026-08-29 17:10:00,315.3,461.54
2026-08-29 17:15:00,309.05,455.29
2026-08-29 17:20:00,325.61,471.85
2026-08-29 17:25:00,311.18,457.42
2026-08-29 17:30:00,218.47,364.71
2026-08-29 17:35:00,205.18,351.43
2026-08-29 17:40:00,219.89,366.13
2026-08-29 17:45:00,187.9,334.14
2026-08-29 17:50:00,183.78,330.02
2026-08-29 17:55:00,166.94,313.18
2026-08-29 18:00:00,186.73,332.97
2026-08-29 18:05:00,202.49,348.73
2026-08-29 18:10:00,173.37,319.61
2026-08-29 18:15:00,132.25,278.49
2026-08-29 18:20:00,181.88,328.12
2026-08-29 18:25:00,157.73,303.97
2026-08-29 18:30:00,123.98,270.22
2026-08-29 18:35:00,154.18,300.42
2026-08-29 18:40:00,177.56,323.8
2026-08-29 18:45:00,153.78,300.02
2026-08-29 18:50:00,219.5,365.74
2026-08-29 18:55:00,173.74,319.98
2026-08-29 19:00:00,159.4,305.64
2026-08-29 19:05:00,147.41,293.65
2026-08-29 19:10:00,141.27,287.51
2026-08-29 19:15:00,148.38,294.62
2026-08-29 19:20:00,131.63,277.87
2026-08-29 19:25:00,211.83,358.07
2026-08-29 19:30:00,178.37,324.61
2026-08-29 19:35:00,147.88,294.12
2026-08-29 19:40:00,183.43,329.67
2026-08-29 19:45:00,181.52,327.76
2026-08-29 19:50:00,199.13,345.37
2026-08-29 19:55:00,171.16,317.4
2026-08-29 20:00:00,185.6,331.84
2026-08-29 20:05:00,152.81,299.05
2026-08-29 20:10:00,149.14,295.38
2026-08-29 20:15:00,144.18,290.42
2026-08-29 20:20:00,121.37,267.61
2026-08-29 20:25:00,131.85,278.09
2026-08-29 20:30:00,118.81,265.05
2026-08-29 20:35:00,112.81,259.05
2026-08-29 20:40:00,135.91,282.15
2026-08-29 20:45:00,133.11,279.35
2026-08-29 20:50:00,125.7,271.94
2026-08-29 20:55:00,100.87,247.11
2026-08-29 21:00:00,113.34,259.58
2026-08-29 21:05:00,91.29,237.53
2026-08-29 21:10:00,133.54,279.78
2026-08-29 21:15:00,138.38,284.62
2026-08-29 21:20:00,124.32,270.56
2026-08-29 21:25:00,124.0,270.24
2026-08-29 21:30:00,72.64,218.88
2026-08-29 21:35:00,75.41,221.65
2026-08-29 21:40:00,104.81,251.05
2026-08-29 21:45:00,100.43,246.67
2026-08-29 21:50:00,83.52,229.76
2026-08-29 21:55:00,80.04,226.28
2026-08-29 22:00:00,62.75,208.99
2026-08-29 22:05:00,87.9,234.14
2026-08-29 22:10:00,80.32,226.56
2026-08-29 22:15:00,100.29,246.53
2026-08-29 22:20:00,113.84,260.08
2026-08-29 22:25:00,102.14,248.38
2026-08-29 22:30:00,99.32,245.56
2026-08-29 22:35:00,106.64,252.88
2026-08-29 22:40:00,101.04,247.28
2026-08-29 22:45:00,85.86,232.1
2026-08-29 22:50:00,96.12,242.36
2026-08-29 22:55:00,86.21,232.45
2026-08-29 23:00:00,73.21,219.45
2026-08-29 23:05:00,76.76,223.0
2026-08-29 23:10:00,80.56,226.8
2026-08-29 23:15:00,101.95,248.19
2026-08-29 23:20:00,100.78,247.02
2026-08-29 23:25:00,131.24,277.48
2026-08-29 23:30:00,101.96,248.2
2026-08-29 23:35:00,89.42,235.66
2026-08-29 23:40:00,89.68,235.92
2026-08-29 23:45:00,99.5,245.74
2026-08-29 23:50:00,94.84,241.08
2026-08-29 23:55:00,99.39,245.63
2026-08-30 00:00:00,96.25,242.49
2026-08-30 00:05:00,74.81,221.05
2026-08-30 00:10:00,56.92,203.16
2026-08-30 00:15:00,70.2,216.44
2026-08-30 00:20:00,76.42,222.66
2026-08-30 00:25:00,95.18,241.42
2026-08-30 00:30:00,88.5,234.74
2026-08-30 00:35:00,89.09,235.33
2026-08-30 00:40:00,76.9,223.14
2026-08-30 00:45:00,90.25,236.5
2026-08-30 00:50:00,67.21,213.45
2026-08-30 00:55:00,66.04,212.28
2026-08-30 01:00:00,60.98,207.22
2026-08-30 01:05:00,83.39,229.63
2026-08-30 01:10:00,76.76,223.0
2026-08-30 01:15:00,78.34,224.58
2026-08-30 01:20:00,96.48,242.72
2026-08-30 01:25:00,74.74,220.98
2026-08-30 01:30:00,64.35,210.59
2026-08-30 01:35:00,72.34,218.58
2026-08-30 01:40:00,68.73,214.97
2026-08-30 01:45:00,74.0,220.25
2026-08-30 01:50:00,77.12,223.36
2026-08-30 01:55:00,82.72,228.96
2026-08-30 02:00:00,88.93,235.17
2026-08-30 02:05:00,101.62,247.86
2026-08-30 02:10:00,96.17,242.41
2026-08-30 02:15:00,80.65,226.89
2026-08-30 02:20:00,61.39,207.63
2026-08-30 02:25:00,81.89,228.13
2026-08-30 02:30:00,84.45,230.69
2026-08-30 02:35:00,66.65,212.89
2026-08-30 02:40:00,81.49,227.73
2026-08-30 02:45:00,84.6,230.84
2026-08-30 02:50:00,123.21,269.45
2026-08-30 02:55:00,91.39,237.63
2026-08-30 03:00:00,97.52,243.76
2026-08-30 03:05:00,76.37,222.61
2026-08-30 03:10:00,55.12,201.36
2026-08-30 03:15:00,82.65,228.89
2026-08-30 03:20:00,95.81,242.05
2026-08-30 03:25:00,88.73,234.97
2026-08-30 03:30:00,87.54,233.78
2026-08-30 03:35:00,83.03,229.27
2026-08-30 03:40:00,72.5,218.74
2026-08-30 03:45:00,79.23,225.47
2026-08-30 03:50:00,85.5,231.74
2026-08-30 03:55:00,84.84,231.08
2026-08-30 04:00:00,92.22,238.46
2026-08-30 04:05:00,91.69,237.93
2026-08-30 04:10:00,84.24,230.48
2026-08-30 04:15:00,78.07,224.31
2026-08-30 04:20:00,90.77,237.01
2026-08-30 04:25:00,84.27,230.51
2026-08-30 04:30:00,100.3,246.54
2026-08-30 04:35:00,101.61,247.85
2026-08-30 04:40:00,109.86,256.1
2026-08-30 04:45:00,87.89,234.13
2026-08-30 04:50:00,93.97,240.21
2026-08-30 04:55:00,91.1,237.34
2026-08-30 05:00:00,96.49,242.73
2026-08-30 05:05:00,83.33,229.57
2026-08-30 05:10:00,104.96,251.2
2026-08-30 05:15:00,101.17,247.41
2026-08-30 05:20:00,98.86,245.1
2026-08-30 05:25:00,86.17,232.41
2026-08-30 05:30:00,100.01,246.25
2026-08-30 05:35:00,93.69,239.93
2026-08-30 05:40:00,103.65,249.89
2026-08-30 05:45:00,112.96,259.2
2026-08-30 05:50:00,84.29,230.53
2026-08-30 05:55:00,89.76,236.0
2026-08-30 06:00:00,106.91,253.15
2026-08-30 06:05:00,114.79,261.03
2026-08-30 06:10:00,113.78,260.02
2026-08-30 06:15:00,96.92,243.16
2026-08-30 06:20:00,123.19,269.43
2026-08-30 06:25:00,118.61,264.85
2026-08-30 06:30:00,99.91,246.15
2026-08-30 06:35:00,100.86,247.1
2026-08-30 06:40:00,108.15,254.39
2026-08-30 06:45:00,125.69,271.93
2026-08-30 06:50:00,121.28,267.52
2026-08-30 06:55:00,130.71,276.95
2026-08-30 07:00:00,114.19,260.43
2026-08-30 07:05:00,99.8,246.04
2026-08-30 07:10:00,88.4,234.64
2026-08-30 07:15:00,128.21,274.45
2026-08-30 07:20:00,149.7,295.94
2026-08-30 07:25:00,182.5,328.74
2026-08-30 07:30:00,170.53,316.77
2026-08-30 07:35:00,120.8,267.04
2026-08-30 07:40:00,131.9,278.14
2026-08-30 07:45:00,121.14,267.38
2026-08-30 07:50:00,112.07,258.31
2026-08-30 07:55:00,101.88,248.12
2026-08-30 08:00:00,143.04,289.28
2026-08-30 08:05:00,115.23,261.47
2026-08-30 08:10:00,110.21,256.45
2026-08-30 08:15:00,134.73,280.97
2026-08-30 08:20:00,130.9,277.14
2026-08-30 08:25:00,141.24,287.48
2026-08-30 08:30:00,128.99,275.23
2026-08-30 08:35:00,154.25,300.49
2026-08-30 08:40:00,193.86,340.1
2026-08-30 08:45:00,162.37,308.61
2026-08-30 08:50:00,161.84,308.08
2026-08-30 08:55:00,193.82,340.06
2026-08-30 09:00:00,164.56,310.8
2026-08-30 09:05:00,152.71,298.95
2026-08-30 09:10:00,182.4,328.64
2026-08-30 09:15:00,207.81,354.05
2026-08-30 09:20:00,172.84,319.08
2026-08-30 09:25:00,164.78,311.02
2026-08-30 09:30:00,122.46,268.7
2026-08-30 09:35:00,153.38,299.62
2026-08-30 09:40:00,176.6,322.84
2026-08-30 09:45:00,167.96,314.2
2026-08-30 09:50:00,179.76,326.0
2026-08-30 09:55:00,175.54,321.78
2026-08-30 10:00:00,158.31,304.55
2026-08-30 10:05:00,176.24,322.48
2026-08-30 10:10:00,196.83,343.07
2026-08-30 10:15:00,199.58,345.82
2026-08-30 10:20:00,194.86,341.1
2026-08-30 10:25:00,180.4,326.64
2026-08-30 10:30:00,183.95,330.19
2026-08-30 10:35:00,164.2,310.44
2026-08-30 10:40:00,242.66,388.9
2026-08-30 10:45:00,272.66,418.9
2026-08-30 10:50:00,280.59,426.83
2026-08-30 10:55:00,243.98,390.22
2026-08-30 11:00:00,224.62,370.86
2026-08-30 11:05:00,237.87,384.11
2026-08-30 11:10:00,233.43,379.67
2026-08-30 11:15:00,226.7,372.94
2026-08-30 11:20:00,252.88,399.12
2026-08-30 11:25:00,212.57,358.81
2026-08-30 11:30:00,224.29,370.53
2026-08-30 11:35:00,206.14,352.38
2026-08-30 11:40:00,211.96,358.2
2026-08-30 11:45:00,213.47,359.71
2026-08-30 11:50:00,233.03,379.27
2026-08-30 11:55:00,221.55,367.79
2026-08-30 12:00:00,251.75,397.99
2026-08-30 12:05:00,230.14,376.38
2026-08-30 12:10:00,262.81,409.05
2026-08-30 12:15:00,223.19,369.43
2026-08-30 12:20:00,203.33,349.57
2026-08-30 12:25:00,233.68,379.92
2026-08-30 12:30:00,228.0,374.24
2026-08-30 12:35:00,195.44,341.68
2026-08-30 12:40:00,197.09,343.33
2026-08-30 12:45:00,250.23,396.47
2026-08-30 12:50:00,229.7,375.94
2026-08-30 12:55:00,204.78,351.02
2026-08-30 13:00:00,209.49,355.73
2026-08-30 13:05:00,263.03,409.27
2026-08-30 13:10:00,238.12,384.36
2026-08-30 13:15:00,249.29,395.53
2026-08-30 13:20:00,258.37,404.61
2026-08-30 13:25:00,293.45,439.7
2026-08-30 13:30:00,308.67,454.91
2026-08-30 13:35:00,198.38,344.62
2026-08-30 13:40:00,293.23,439.47
2026-08-30 13:45:00,281.85,428.09
2026-08-30 13:50:00,329.13,475.37
2026-08-30 13:55:00,269.85,416.09
2026-08-30 14:00:00,224.3,370.54
2026-08-30 14:05:00,241.13,387.37
2026-08-30 14:10:00,236.38,382.63
2026-08-30 14:15:00,260.02,406.26
2026-08-30 14:20:00,281.91,428.15
2026-08-30 14:25:00,253.77,400.01
2026-08-30 14:30:00,229.12,375.36
2026-08-30 14:35:00,278.19,424.43
2026-08-30 14:40:00,237.04,383.28
2026-08-30 14:45:00,235.68,381.92
2026-08-30 14:50:00,264.63,410.87
2026-08-30 14:55:00,286.22,432.46
2026-08-30 15:00:00,305.81,452.05
2026-08-30 15:05:00,253.68,399.92
2026-08-30 15:10:00,199.64,345.88
2026-08-30 15:15:00,224.01,370.25
2026-08-30 15:20:00,219.11,365.35
2026-08-30 15:25:00,232.05,378.3
2026-08-30 15:30:00,232.91,379.15
2026-08-30 15:35:00,189.91,336.15
2026-08-30 15:40:00,205.62,351.86
2026-08-30 15:45:00,191.04,337.28
2026-08-30 15:50:00,221.4,367.64
2026-08-30 15:55:00,220.52,366.76
2026-08-30 16:00:00,214.63,360.87
2026-08-30 16:05:00,253.52,399.76
2026-08-30 16:10:00,259.44,405.68
2026-08-30 16:15:00,287.01,433.25
2026-08-30 16:20:00,240.21,386.45
2026-08-30 16:25:00,253.53,399.77
2026-08-30 16:30:00,261.29,407.53
2026-08-30 16:35:00,252.55,398.79
2026-08-30 16:40:00,181.86,328.1
2026-08-30 16:45:00,198.77,345.01
2026-08-30 16:50:00,202.95,349.19
2026-08-30 16:55:00,176.34,322.58
2026-08-30 17:00:00,236.51,382.75
2026-08-30 17:05:00,222.12,368.36
2026-08-30 17:10:00,199.34,345.58
2026-08-30 17:15:00,233.19,379.43
2026-08-30 17:20:00,202.79,349.03
2026-08-30 17:25:00,211.98,358.22
2026-08-30 17:30:00,205.62,351.86
2026-08-30 17:35:00,168.36,314.6
2026-08-30 17:40:00,182.52,328.76
2026-08-30 17:45:00,224.48,370.72
2026-08-30 17:50:00,210.65,356.89
2026-08-30 17:55:00,206.43,352.67
2026-08-30 18:00:00,181.3,327.54
2026-08-30 18:05:00,141.62,287.86
2026-08-30 18:10:00,172.82,319.06
2026-08-30 18:15:00,185.11,331.35
2026-08-30 18:20:00,187.96,334.2
2026-08-30 18:25:00,177.04,323.28
2026-08-30 18:30:00,176.02,322.26
2026-08-30 18:35:00,169.25,315.49
2026-08-30 18:40:00,145.76,292.0
2026-08-30 18:45:00,162.16,308.4
2026-08-30 18:50:00,186.78,333.02
2026-08-30 18:55:00,153.88,300.12
2026-08-30 19:00:00,144.69,290.93
2026-08-30 19:05:00,155.66,301.9
2026-08-30 19:10:00,152.53,298.77
2026-08-30 19:15:00,155.53,301.77
2026-08-30 19:20:00,150.91,297.15
2026-08-30 19:25:00,181.52,327.76
2026-08-30 19:30:00,162.87,309.11
2026-08-30 19:35:00,144.77,291.01
2026-08-30 19:40:00,145.51,291.75
2026-08-30 19:45:00,120.72,266.96
2026-08-30 19:50:00,157.75,303.99
2026-08-30 19:55:00,174.28,320.52
2026-08-30 20:00:00,194.25,340.49
2026-08-30 20:05:00,191.59,337.83
2026-08-30 20:10:00,190.05,336.29
2026-08-30 20:15:00,174.95,321.19
2026-08-30 20:20:00,127.77,274.01
2026-08-30 20:25:00,120.82,267.06
2026-08-30 20:30:00,97.09,243.33
2026-08-30 20:35:00,93.99,240.23
2026-08-30 20:40:00,104.02,250.26
2026-08-30 20:45:00,125.64,271.88
2026-08-30 20:50:00,136.07,282.31
2026-08-30 20:55:00,129.34,275.58
2026-08-30 21:00:00,134.16,280.4
2026-08-30 21:05:00,108.09,254.33
2026-08-30 21:10:00,98.62,244.86
2026-08-30 21:15:00,103.68,249.92
2026-08-30 21:20:00,82.7,228.94
2026-08-30 21:25:00,80.86,227.1
2026-08-30 21:30:00,88.4,234.64
2026-08-30 21:35:00,86.82,233.06
2026-08-30 21:40:00,94.83,241.07
2026-08-30 21:45:00,71.85,218.1
2026-08-30 21:50:00,82.62,228.86
2026-08-30 21:55:00,95.32,241.56
2026-08-30 22:00:00,95.12,241.36
2026-08-30 22:05:00,89.95,236.19
2026-08-30 22:10:00,87.31,233.55
2026-08-30 22:15:00,81.47,227.71
2026-08-30 22:20:00,93.29,239.53
2026-08-30 22:25:00,101.06,247.31
2026-08-30 22:30:00,85.58,231.82
2026-08-30 22:35:00,83.5,229.74
2026-08-30 22:40:00,91.57,237.81
2026-08-30 22:45:00,85.12,231.36
2026-08-30 22:50:00,96.33,242.57
2026-08-30 22:55:00,94.31,240.55
2026-08-30 23:00:00,85.06,231.3
2026-08-30 23:05:00,85.44,231.68
2026-08-30 23:10:00,115.78,262.02
2026-08-30 23:15:00,123.65,269.89
2026-08-30 23:20:00,119.09,265.33
2026-08-30 23:25:00,119.7,265.94
2026-08-30 23:30:00,79.63,225.87
2026-08-30 23:35:00,65.81,212.05
2026-08-30 23:40:00,56.99,203.23
2026-08-30 23:45:00,91.98,238.22
2026-08-30 23:50:00,103.03,249.27
2026-08-30 23:55:00,103.95,250.19
2026-08-31 00:00:00,92.13,238.37
2026-08-31 00:05:00,87.28,233.52
2026-08-31 00:10:00,90.87,237.11
2026-08-31 00:15:00,127.58,273.82
2026-08-31 00:20:00,123.67,269.91
2026-08-31 00:25:00,121.02,267.26
2026-08-31 00:30:00,97.99,244.23
2026-08-31 00:35:00,119.68,265.92
2026-08-31 00:40:00,115.84,262.08
2026-08-31 00:45:00,105.91,252.15
2026-08-31 00:50:00,90.28,236.52
2026-08-31 00:55:00,74.4,220.64
2026-08-31 01:00:00,92.21,238.45
2026-08-31 01:05:00,111.78,258.02
2026-08-31 01:10:00,111.3,257.54
2026-08-31 01:15:00,122.99,269.23
2026-08-31 01:20:00,124.66,270.9
2026-08-31 01:25:00,113.89,260.13
2026-08-31 01:30:00,106.49,252.73
2026-08-31 01:35:00,158.98,305.22
2026-08-31 01:40:00,130.8,277.04
2026-08-31 01:45:00,120.84,267.08
2026-08-31 01:50:00,100.77,247.01
2026-08-31 01:55:00,99.01,245.25
2026-08-31 02:00:00,88.59,234.83
2026-08-31 02:05:00,112.31,258.55
2026-08-31 02:10:00,97.08,243.32
2026-08-31 02:15:00,100.03,246.27
2026-08-31 02:20:00,81.26,227.5
2026-08-31 02:25:00,105.52,251.76
2026-08-31 02:30:00,129.19,275.43
2026-08-31 02:35:00,145.11,291.35
2026-08-31 02:40:00,122.45,268.69
2026-08-31 02:45:00,118.98,265.22
2026-08-31 02:50:00,106.78,253.02
2026-08-31 02:55:00,98.8,245.04
2026-08-31 03:00:00,108.55,254.79
2026-08-31 03:05:00,119.57,265.81
2026-08-31 03:10:00,90.3,236.54
2026-08-31 03:15:00,151.08,297.33
2026-08-31 03:20:00,140.97,287.21
2026-08-31 03:25:00,118.19,264.43
2026-08-31 03:30:00,113.35,259.59
2026-08-31 03:35:00,104.47,250.71
2026-08-31 03:40:00,119.72,265.96
2026-08-31 03:45:00,105.76,252.0
2026-08-31 03:50:00,101.9,248.14
2026-08-31 03:55:00,100.21,246.45
2026-08-31 04:00:00,117.96,264.2
2026-08-31 04:05:00,139.19,285.43
2026-08-31 04:10:00,145.0,291.24
2026-08-31 04:15:00,145.24,291.48
2026-08-31 04:20:00,131.78,278.02
2026-08-31 04:25:00,136.39,282.63
2026-08-31 04:30:00,119.71,265.95
2026-08-31 04:35:00,90.56,236.8
2026-08-31 04:40:00,126.24,272.48
2026-08-31 04:45:00,110.07,256.32
2026-08-31 04:50:00,120.66,266.9
2026-08-31 04:55:00,118.72,264.96
2026-08-31 05:00:00,132.9,279.14
2026-08-31 05:05:00,137.54,283.78
2026-08-31 05:10:00,153.98,300.22
2026-08-31 05:15:00,138.84,285.08
2026-08-31 05:20:00,130.8,277.04
2026-08-31 05:25:00,135.14,281.38
2026-08-31 05:30:00,127.35,273.59
2026-08-31 05:35:00,128.7,274.94
2026-08-31 05:40:00,181.59,327.83
2026-08-31 05:45:00,168.85,315.09
2026-08-31 05:50:00,153.16,299.4
2026-08-31 05:55:00,129.97,276.21
2026-08-31 06:00:00,152.67,298.91
2026-08-31 06:05:00,158.01,304.25
2026-08-31 06:10:00,161.98,308.22
2026-08-31 06:15:00,161.23,307.47
2026-08-31 06:20:00,172.3,318.54
2026-08-31 06:25:00,176.23,322.47
2026-08-31 06:30:00,163.25,309.49
2026-08-31 06:35:00,156.93,303.17
2026-08-31 06:40:00,165.78,312.02
2026-08-31 06:45:00,149.57,295.81
2026-08-31 06:50:00,146.49,292.73
2026-08-31 06:55:00,149.09,295.33
2026-08-31 07:00:00,137.77,284.01
2026-08-31 07:05:00,157.78,304.02
2026-08-31 07:10:00,145.41,291.65
2026-08-31 07:15:00,180.15,326.39
2026-08-31 07:20:00,170.22,316.46
2026-08-31 07:25:00,179.95,326.19
2026-08-31 07:30:00,181.34,327.58
2026-08-31 07:35:00,156.46,302.7
2026-08-31 07:40:00,174.54,320.78
2026-08-31 07:45:00,150.34,296.58
2026-08-31 07:50:00,155.59,301.83
2026-08-31 07:55:00,177.54,323.78
2026-08-31 08:00:00,146.57,292.81
2026-08-31 08:05:00,150.02,296.26
2026-08-31 08:10:00,153.43,299.67
2026-08-31 08:15:00,188.35,334.59
2026-08-31 08:20:00,152.5,298.74
2026-08-31 08:25:00,175.82,322.06
2026-08-31 08:30:00,168.77,315.01
2026-08-31 08:35:00,214.16,360.4
2026-08-31 08:40:00,218.15,364.39
2026-08-31 08:45:00,180.74,326.98
2026-08-31 08:50:00,189.29,335.53
2026-08-31 08:55:00,224.98,371.22
2026-08-31 09:00:00,193.29,339.53
2026-08-31 09:05:00,213.84,360.08
2026-08-31 09:10:00,236.93,383.17
2026-08-31 09:15:00,233.95,380.19
2026-08-31 09:20:00,286.86,433.1
2026-08-31 09:25:00,242.89,389.13
2026-08-31 09:30:00,224.14,370.38
2026-08-31 09:35:00,216.5,362.74
2026-08-31 09:40:00,221.86,368.1
2026-08-31 09:45:00,262.1,408.34
2026-08-31 09:50:00,246.36,392.6
2026-08-31 09:55:00,243.1,389.34
2026-08-31 10:00:00,214.07,360.31
2026-08-31 10:05:00,202.71,348.95
2026-08-31 10:10:00,260.23,406.47
2026-08-31 10:15:00,239.68,385.92
2026-08-31 10:20:00,213.07,359.31
2026-08-31 10:25:00,306.69,452.93
2026-08-31 10:30:00,255.12,401.36
2026-08-31 10:35:00,237.94,384.18
2026-08-31 10:40:00,317.98,464.22
2026-08-31 10:45:00,292.71,438.95
2026-08-31 10:50:00,266.78,413.02
2026-08-31 10:55:00,261.05,407.29
2026-08-31 11:00:00,217.53,363.77
2026-08-31 11:05:00,246.27,392.51
2026-08-31 11:10:00,268.55,414.79
2026-08-31 11:15:00,301.76,448.0
2026-08-31 11:20:00,282.64,428.88
2026-08-31 11:25:00,267.47,413.71
2026-08-31 11:30:00,239.54,385.78
2026-08-31 11:35:00,299.53,445.77
2026-08-31 11:40:00,286.88,433.12
2026-08-31 11:45:00,368.75,514.99
2026-08-31 11:50:00,337.81,484.05
2026-08-31 11:55:00,278.49,424.73
2026-08-31 12:00:00,310.1,456.34
2026-08-31 12:05:00,289.3,435.54
2026-08-31 12:10:00,323.38,469.62
2026-08-31 12:15:00,297.99,444.23
2026-08-31 12:20:00,277.04,423.28
2026-08-31 12:25:00,247.95,394.19
2026-08-31 12:30:00,301.64,447.88
2026-08-31 12:35:00,354.55,500.79
2026-08-31 12:40:00,344.53,490.77
2026-08-31 12:45:00,383.35,529.59
2026-08-31 12:50:00,372.52,518.76
2026-08-31 12:55:00,369.1,515.34
2026-08-31 13:00:00,314.38,460.62
2026-08-31 13:05:00,322.99,469.23
2026-08-31 13:10:00,362.26,508.5
2026-08-31 13:15:00,373.98,520.22
2026-08-31 13:20:00,356.71,502.95
2026-08-31 13:25:00,343.67,489.91
2026-08-31 13:30:00,333.75,479.99
2026-08-31 13:35:00,309.16,455.4
2026-08-31 13:40:00,333.1,479.34
2026-08-31 13:45:00,372.31,518.55
2026-08-31 13:50:00,266.96,413.2
2026-08-31 13:55:00,300.56,446.8
2026-08-31 14:00:00,322.75,468.99
2026-08-31 14:05:00,292.79,439.03
2026-08-31 14:10:00,337.91,484.15
2026-08-31 14:15:00,313.23,459.47
2026-08-31 14:20:00,306.98,453.22
2026-08-31 14:25:00,386.39,532.63
2026-08-31 14:30:00,383.97,530.21
2026-08-31 14:35:00,402.12,548.36
2026-08-31 14:40:00,359.52,505.76
2026-08-31 14:45:00,340.39,486.63
2026-08-31 14:50:00,407.57,553.81
2026-08-31 14:55:00,389.02,535.26
2026-08-31 15:00:00,339.57,485.81
2026-08-31 15:05:00,270.78,417.02
2026-08-31 15:10:00,314.56,460.8
2026-08-31 15:15:00,323.03,469.27
2026-08-31 15:20:00,284.86,431.1
2026-08-31 15:25:00,321.09,467.33
2026-08-31 15:30:00,324.32,470.56
2026-08-31 15:35:00,293.36,439.61
2026-08-31 15:40:00,333.46,479.7
2026-08-31 15:45:00,304.68,450.92
2026-08-31 15:50:00,300.96,447.2
2026-08-31 15:55:00,303.64,449.88
2026-08-31 16:00:00,280.62,426.86
2026-08-31 16:05:00,281.58,427.82
2026-08-31 16:10:00,325.97,472.21
2026-08-31 16:15:00,328.69,474.93
2026-08-31 16:20:00,340.9,487.14
2026-08-31 16:25:00,388.79,535.03
2026-08-31 16:30:00,308.12,454.36
2026-08-31 16:35:00,231.05,377.29
2026-08-31 16:40:00,278.44,424.68
2026-08-31 16:45:00,286.46,432.7
2026-08-31 16:50:00,241.69,387.93
2026-08-31 16:55:00,230.01,376.25
2026-08-31 17:00:00,243.5,389.74
2026-08-31 17:05:00,304.35,450.59
2026-08-31 17:10:00,280.66,426.9
2026-08-31 17:15:00,321.06,467.3
2026-08-31 17:20:00,299.72,445.96
2026-08-31 17:25:00,281.84,428.08
2026-08-31 17:30:00,240.72,386.96
2026-08-31 17:35:00,261.21,407.45
2026-08-31 17:40:00,290.78,437.02
2026-08-31 17:45:00,319.38,465.62
2026-08-31 17:50:00,281.67,427.91
2026-08-31 17:55:00,241.19,387.43
2026-08-31 18:00:00,270.36,416.6
2026-08-31 18:05:00,236.68,382.92
2026-08-31 18:10:00,207.61,353.85
2026-08-31 18:15:00,193.66,339.9
2026-08-31 18:20:00,218.9,365.14
2026-08-31 18:25:00,231.91,378.15
2026-08-31 18:30:00,251.38,397.62
2026-08-31 18:35:00,221.29,367.53
2026-08-31 18:40:00,199.25,345.49
2026-08-31 18:45:00,205.4,351.64
2026-08-31 18:50:00,236.54,382.78
2026-08-31 18:55:00,213.64,359.88
2026-08-31 19:00:00,195.64,341.88
2026-08-31 19:05:00,184.23,330.47
2026-08-31 19:10:00,196.33,342.57
2026-08-31 19:15:00,199.87,346.11
2026-08-31 19:20:00,195.27,341.51
2026-08-31 19:25:00,200.23,346.47
2026-08-31 19:30:00,231.35,377.59
2026-08-31 19:35:00,189.84,336.08
2026-08-31 19:40:00,197.86,344.1
2026-08-31 19:45:00,209.68,355.92
2026-08-31 19:50:00,218.37,364.61
2026-08-31 19:55:00,235.6,381.84
2026-08-31 20:00:00,245.28,391.52
2026-08-31 20:05:00,230.91,377.15
2026-08-31 20:10:00,187.87,334.11
2026-08-31 20:15:00,221.35,367.59
2026-08-31 20:20:00,217.12,363.36
2026-08-31 20:25:00,221.96,368.21
2026-08-31 20:30:00,158.5,304.74
2026-08-31 20:35:00,181.79,328.03
2026-08-31 20:40:00,160.12,306.36
2026-08-31 20:45:00,141.51,287.75
2026-08-31 20:50:00,136.12,282.36
2026-08-31 20:55:00,157.89,304.13
2026-08-31 21:00:00,143.94,290.18
2026-08-31 21:05:00,133.18,279.42
2026-08-31 21:10:00,164.53,310.77
2026-08-31 21:15:00,143.81,290.05
2026-08-31 21:20:00,132.65,278.89
2026-08-31 21:25:00,123.06,269.3
2026-08-31 21:30:00,127.59,273.83
2026-08-31 21:35:00,124.41,270.65
2026-08-31 21:40:00,114.68,260.92
2026-08-31 21:45:00,126.25,272.49
2026-08-31 21:50:00,121.37,267.61
2026-08-31 21:55:00,146.38,292.62
2026-08-31 22:00:00,119.33,265.57
2026-08-31 22:05:00,124.69,270.93
2026-08-31 22:10:00,124.57,270.81
2026-08-31 22:15:00,112.96,259.2
2026-08-31 22:20:00,114.63,260.87
2026-08-31 22:25:00,153.32,299.56
2026-08-31 22:30:00,138.39,284.63
2026-08-31 22:35:00,135.87,282.11
2026-08-31 22:40:00,107.15,253.39
2026-08-31 22:45:00,97.4,243.65
2026-08-31 22:50:00,103.24,249.48
2026-08-31 22:55:00,113.13,259.37
2026-08-31 23:00:00,117.86,264.1
2026-08-31 23:05:00,93.33,239.57
2026-08-31 23:10:00,104.39,250.63
2026-08-31 23:15:00,140.97,287.21
2026-08-31 23:20:00,168.22,314.46
2026-08-31 23:25:00,136.33,282.57
2026-08-31 23:30:00,109.96,256.2
2026-08-31 23:35:00,96.63,242.87
2026-08-31 23:40:00,110.91,257.15
2026-08-31 23:45:00,100.58,246.82
2026-08-31 23:50:00,129.57,275.81
2026-08-31 23:55:00,129.22,275.46
2026-09-01 00:00:00,117.35,263.59
2026-09-01 00:05:00,135.11,281.35
2026-09-01 00:10:00,116.03,262.27
2026-09-01 00:15:00,116.56,262.8
2026-09-01 00:20:00,106.09,252.33
2026-09-01 00:25:00,102.67,248.91
2026-09-01 00:30:00,100.61,246.85
2026-09-01 00:35:00,132.44,278.68
2026-09-01 00:40:00,130.12,276.36
2026-09-01 00:45:00,133.79,280.03
2026-09-01 00:50:00,103.43,249.67
2026-09-01 00:55:00,105.24,251.48
2026-09-01 01:00:00,94.04,240.28
2026-09-01 01:05:00,92.41,238.66
2026-09-01 01:10:00,100.54,246.78
2026-09-01 01:15:00,134.04,280.28
2026-09-01 01:20:00,155.83,302.07
2026-09-01 01:25:00,110.36,256.6
2026-09-01 01:30:00,102.58,248.82
2026-09-01 01:35:00,89.94,236.18
2026-09-01 01:40:00,103.55,249.79
2026-09-01 01:45:00,120.22,266.46
2026-09-01 01:50:00,123.45,269.69
2026-09-01 01:55:00,124.86,271.1
2026-09-01 02:00:00,117.82,264.06
2026-09-01 02:05:00,128.56,274.8
2026-09-01 02:10:00,116.64,262.88
2026-09-01 02:15:00,112.85,259.09
2026-09-01 02:20:00,95.7,241.94
2026-09-01 02:25:00,121.49,267.73
2026-09-01 02:30:00,133.65,279.89
2026-09-01 02:35:00,111.4,257.64
2026-09-01 02:40:00,127.16,273.4
2026-09-01 02:45:00,106.88,253.12
2026-09-01 02:50:00,97.44,243.68
2026-09-01 02:55:00,100.99,247.23
2026-09-01 03:00:00,103.34,249.59
2026-09-01 03:05:00,101.03,247.27
2026-09-01 03:10:00,84.6,230.84
2026-09-01 03:15:00,130.84,277.08
2026-09-01 03:20:00,127.6,273.84
2026-09-01 03:25:00,137.89,284.13
2026-09-01 03:30:00,132.11,278.35
2026-09-01 03:35:00,117.89,264.13
2026-09-01 03:40:00,115.99,262.24
2026-09-01 03:45:00,130.71,276.95
2026-09-01 03:50:00,145.46,291.7
2026-09-01 03:55:00,127.26,273.5
2026-09-01 04:00:00,103.39,249.63
2026-09-01 04:05:00,94.42,240.66
2026-09-01 04:10:00,97.61,243.85
2026-09-01 04:15:00,90.72,236.96
2026-09-01 04:20:00,134.1,280.34
2026-09-01 04:25:00,135.84,282.08
2026-09-01 04:30:00,126.57,272.81
2026-09-01 04:35:00,103.87,250.11
2026-09-01 04:40:00,140.71,286.96
2026-09-01 04:45:00,117.16,263.4
2026-09-01 04:50:00,112.65,258.89
2026-09-01 04:55:00,103.61,249.85
2026-09-01 05:00:00,123.53,269.77
2026-09-01 05:05:00,128.16,274.4
2026-09-01 05:10:00,154.76,301.0
2026-09-01 05:15:00,152.55,298.79
2026-09-01 05:20:00,144.26,290.5
2026-09-01 05:25:00,155.15,301.39
2026-09-01 05:30:00,136.56,282.8
2026-09-01 05:35:00,115.72,261.97
2026-09-01 05:40:00,116.33,262.57
2026-09-01 05:45:00,123.31,269.55
2026-09-01 05:50:00,116.3,262.54
2026-09-01 05:55:00,111.73,257.97
2026-09-01 06:00:00,122.57,268.81
2026-09-01 06:05:00,142.45,288.69
2026-09-01 06:10:00,173.18,319.42
2026-09-01 06:15:00,144.16,290.4
2026-09-01 06:20:00,130.73,276.97
2026-09-01 06:25:00,123.25,269.49
2026-09-01 06:30:00,146.53,292.77
2026-09-01 06:35:00,150.38,296.62
2026-09-01 06:40:00,137.81,284.05
2026-09-01 06:45:00,162.72,308.96
2026-09-01 06:50:00,182.49,328.73
2026-09-01 06:55:00,167.82,314.06
2026-09-01 07:00:00,160.76,307.0
2026-09-01 07:05:00,157.29,303.53
2026-09-01 07:10:00,155.77,302.01
2026-09-01 07:15:00,187.83,334.07
2026-09-01 07:20:00,169.14,315.38
2026-09-01 07:25:00,194.88,341.12
2026-09-01 07:30:00,198.78,345.02
2026-09-01 07:35:00,186.23,332.47
2026-09-01 07:40:00,215.8,362.05
2026-09-01 07:45:00,186.45,332.69
2026-09-01 07:50:00,177.44,323.68
2026-09-01 07:55:00,183.01,329.25
2026-09-01 08:00:00,190.75,336.99
2026-09-01 08:05:00,236.61,382.85
2026-09-01 08:10:00,210.05,356.29
2026-09-01 08:15:00,217.39,363.63
2026-09-01 08:20:00,195.69,341.93
2026-09-01 08:25:00,201.55,347.79
2026-09-01 08:30:00,176.51,322.75
2026-09-01 08:35:00,195.72,341.96
2026-09-01 08:40:00,209.74,355.98
2026-09-01 08:45:00,225.45,371.69
2026-09-01 08:50:00,228.49,374.73
2026-09-01 08:55:00,210.88,357.12
2026-09-01 09:00:00,202.36,348.6
2026-09-01 09:05:00,192.96,339.2
2026-09-01 09:10:00,267.72,413.96
2026-09-01 09:15:00,249.34,395.58
2026-09-01 09:20:00,234.58,380.82
2026-09-01 09:25:00,233.22,379.46
2026-09-01 09:30:00,215.52,361.76
2026-09-01 09:35:00,228.15,374.39
2026-09-01 09:40:00,197.87,344.11
2026-09-01 09:45:00,203.93,350.17
2026-09-01 09:50:00,281.69,427.93
2026-09-01 09:55:00,266.17,412.41
2026-09-01 10:00:00,278.35,424.59
2026-09-01 10:05:00,302.9,449.14
2026-09-01 10:10:00,266.98,413.22
2026-09-01 10:15:00,263.98,410.22
2026-09-01 10:20:00,279.65,425.89
2026-09-01 10:25:00,250.56,396.8
2026-09-01 10:30:00,240.68,386.92
2026-09-01 10:35:00,255.4,401.64
2026-09-01 10:40:00,257.48,403.72
2026-09-01 10:45:00,257.51,403.75
2026-09-01 10:50:00,249.33,395.57
2026-09-01 10:55:00,356.5,502.74
2026-09-01 11:00:00,265.03,411.27
2026-09-01 11:05:00,288.62,434.86
2026-09-01 11:10:00,269.46,415.7
2026-09-01 11:15:00,271.71,417.95
2026-09-01 11:20:00,272.58,418.82
2026-09-01 11:25:00,280.93,427.17
2026-09-01 11:30:00,319.02,465.26
2026-09-01 11:35:00,328.56,474.8
2026-09-01 11:40:00,333.97,480.21
2026-09-01 11:45:00,356.86,503.1
2026-09-01 11:50:00,356.1,502.34
2026-09-01 11:55:00,299.28,445.52
2026-09-01 12:00:00,335.79,482.03
2026-09-01 12:05:00,328.54,474.78
2026-09-01 12:10:00,301.76,448.0
2026-09-01 12:15:00,239.84,386.08
2026-09-01 12:20:00,228.79,375.03
2026-09-01 12:25:00,274.95,421.19
2026-09-01 12:30:00,318.12,464.36
2026-09-01 12:35:00,274.24,420.48
2026-09-01 12:40:00,340.6,486.84
2026-09-01 12:45:00,358.79,505.03
2026-09-01 12:50:00,374.55,520.79
2026-09-01 12:55:00,374.17,520.41
2026-09-01 13:00:00,313.36,459.6
2026-09-01 13:05:00,333.63,479.87
2026-09-01 13:10:00,344.78,491.02
2026-09-01 13:15:00,329.12,475.36
2026-09-01 13:20:00,263.52,409.76
2026-09-01 13:25:00,317.32,463.56
2026-09-01 13:30:00,299.48,445.72
2026-09-01 13:35:00,341.48,487.72
2026-09-01 13:40:00,341.53,487.77
2026-09-01 13:45:00,397.44,543.68
2026-09-01 13:50:00,290.34,436.58
2026-09-01 13:55:00,314.9,461.14
2026-09-01 14:00:00,385.9,532.14
2026-09-01 14:05:00,340.41,486.65
2026-09-01 14:10:00,327.33,473.57
2026-09-01 14:15:00,316.5,462.74
2026-09-01 14:20:00,300.29,446.53
2026-09-01 14:25:00,312.31,458.55
2026-09-01 14:30:00,268.47,414.71
2026-09-01 14:35:00,320.33,466.57
2026-09-01 14:40:00,327.01,473.25
2026-09-01 14:45:00,330.19,476.43
2026-09-01 14:50:00,290.33,436.57
2026-09-01 14:55:00,340.62,486.86
2026-09-01 15:00:00,370.19,516.43
2026-09-01 15:05:00,303.98,450.22
2026-09-01 15:10:00,273.36,419.6
2026-09-01 15:15:00,274.52,420.76
2026-09-01 15:20:00,325.8,472.04
2026-09-01 15:25:00,336.75,482.99
2026-09-01 15:30:00,370.3,516.54
2026-09-01 15:35:00,288.61,434.85
2026-09-01 15:40:00,285.45,431.69
2026-09-01 15:45:00,333.08,479.32
2026-09-01 15:50:00,276.08,422.32
2026-09-01 15:55:00,312.28,458.52
2026-09-01 16:00:00,256.1,402.34
2026-09-01 16:05:00,270.29,416.53
2026-09-01 16:10:00,313.42,459.66
2026-09-01 16:15:00,312.77,459.01
2026-09-01 16:20:00,312.93,459.17
2026-09-01 16:25:00,248.69,394.93
2026-09-01 16:30:00,244.04,390.28
2026-09-01 16:35:00,271.73,417.97
2026-09-01 16:40:00,326.97,473.21
2026-09-01 16:45:00,290.88,437.12
2026-09-01 16:50:00,290.17,436.41
2026-09-01 16:55:00,305.15,451.39
2026-09-01 17:00:00,273.97,420.21
2026-09-01 17:05:00,262.43,408.67
2026-09-01 17:10:00,258.66,404.9
2026-09-01 17:15:00,230.35,376.59
2026-09-01 17:20:00,227.27,373.51
2026-09-01 17:25:00,295.43,441.67
2026-09-01 17:30:00,277.49,423.73
2026-09-01 17:35:00,261.12,407.36
2026-09-01 17:40:00,270.21,416.45
2026-09-01 17:45:00,294.83,441.07
2026-09-01 17:50:00,299.64,445.88
2026-09-01 17:55:00,234.25,380.49
2026-09-01 18:00:00,294.94,441.18
2026-09-01 18:05:00,296.37,442.61
2026-09-01 18:10:00,281.77,428.01
2026-09-01 18:15:00,229.35,375.59
2026-09-01 18:20:00,217.38,363.62
2026-09-01 18:25:00,204.11,350.35
2026-09-01 18:30:00,200.55,346.79
2026-09-01 18:35:00,188.96,335.2
2026-09-01 18:40:00,209.33,355.57
2026-09-01 18:45:00,253.51,399.75
2026-09-01 18:50:00,253.75,399.99
2026-09-01 18:55:00,219.27,365.51
2026-09-01 19:00:00,190.11,336.35
2026-09-01 19:05:00,216.3,362.54
2026-09-01 19:10:00,196.96,343.2
2026-09-01 19:15:00,211.93,358.17
2026-09-01 19:20:00,227.3,373.54
2026-09-01 19:25:00,246.82,393.06
2026-09-01 19:30:00,204.46,350.7
2026-09-01 19:35:00,198.68,344.92
2026-09-01 19:40:00,211.47,357.71
2026-09-01 19:45:00,184.72,330.96
2026-09-01 19:50:00,221.99,368.23
2026-09-01 19:55:00,243.5,389.74
2026-09-01 20:00:00,270.92,417.16
2026-09-01 20:05:00,252.63,398.87
2026-09-01 20:10:00,204.04,350.28
2026-09-01 20:15:00,206.9,353.14
2026-09-01 20:20:00,158.31,304.55
2026-09-01 20:25:00,196.01,342.25
2026-09-01 20:30:00,162.79,309.03
2026-09-01 20:35:00,166.88,313.12
2026-09-01 20:40:00,172.12,318.36
2026-09-01 20:45:00,142.14,288.38
2026-09-01 20:50:00,125.95,272.19
2026-09-01 20:55:00,167.06,313.3
2026-09-01 21:00:00,144.26,290.5
2026-09-01 21:05:00,129.41,275.65
2026-09-01 21:10:00,144.87,291.11
2026-09-01 21:15:00,151.01,297.25
2026-09-01 21:20:00,161.63,307.87
2026-09-01 21:25:00,128.89,275.13
2026-09-01 21:30:00,152.39,298.63
2026-09-01 21:35:00,153.22,299.46
2026-09-01 21:40:00,145.89,292.13
2026-09-01 21:45:00,109.7,255.94
2026-09-01 21:50:00,136.95,283.19
2026-09-01 21:55:00,131.28,277.52
2026-09-01 22:00:00,111.45,257.69
2026-09-01 22:05:00,119.29,265.53
2026-09-01 22:10:00,191.34,337.58
2026-09-01 22:15:00,160.01,306.25
2026-09-01 22:20:00,134.89,281.13
2026-09-01 22:25:00,117.45,263.69
2026-09-01 22:30:00,145.36,291.6
2026-09-01 22:35:00,161.23,307.47
2026-09-01 22:40:00,163.22,309.46
2026-09-01 22:45:00,148.81,295.05
2026-09-01 22:50:00,152.77,299.01
2026-09-01 22:55:00,132.94,279.18
2026-09-01 23:00:00,129.13,275.37
2026-09-01 23:05:00,126.44,272.68
2026-09-01 23:10:00,141.04,287.28
2026-09-01 23:15:00,146.24,292.48
2026-09-01 23:20:00,134.13,280.37
2026-09-01 23:25:00,140.13,286.37
2026-09-01 23:30:00,102.85,249.09
2026-09-01 23:35:00,79.15,225.39
2026-09-01 23:40:00,110.46,256.71
2026-09-01 23:45:00,111.47,257.71
2026-09-01 23:50:00,105.69,251.93
2026-09-01 23:55:00,127.73,273.97
2026-09-02 00:00:00,139.23,285.47
2026-09-02 00:05:00,130.56,276.8
2026-09-02 00:10:00,140.73,286.97
2026-09-02 00:15:00,129.7,275.94
2026-09-02 00:20:00,123.75,269.99
2026-09-02 00:25:00,127.94,274.18
2026-09-02 00:30:00,107.29,253.53
2026-09-02 00:35:00,114.19,260.44
2026-09-02 00:40:00,89.48,235.72
2026-09-02 00:45:00,102.89,249.13
2026-09-02 00:50:00,100.61,246.85
2026-09-02 00:55:00,84.08,230.32
2026-09-02 01:00:00,93.34,239.58
2026-09-02 01:05:00,134.36,280.6
2026-09-02 01:10:00,143.62,289.86
2026-09-02 01:15:00,120.08,266.32
2026-09-02 01:20:00,114.75,260.99
2026-09-02 01:25:00,82.0,228.25
2026-09-02 01:30:00,104.71,250.95
2026-09-02 01:35:00,106.51,252.75
2026-09-02 01:40:00,92.15,238.39
2026-09-02 01:45:00,113.8,260.05
2026-09-02 01:50:00,116.0,262.24
2026-09-02 01:55:00,121.68,267.92
2026-09-02 02:00:00,118.59,264.83
2026-09-02 02:05:00,117.55,263.79
2026-09-02 02:10:00,147.73,293.97
2026-09-02 02:15:00,121.99,268.23
2026-09-02 02:20:00,115.38,261.62
2026-09-02 02:25:00,118.65,264.89
2026-09-02 02:30:00,135.1,281.34
2026-09-02 02:35:00,96.62,242.86
2026-09-02 02:40:00,102.75,248.99
2026-09-02 02:45:00,98.67,244.91
2026-09-02 02:50:00,99.07,245.31
2026-09-02 02:55:00,121.59,267.83
2026-09-02 03:00:00,122.64,268.88
2026-09-02 03:05:00,124.42,270.66
2026-09-02 03:10:00,122.11,268.35
2026-09-02 03:15:00,129.12,275.36
2026-09-02 03:20:00,137.17,283.41
2026-09-02 03:25:00,134.19,280.43
2026-09-02 03:30:00,126.79,273.03
2026-09-02 03:35:00,131.2,277.44
2026-09-02 03:40:00,147.57,293.81
2026-09-02 03:45:00,129.1,275.34
2026-09-02 03:50:00,115.52,261.76
2026-09-02 03:55:00,101.54,247.78
2026-09-02 04:00:00,122.18,268.42
2026-09-02 04:05:00,139.06,285.3
2026-09-02 04:10:00,116.83,263.07
2026-09-02 04:15:00,103.17,249.42
2026-09-02 04:20:00,102.95,249.19
2026-09-02 04:25:00,117.88,264.12
2026-09-02 04:30:00,124.32,270.56
2026-09-02 04:35:00,119.77,266.01
2026-09-02 04:40:00,126.24,272.48
2026-09-02 04:45:00,137.72,283.96
2026-09-02 04:50:00,140.07,286.31
2026-09-02 04:55:00,135.08,281.32
2026-09-02 05:00:00,138.94,285.19
2026-09-02 05:05:00,133.45,279.69
2026-09-02 05:10:00,144.18,290.42
2026-09-02 05:15:00,118.92,265.16
2026-09-02 05:20:00,132.86,279.1
2026-09-02 05:25:00,145.03,291.27
2026-09-02 05:30:00,158.2,304.44
2026-09-02 05:35:00,155.5,301.74
2026-09-02 05:40:00,132.65,278.89
2026-09-02 05:45:00,130.5,276.74
2026-09-02 05:50:00,121.45,267.69
2026-09-02 05:55:00,129.06,275.3
2026-09-02 06:00:00,135.49,281.73
2026-09-02 06:05:00,124.09,270.33
2026-09-02 06:10:00,116.16,262.4
2026-09-02 06:15:00,112.31,258.55
2026-09-02 06:20:00,97.92,244.16
2026-09-02 06:25:00,118.37,264.61
2026-09-02 06:30:00,175.93,322.17
2026-09-02 06:35:00,201.79,348.03
2026-09-02 06:40:00,161.77,308.01
2026-09-02 06:45:00,163.92,310.16
2026-09-02 06:50:00,144.1,290.34
2026-09-02 06:55:00,129.31,275.55
2026-09-02 07:00:00,137.35,283.59
2026-09-02 07:05:00,138.17,284.41
2026-09-02 07:10:00,148.26,294.5
2026-09-02 07:15:00,192.79,339.03
2026-09-02 07:20:00,194.31,340.55
2026-09-02 07:25:00,184.41,330.65
2026-09-02 07:30:00,190.24,336.48
2026-09-02 07:35:00,145.42,291.66
2026-09-02 07:40:00,146.48,292.72
2026-09-02 07:45:00,120.75,266.99
2026-09-02 07:50:00,169.36,315.6
2026-09-02 07:55:00,154.45,300.69
2026-09-02 08:00:00,142.13,288.37
2026-09-02 08:05:00,147.81,294.05
2026-09-02 08:10:00,141.88,288.12
2026-09-02 08:15:00,209.6,355.84
2026-09-02 08:20:00,179.8,326.04
2026-09-02 08:25:00,212.91,359.15
2026-09-02 08:30:00,215.05,361.29
2026-09-02 08:35:00,192.67,338.91
2026-09-02 08:40:00,199.27,345.51
2026-09-02 08:45:00,204.93,351.17
2026-09-02 08:50:00,213.88,360.12
2026-09-02 08:55:00,222.34,368.58
2026-09-02 09:00:00,189.91,336.15
2026-09-02 09:05:00,228.34,374.58
2026-09-02 09:10:00,229.26,375.5
2026-09-02 09:15:00,251.15,397.4
2026-09-02 09:20:00,234.48,380.72
2026-09-02 09:25:00,243.45,389.69
2026-09-02 09:30:00,222.09,368.33
2026-09-02 09:35:00,249.39,395.63
2026-09-02 09:40:00,243.87,390.11
2026-09-02 09:45:00,291.67,437.91
2026-09-02 09:50:00,270.65,416.89
2026-09-02 09:55:00,260.52,406.76
2026-09-02 10:00:00,267.94,414.18
2026-09-02 10:05:00,242.64,388.88
2026-09-02 10:10:00,217.65,363.89
2026-09-02 10:15:00,241.71,387.95
2026-09-02 10:20:00,262.36,408.6
2026-09-02 10:25:00,244.1,390.34
2026-09-02 10:30:00,258.86,405.1
2026-09-02 10:35:00,291.63,437.87
2026-09-02 10:40:00,250.96,397.2
2026-09-02 10:45:00,293.59,439.83
2026-09-02 10:50:00,218.52,364.76
2026-09-02 10:55:00,250.52,396.76
2026-09-02 11:00:00,322.37,468.61
2026-09-02 11:05:00,294.25,440.49
2026-09-02 11:10:00,282.59,428.83
2026-09-02 11:15:00,320.31,466.55
2026-09-02 11:20:00,262.5,408.74
2026-09-02 11:25:00,255.7,401.94
2026-09-02 11:30:00,283.06,429.3
2026-09-02 11:35:00,372.63,518.87
2026-09-02 11:40:00,286.77,433.01
2026-09-02 11:45:00,276.8,423.04
2026-09-02 11:50:00,261.69,407.93
2026-09-02 11:55:00,243.59,389.83
2026-09-02 12:00:00,333.64,479.88
2026-09-02 12:05:00,314.42,460.66
2026-09-02 12:10:00,304.79,451.03
2026-09-02 12:15:00,272.6,418.84
2026-09-02 12:20:00,286.45,432.69
2026-09-02 12:25:00,286.61,432.85
2026-09-02 12:30:00,273.8,420.04
2026-09-02 12:35:00,281.33,427.57
2026-09-02 12:40:00,292.55,438.79
2026-09-02 12:45:00,307.68,453.92
2026-09-02 12:50:00,302.87,449.11
2026-09-02 12:55:00,333.94,480.18
2026-09-02 13:00:00,314.04,460.28
2026-09-02 13:05:00,315.96,462.2
2026-09-02 13:10:00,400.92,547.16
2026-09-02 13:15:00,463.3,609.54
2026-09-02 13:20:00,344.78,491.02
2026-09-02 13:25:00,320.83,467.07
2026-09-02 13:30:00,298.99,445.23
2026-09-02 13:35:00,332.7,478.94
2026-09-02 13:40:00,338.52,484.76
2026-09-02 13:45:00,327.96,474.2
2026-09-02 13:50:00,401.89,548.13
2026-09-02 13:55:00,368.04,514.28
2026-09-02 14:00:00,376.07,522.31
2026-09-02 14:05:00,381.84,528.08
2026-09-02 14:10:00,332.89,479.13
2026-09-02 14:15:00,370.35,516.59
2026-09-02 14:20:00,322.31,468.55
2026-09-02 14:25:00,552.03,698.27
2026-09-02 14:30:00,723.69,869.93
2026-09-02 14:35:00,1075.74,1221.98
2026-09-02 14:40:00,1401.58,1547.82
2026-09-02 14:45:00,1795.44,1941.68
2026-09-02 14:50:00,1891.04,2037.28
2026-09-02 14:55:00,1737.54,1883.78
2026-09-02 15:00:00,1793.4,1939.64
2026-09-02 15:05:00,1791.46,1937.7
2026-09-02 15:10:00,1724.25,1870.49
2026-09-02 15:15:00,1820.29,1966.53
2026-09-02 15:20:00,1639.03,1785.27
2026-09-02 15:25:00,1677.34,1823.58
2026-09-02 15:30:00,1587.08,1733.32
2026-09-02 15:35:00,1441.89,1588.13
2026-09-02 15:40:00,1438.87,1585.11
2026-09-02 15:45:00,1424.11,1570.35
2026-09-02 15:50:00,1405.95,1552.19
2026-09-02 15:55:00,1346.66,1492.9
2026-09-02 16:00:00,1251.03,1397.27
2026-09-02 16:05:00,1341.49,1487.73
2026-09-02 16:10:00,1326.85,1473.09
2026-09-02 16:15:00,1282.25,1428.49
2026-09-02 16:20:00,1341.79,1488.03
2026-09-02 16:25:00,1171.4,1317.64
2026-09-02 16:30:00,1042.41,1188.65
2026-09-02 16:35:00,1013.66,1159.9
2026-09-02 16:40:00,1020.48,1166.72
2026-09-02 16:45:00,1011.43,1157.67
2026-09-02 16:50:00,1018.52,1164.76
2026-09-02 16:55:00,878.8,1025.04
2026-09-02 17:00:00,925.03,1071.27
2026-09-02 17:05:00,826.0,972.24
2026-09-02 17:10:00,753.08,899.32
2026-09-02 17:15:00,446.96,593.21
2026-09-02 17:20:00,338.9,485.14
2026-09-02 17:25:00,338.32,484.56
2026-09-02 17:30:00,225.58,371.82
2026-09-02 17:35:00,237.36,383.6
2026-09-02 17:40:00,179.99,326.23
2026-09-02 17:45:00,240.93,387.17
2026-09-02 17:50:00,202.27,348.51
2026-09-02 17:55:00,186.64,332.88
2026-09-02 18:00:00,194.22,340.46
2026-09-02 18:05:00,203.14,349.38
2026-09-02 18:10:00,241.36,387.6
2026-09-02 18:15:00,194.55,340.79
2026-09-02 18:20:00,218.72,364.96
2026-09-02 18:25:00,204.63,350.87
2026-09-02 18:30:00,243.93,390.17
2026-09-02 18:35:00,260.67,406.91
2026-09-02 18:40:00,209.25,355.49
2026-09-02 18:45:00,206.8,353.04
2026-09-02 18:50:00,255.24,401.48
2026-09-02 18:55:00,252.38,398.62
2026-09-02 19:00:00,206.05,352.29
2026-09-02 19:05:00,210.28,356.52
2026-09-02 19:10:00,192.34,338.58
2026-09-02 19:15:00,188.17,334.41
2026-09-02 19:20:00,170.9,317.14
2026-09-02 19:25:00,178.4,324.64
2026-09-02 19:30:00,226.88,373.12
2026-09-02 19:35:00,200.07,346.31
2026-09-02 19:40:00,218.39,364.63
2026-09-02 19:45:00,195.16,341.4
2026-09-02 19:50:00,261.85,408.1
2026-09-02 19:55:00,243.22,389.46
2026-09-02 20:00:00,261.36,407.6
2026-09-02 20:05:00,228.41,374.65
2026-09-02 20:10:00,189.99,336.23
2026-09-02 20:15:00,204.06,350.3
2026-09-02 20:20:00,174.42,320.66
2026-09-02 20:25:00,171.66,317.9
2026-09-02 20:30:00,174.36,320.6
2026-09-02 20:35:00,150.85,297.09
2026-09-02 20:40:00,150.36,296.6
2026-09-02 20:45:00,164.44,310.68
2026-09-02 20:50:00,141.28,287.52
2026-09-02 20:55:00,163.3,309.54
2026-09-02 21:00:00,138.36,284.6
2026-09-02 21:05:00,133.23,279.47
2026-09-02 21:10:00,122.04,268.28
2026-09-02 21:15:00,114.24,260.48
2026-09-02 21:20:00,132.01,278.25
2026-09-02 21:25:00,169.95,316.19
2026-09-02 21:30:00,153.19,299.43
2026-09-02 21:35:00,156.02,302.26
2026-09-02 21:40:00,132.86,279.1
2026-09-02 21:45:00,119.43,265.67
2026-09-02 21:50:00,144.1,290.34
2026-09-02 21:55:00,114.57,260.81
2026-09-02 22:00:00,138.06,284.31
2026-09-02 22:05:00,149.66,295.9
2026-09-02 22:10:00,146.08,292.32
2026-09-02 22:15:00,131.99,278.23
2026-09-02 22:20:00,118.64,264.89
2026-09-02 22:25:00,154.21,300.45
2026-09-02 22:30:00,143.74,289.98
2026-09-02 22:35:00,152.52,298.76
2026-09-02 22:40:00,130.73,276.97
2026-09-02 22:45:00,130.63,276.87
2026-09-02 22:50:00,126.54,272.78
2026-09-02 22:55:00,137.77,284.01
2026-09-02 23:00:00,141.19,287.43
2026-09-02 23:05:00,120.41,266.65
2026-09-02 23:10:00,99.84,246.08
2026-09-02 23:15:00,122.21,268.45
2026-09-02 23:20:00,112.06,258.3
2026-09-02 23:25:00,124.67,270.91
2026-09-02 23:30:00,109.49,255.73
2026-09-02 23:35:00,116.41,262.65
2026-09-02 23:40:00,147.49,293.73
2026-09-02 23:45:00,113.76,260.0
2026-09-02 23:50:00,145.06,291.3
2026-09-02 23:55:00,132.51,278.75
2026-09-03 00:00:00,124.0,270.24
2026-09-03 00:05:00,102.08,248.32
2026-09-03 00:10:00,111.08,257.32
2026-09-03 00:15:00,109.73,255.97
2026-09-03 00:20:00,110.43,256.67
2026-09-03 00:25:00,100.07,246.31
2026-09-03 00:30:00,109.77,256.01
2026-09-03 00:35:00,113.82,260.06
2026-09-03 00:40:00,111.45,257.7
2026-09-03 00:45:00,135.92,282.16
2026-09-03 00:50:00,131.08,277.32
2026-09-03 00:55:00,100.66,246.9
2026-09-03 01:00:00,127.63,273.87
2026-09-03 01:05:00,124.44,270.68
2026-09-03 01:10:00,122.59,268.83
2026-09-03 01:15:00,117.84,264.08
2026-09-03 01:20:00,119.24,265.48
2026-09-03 01:25:00,74.66,220.9
2026-09-03 01:30:00,89.05,235.29
2026-09-03 01:35:00,86.87,233.11
2026-09-03 01:40:00,124.79,271.03
2026-09-03 01:45:00,150.63,296.87
2026-09-03 01:50:00,139.87,286.11
2026-09-03 01:55:00,117.17,263.41
2026-09-03 02:00:00,105.23,251.47
2026-09-03 02:05:00,108.27,254.51
2026-09-03 02:10:00,140.35,286.59
2026-09-03 02:15:00,111.56,257.8
2026-09-03 02:20:00,78.44,224.68
2026-09-03 02:25:00,120.22,266.46
2026-09-03 02:30:00,147.3,293.54
2026-09-03 02:35:00,142.52,288.76
2026-09-03 02:40:00,144.29,290.53
2026-09-03 02:45:00,147.7,293.94
2026-09-03 02:50:00,130.47,276.71
2026-09-03 02:55:00,96.65,242.89
2026-09-03 03:00:00,115.75,261.99
2026-09-03 03:05:00,118.98,265.22
2026-09-03 03:10:00,95.58,241.82
2026-09-03 03:15:00,114.04,260.28
2026-09-03 03:20:00,105.83,252.07
2026-09-03 03:25:00,101.17,247.41
2026-09-03 03:30:00,136.69,282.93
2026-09-03 03:35:00,155.46,301.7
2026-09-03 03:40:00,132.42,278.66
2026-09-03 03:45:00,132.83,279.07
2026-09-03 03:50:00,117.89,264.13
2026-09-03 03:55:00,123.97,270.21
2026-09-03 04:00:00,145.22,291.46
2026-09-03 04:05:00,116.94,263.18
2026-09-03 04:10:00,117.28,263.52
2026-09-03 04:15:00,133.43,279.67
2026-09-03 04:20:00,133.55,279.79
2026-09-03 04:25:00,148.73,294.97
2026-09-03 04:30:00,170.68,316.92
2026-09-03 04:35:00,136.08,282.32
2026-09-03 04:40:00,148.58,294.82
2026-09-03 04:45:00,133.21,279.45
2026-09-03 04:50:00,123.75,269.99
2026-09-03 04:55:00,121.13,267.37
2026-09-03 05:00:00,138.79,285.03
2026-09-03 05:05:00,129.05,275.29
2026-09-03 05:10:00,123.86,270.1
2026-09-03 05:15:00,115.48,261.72
2026-09-03 05:20:00,120.43,266.67
2026-09-03 05:25:00,117.0,263.24
2026-09-03 05:30:00,130.84,277.08
2026-09-03 05:35:00,142.25,288.49
2026-09-03 05:40:00,155.14,301.38
2026-09-03 05:45:00,142.72,288.96
2026-09-03 05:50:00,126.69,272.93
2026-09-03 05:55:00,154.17,300.41
2026-09-03 06:00:00,146.81,293.05
2026-09-03 06:05:00,144.63,290.87
2026-09-03 06:10:00,138.02,284.26
2026-09-03 06:15:00,166.41,312.65
2026-09-03 06:20:00,180.48,326.72
2026-09-03 06:25:00,179.5,325.74
2026-09-03 06:30:00,158.36,304.6
2026-09-03 06:35:00,142.22,288.46
2026-09-03 06:40:00,180.75,326.99
2026-09-03 06:45:00,184.37,330.61
2026-09-03 06:50:00,167.72,313.96
2026-09-03 06:55:00,185.25,331.49
2026-09-03 07:00:00,173.77,320.01
2026-09-03 07:05:00,184.23,330.47
2026-09-03 07:10:00,200.09,346.34
2026-09-03 07:15:00,197.06,343.3
2026-09-03 07:20:00,191.29,337.53
2026-09-03 07:25:00,201.08,347.32
2026-09-03 07:30:00,253.37,399.61
2026-09-03 07:35:00,181.76,328.0
2026-09-03 07:40:00,212.22,358.46
2026-09-03 07:45:00,176.94,323.18
2026-09-03 07:50:00,159.88,306.12
2026-09-03 07:55:00,149.47,295.71
2026-09-03 08:00:00,168.19,314.44
2026-09-03 08:05:00,141.48,287.72
2026-09-03 08:10:00,166.71,312.95
2026-09-03 08:15:00,200.5,346.74
2026-09-03 08:20:00,191.08,337.32
2026-09-03 08:25:00,192.97,339.21
2026-09-03 08:30:00,175.72,321.96
2026-09-03 08:35:00,191.79,338.03
2026-09-03 08:40:00,202.83,349.07
2026-09-03 08:45:00,220.25,366.49
2026-09-03 08:50:00,225.37,371.61
2026-09-03 08:55:00,192.33,338.57
2026-09-03 09:00:00,190.74,336.98
2026-09-03 09:05:00,218.44,364.68
2026-09-03 09:10:00,263.17,409.41
2026-09-03 09:15:00,293.36,439.6
2026-09-03 09:20:00,280.1,426.34
2026-09-03 09:25:00,251.42,397.66
2026-09-03 09:30:00,235.68,381.92
2026-09-03 09:35:00,208.11,354.35
2026-09-03 09:40:00,216.01,362.25
2026-09-03 09:45:00,210.16,356.4
2026-09-03 09:50:00,230.36,376.6
2026-09-03 09:55:00,338.68,484.92
2026-09-03 10:00:00,290.57,436.81
2026-09-03 10:05:00,245.71,391.95
2026-09-03 10:10:00,262.06,408.3
2026-09-03 10:15:00,236.33,382.57
2026-09-03 10:20:00,239.44,385.68
2026-09-03 10:25:00,329.92,476.16
2026-09-03 10:30:00,320.04,466.28
2026-09-03 10:35:00,282.3,428.54
2026-09-03 10:40:00,275.38,421.62
2026-09-03 10:45:00,260.74,406.98
2026-09-03 10:50:00,309.73,455.97
2026-09-03 10:55:00,317.37,463.61
2026-09-03 11:00:00,220.44,366.68
2026-09-03 11:05:00,337.0,483.24
2026-09-03 11:10:00,307.83,454.07
2026-09-03 11:15:00,315.22,461.46
2026-09-03 11:20:00,340.5,486.74
2026-09-03 11:25:00,306.42,452.66
2026-09-03 11:30:00,330.02,476.26
2026-09-03 11:35:00,308.78,455.02
2026-09-03 11:40:00,254.84,401.08
2026-09-03 11:45:00,279.78,426.02
2026-09-03 11:50:00,340.34,486.58
2026-09-03 11:55:00,296.38,442.62
2026-09-03 12:00:00,294.52,440.76
2026-09-03 12:05:00,334.49,480.73
2026-09-03 12:10:00,317.22,463.46
2026-09-03 12:15:00,281.64,427.88
2026-09-03 12:20:00,295.39,441.63
2026-09-03 12:25:00,301.95,448.19
2026-09-03 12:30:00,274.27,420.51
2026-09-03 12:35:00,271.78,418.02
2026-09-03 12:40:00,305.5,451.74
2026-09-03 12:45:00,345.51,491.75
2026-09-03 12:50:00,358.98,505.22
2026-09-03 12:55:00,423.62,569.86
2026-09-03 13:00:00,433.7,579.94
2026-09-03 13:05:00,414.1,560.34
2026-09-03 13:10:00,349.51,495.75
2026-09-03 13:15:00,319.13,465.37
2026-09-03 13:20:00,305.42,451.66
2026-09-03 13:25:00,351.88,498.12
2026-09-03 13:30:00,382.06,528.3
2026-09-03 13:35:00,354.8,501.04
2026-09-03 13:40:00,357.86,504.1
2026-09-03 13:45:00,359.52,505.76
2026-09-03 13:50:00,377.66,523.9
2026-09-03 13:55:00,388.87,535.11
2026-09-03 14:00:00,358.51,504.75
2026-09-03 14:05:00,325.42,471.66
2026-09-03 14:10:00,299.47,445.71
2026-09-03 14:15:00,289.37,435.61
2026-09-03 14:20:00,329.97,476.21
2026-09-03 14:25:00,331.98,478.22
2026-09-03 14:30:00,281.88,428.12
2026-09-03 14:35:00,312.62,458.86
2026-09-03 14:40:00,311.95,458.19
2026-09-03 14:45:00,288.92,435.16
2026-09-03 14:50:00,311.28,457.52
2026-09-03 14:55:00,311.43,457.67
2026-09-03 15:00:00,302.78,449.02
2026-09-03 15:05:00,303.51,449.75
2026-09-03 15:10:00,334.69,480.93
2026-09-03 15:15:00,300.82,447.06
2026-09-03 15:20:00,319.79,466.03
2026-09-03 15:25:00,334.76,481.0
2026-09-03 15:30:00,316.03,462.27
2026-09-03 15:35:00,229.44,375.68
2026-09-03 15:40:00,242.89,389.13
2026-09-03 15:45:00,266.07,412.31
2026-09-03 15:50:00,223.01,369.25
2026-09-03 15:55:00,268.9,415.14
2026-09-03 16:00:00,350.93,497.17
2026-09-03 16:05:00,297.49,443.73
2026-09-03 16:10:00,278.53,424.77
2026-09-03 16:15:00,404.42,550.66
2026-09-03 16:20:00,332.2,478.44
2026-09-03 16:25:00,310.36,456.6
2026-09-03 16:30:00,288.66,434.9
2026-09-03 16:35:00,314.16,460.4
2026-09-03 16:40:00,336.4,482.64
2026-09-03 16:45:00,313.56,459.8
2026-09-03 16:50:00,252.19,398.43
2026-09-03 16:55:00,218.83,365.07
2026-09-03 17:00:00,247.72,393.96
2026-09-03 17:05:00,228.04,374.28
2026-09-03 17:10:00,215.61,361.85
2026-09-03 17:15:00,234.23,380.47
2026-09-03 17:20:00,281.65,427.89
2026-09-03 17:25:00,265.0,411.24
2026-09-03 17:30:00,262.23,408.47
2026-09-03 17:35:00,217.76,364.0
2026-09-03 17:40:00,254.03,400.27
2026-09-03 17:45:00,239.29,385.53
2026-09-03 17:50:00,241.32,387.56
2026-09-03 17:55:00,294.06,440.3
2026-09-03 18:00:00,307.49,453.73
2026-09-03 18:05:00,262.69,408.93
2026-09-03 18:10:00,350.7,496.94
2026-09-03 18:15:00,266.65,412.89
2026-09-03 18:20:00,289.61,435.85
2026-09-03 18:25:00,217.21,363.45
2026-09-03 18:30:00,193.75,340.0
2026-09-03 18:35:00,191.22,337.46
2026-09-03 18:40:00,205.07,351.31
2026-09-03 18:45:00,218.45,364.69
2026-09-03 18:50:00,211.79,358.04
2026-09-03 18:55:00,239.17,385.41
2026-09-03 19:00:00,208.64,354.88
2026-09-03 19:05:00,225.41,371.65
2026-09-03 19:10:00,224.69,370.93
2026-09-03 19:15:00,187.03,333.27
2026-09-03 19:20:00,186.95,333.19
2026-09-03 19:25:00,201.83,348.07
2026-09-03 19:30:00,216.64,362.88
2026-09-03 19:35:00,235.01,381.25
2026-09-03 19:40:00,233.02,379.26
2026-09-03 19:45:00,194.84,341.08
2026-09-03 19:50:00,188.1,334.34
2026-09-03 19:55:00,213.1,359.34
2026-09-03 20:00:00,217.09,363.33
2026-09-03 20:05:00,214.2,360.44
2026-09-03 20:10:00,188.77,335.01
2026-09-03 20:15:00,214.69,360.93
2026-09-03 20:20:00,185.37,331.61
2026-09-03 20:25:00,169.25,315.49
2026-09-03 20:30:00,163.02,309.26
2026-09-03 20:35:00,118.61,264.85
2026-09-03 20:40:00,125.09,271.33
2026-09-03 20:45:00,120.72,266.96
2026-09-03 20:50:00,157.92,304.16
2026-09-03 20:55:00,144.93,291.17
2026-09-03 21:00:00,120.47,266.71
2026-09-03 21:05:00,126.38,272.62
2026-09-03 21:10:00,138.93,285.17
2026-09-03 21:15:00,123.82,270.06
2026-09-03 21:20:00,133.13,279.37
2026-09-03 21:25:00,130.38,276.62
2026-09-03 21:30:00,118.42,264.66
2026-09-03 21:35:00,104.73,250.97
2026-09-03 21:40:00,110.25,256.49
2026-09-03 21:45:00,114.04,260.28
2026-09-03 21:50:00,125.94,272.18
2026-09-03 21:55:00,102.23,248.47
2026-09-03 22:00:00,129.14,275.38
2026-09-03 22:05:00,146.51,292.75
2026-09-03 22:10:00,156.7,302.94
2026-09-03 22:15:00,147.19,293.43
2026-09-03 22:20:00,150.84,297.08
2026-09-03 22:25:00,176.93,323.17
2026-09-03 22:30:00,141.15,287.39
2026-09-03 22:35:00,131.69,277.93
2026-09-03 22:40:00,107.43,253.67
2026-09-03 22:45:00,146.45,292.69
2026-09-03 22:50:00,160.95,307.19
2026-09-03 22:55:00,138.02,284.26
2026-09-03 23:00:00,120.24,266.48
2026-09-03 23:05:00,115.05,261.29
2026-09-03 23:10:00,133.21,279.45
2026-09-03 23:15:00,121.72,267.96
2026-09-03 23:20:00,109.99,256.23
2026-09-03 23:25:00,161.05,307.29
2026-09-03 23:30:00,138.64,284.88
2026-09-03 23:35:00,130.22,276.46
2026-09-03 23:40:00,117.67,263.91
2026-09-03 23:45:00,127.26,273.5
2026-09-03 23:50:00,97.43,243.67
2026-09-03 23:55:00,101.8,248.04
2026-09-04 00:00:00,105.4,251.64
2026-09-04 00:05:00,88.36,234.6
2026-09-04 00:10:00,88.86,235.1
2026-09-04 00:15:00,95.23,241.47
2026-09-04 00:20:00,101.13,247.37
2026-09-04 00:25:00,110.4,256.64
2026-09-04 00:30:00,104.89,251.13
2026-09-04 00:35:00,83.06,229.3
2026-09-04 00:40:00,101.59,247.83
2026-09-04 00:45:00,113.07,259.31
2026-09-04 00:50:00,91.47,237.71
2026-09-04 00:55:00,91.39,237.63
2026-09-04 01:00:00,98.71,244.95
2026-09-04 01:05:00,105.85,252.09
2026-09-04 01:10:00,93.84,240.08
2026-09-04 01:15:00,112.33,258.57
2026-09-04 01:20:00,103.74,249.98
2026-09-04 01:25:00,95.03,241.27
2026-09-04 01:30:00,93.22,239.46
2026-09-04 01:35:00,100.51,246.75
2026-09-04 01:40:00,123.96,270.2
2026-09-04 01:45:00,134.37,280.61
2026-09-04 01:50:00,135.32,281.56
2026-09-04 01:55:00,122.13,268.37
2026-09-04 02:00:00,123.97,270.21
2026-09-04 02:05:00,108.49,254.73
2026-09-04 02:10:00,107.38,253.62
2026-09-04 02:15:00,99.94,246.18
2026-09-04 02:20:00,113.69,259.93
2026-09-04 02:25:00,118.89,265.13
2026-09-04 02:30:00,128.79,275.03
2026-09-04 02:35:00,112.79,259.03
2026-09-04 02:40:00,131.42,277.66
2026-09-04 02:45:00,124.06,270.3
2026-09-04 02:50:00,129.06,275.3
2026-09-04 02:55:00,101.79,248.03
2026-09-04 03:00:00,102.02,248.26
2026-09-04 03:05:00,82.02,228.26
2026-09-04 03:10:00,89.84,236.08
2026-09-04 03:15:00,122.4,268.64
2026-09-04 03:20:00,133.59,279.84
2026-09-04 03:25:00,120.54,266.78
2026-09-04 03:30:00,112.61,258.85
2026-09-04 03:35:00,112.94,259.18
2026-09-04 03:40:00,131.99,278.23
2026-09-04 03:45:00,153.74,299.98
2026-09-04 03:50:00,151.68,297.92
2026-09-04 03:55:00,137.31,283.55
2026-09-04 04:00:00,142.27,288.51
2026-09-04 04:05:00,129.71,275.95
2026-09-04 04:10:00,112.48,258.72
2026-09-04 04:15:00,121.35,267.59
2026-09-04 04:20:00,109.55,255.79
2026-09-04 04:25:00,110.28,256.53
2026-09-04 04:30:00,106.12,252.36
2026-09-04 04:35:00,123.43,269.67
2026-09-04 04:40:00,142.08,288.32
2026-09-04 04:45:00,151.82,298.06
2026-09-04 04:50:00,124.71,270.95
2026-09-04 04:55:00,148.51,294.75
2026-09-04 05:00:00,125.05,271.29
2026-09-04 05:05:00,104.49,250.73
2026-09-04 05:10:00,115.0,261.24
2026-09-04 05:15:00,137.53,283.77
2026-09-04 05:20:00,140.87,287.11
2026-09-04 05:25:00,135.28,281.52
2026-09-04 05:30:00,124.8,271.04
2026-09-04 05:35:00,115.81,262.05
2026-09-04 05:40:00,142.82,289.06
2026-09-04 05:45:00,160.45,306.69
2026-09-04 05:50:00,167.03,313.27
2026-09-04 05:55:00,153.02,299.26
2026-09-04 06:00:00,117.82,264.06
2026-09-04 06:05:00,112.85,259.09
2026-09-04 06:10:00,132.78,279.02
2026-09-04 06:15:00,140.19,286.43
2026-09-04 06:20:00,140.37,286.61
2026-09-04 06:25:00,126.28,272.52
2026-09-04 06:30:00,148.61,294.85
2026-09-04 06:35:00,161.49,307.74
2026-09-04 06:40:00,163.13,309.37
2026-09-04 06:45:00,151.83,298.07
2026-09-04 06:50:00,163.87,310.11
2026-09-04 06:55:00,138.23,284.47
2026-09-04 07:00:00,159.1,305.34
2026-09-04 07:05:00,119.16,265.4
2026-09-04 07:10:00,116.68,262.92
2026-09-04 07:15:00,167.82,314.06
2026-09-04 07:20:00,220.26,366.5
2026-09-04 07:25:00,179.72,325.96
2026-09-04 07:30:00,163.69,309.93
2026-09-04 07:35:00,157.71,303.95
2026-09-04 07:40:00,209.52,355.76
2026-09-04 07:45:00,181.87,328.11
2026-09-04 07:50:00,199.26,345.5
2026-09-04 07:55:00,167.12,313.36
2026-09-04 08:00:00,167.03,313.27
2026-09-04 08:05:00,161.84,308.08
2026-09-04 08:10:00,158.79,305.03
2026-09-04 08:15:00,189.44,335.68
2026-09-04 08:20:00,153.08,299.32
2026-09-04 08:25:00,203.55,349.79
2026-09-04 08:30:00,186.16,332.4
2026-09-04 08:35:00,193.12,339.36
2026-09-04 08:40:00,170.44,316.68
2026-09-04 08:45:00,158.75,305.0
2026-09-04 08:50:00,216.27,362.51
2026-09-04 08:55:00,213.05,359.29
2026-09-04 09:00:00,220.99,367.23
2026-09-04 09:05:00,213.15,359.39
2026-09-04 09:10:00,231.39,377.63
2026-09-04 09:15:00,217.43,363.67
2026-09-04 09:20:00,196.28,342.52
2026-09-04 09:25:00,218.56,364.8
2026-09-04 09:30:00,209.75,355.99
2026-09-04 09:35:00,210.91,357.15
2026-09-04 09:40:00,200.25,346.49
2026-09-04 09:45:00,242.34,388.58
2026-09-04 09:50:00,248.04,394.28
2026-09-04 09:55:00,236.07,382.31
2026-09-04 10:00:00,288.16,434.4
2026-09-04 10:05:00,247.18,393.42
2026-09-04 10:10:00,282.88,429.12
2026-09-04 10:15:00,234.09,380.33
2026-09-04 10:20:00,283.18,429.42
2026-09-04 10:25:00,301.31,447.55
2026-09-04 10:30:00,260.17,406.41
2026-09-04 10:35:00,213.51,359.75
2026-09-04 10:40:00,207.69,353.93
2026-09-04 10:45:00,224.03,370.27
2026-09-04 10:50:00,257.84,404.08
2026-09-04 10:55:00,255.3,401.54
2026-09-04 11:00:00,270.46,416.7
2026-09-04 11:05:00,236.26,382.5
2026-09-04 11:10:00,247.89,394.13
2026-09-04 11:15:00,248.82,395.06
2026-09-04 11:20:00,272.03,418.27
2026-09-04 11:25:00,248.75,394.99
2026-09-04 11:30:00,247.77,394.01
2026-09-04 11:35:00,265.33,411.57
2026-09-04 11:40:00,248.25,394.49
2026-09-04 11:45:00,237.31,383.55
2026-09-04 11:50:00,304.96,451.2
2026-09-04 11:55:00,291.22,437.46
2026-09-04 12:00:00,262.1,408.34
2026-09-04 12:05:00,255.99,402.23
2026-09-04 12:10:00,326.26,472.5
2026-09-04 12:15:00,280.45,426.69
2026-09-04 12:20:00,363.93,510.17
2026-09-04 12:25:00,312.83,459.07
2026-09-04 12:30:00,342.82,489.07
2026-09-04 12:35:00,360.69,506.93
2026-09-04 12:40:00,355.23,501.47
2026-09-04 12:45:00,320.11,466.35
2026-09-04 12:50:00,272.33,418.57
2026-09-04 12:55:00,347.04,493.28
2026-09-04 13:00:00,311.72,457.96
2026-09-04 13:05:00,356.44,502.68
2026-09-04 13:10:00,316.67,462.91
2026-09-04 13:15:00,332.98,479.22
2026-09-04 13:20:00,275.06,421.3
2026-09-04 13:25:00,297.85,444.09
2026-09-04 13:30:00,298.81,445.05
2026-09-04 13:35:00,300.94,447.18
2026-09-04 13:40:00,343.18,489.42
2026-09-04 13:45:00,344.38,490.62
2026-09-04 13:50:00,307.85,454.09
2026-09-04 13:55:00,293.13,439.37
2026-09-04 14:00:00,321.1,467.34
2026-09-04 14:05:00,306.28,452.52
2026-09-04 14:10:00,362.53,508.77
2026-09-04 14:15:00,343.73,489.97
2026-09-04 14:20:00,337.89,484.13
2026-09-04 14:25:00,331.06,477.3
2026-09-04 14:30:00,323.05,469.29
2026-09-04 14:35:00,300.81,447.05
2026-09-04 14:40:00,262.27,408.52
2026-09-04 14:45:00,333.13,479.37
2026-09-04 14:50:00,320.23,466.47
2026-09-04 14:55:00,276.19,422.43
2026-09-04 15:00:00,320.67,466.91
2026-09-04 15:05:00,293.62,439.86
2026-09-04 15:10:00,286.86,433.1
2026-09-04 15:15:00,270.18,416.42
2026-09-04 15:20:00,350.08,496.32
2026-09-04 15:25:00,278.98,425.22
2026-09-04 15:30:00,285.89,432.13
2026-09-04 15:35:00,268.57,414.81
2026-09-04 15:40:00,367.85,514.09
2026-09-04 15:45:00,359.5,505.74
2026-09-04 15:50:00,281.91,428.15
2026-09-04 15:55:00,363.19,509.43
2026-09-04 16:00:00,288.95,435.19
2026-09-04 16:05:00,310.93,457.17
2026-09-04 16:10:00,311.32,457.56
2026-09-04 16:15:00,307.46,453.7
2026-09-04 16:20:00,292.11,438.35
2026-09-04 16:25:00,287.44,433.68
2026-09-04 16:30:00,306.74,452.98
2026-09-04 16:35:00,265.05,411.29
2026-09-04 16:40:00,260.04,406.28
2026-09-04 16:45:00,280.34,426.58
2026-09-04 16:50:00,297.4,443.64
2026-09-04 16:55:00,280.6,426.84
2026-09-04 17:00:00,314.91,461.15
2026-09-04 17:05:00,313.13,459.37
2026-09-04 17:10:00,265.23,411.47
2026-09-04 17:15:00,304.8,451.04
2026-09-04 17:20:00,301.59,447.83
2026-09-04 17:25:00,299.25,445.49
2026-09-04 17:30:00,212.02,358.26
2026-09-04 17:35:00,205.22,351.46
2026-09-04 17:40:00,282.8,429.04
2026-09-04 17:45:00,253.05,399.29
2026-09-04 17:50:00,285.68,431.92
2026-09-04 17:55:00,261.66,407.9
2026-09-04 18:00:00,244.91,391.15
2026-09-04 18:05:00,196.78,343.02
2026-09-04 18:10:00,190.33,336.57
2026-09-04 18:15:00,275.06,421.3
2026-09-04 18:20:00,244.84,391.08
2026-09-04 18:25:00,215.2,361.44
2026-09-04 18:30:00,179.7,325.94
2026-09-04 18:35:00,247.94,394.18
2026-09-04 18:40:00,223.42,369.66
2026-09-04 18:45:00,212.44,358.68
2026-09-04 18:50:00,253.2,399.44
2026-09-04 18:55:00,244.49,390.73
2026-09-04 19:00:00,205.01,351.25
2026-09-04 19:05:00,191.51,337.75
2026-09-04 19:10:00,214.1,360.35
2026-09-04 19:15:00,211.52,357.76
2026-09-04 19:20:00,186.59,332.83
2026-09-04 19:25:00,168.75,314.99
2026-09-04 19:30:00,165.8,312.04
2026-09-04 19:35:00,152.97,299.21
2026-09-04 19:40:00,163.4,309.64
2026-09-04 19:45:00,149.63,295.87
2026-09-04 19:50:00,169.15,315.39
2026-09-04 19:55:00,190.97,337.21
2026-09-04 20:00:00,252.05,398.29
2026-09-04 20:05:00,234.7,380.94
2026-09-04 20:10:00,199.84,346.08
2026-09-04 20:15:00,218.38,364.62
2026-09-04 20:20:00,193.28,339.52
2026-09-04 20:25:00,194.58,340.82
2026-09-04 20:30:00,170.9,317.14
2026-09-04 20:35:00,166.93,313.17
2026-09-04 20:40:00,219.93,366.17
2026-09-04 20:45:00,202.99,349.23
2026-09-04 20:50:00,154.75,300.99
2026-09-04 20:55:00,152.97,299.21
2026-09-04 21:00:00,119.07,265.31
2026-09-04 21:05:00,131.3,277.54
2026-09-04 21:10:00,129.07,275.31
2026-09-04 21:15:00,108.37,254.61
2026-09-04 21:20:00,128.18,274.42
2026-09-04 21:25:00,151.22,297.46
2026-09-04 21:30:00,143.36,289.6
2026-09-04 21:35:00,145.31,291.55
2026-09-04 21:40:00,151.9,298.14
2026-09-04 21:45:00,135.17,281.41
2026-09-04 21:50:00,121.55,267.79
2026-09-04 21:55:00,131.26,277.5
2026-09-04 22:00:00,146.33,292.57
2026-09-04 22:05:00,140.56,286.8
2026-09-04 22:10:00,134.64,280.89
2026-09-04 22:15:00,157.43,303.67
2026-09-04 22:20:00,146.9,293.14
2026-09-04 22:25:00,136.02,282.26
2026-09-04 22:30:00,132.04,278.28
2026-09-04 22:35:00,139.71,285.95
2026-09-04 22:40:00,122.33,268.57
2026-09-04 22:45:00,130.59,276.83
2026-09-04 22:50:00,122.53,268.77
2026-09-04 22:55:00,160.31,306.55
2026-09-04 23:00:00,153.38,299.62
2026-09-04 23:05:00,129.56,275.8
2026-09-04 23:10:00,130.53,276.77
2026-09-04 23:15:00,138.86,285.1
2026-09-04 23:20:00,161.11,307.35
2026-09-04 23:25:00,143.07,289.31
2026-09-04 23:30:00,126.96,273.2
2026-09-04 23:35:00,116.16,262.4
2026-09-04 23:40:00,114.2,260.44
2026-09-04 23:45:00,108.05,254.29
2026-09-04 23:50:00,113.12,259.36
2026-09-04 23:55:00,125.66,271.9
2026-09-05 00:00:00,132.93,279.17
2026-09-05 00:05:00,108.13,254.37
2026-09-05 00:10:00,81.84,228.08
2026-09-05 00:15:00,85.88,232.12
2026-09-05 00:20:00,76.66,222.9
2026-09-05 00:25:00,97.89,244.13
2026-09-05 00:30:00,103.63,249.87
2026-09-05 00:35:00,98.18,244.42
2026-09-05 00:40:00,94.67,240.91
2026-09-05 00:45:00,92.32,238.56
2026-09-05 00:50:00,81.21,227.45
2026-09-05 00:55:00,73.28,219.52
2026-09-05 01:00:00,72.72,218.97
2026-09-05 01:05:00,95.03,241.27
2026-09-05 01:10:00,100.81,247.05
2026-09-05 01:15:00,84.17,230.41
2026-09-05 01:20:00,107.07,253.31
2026-09-05 01:25:00,81.66,227.9
2026-09-05 01:30:00,71.43,217.67
2026-09-05 01:35:00,72.48,218.72
2026-09-05 01:40:00,93.98,240.22
2026-09-05 01:45:00,116.99,263.23
2026-09-05 01:50:00,106.8,253.04
2026-09-05 01:55:00,102.58,248.82
2026-09-05 02:00:00,105.96,252.2
2026-09-05 02:05:00,108.73,254.97
2026-09-05 02:10:00,99.5,245.75
2026-09-05 02:15:00,89.29,235.53
2026-09-05 02:20:00,82.83,229.07
2026-09-05 02:25:00,87.89,234.13
2026-09-05 02:30:00,101.75,247.99
2026-09-05 02:35:00,97.35,243.59
2026-09-05 02:40:00,91.07,237.31
2026-09-05 02:45:00,88.52,234.76
2026-09-05 02:50:00,89.53,235.77
2026-09-05 02:55:00,80.34,226.58
2026-09-05 03:00:00,83.21,229.45
2026-09-05 03:05:00,93.61,239.85
2026-09-05 03:10:00,66.81,213.05
2026-09-05 03:15:00,86.38,232.62
2026-09-05 03:20:00,82.36,228.6
2026-09-05 03:25:00,100.89,247.13
2026-09-05 03:30:00,103.57,249.81
2026-09-05 03:35:00,93.8,240.04
2026-09-05 03:40:00,77.18,223.42
2026-09-05 03:45:00,82.71,228.95
2026-09-05 03:50:00,96.32,242.56
2026-09-05 03:55:00,94.16,240.4
2026-09-05 04:00:00,88.47,234.71
2026-09-05 04:05:00,94.34,240.58
2026-09-05 04:10:00,93.91,240.15
2026-09-05 04:15:00,98.73,244.97
2026-09-05 04:20:00,99.92,246.16
2026-09-05 04:25:00,83.67,229.91
2026-09-05 04:30:00,121.99,268.23
2026-09-05 04:35:00,98.06,244.3
2026-09-05 04:40:00,107.46,253.7
2026-09-05 04:45:00,101.01,247.25
2026-09-05 04:50:00,99.85,246.09
2026-09-05 04:55:00,88.43,234.67
2026-09-05 05:00:00,97.56,243.8
2026-09-05 05:05:00,81.85,228.09
2026-09-05 05:10:00,100.99,247.24
2026-09-05 05:15:00,79.13,225.37
2026-09-05 05:20:00,112.34,258.58
2026-09-05 05:25:00,116.68,262.92
2026-09-05 05:30:00,116.15,262.39
2026-09-05 05:35:00,97.5,243.74
2026-09-05 05:40:00,90.19,236.43
2026-09-05 05:45:00,120.84,267.08
2026-09-05 05:50:00,172.93,319.17
2026-09-05 05:55:00,146.21,292.45
2026-09-05 06:00:00,140.05,286.29
2026-09-05 06:05:00,128.39,274.63
2026-09-05 06:10:00,104.2,250.44
2026-09-05 06:15:00,122.5,268.74
2026-09-05 06:20:00,108.02,254.26
2026-09-05 06:25:00,94.28,240.52
2026-09-05 06:30:00,83.32,229.56
2026-09-05 06:35:00,113.82,260.06
2026-09-05 06:40:00,110.86,257.1
2026-09-05 06:45:00,118.09,264.33
2026-09-05 06:50:00,124.16,270.4
2026-09-05 06:55:00,107.2,253.44
2026-09-05 07:00:00,116.98,263.22
2026-09-05 07:05:00,105.55,251.79
2026-09-05 07:10:00,97.78,244.02
2026-09-05 07:15:00,137.7,283.94
2026-09-05 07:20:00,117.39,263.63
2026-09-05 07:25:00,141.98,288.22
2026-09-05 07:30:00,154.2,300.44
2026-09-05 07:35:00,114.57,260.81
2026-09-05 07:40:00,122.97,269.21
2026-09-05 07:45:00,143.45,289.69
2026-09-05 07:50:00,131.95,278.19
2026-09-05 07:55:00,124.34,270.58
2026-09-05 08:00:00,134.88,281.12
2026-09-05 08:05:00,138.6,284.84
2026-09-05 08:10:00,141.44,287.68
2026-09-05 08:15:00,133.88,280.12
2026-09-05 08:20:00,131.48,277.72
2026-09-05 08:25:00,148.67,294.91
2026-09-05 08:30:00,131.63,277.87
2026-09-05 08:35:00,126.16,272.4
2026-09-05 08:40:00,163.35,309.59
2026-09-05 08:45:00,169.24,315.49
2026-09-05 08:50:00,149.67,295.91
2026-09-05 08:55:00,152.23,298.47
2026-09-05 09:00:00,152.63,298.87
2026-09-05 09:05:00,153.45,299.69
2026-09-05 09:10:00,147.66,293.9
2026-09-05 09:15:00,166.54,312.79
2026-09-05 09:20:00,136.58,282.82
2026-09-05 09:25:00,130.11,276.35
2026-09-05 09:30:00,132.33,278.57
2026-09-05 09:35:00,187.5,333.74
2026-09-05 09:40:00,186.06,332.3
2026-09-05 09:45:00,188.78,335.02
2026-09-05 09:50:00,167.18,313.42
2026-09-05 09:55:00,188.64,334.88
2026-09-05 10:00:00,176.2,322.44
2026-09-05 10:05:00,193.55,339.79
2026-09-05 10:10:00,236.97,383.21
2026-09-05 10:15:00,195.27,341.51
2026-09-05 10:20:00,169.1,315.34
2026-09-05 10:25:00,171.19,317.43
2026-09-05 10:30:00,186.9,333.14
2026-09-05 10:35:00,176.61,322.85
2026-09-05 10:40:00,181.96,328.2
2026-09-05 10:45:00,169.34,315.58
2026-09-05 10:50:00,171.46,317.7
2026-09-05 10:55:00,182.68,328.92
2026-09-05 11:00:00,206.77,353.01
2026-09-05 11:05:00,200.36,346.6
2026-09-05 11:10:00,187.56,333.8
2026-09-05 11:15:00,198.35,344.59
2026-09-05 11:20:00,217.7,363.94
2026-09-05 11:25:00,199.73,345.97
2026-09-05 11:30:00,223.19,369.43
2026-09-05 11:35:00,237.56,383.8
2026-09-05 11:40:00,220.23,366.47
2026-09-05 11:45:00,201.02,347.26
2026-09-05 11:50:00,190.72,336.96
2026-09-05 11:55:00,194.24,340.48
2026-09-05 12:00:00,292.3,438.54
2026-09-05 12:05:00,225.03,371.27
2026-09-05 12:10:00,225.15,371.39
2026-09-05 12:15:00,217.43,363.67
2026-09-05 12:20:00,224.85,371.09
2026-09-05 12:25:00,259.86,406.1
2026-09-05 12:30:00,253.06,399.3
2026-09-05 12:35:00,231.93,378.17
2026-09-05 12:40:00,255.4,401.64
2026-09-05 12:45:00,325.73,471.97
2026-09-05 12:50:00,308.66,454.9
2026-09-05 12:55:00,273.32,419.56
2026-09-05 13:00:00,258.19,404.43
2026-09-05 13:05:00,249.35,395.59
2026-09-05 13:10:00,239.39,385.63
2026-09-05 13:15:00,225.71,371.95
2026-09-05 13:20:00,249.07,395.31
2026-09-05 13:25:00,267.96,414.2
2026-09-05 13:30:00,269.33,415.57
2026-09-05 13:35:00,206.07,352.31
2026-09-05 13:40:00,249.91,396.15
2026-09-05 13:45:00,196.2,342.44
2026-09-05 13:50:00,193.71,339.95
2026-09-05 13:55:00,212.68,358.92
2026-09-05 14:00:00,239.92,386.16
2026-09-05 14:05:00,317.81,464.05
2026-09-05 14:10:00,299.59,445.83
2026-09-05 14:15:00,315.96,462.2
2026-09-05 14:20:00,310.86,457.1
2026-09-05 14:25:00,289.05,435.29
2026-09-05 14:30:00,315.56,461.8
2026-09-05 14:35:00,285.71,431.95
2026-09-05 14:40:00,227.57,373.81
2026-09-05 14:45:00,246.38,392.62
2026-09-05 14:50:00,227.55,373.79
2026-09-05 14:55:00,244.3,390.54
2026-09-05 15:00:00,242.05,388.29
2026-09-05 15:05:00,215.52,361.76
2026-09-05 15:10:00,279.84,426.08
2026-09-05 15:15:00,237.97,384.21
2026-09-05 15:20:00,268.31,414.55
2026-09-05 15:25:00,406.23,552.47
2026-09-05 15:30:00,991.39,1137.63
2026-09-05 15:35:00,1123.44,1269.68
2026-09-05 15:40:00,1021.05,1167.29
2026-09-05 15:45:00,965.82,1112.06
2026-09-05 15:50:00,741.62,887.86
2026-09-05 15:55:00,447.59,593.83
2026-09-05 16:00:00,260.7,406.94
2026-09-05 16:05:00,283.28,429.52
2026-09-05 16:10:00,217.7,363.94
2026-09-05 16:15:00,242.54,388.78
2026-09-05 16:20:00,172.44,318.68
2026-09-05 16:25:00,182.65,328.89
2026-09-05 16:30:00,237.66,383.9
2026-09-05 16:35:00,203.94,350.18
2026-09-05 16:40:00,185.82,332.06
2026-09-05 16:45:00,194.11,340.35
2026-09-05 16:50:00,169.18,315.42
2026-09-05 16:55:00,170.51,316.75
2026-09-05 17:00:00,163.94,310.18
2026-09-05 17:05:00,189.35,335.59
2026-09-05 17:10:00,133.88,280.12
2026-09-05 17:15:00,177.3,323.54
2026-09-05 17:20:00,182.09,328.33
2026-09-05 17:25:00,169.57,315.81
2026-09-05 17:30:00,207.97,354.21
2026-09-05 17:35:00,190.6,336.84
2026-09-05 17:40:00,194.29,340.53
2026-09-05 17:45:00,198.58,344.82
2026-09-05 17:50:00,200.31,346.55
2026-09-05 17:55:00,196.51,342.75
2026-09-05 18:00:00,258.86,405.1
2026-09-05 18:05:00,233.76,380.0
2026-09-05 18:10:00,216.7,362.94
2026-09-05 18:15:00,225.9,372.14
2026-09-05 18:20:00,212.04,358.28
2026-09-05 18:25:00,217.99,364.23
2026-09-05 18:30:00,189.54,335.78
2026-09-05 18:35:00,189.15,335.39
2026-09-05 18:40:00,174.45,320.69
2026-09-05 18:45:00,146.71,292.95
2026-09-05 18:50:00,157.84,304.08
2026-09-05 18:55:00,131.34,277.58
2026-09-05 19:00:00,117.87,264.11
2026-09-05 19:05:00,152.34,298.58
2026-09-05 19:10:00,124.62,270.86
2026-09-05 19:15:00,140.6,286.84
2026-09-05 19:20:00,158.47,304.71
2026-09-05 19:25:00,166.71,312.95
2026-09-05 19:30:00,148.76,295.0
2026-09-05 19:35:00,156.76,303.0
2026-09-05 19:40:00,173.52,319.76
2026-09-05 19:45:00,156.08,302.32
2026-09-05 19:50:00,147.07,293.31
2026-09-05 19:55:00,161.05,307.29
2026-09-05 20:00:00,188.24,334.48
2026-09-05 20:05:00,198.29,344.53
2026-09-05 20:10:00,152.1,298.34
2026-09-05 20:15:00,153.52,299.76
2026-09-05 20:20:00,131.24,277.48
2026-09-05 20:25:00,126.07,272.31
2026-09-05 20:30:00,94.6,240.84
2026-09-05 20:35:00,106.81,253.05
2026-09-05 20:40:00,114.19,260.43
2026-09-05 20:45:00,103.74,249.98
2026-09-05 20:50:00,104.53,250.77
2026-09-05 20:55:00,100.98,247.22
2026-09-05 21:00:00,103.61,249.85
2026-09-05 21:05:00,89.95,236.19
2026-09-05 21:10:00,103.16,249.4
2026-09-05 21:15:00,84.85,231.09
2026-09-05 21:20:00,79.83,226.07
2026-09-05 21:25:00,96.63,242.87
2026-09-05 21:30:00,88.28,234.52
2026-09-05 21:35:00,85.9,232.14
2026-09-05 21:40:00,114.84,261.08
2026-09-05 21:45:00,113.95,260.19
2026-09-05 21:50:00,86.16,232.4
2026-09-05 21:55:00,90.64,236.88
2026-09-05 22:00:00,93.69,239.93
2026-09-05 22:05:00,93.28,239.52
2026-09-05 22:10:00,100.75,246.99
2026-09-05 22:15:00,80.47,226.71
2026-09-05 22:20:00,110.17,256.41
2026-09-05 22:25:00,107.17,253.41
2026-09-05 22:30:00,86.31,232.55
2026-09-05 22:35:00,95.96,242.2
2026-09-05 22:40:00,81.08,227.32
2026-09-05 22:45:00,85.52,231.76
2026-09-05 22:50:00,81.59,227.83
2026-09-05 22:55:00,81.89,228.13
2026-09-05 23:00:00,95.38,241.62
2026-09-05 23:05:00,109.07,255.31
2026-09-05 23:10:00,95.44,241.68
2026-09-05 23:15:00,99.92,246.16
2026-09-05 23:20:00,110.61,256.85
2026-09-05 23:25:00,110.05,256.29
2026-09-05 23:30:00,84.25,230.49
2026-09-05 23:35:00,75.81,222.05
2026-09-05 23:40:00,75.63,221.87
2026-09-05 23:45:00,87.86,234.1
2026-09-05 23:50:00,80.88,227.12
2026-09-05 23:55:00,91.54,237.78
2026-09-06 00:00:00,69.07,215.31
2026-09-06 00:05:00,85.36,231.6
2026-09-06 00:10:00,78.12,224.36
2026-09-06 00:15:00,106.79,253.03
2026-09-06 00:20:00,93.28,239.52
2026-09-06 00:25:00,99.41,245.65
2026-09-06 00:30:00,126.21,272.45
2026-09-06 00:35:00,99.17,245.41
2026-09-06 00:40:00,90.78,237.02
2026-09-06 00:45:00,86.62,232.86
2026-09-06 00:50:00,92.8,239.04
2026-09-06 00:55:00,66.61,212.85
2026-09-06 01:00:00,78.25,224.49
2026-09-06 01:05:00,80.07,226.31
2026-09-06 01:10:00,85.73,231.97
2026-09-06 01:15:00,74.48,220.72
2026-09-06 01:20:00,95.23,241.47
2026-09-06 01:25:00,73.33,219.57
2026-09-06 01:30:00,67.36,213.6
2026-09-06 01:35:00,90.74,236.98
2026-09-06 01:40:00,84.34,230.58
2026-09-06 01:45:00,95.53,241.77
2026-09-06 01:50:00,94.9,241.14
2026-09-06 01:55:00,88.63,234.87
2026-09-06 02:00:00,71.65,217.89
2026-09-06 02:05:00,93.55,239.79
2026-09-06 02:10:00,89.67,235.91
2026-09-06 02:15:00,78.16,224.4
2026-09-06 02:20:00,70.16,216.4
2026-09-06 02:25:00,76.79,223.03
2026-09-06 02:30:00,92.03,238.27
2026-09-06 02:35:00,67.55,213.79
2026-09-06 02:40:00,76.49,222.73
2026-09-06 02:45:00,86.95,233.19
2026-09-06 02:50:00,95.7,241.94
2026-09-06 02:55:00,83.1,229.34
2026-09-06 03:00:00,111.14,257.38
2026-09-06 03:05:00,104.98,251.22
2026-09-06 03:10:00,73.09,219.33
2026-09-06 03:15:00,79.2,225.44
2026-09-06 03:20:00,72.78,219.02
2026-09-06 03:25:00,84.83,231.07
2026-09-06 03:30:00,80.52,226.76
2026-09-06 03:35:00,96.91,243.15
2026-09-06 03:40:00,84.01,230.25
2026-09-06 03:45:00,82.29,228.53
2026-09-06 03:50:00,92.55,238.79
2026-09-06 03:55:00,84.74,230.98
2026-09-06 04:00:00,83.17,229.41
2026-09-06 04:05:00,100.12,246.36
2026-09-06 04:10:00,90.41,236.65
2026-09-06 04:15:00,98.74,244.98
2026-09-06 04:20:00,97.17,243.41
2026-09-06 04:25:00,79.0,225.24
2026-09-06 04:30:00,90.67,236.91
2026-09-06 04:35:00,87.51,233.75
2026-09-06 04:40:00,110.26,256.5
2026-09-06 04:45:00,103.46,249.7
2026-09-06 04:50:00,103.74,249.98
2026-09-06 04:55:00,101.99,248.23
2026-09-06 05:00:00,101.26,247.5
2026-09-06 05:05:00,95.22,241.46
2026-09-06 05:10:00,98.81,245.05
2026-09-06 05:15:00,98.57,244.81
2026-09-06 05:20:00,96.09,242.33
2026-09-06 05:25:00,118.63,264.87
2026-09-06 05:30:00,134.26,280.5
2026-09-06 05:35:00,132.44,278.68
2026-09-06 05:40:00,134.52,280.76
2026-09-06 05:45:00,112.42,258.66
2026-09-06 05:50:00,85.24,231.48
2026-09-06 05:55:00,84.17,230.41
2026-09-06 06:00:00,98.14,244.38
2026-09-06 06:05:00,101.16,247.4
2026-09-06 06:10:00,87.35,233.59
2026-09-06 06:15:00,117.22,263.46
2026-09-06 06:20:00,148.28,294.52
2026-09-06 06:25:00,144.9,291.14
2026-09-06 06:30:00,136.79,283.03
2026-09-06 06:35:00,128.99,275.23
2026-09-06 06:40:00,108.45,254.69
2026-09-06 06:45:00,114.74,260.98
2026-09-06 06:50:00,151.35,297.59
2026-09-06 06:55:00,128.85,275.09
2026-09-06 07:00:00,128.94,275.18
2026-09-06 07:05:00,132.44,278.68
2026-09-06 07:10:00,142.2,288.44
2026-09-06 07:15:00,153.68,299.92
2026-09-06 07:20:00,133.89,280.13
2026-09-06 07:25:00,134.05,280.29
2026-09-06 07:30:00,139.27,285.51
2026-09-06 07:35:00,138.56,284.8
2026-09-06 07:40:00,129.56,275.8
2026-09-06 07:45:00,130.47,276.71
2026-09-06 07:50:00,139.33,285.57
2026-09-06 07:55:00,161.43,307.67
2026-09-06 08:00:00,156.62,302.86
2026-09-06 08:05:00,129.54,275.78
2026-09-06 08:10:00,139.58,285.82
2026-09-06 08:15:00,134.02,280.26
2026-09-06 08:20:00,107.76,254.0
2026-09-06 08:25:00,131.29,277.53
2026-09-06 08:30:00,120.59,266.83
2026-09-06 08:35:00,119.63,265.87
2026-09-06 08:40:00,137.22,283.46
2026-09-06 08:45:00,110.23,256.47
2026-09-06 08:50:00,131.66,277.9
2026-09-06 08:55:00,153.87,300.11
2026-09-06 09:00:00,159.97,306.21
2026-09-06 09:05:00,168.75,314.99
2026-09-06 09:10:00,181.78,328.02
2026-09-06 09:15:00,182.04,328.28
2026-09-06 09:20:00,149.93,296.17
2026-09-06 09:25:00,159.99,306.23
2026-09-06 09:30:00,129.55,275.79
2026-09-06 09:35:00,165.41,311.65
2026-09-06 09:40:00,162.1,308.34
2026-09-06 09:45:00,175.0,321.24
2026-09-06 09:50:00,246.91,393.15
2026-09-06 09:55:00,211.7,357.94
2026-09-06 10:00:00,179.16,325.4
2026-09-06 10:05:00,178.55,324.79
2026-09-06 10:10:00,163.85,310.09
2026-09-06 10:15:00,187.04,333.28
2026-09-06 10:20:00,199.12,345.36
2026-09-06 10:25:00,196.69,342.93
2026-09-06 10:30:00,178.69,324.93
2026-09-06 10:35:00,152.65,298.89
2026-09-06 10:40:00,161.22,307.46
2026-09-06 10:45:00,177.04,323.28
2026-09-06 10:50:00,202.26,348.5
2026-09-06 10:55:00,227.33,373.57
2026-09-06 11:00:00,254.19,400.43
2026-09-06 11:05:00,248.73,394.97
2026-09-06 11:10:00,234.9,381.14
2026-09-06 11:15:00,284.73,430.97
2026-09-06 11:20:00,249.64,395.88
2026-09-06 11:25:00,212.93,359.17
2026-09-06 11:30:00,220.95,367.19
2026-09-06 11:35:00,269.25,415.49
2026-09-06 11:40:00,235.58,381.82
2026-09-06 11:45:00,214.93,361.17
2026-09-06 11:50:00,226.53,372.77
2026-09-06 11:55:00,204.17,350.41
2026-09-06 12:00:00,244.3,390.54
2026-09-06 12:05:00,240.13,386.37
2026-09-06 12:10:00,238.24,384.48
2026-09-06 12:15:00,235.28,381.52
2026-09-06 12:20:00,210.08,356.32
2026-09-06 12:25:00,224.81,371.05
2026-09-06 12:30:00,232.0,378.24
2026-09-06 12:35:00,320.7,466.94
2026-09-06 12:40:00,283.75,429.99
2026-09-06 12:45:00,269.75,415.99
2026-09-06 12:50:00,207.81,354.05
2026-09-06 12:55:00,263.8,410.04
2026-09-06 13:00:00,248.86,395.1
2026-09-06 13:05:00,227.09,373.33
2026-09-06 13:10:00,234.04,380.28
2026-09-06 13:15:00,263.88,410.12
2026-09-06 13:20:00,259.29,405.53
2026-09-06 13:25:00,267.7,413.94
2026-09-06 13:30:00,273.29,419.53
2026-09-06 13:35:00,245.56,391.8
2026-09-06 13:40:00,274.24,420.48
2026-09-06 13:45:00,262.02,408.26
2026-09-06 13:50:00,270.64,416.88
2026-09-06 13:55:00,264.51,410.75
2026-09-06 14:00:00,236.79,383.03
2026-09-06 14:05:00,248.37,394.62
2026-09-06 14:10:00,269.0,415.24
2026-09-06 14:15:00,217.51,363.75
2026-09-06 14:20:00,206.06,352.3
2026-09-06 14:25:00,272.13,418.37
2026-09-06 14:30:00,508.82,655.06
2026-09-06 14:35:00,597.06,743.3
2026-09-06 14:40:00,574.61,720.85
2026-09-06 14:45:00,560.22,706.46
2026-09-06 14:50:00,537.43,683.67
2026-09-06 14:55:00,514.63,660.87
2026-09-06 15:00:00,452.12,598.36
2026-09-06 15:05:00,396.9,543.14
2026-09-06 15:10:00,391.62,537.86
2026-09-06 15:15:00,373.6,519.84
2026-09-06 15:20:00,282.41,428.65
2026-09-06 15:25:00,282.49,428.73
2026-09-06 15:30:00,234.76,381.0
2026-09-06 15:35:00,171.6,317.84
2026-09-06 15:40:00,219.97,366.21
2026-09-06 15:45:00,213.15,359.39
2026-09-06 15:50:00,217.01,363.25
2026-09-06 15:55:00,215.75,361.99
2026-09-06 16:00:00,196.36,342.6
2026-09-06 16:05:00,208.44,354.68
2026-09-06 16:10:00,209.06,355.3
2026-09-06 16:15:00,220.0,366.24
2026-09-06 16:20:00,366.15,512.39
2026-09-06 16:25:00,689.1,835.34
2026-09-06 16:30:00,1048.11,1194.35
2026-09-06 16:35:00,1386.15,1532.39
2026-09-06 16:40:00,1813.49,1959.73
2026-09-06 16:45:00,1802.49,1948.73
2026-09-06 16:50:00,1766.81,1913.05
2026-09-06 16:55:00,1873.63,2019.87
2026-09-06 17:00:00,1778.25,1924.49
2026-09-06 17:05:00,1679.58,1825.82
2026-09-06 17:10:00,1634.94,1781.18
2026-09-06 17:15:00,1611.2,1757.44
2026-09-06 17:20:00,1506.71,1652.95
2026-09-06 17:25:00,1466.67,1612.91
2026-09-06 17:30:00,1369.43,1515.67
2026-09-06 17:35:00,1286.63,1432.87
2026-09-06 17:40:00,1235.48,1381.72
2026-09-06 17:45:00,1287.33,1433.57
2026-09-06 17:50:00,1325.89,1472.13
2026-09-06 17:55:00,1239.17,1385.41
2026-09-06 18:00:00,1204.17,1350.41
2026-09-06 18:05:00,1189.61,1335.85
2026-09-06 18:10:00,1080.96,1227.2
2026-09-06 18:15:00,1019.19,1165.43
2026-09-06 18:20:00,1035.43,1181.67
2026-09-06 18:25:00,983.51,1129.75
2026-09-06 18:30:00,863.58,1009.82
2026-09-06 18:35:00,880.31,1026.55
2026-09-06 18:40:00,865.16,1011.4
2026-09-06 18:45:00,872.83,1019.07
2026-09-06 18:50:00,835.73,981.97
2026-09-06 18:55:00,770.46,916.7
2026-09-06 19:00:00,437.42,583.66
2026-09-06 19:05:00,250.15,396.39
2026-09-06 19:10:00,167.5,313.74
2026-09-06 19:15:00,99.14,245.38
2026-09-06 19:20:00,112.54,258.78
2026-09-06 19:25:00,113.28,259.52
2026-09-06 19:30:00,133.2,279.44
2026-09-06 19:35:00,130.54,276.78
2026-09-06 19:40:00,162.06,308.3
2026-09-06 19:45:00,125.56,271.8
2026-09-06 19:50:00,145.28,291.52
2026-09-06 19:55:00,159.67,305.91
2026-09-06 20:00:00,176.33,322.57
2026-09-06 20:05:00,191.1,337.34
2026-09-06 20:10:00,162.11,308.35
2026-09-06 20:15:00,149.9,296.14
2026-09-06 20:20:00,143.69,289.93
2026-09-06 20:25:00,185.12,331.36
2026-09-06 20:30:00,166.97,313.21
2026-09-06 20:35:00,113.29,259.53
2026-09-06 20:40:00,106.03,252.27
2026-09-06 20:45:00,120.48,266.72
2026-09-06 20:50:00,110.38,256.62
2026-09-06 20:55:00,100.46,246.7
2026-09-06 21:00:00,83.74,229.98
2026-09-06 21:05:00,93.71,239.95
2026-09-06 21:10:00,98.58,244.82
2026-09-06 21:15:00,107.94,254.19
2026-09-06 21:20:00,103.71,249.95
2026-09-06 21:25:00,90.77,237.01
2026-09-06 21:30:00,100.71,246.95
2026-09-06 21:35:00,76.09,222.33
2026-09-06 21:40:00,86.3,232.54
2026-09-06 21:45:00,75.08,221.32
2026-09-06 21:50:00,113.7,259.94
2026-09-06 21:55:00,90.56,236.8
2026-09-06 22:00:00,71.44,217.68
2026-09-06 22:05:00,81.41,227.66
2026-09-06 22:10:00,95.97,242.21
2026-09-06 22:15:00,105.29,251.53
2026-09-06 22:20:00,134.14,280.38
2026-09-06 22:25:00,129.8,276.04
2026-09-06 22:30:00,108.0,254.24
2026-09-06 22:35:00,102.61,248.85
2026-09-06 22:40:00,118.46,264.7
2026-09-06 22:45:00,102.62,248.86
2026-09-06 22:50:00,86.88,233.12
2026-09-06 22:55:00,91.63,237.87
2026-09-06 23:00:00,79.5,225.74
2026-09-06 23:05:00,80.54,226.78
2026-09-06 23:10:00,78.94,225.18
2026-09-06 23:15:00,102.68,248.92
2026-09-06 23:20:00,104.13,250.37
2026-09-06 23:25:00,96.07,242.31
2026-09-06 23:30:00,74.41,220.65
2026-09-06 23:35:00,79.66,225.9
2026-09-06 23:40:00,81.79,228.03
2026-09-06 23:45:00,83.54,229.78
2026-09-06 23:50:00,74.75,220.99
2026-09-06 23:55:00,89.64,235.88
2026-09-07 00:00:00,96.64,242.88
2026-09-07 00:05:00,100.34,246.58
2026-09-07 00:10:00,103.3,249.54
2026-09-07 00:15:00,117.03,263.27
2026-09-07 00:20:00,108.84,255.08
2026-09-07 00:25:00,120.1,266.34
2026-09-07 00:30:00,117.63,263.87
2026-09-07 00:35:00,95.08,241.32
2026-09-07 00:40:00,106.48,252.72
2026-09-07 00:45:00,119.16,265.4
2026-09-07 00:50:00,114.96,261.2
2026-09-07 00:55:00,90.36,236.6
2026-09-07 01:00:00,100.54,246.78
2026-09-07 01:05:00,127.81,274.05
2026-09-07 01:10:00,154.33,300.57
2026-09-07 01:15:00,151.42,297.66
2026-09-07 01:20:00,120.42,266.66
2026-09-07 01:25:00,106.17,252.42
2026-09-07 01:30:00,101.64,247.88
2026-09-07 01:35:00,110.93,257.17
2026-09-07 01:40:00,103.85,250.09
2026-09-07 01:45:00,98.7,244.94
2026-09-07 01:50:00,98.41,244.65
2026-09-07 01:55:00,108.86,255.1
2026-09-07 02:00:00,117.14,263.38
2026-09-07 02:05:00,128.79,275.03
2026-09-07 02:10:00,125.06,271.3
2026-09-07 02:15:00,117.98,264.22
2026-09-07 02:20:00,111.25,257.49
2026-09-07 02:25:00,120.68,266.92
2026-09-07 02:30:00,126.1,272.34
2026-09-07 02:35:00,133.69,279.93
2026-09-07 02:40:00,127.3,273.54
2026-09-07 02:45:00,124.58,270.82
2026-09-07 02:50:00,117.3,263.54
2026-09-07 02:55:00,112.35,258.59
2026-09-07 03:00:00,118.8,265.04
2026-09-07 03:05:00,115.61,261.85
2026-09-07 03:10:00,91.32,237.56
2026-09-07 03:15:00,110.29,256.53
2026-09-07 03:20:00,106.67,252.91
2026-09-07 03:25:00,114.87,261.11
2026-09-07 03:30:00,124.79,271.03
2026-09-07 03:35:00,118.07,264.31
2026-09-07 03:40:00,94.61,240.85
2026-09-07 03:45:00,117.92,264.16
2026-09-07 03:50:00,124.35,270.59
2026-09-07 03:55:00,110.86,257.1
2026-09-07 04:00:00,121.76,268.0
2026-09-07 04:05:00,108.49,254.73
2026-09-07 04:10:00,122.95,269.19
2026-09-07 04:15:00,128.54,274.78
2026-09-07 04:20:00,101.61,247.85
2026-09-07 04:25:00,113.81,260.06
2026-09-07 04:30:00,114.93,261.17
2026-09-07 04:35:00,107.51,253.75
2026-09-07 04:40:00,117.4,263.64
2026-09-07 04:45:00,115.19,261.43
2026-09-07 04:50:00,122.59,268.83
2026-09-07 04:55:00,96.09,242.33
2026-09-07 05:00:00,136.98,283.22
2026-09-07 05:05:00,124.93,271.17
2026-09-07 05:10:00,124.94,271.18
2026-09-07 05:15:00,109.83,256.07
2026-09-07 05:20:00,134.46,280.71
2026-09-07 05:25:00,119.69,265.93
2026-09-07 05:30:00,127.88,274.12
2026-09-07 05:35:00,129.97,276.21
2026-09-07 05:40:00,125.01,271.25
2026-09-07 05:45:00,127.22,273.46
2026-09-07 05:50:00,118.04,264.28
2026-09-07 05:55:00,123.52,269.76
2026-09-07 06:00:00,139.37,285.61
2026-09-07 06:05:00,131.33,277.57
2026-09-07 06:10:00,136.44,282.68
2026-09-07 06:15:00,160.13,306.37
2026-09-07 06:20:00,135.98,282.22
2026-09-07 06:25:00,140.51,286.75
2026-09-07 06:30:00,126.82,273.06
2026-09-07 06:35:00,126.54,272.78
2026-09-07 06:40:00,142.17,288.41
2026-09-07 06:45:00,144.96,291.2
2026-09-07 06:50:00,137.73,283.97
2026-09-07 06:55:00,171.31,317.55
2026-09-07 07:00:00,194.22,340.46
2026-09-07 07:05:00,144.79,291.03
2026-09-07 07:10:00,130.17,276.41
2026-09-07 07:15:00,189.18,335.42
2026-09-07 07:20:00,172.9,319.14
2026-09-07 07:25:00,211.58,357.82
2026-09-07 07:30:00,210.98,357.22
2026-09-07 07:35:00,184.14,330.38
2026-09-07 07:40:00,167.84,314.08
2026-09-07 07:45:00,163.26,309.5
2026-09-07 07:50:00,156.65,302.89
2026-09-07 07:55:00,177.76,324.0
2026-09-07 08:00:00,191.43,337.67
2026-09-07 08:05:00,158.78,305.02
2026-09-07 08:10:00,185.39,331.63
2026-09-07 08:15:00,238.83,385.07
2026-09-07 08:20:00,204.4,350.64
2026-09-07 08:25:00,217.42,363.66
2026-09-07 08:30:00,181.56,327.8
2026-09-07 08:35:00,196.39,342.63
2026-09-07 08:40:00,171.64,317.88
2026-09-07 08:45:00,179.19,325.43
2026-09-07 08:50:00,196.87,343.12
2026-09-07 08:55:00,251.98,398.22
2026-09-07 09:00:00,199.22,345.46
2026-09-07 09:05:00,213.68,359.92
2026-09-07 09:10:00,262.92,409.16
2026-09-07 09:15:00,256.86,403.1
2026-09-07 09:20:00,210.69,356.93
2026-09-07 09:25:00,197.57,343.81
2026-09-07 09:30:00,171.52,317.76
2026-09-07 09:35:00,172.42,318.66
2026-09-07 09:40:00,175.39,321.63
2026-09-07 09:45:00,195.02,341.26
2026-09-07 09:50:00,231.95,378.19
2026-09-07 09:55:00,221.48,367.72
2026-09-07 10:00:00,211.71,357.95
2026-09-07 10:05:00,225.2,371.44
2026-09-07 10:10:00,238.5,384.74
2026-09-07 10:15:00,229.58,375.82
2026-09-07 10:20:00,240.89,387.13
2026-09-07 10:25:00,264.19,410.43
2026-09-07 10:30:00,288.16,434.4
2026-09-07 10:35:00,263.14,409.38
2026-09-07 10:40:00,265.02,411.26
2026-09-07 10:45:00,267.82,414.06
2026-09-07 10:50:00,211.34,357.58
2026-09-07 10:55:00,256.81,403.05
2026-09-07 11:00:00,252.71,398.95
2026-09-07 11:05:00,241.62,387.86
2026-09-07 11:10:00,237.9,384.14
2026-09-07 11:15:00,261.17,407.41
2026-09-07 11:20:00,312.18,458.42
2026-09-07 11:25:00,320.04,466.28
2026-09-07 11:30:00,290.51,436.75
2026-09-07 11:35:00,284.72,430.96
2026-09-07 11:40:00,267.39,413.63
2026-09-07 11:45:00,312.43,458.67
2026-09-07 11:50:00,304.01,450.25
2026-09-07 11:55:00,304.21,450.45
2026-09-07 12:00:00,336.67,482.91
2026-09-07 12:05:00,296.28,442.52
2026-09-07 12:10:00,358.67,504.91
2026-09-07 12:15:00,318.57,464.81
2026-09-07 12:20:00,297.8,444.04
2026-09-07 12:25:00,294.96,441.2
2026-09-07 12:30:00,364.91,511.15
2026-09-07 12:35:00,316.1,462.34
2026-09-07 12:40:00,349.98,496.22
2026-09-07 12:45:00,337.84,484.08
2026-09-07 12:50:00,293.28,439.52
2026-09-07 12:55:00,331.19,477.43
2026-09-07 13:00:00,304.95,451.19
2026-09-07 13:05:00,345.96,492.2
2026-09-07 13:10:00,338.76,485.0
2026-09-07 13:15:00,311.6,457.84
2026-09-07 13:20:00,303.44,449.68
2026-09-07 13:25:00,312.76,459.0
2026-09-07 13:30:00,345.91,492.15
2026-09-07 13:35:00,395.62,541.86
2026-09-07 13:40:00,370.28,516.52
2026-09-07 13:45:00,359.58,505.82
2026-09-07 13:50:00,328.56,474.8
2026-09-07 13:55:00,332.65,478.89
2026-09-07 14:00:00,327.21,473.45
2026-09-07 14:05:00,312.26,458.5
2026-09-07 14:10:00,330.59,476.83
2026-09-07 14:15:00,320.68,466.92
2026-09-07 14:20:00,314.19,460.43
2026-09-07 14:25:00,347.07,493.31
2026-09-07 14:30:00,324.79,471.03
2026-09-07 14:35:00,342.32,488.56
2026-09-07 14:40:00,374.14,520.38
2026-09-07 14:45:00,292.12,438.36
2026-09-07 14:50:00,340.63,486.87
2026-09-07 14:55:00,307.76,454.0
2026-09-07 15:00:00,328.9,475.14
2026-09-07 15:05:00,299.99,446.23
2026-09-07 15:10:00,282.18,428.42
2026-09-07 15:15:00,352.79,499.03
2026-09-07 15:20:00,430.35,576.59
2026-09-07 15:25:00,381.09,527.33
2026-09-07 15:30:00,354.59,500.83
2026-09-07 15:35:00,290.49,436.73
2026-09-07 15:40:00,379.2,525.44
2026-09-07 15:45:00,280.71,426.95
2026-09-07 15:50:00,277.77,424.01
2026-09-07 15:55:00,282.8,429.04
2026-09-07 16:00:00,237.95,384.19
2026-09-07 16:05:00,263.49,409.73
2026-09-07 16:10:00,341.25,487.49
2026-09-07 16:15:00,338.65,484.89
2026-09-07 16:20:00,316.32,462.56
2026-09-07 16:25:00,360.08,506.32
2026-09-07 16:30:00,308.86,455.1
2026-09-07 16:35:00,325.02,471.26
2026-09-07 16:40:00,213.6,359.84
2026-09-07 16:45:00,250.92,397.16
2026-09-07 16:50:00,277.63,423.87
2026-09-07 16:55:00,268.14,414.38
2026-09-07 17:00:00,279.68,425.92
2026-09-07 17:05:00,285.37,431.61
2026-09-07 17:10:00,336.74,482.98
2026-09-07 17:15:00,302.94,449.18
2026-09-07 17:20:00,329.21,475.45
2026-09-07 17:25:00,301.78,448.02
2026-09-07 17:30:00,318.03,464.27
2026-09-07 17:35:00,256.65,402.89
2026-09-07 17:40:00,267.42,413.66
2026-09-07 17:45:00,264.04,410.28
2026-09-07 17:50:00,264.31,410.55
2026-09-07 17:55:00,266.52,412.76
2026-09-07 18:00:00,271.36,417.6
2026-09-07 18:05:00,285.92,432.16
2026-09-07 18:10:00,237.58,383.82
2026-09-07 18:15:00,210.84,357.08
2026-09-07 18:20:00,229.41,375.65
2026-09-07 18:25:00,221.27,367.51
2026-09-07 18:30:00,207.16,353.4
2026-09-07 18:35:00,205.02,351.26
2026-09-07 18:40:00,237.05,383.29
2026-09-07 18:45:00,227.52,373.76
2026-09-07 18:50:00,257.0,403.24
2026-09-07 18:55:00,222.49,368.73
2026-09-07 19:00:00,236.07,382.31
2026-09-07 19:05:00,249.73,395.97
2026-09-07 19:10:00,197.7,343.94
2026-09-07 19:15:00,210.37,356.61
2026-09-07 19:20:00,261.01,407.25
2026-09-07 19:25:00,242.98,389.22
2026-09-07 19:30:00,242.42,388.66
2026-09-07 19:35:00,224.73,370.97
2026-09-07 19:40:00,234.82,381.06
2026-09-07 19:45:00,205.77,352.01
2026-09-07 19:50:00,220.34,366.58
2026-09-07 19:55:00,238.0,384.24
2026-09-07 20:00:00,206.93,353.17
2026-09-07 20:05:00,216.04,362.28
2026-09-07 20:10:00,190.52,336.76
2026-09-07 20:15:00,195.57,341.81
2026-09-07 20:20:00,215.13,361.37
2026-09-07 20:25:00,183.68,329.92
2026-09-07 20:30:00,137.93,284.17
2026-09-07 20:35:00,167.68,313.92
2026-09-07 20:40:00,133.94,280.18
2026-09-07 20:45:00,114.21,260.45
2026-09-07 20:50:00,147.48,293.72
2026-09-07 20:55:00,149.3,295.54
2026-09-07 21:00:00,141.4,287.64
2026-09-07 21:05:00,127.88,274.12
2026-09-07 21:10:00,128.91,275.15
2026-09-07 21:15:00,108.66,254.9
2026-09-07 21:20:00,119.49,265.73
2026-09-07 21:25:00,111.92,258.16
2026-09-07 21:30:00,120.07,266.31
2026-09-07 21:35:00,114.97,261.21
2026-09-07 21:40:00,133.82,280.06
2026-09-07 21:45:00,127.77,274.01
2026-09-07 21:50:00,132.8,279.04
2026-09-07 21:55:00,132.61,278.85
2026-09-07 22:00:00,125.95,272.19
2026-09-07 22:05:00,135.01,281.25
2026-09-07 22:10:00,137.81,284.05
2026-09-07 22:15:00,106.2,252.44
2026-09-07 22:20:00,129.55,275.79
2026-09-07 22:25:00,129.38,275.62
2026-09-07 22:30:00,131.77,278.01
2026-09-07 22:35:00,126.33,272.57
2026-09-07 22:40:00,123.19,269.43
2026-09-07 22:45:00,112.79,259.03
2026-09-07 22:50:00,126.95,273.19
2026-09-07 22:55:00,116.29,262.53
2026-09-07 23:00:00,109.01,255.25
2026-09-07 23:05:00,123.83,270.07
2026-09-07 23:10:00,111.83,258.07
2026-09-07 23:15:00,115.25,261.49
2026-09-07 23:20:00,142.23,288.47
2026-09-07 23:25:00,155.54,301.78
2026-09-07 23:30:00,144.16,290.4
2026-09-07 23:35:00,138.92,285.16
2026-09-07 23:40:00,121.7,267.94
2026-09-07 23:45:00,119.68,265.92
2026-09-07 23:50:00,103.7,249.94
2026-09-07 23:55:00,116.52,262.76
2026-09-08 00:00:00,102.71,248.95
2026-09-08 00:05:00,104.42,250.66
2026-09-08 00:10:00,109.74,255.98
2026-09-08 00:15:00,120.69,266.93
2026-09-08 00:20:00,122.91,269.15
2026-09-08 00:25:00,150.33,296.57
2026-09-08 00:30:00,124.2,270.44
2026-09-08 00:35:00,93.51,239.75
2026-09-08 00:40:00,110.97,257.21
2026-09-08 00:45:00,111.93,258.17
2026-09-08 00:50:00,100.26,246.5
2026-09-08 00:55:00,78.52,224.76
2026-09-08 01:00:00,85.41,231.65
2026-09-08 01:05:00,87.08,233.32
2026-09-08 01:10:00,99.55,245.79
2026-09-08 01:15:00,103.25,249.49
2026-09-08 01:20:00,113.04,259.28
2026-09-08 01:25:00,115.53,261.77
2026-09-08 01:30:00,122.42,268.66
2026-09-08 01:35:00,102.32,248.56
2026-09-08 01:40:00,115.62,261.86
2026-09-08 01:45:00,124.14,270.38
2026-09-08 01:50:00,114.52,260.76
2026-09-08 01:55:00,106.78,253.02
2026-09-08 02:00:00,114.27,260.51
2026-09-08 02:05:00,114.14,260.38
2026-09-08 02:10:00,112.98,259.22
2026-09-08 02:15:00,122.77,269.01
2026-09-08 02:20:00,99.55,245.79
2026-09-08 02:25:00,107.04,253.28
2026-09-08 02:30:00,118.66,264.9
2026-09-08 02:35:00,93.37,239.61
2026-09-08 02:40:00,88.61,234.85
2026-09-08 02:45:00,102.08,248.32
2026-09-08 02:50:00,126.13,272.37
2026-09-08 02:55:00,120.64,266.88
2026-09-08 03:00:00,131.31,277.55
2026-09-08 03:05:00,98.65,244.89
2026-09-08 03:10:00,94.86,241.1
2026-09-08 03:15:00,114.7,260.94
2026-09-08 03:20:00,110.96,257.2
2026-09-08 03:25:00,118.05,264.29
2026-09-08 03:30:00,120.42,266.66
2026-09-08 03:35:00,106.14,252.38
2026-09-08 03:40:00,114.91,261.15
2026-09-08 03:45:00,136.31,282.55
2026-09-08 03:50:00,128.54,274.78
2026-09-08 03:55:00,114.84,261.08
2026-09-08 04:00:00,109.65,255.89
2026-09-08 04:05:00,130.16,276.41
2026-09-08 04:10:00,104.85,251.09
2026-09-08 04:15:00,126.35,272.59
2026-09-08 04:20:00,117.52,263.76
2026-09-08 04:25:00,122.13,268.37
2026-09-08 04:30:00,116.89,263.13
2026-09-08 04:35:00,108.08,254.32
2026-09-08 04:40:00,148.74,294.98
2026-09-08 04:45:00,116.16,262.4
2026-09-08 04:50:00,134.14,280.38
2026-09-08 04:55:00,150.42,296.66
2026-09-08 05:00:00,152.6,298.84
2026-09-08 05:05:00,118.71,264.95
2026-09-08 05:10:00,114.04,260.28
2026-09-08 05:15:00,108.91,255.15
2026-09-08 05:20:00,122.98,269.22
2026-09-08 05:25:00,133.48,279.72
2026-09-08 05:30:00,116.89,263.13
2026-09-08 05:35:00,120.69,266.93
2026-09-08 05:40:00,116.74,262.98
2026-09-08 05:45:00,135.01,281.25
2026-09-08 05:50:00,164.76,311.0
2026-09-08 05:55:00,134.7,280.94
2026-09-08 06:00:00,126.86,273.11
2026-09-08 06:05:00,120.46,266.7
2026-09-08 06:10:00,142.21,288.45
2026-09-08 06:15:00,146.34,292.58
2026-09-08 06:20:00,139.39,285.63
2026-09-08 06:25:00,136.63,282.87
2026-09-08 06:30:00,127.28,273.53
2026-09-08 06:35:00,146.98,293.22
2026-09-08 06:40:00,200.99,347.23
2026-09-08 06:45:00,190.95,337.19
2026-09-08 06:50:00,176.83,323.07
2026-09-08 06:55:00,153.89,300.13
2026-09-08 07:00:00,145.66,291.9
2026-09-08 07:05:00,159.94,306.18
2026-09-08 07:10:00,172.69,318.93
2026-09-08 07:15:00,190.49,336.73
2026-09-08 07:20:00,201.72,347.96
2026-09-08 07:25:00,194.64,340.88
2026-09-08 07:30:00,204.24,350.48
2026-09-08 07:35:00,180.03,326.27
2026-09-08 07:40:00,180.36,326.6
2026-09-08 07:45:00,143.55,289.79
2026-09-08 07:50:00,166.43,312.67
2026-09-08 07:55:00,171.33,317.57
2026-09-08 08:00:00,169.89,316.13
2026-09-08 08:05:00,173.01,319.25
2026-09-08 08:10:00,158.62,304.86
2026-09-08 08:15:00,185.09,331.33
2026-09-08 08:20:00,189.98,336.22
2026-09-08 08:25:00,178.08,324.32
2026-09-08 08:30:00,168.45,314.69
2026-09-08 08:35:00,209.15,355.39
2026-09-08 08:40:00,185.34,331.58
2026-09-08 08:45:00,166.64,312.88
2026-09-08 08:50:00,189.85,336.09
2026-09-08 08:55:00,255.01,401.25
2026-09-08 09:00:00,223.08,369.32
2026-09-08 09:05:00,244.41,390.65
2026-09-08 09:10:00,249.47,395.71
2026-09-08 09:15:00,242.37,388.61
2026-09-08 09:20:00,211.19,357.43
2026-09-08 09:25:00,206.03,352.27
2026-09-08 09:30:00,187.67,333.91
2026-09-08 09:35:00,184.05,330.29
2026-09-08 09:40:00,193.98,340.22
2026-09-08 09:45:00,249.59,395.83
2026-09-08 09:50:00,255.47,401.71
2026-09-08 09:55:00,279.89,426.13
2026-09-08 10:00:00,266.26,412.5
2026-09-08 10:05:00,259.62,405.86
2026-09-08 10:10:00,238.17,384.41
2026-09-08 10:15:00,227.32,373.56
2026-09-08 10:20:00,230.03,376.27
2026-09-08 10:25:00,248.72,394.96
2026-09-08 10:30:00,250.59,396.83
2026-09-08 10:35:00,294.57,440.81
2026-09-08 10:40:00,312.75,458.99
2026-09-08 10:45:00,271.26,417.5
2026-09-08 10:50:00,227.27,373.51
2026-09-08 10:55:00,260.75,406.99
2026-09-08 11:00:00,289.0,435.24
2026-09-08 11:05:00,277.88,424.12
2026-09-08 11:10:00,291.91,438.15
2026-09-08 11:15:00,293.96,440.2
2026-09-08 11:20:00,315.75,461.99
2026-09-08 11:25:00,240.06,386.3
2026-09-08 11:30:00,330.85,477.09
2026-09-08 11:35:00,290.11,436.35
2026-09-08 11:40:00,311.67,457.91
2026-09-08 11:45:00,297.45,443.69
2026-09-08 11:50:00,287.25,433.49
2026-09-08 11:55:00,285.49,431.73
2026-09-08 12:00:00,315.75,461.99
2026-09-08 12:05:00,322.41,468.65
2026-09-08 12:10:00,357.18,503.42
2026-09-08 12:15:00,369.01,515.25
2026-09-08 12:20:00,360.79,507.03
2026-09-08 12:25:00,399.55,545.79
2026-09-08 12:30:00,369.8,516.04
2026-09-08 12:35:00,369.86,516.1
2026-09-08 12:40:00,352.02,498.26
2026-09-08 12:45:00,338.16,484.4
2026-09-08 12:50:00,323.61,469.85
2026-09-08 12:55:00,336.15,482.39
2026-09-08 13:00:00,334.21,480.45
2026-09-08 13:05:00,342.23,488.47
2026-09-08 13:10:00,353.19,499.43
2026-09-08 13:15:00,345.76,492.0
2026-09-08 13:20:00,244.25,390.49
2026-09-08 13:25:00,366.44,512.68
2026-09-08 13:30:00,352.56,498.8
2026-09-08 13:35:00,290.96,437.2
2026-09-08 13:40:00,296.27,442.51
2026-09-08 13:45:00,293.35,439.59
2026-09-08 13:50:00,279.65,425.89
2026-09-08 13:55:00,286.76,433.0
2026-09-08 14:00:00,290.65,436.89
2026-09-08 14:05:00,345.4,491.64
2026-09-08 14:10:00,421.26,567.5
2026-09-08 14:15:00,407.27,553.51
2026-09-08 14:20:00,430.55,576.79
2026-09-08 14:25:00,350.6,496.84
2026-09-08 14:30:00,322.61,468.85
2026-09-08 14:35:00,362.57,508.81
2026-09-08 14:40:00,304.9,451.14
2026-09-08 14:45:00,300.09,446.33
2026-09-08 14:50:00,323.46,469.7
2026-09-08 14:55:00,369.07,515.31
2026-09-08 15:00:00,353.51,499.75
2026-09-08 15:05:00,294.19,440.43
2026-09-08 15:10:00,299.92,446.16
2026-09-08 15:15:00,268.53,414.77
2026-09-08 15:20:00,311.87,458.11
2026-09-08 15:25:00,340.41,486.65
2026-09-08 15:30:00,317.75,463.99
2026-09-08 15:35:00,285.19,431.43
2026-09-08 15:40:00,321.17,467.41
2026-09-08 15:45:00,324.12,470.36
2026-09-08 15:50:00,253.98,400.22
2026-09-08 15:55:00,284.34,430.58
2026-09-08 16:00:00,317.36,463.6
2026-09-08 16:05:00,375.08,521.32
2026-09-08 16:10:00,314.2,460.44
2026-09-08 16:15:00,361.01,507.25
2026-09-08 16:20:00,329.98,476.22
2026-09-08 16:25:00,315.81,462.05
2026-09-08 16:30:00,325.56,471.81
2026-09-08 16:35:00,367.91,514.15
2026-09-08 16:40:00,329.03,475.27
2026-09-08 16:45:00,342.55,488.79
2026-09-08 16:50:00,375.93,522.17
2026-09-08 16:55:00,294.83,441.07
2026-09-08 17:00:00,350.88,497.12
2026-09-08 17:05:00,338.93,485.17
2026-09-08 17:10:00,321.18,467.43
2026-09-08 17:15:00,296.65,442.89
2026-09-08 17:20:00,294.26,440.5
2026-09-08 17:25:00,325.74,471.98
2026-09-08 17:30:00,245.02,391.26
2026-09-08 17:35:00,246.96,393.2
2026-09-08 17:40:00,210.15,356.39
2026-09-08 17:45:00,242.03,388.27
2026-09-08 17:50:00,232.68,378.92
2026-09-08 17:55:00,210.53,356.77
2026-09-08 18:00:00,334.09,480.33
2026-09-08 18:05:00,334.14,480.38
2026-09-08 18:10:00,247.47,393.71
2026-09-08 18:15:00,249.66,395.9
2026-09-08 18:20:00,268.18,414.42
2026-09-08 18:25:00,232.43,378.67
2026-09-08 18:30:00,219.25,365.49
2026-09-08 18:35:00,238.8,385.04
2026-09-08 18:40:00,191.53,337.77
2026-09-08 18:45:00,191.28,337.52
2026-09-08 18:50:00,203.56,349.8
2026-09-08 18:55:00,199.52,345.76
2026-09-08 19:00:00,195.76,342.0
2026-09-08 19:05:00,200.76,347.0
2026-09-08 19:10:00,191.82,338.06
2026-09-08 19:15:00,223.43,369.67
2026-09-08 19:20:00,216.62,362.86
2026-09-08 19:25:00,256.59,402.83
2026-09-08 19:30:00,217.35,363.59
2026-09-08 19:35:00,202.19,348.43
2026-09-08 19:40:00,211.24,357.48
2026-09-08 19:45:00,204.71,350.95
2026-09-08 19:50:00,195.66,341.9
2026-09-08 19:55:00,253.5,399.74
2026-09-08 20:00:00,212.91,359.15
2026-09-08 20:05:00,252.13,398.37
2026-09-08 20:10:00,214.4,360.64
2026-09-08 20:15:00,225.67,371.91
2026-09-08 20:20:00,228.25,374.49
2026-09-08 20:25:00,218.21,364.45
2026-09-08 20:30:00,166.08,312.32
2026-09-08 20:35:00,174.14,320.38
2026-09-08 20:40:00,195.89,342.13
2026-09-08 20:45:00,159.72,305.96
2026-09-08 20:50:00,193.43,339.67
2026-09-08 20:55:00,173.78,320.02
2026-09-08 21:00:00,135.29,281.53
2026-09-08 21:05:00,115.43,261.67
2026-09-08 21:10:00,137.19,283.43
2026-09-08 21:15:00,103.42,249.66
2026-09-08 21:20:00,113.0,259.24
2026-09-08 21:25:00,122.87,269.11
2026-09-08 21:30:00,104.61,250.86
2026-09-08 21:35:00,126.29,272.53
2026-09-08 21:40:00,132.95,279.19
2026-09-08 21:45:00,115.97,262.21
2026-09-08 21:50:00,115.99,262.23
2026-09-08 21:55:00,121.53,267.77
2026-09-08 22:00:00,127.24,273.48
2026-09-08 22:05:00,123.8,270.04
2026-09-08 22:10:00,129.7,275.94
2026-09-08 22:15:00,132.06,278.3
2026-09-08 22:20:00,118.0,264.24
2026-09-08 22:25:00,117.57,263.81
2026-09-08 22:30:00,125.24,271.48
2026-09-08 22:35:00,148.12,294.36
2026-09-08 22:40:00,135.36,281.6
2026-09-08 22:45:00,143.06,289.3
2026-09-08 22:50:00,117.52,263.76
2026-09-08 22:55:00,116.01,262.25
2026-09-08 23:00:00,117.34,263.58
2026-09-08 23:05:00,142.02,288.26
2026-09-08 23:10:00,130.67,276.91
2026-09-08 23:15:00,132.47,278.71
2026-09-08 23:20:00,159.66,305.9
2026-09-08 23:25:00,145.92,292.16
2026-09-08 23:30:00,163.92,310.16
2026-09-08 23:35:00,129.89,276.13
2026-09-08 23:40:00,107.85,254.09
2026-09-08 23:45:00,112.6,258.85
2026-09-08 23:50:00,105.45,251.69
2026-09-08 23:55:00,105.38,251.62
2026-09-09 00:00:00,144.91,291.15
2026-09-09 00:05:00,134.82,281.06
2026-09-09 00:10:00,122.75,268.99
2026-09-09 00:15:00,105.22,251.46
2026-09-09 00:20:00,103.7,249.94
2026-09-09 00:25:00,127.05,273.29
2026-09-09 00:30:00,103.87,250.11
2026-09-09 00:35:00,91.65,237.89
2026-09-09 00:40:00,98.27,244.51
2026-09-09 00:45:00,132.23,278.47
2026-09-09 00:50:00,109.82,256.06
2026-09-09 00:55:00,106.58,252.82
2026-09-09 01:00:00,108.85,255.09
2026-09-09 01:05:00,130.44,276.68
2026-09-09 01:10:00,108.97,255.21
2026-09-09 01:15:00,119.89,266.13
2026-09-09 01:20:00,117.02,263.26
2026-09-09 01:25:00,111.36,257.6
2026-09-09 01:30:00,101.08,247.32
2026-09-09 01:35:00,108.84,255.08
2026-09-09 01:40:00,109.69,255.93
2026-09-09 01:45:00,108.8,255.04
2026-09-09 01:50:00,94.94,241.18
2026-09-09 01:55:00,91.41,237.65
2026-09-09 02:00:00,105.78,252.02
2026-09-09 02:05:00,110.25,256.49
2026-09-09 02:10:00,110.82,257.06
2026-09-09 02:15:00,87.14,233.38
2026-09-09 02:20:00,86.12,232.36
2026-09-09 02:25:00,125.84,272.08
2026-09-09 02:30:00,138.09,284.33
2026-09-09 02:35:00,114.92,261.16
2026-09-09 02:40:00,120.29,266.53
2026-09-09 02:45:00,112.84,259.08
2026-09-09 02:50:00,131.87,278.11
2026-09-09 02:55:00,152.91,299.15
2026-09-09 03:00:00,145.43,291.67
2026-09-09 03:05:00,166.58,312.82
2026-09-09 03:10:00,114.5,260.74
2026-09-09 03:15:00,106.88,253.12
2026-09-09 03:20:00,104.89,251.13
2026-09-09 03:25:00,108.67,254.91
2026-09-09 03:30:00,146.85,293.09
2026-09-09 03:35:00,128.3,274.54
2026-09-09 03:40:00,111.55,257.79
2026-09-09 03:45:00,105.9,252.14
2026-09-09 03:50:00,130.74,276.98
2026-09-09 03:55:00,140.0,286.24
2026-09-09 04:00:00,119.37,265.61
2026-09-09 04:05:00,101.95,248.19
2026-09-09 04:10:00,92.48,238.72
2026-09-09 04:15:00,136.86,283.1
2026-09-09 04:20:00,141.08,287.32
2026-09-09 04:25:00,131.27,277.51
2026-09-09 04:30:00,156.15,302.39
2026-09-09 04:35:00,165.37,311.61
2026-09-09 04:40:00,151.01,297.25
2026-09-09 04:45:00,132.63,278.87
2026-09-09 04:50:00,127.42,273.66
2026-09-09 04:55:00,114.41,260.65
2026-09-09 05:00:00,105.97,252.21
2026-09-09 05:05:00,94.6,240.84
2026-09-09 05:10:00,98.87,245.11
2026-09-09 05:15:00,128.55,274.79
2026-09-09 05:20:00,113.31,259.55
2026-09-09 05:25:00,156.77,303.01
2026-09-09 05:30:00,135.92,282.16
2026-09-09 05:35:00,169.34,315.58
2026-09-09 05:40:00,146.67,292.91
2026-09-09 05:45:00,132.97,279.21
2026-09-09 05:50:00,146.41,292.65
2026-09-09 05:55:00,159.99,306.23
2026-09-09 06:00:00,140.14,286.38
2026-09-09 06:05:00,137.53,283.77
2026-09-09 06:10:00,126.94,273.18
2026-09-09 06:15:00,136.01,282.25
2026-09-09 06:20:00,148.21,294.45
2026-09-09 06:25:00,141.02,287.26
2026-09-09 06:30:00,117.73,263.97
2026-09-09 06:35:00,130.15,276.39
2026-09-09 06:40:00,147.84,294.08
2026-09-09 06:45:00,152.33,298.57
2026-09-09 06:50:00,155.39,301.63
2026-09-09 06:55:00,141.54,287.78
2026-09-09 07:00:00,152.61,298.85
2026-09-09 07:05:00,177.99,324.23
2026-09-09 07:10:00,152.83,299.07
2026-09-09 07:15:00,201.96,348.2
2026-09-09 07:20:00,185.0,331.24
2026-09-09 07:25:00,191.14,337.38
2026-09-09 07:30:00,176.29,322.53
2026-09-09 07:35:00,155.45,301.69
2026-09-09 07:40:00,171.51,317.75
2026-09-09 07:45:00,148.45,294.69
2026-09-09 07:50:00,178.94,325.18
2026-09-09 07:55:00,169.27,315.51
2026-09-09 08:00:00,228.18,374.42
2026-09-09 08:05:00,198.17,344.41
2026-09-09 08:10:00,159.77,306.01
2026-09-09 08:15:00,192.14,338.38
2026-09-09 08:20:00,181.28,327.52
2026-09-09 08:25:00,243.06,389.3
2026-09-09 08:30:00,239.87,386.11
2026-09-09 08:35:00,210.48,356.72
2026-09-09 08:40:00,222.9,369.14
2026-09-09 08:45:00,193.17,339.41
2026-09-09 08:50:00,203.98,350.22
2026-09-09 08:55:00,215.79,362.03
2026-09-09 09:00:00,243.51,389.75
2026-09-09 09:05:00,263.44,409.68
2026-09-09 09:10:00,253.3,399.54
2026-09-09 09:15:00,326.75,472.99
2026-09-09 09:20:00,241.27,387.51
2026-09-09 09:25:00,196.82,343.06
2026-09-09 09:30:00,159.18,305.42
2026-09-09 09:35:00,242.99,389.23
2026-09-09 09:40:00,222.51,368.75
2026-09-09 09:45:00,240.63,386.87
2026-09-09 09:50:00,236.23,382.47
2026-09-09 09:55:00,227.71,373.95
2026-09-09 10:00:00,205.92,352.16
2026-09-09 10:05:00,243.81,390.05
2026-09-09 10:10:00,245.52,391.77
2026-09-09 10:15:00,255.91,402.15
2026-09-09 10:20:00,289.32,435.56
2026-09-09 10:25:00,274.74,420.98
2026-09-09 10:30:00,226.2,372.44
2026-09-09 10:35:00,187.98,334.22
2026-09-09 10:40:00,351.51,497.75
2026-09-09 10:45:00,361.89,508.13
2026-09-09 10:50:00,352.83,499.07
2026-09-09 10:55:00,310.51,456.75
2026-09-09 11:00:00,283.9,430.14
2026-09-09 11:05:00,257.16,403.4
2026-09-09 11:10:00,227.59,373.83
2026-09-09 11:15:00,250.17,396.41
2026-09-09 11:20:00,312.81,459.05
2026-09-09 11:25:00,313.2,459.44
2026-09-09 11:30:00,280.99,427.23
2026-09-09 11:35:00,288.49,434.73
2026-09-09 11:40:00,307.97,454.21
2026-09-09 11:45:00,288.02,434.26
2026-09-09 11:50:00,288.97,435.21
2026-09-09 11:55:00,307.72,453.96
2026-09-09 12:00:00,331.27,477.51
2026-09-09 12:05:00,323.8,470.04
2026-09-09 12:10:00,300.58,446.82
2026-09-09 12:15:00,270.57,416.81
2026-09-09 12:20:00,270.67,416.91
2026-09-09 12:25:00,245.17,391.41
2026-09-09 12:30:00,291.64,437.88
2026-09-09 12:35:00,325.8,472.04
2026-09-09 12:40:00,280.63,426.87
2026-09-09 12:45:00,335.42,481.66
2026-09-09 12:50:00,350.19,496.43
2026-09-09 12:55:00,283.02,429.26
2026-09-09 13:00:00,302.74,448.98
2026-09-09 13:05:00,379.47,525.71
2026-09-09 13:10:00,361.18,507.42
2026-09-09 13:15:00,295.64,441.88
2026-09-09 13:20:00,328.24,474.48
2026-09-09 13:25:00,314.37,460.61
2026-09-09 13:30:00,360.38,506.62
2026-09-09 13:35:00,300.58,446.82
2026-09-09 13:40:00,335.02,481.26
2026-09-09 13:45:00,306.22,452.46
2026-09-09 13:50:00,303.74,449.98
2026-09-09 13:55:00,303.02,449.26
2026-09-09 14:00:00,313.52,459.76
2026-09-09 14:05:00,301.58,447.82
2026-09-09 14:10:00,327.92,474.16
2026-09-09 14:15:00,337.12,483.36
2026-09-09 14:20:00,304.5,450.74
2026-09-09 14:25:00,342.26,488.5
2026-09-09 14:30:00,314.76,461.0
2026-09-09 14:35:00,350.55,496.79
2026-09-09 14:40:00,352.2,498.44
2026-09-09 14:45:00,353.18,499.42
2026-09-09 14:50:00,363.04,509.28
2026-09-09 14:55:00,335.56,481.8
2026-09-09 15:00:00,370.26,516.5
2026-09-09 15:05:00,344.88,491.12
2026-09-09 15:10:00,350.77,497.01
2026-09-09 15:15:00,351.03,497.27
2026-09-09 15:20:00,393.8,540.04
2026-09-09 15:25:00,393.67,539.91
2026-09-09 15:30:00,336.15,482.39
2026-09-09 15:35:00,263.28,409.52
2026-09-09 15:40:00,290.0,436.24
2026-09-09 15:45:00,273.37,419.62
2026-09-09 15:50:00,234.22,380.46
2026-09-09 15:55:00,226.46,372.7
2026-09-09 16:00:00,233.56,379.8
2026-09-09 16:05:00,348.68,494.92
2026-09-09 16:10:00,295.41,441.65
2026-09-09 16:15:00,406.31,552.55
2026-09-09 16:20:00,338.07,484.31
2026-09-09 16:25:00,327.03,473.27
2026-09-09 16:30:00,252.61,398.85
2026-09-09 16:35:00,290.24,436.48
2026-09-09 16:40:00,311.75,457.99
2026-09-09 16:45:00,378.19,524.43
2026-09-09 16:50:00,313.39,459.63
2026-09-09 16:55:00,256.42,402.66
2026-09-09 17:00:00,230.27,376.51
2026-09-09 17:05:00,235.5,381.74
2026-09-09 17:10:00,269.69,415.93
2026-09-09 17:15:00,339.86,486.1
2026-09-09 17:20:00,301.78,448.02
2026-09-09 17:25:00,275.86,422.1
2026-09-09 17:30:00,299.88,446.12
2026-09-09 17:35:00,255.28,401.52
2026-09-09 17:40:00,265.96,412.2
2026-09-09 17:45:00,286.2,432.44
2026-09-09 17:50:00,253.43,399.67
2026-09-09 17:55:00,213.42,359.66
2026-09-09 18:00:00,213.87,360.11
2026-09-09 18:05:00,259.41,405.65
2026-09-09 18:10:00,303.94,450.18
2026-09-09 18:15:00,269.38,415.62
2026-09-09 18:20:00,250.05,396.29
2026-09-09 18:25:00,218.92,365.16
2026-09-09 18:30:00,208.99,355.23
2026-09-09 18:35:00,213.57,359.81
2026-09-09 18:40:00,206.35,352.59
2026-09-09 18:45:00,232.06,378.3
2026-09-09 18:50:00,211.21,357.45
2026-09-09 18:55:00,195.76,342.0
2026-09-09 19:00:00,203.96,350.2
2026-09-09 19:05:00,214.35,360.59
2026-09-09 19:10:00,191.94,338.18
2026-09-09 19:15:00,218.22,364.46
2026-09-09 19:20:00,184.93,331.17
2026-09-09 19:25:00,236.22,382.46
2026-09-09 19:30:00,225.46,371.7
2026-09-09 19:35:00,216.04,362.28
2026-09-09 19:40:00,241.45,387.69
2026-09-09 19:45:00,193.6,339.84
2026-09-09 19:50:00,189.56,335.8
2026-09-09 19:55:00,183.62,329.86
2026-09-09 20:00:00,204.34,350.58
2026-09-09 20:05:00,223.24,369.48
2026-09-09 20:10:00,190.36,336.6
2026-09-09 20:15:00,216.57,362.81
2026-09-09 20:20:00,162.52,308.76
2026-09-09 20:25:00,162.43,308.67
2026-09-09 20:30:00,177.53,323.77
2026-09-09 20:35:00,169.51,315.75
2026-09-09 20:40:00,141.24,287.48
2026-09-09 20:45:00,140.09,286.33
2026-09-09 20:50:00,100.6,246.84
2026-09-09 20:55:00,107.02,253.26
2026-09-09 21:00:00,131.91,278.15
2026-09-09 21:05:00,122.86,269.1
2026-09-09 21:10:00,138.79,285.03
2026-09-09 21:15:00,103.56,249.8
2026-09-09 21:20:00,98.21,244.45
2026-09-09 21:25:00,140.52,286.76
2026-09-09 21:30:00,141.12,287.36
2026-09-09 21:35:00,113.84,260.08
2026-09-09 21:40:00,120.02,266.26
2026-09-09 21:45:00,118.48,264.72
2026-09-09 21:50:00,106.47,252.72
2026-09-09 21:55:00,86.3,232.54
2026-09-09 22:00:00,105.91,252.15
2026-09-09 22:05:00,132.82,279.06
2026-09-09 22:10:00,142.27,288.51
2026-09-09 22:15:00,152.65,298.89
2026-09-09 22:20:00,124.67,270.91
2026-09-09 22:25:00,125.79,272.03
2026-09-09 22:30:00,116.65,262.89
2026-09-09 22:35:00,132.93,279.17
2026-09-09 22:40:00,128.62,274.86
2026-09-09 22:45:00,120.68,266.92
2026-09-09 22:50:00,87.93,234.17
2026-09-09 22:55:00,131.15,277.39
2026-09-09 23:00:00,134.77,281.01
2026-09-09 23:05:00,110.0,256.24
2026-09-09 23:10:00,118.93,265.17
2026-09-09 23:15:00,126.1,272.34
2026-09-09 23:20:00,127.27,273.51
2026-09-09 23:25:00,126.47,272.71
2026-09-09 23:30:00,125.31,271.55
2026-09-09 23:35:00,109.1,255.34
2026-09-09 23:40:00,99.11,245.35
2026-09-09 23:45:00,127.65,273.9
2026-09-09 23:50:00,115.18,261.42
2026-09-09 23:55:00,120.4,266.64
2026-09-10 00:00:00,118.06,264.3
2026-09-10 00:05:00,110.64,256.88
2026-09-10 00:10:00,100.33,246.57
2026-09-10 00:15:00,103.88,250.12
2026-09-10 00:20:00,95.75,241.99
2026-09-10 00:25:00,111.94,258.18
2026-09-10 00:30:00,106.29,252.53
2026-09-10 00:35:00,116.81,263.05
2026-09-10 00:40:00,121.43,267.67
2026-09-10 00:45:00,129.53,275.77
2026-09-10 00:50:00,96.88,243.12
2026-09-10 00:55:00,93.46,239.7
2026-09-10 01:00:00,90.3,236.54
2026-09-10 01:05:00,102.49,248.73
2026-09-10 01:10:00,91.09,237.33
2026-09-10 01:15:00,86.7,232.94
2026-09-10 01:20:00,119.64,265.88
2026-09-10 01:25:00,106.35,252.59
2026-09-10 01:30:00,105.04,251.28
2026-09-10 01:35:00,101.49,247.73
2026-09-10 01:40:00,95.96,242.2
2026-09-10 01:45:00,115.4,261.64
2026-09-10 01:50:00,108.92,255.16
2026-09-10 01:55:00,126.26,272.5
2026-09-10 02:00:00,118.89,265.13
2026-09-10 02:05:00,125.08,271.32
2026-09-10 02:10:00,106.28,252.52
2026-09-10 02:15:00,99.61,245.85
2026-09-10 02:20:00,98.73,244.97
2026-09-10 02:25:00,113.02,259.26
2026-09-10 02:30:00,116.0,262.24
2026-09-10 02:35:00,109.22,255.46
2026-09-10 02:40:00,134.73,280.97
2026-09-10 02:45:00,132.58,278.82
2026-09-10 02:50:00,134.22,280.46
2026-09-10 02:55:00,130.21,276.45
2026-09-10 03:00:00,147.49,293.73
2026-09-10 03:05:00,119.39,265.63
2026-09-10 03:10:00,97.14,243.38
2026-09-10 03:15:00,110.66,256.9
2026-09-10 03:20:00,123.07,269.31
2026-09-10 03:25:00,132.68,278.92
2026-09-10 03:30:00,123.63,269.87
2026-09-10 03:35:00,131.32,277.56
2026-09-10 03:40:00,116.84,263.08
2026-09-10 03:45:00,131.55,277.79
2026-09-10 03:50:00,141.05,287.29
2026-09-10 03:55:00,139.12,285.36
2026-09-10 04:00:00,125.68,271.93
2026-09-10 04:05:00,134.52,280.76
2026-09-10 04:10:00,112.4,258.64
2026-09-10 04:15:00,121.48,267.72
2026-09-10 04:20:00,126.48,272.72
2026-09-10 04:25:00,108.93,255.17
2026-09-10 04:30:00,122.46,268.7
2026-09-10 04:35:00,103.38,249.62
2026-09-10 04:40:00,116.52,262.76
2026-09-10 04:45:00,118.33,264.57
2026-09-10 04:50:00,121.05,267.29
2026-09-10 04:55:00,117.65,263.89
2026-09-10 05:00:00,127.31,273.55
2026-09-10 05:05:00,113.72,259.96
2026-09-10 05:10:00,137.62,283.86
2026-09-10 05:15:00,120.26,266.5
2026-09-10 05:20:00,166.9,313.14
2026-09-10 05:25:00,147.45,293.69
2026-09-10 05:30:00,126.56,272.8
2026-09-10 05:35:00,121.23,267.47
2026-09-10 05:40:00,144.73,290.97
2026-09-10 05:45:00,148.12,294.36
2026-09-10 05:50:00,116.87,263.11
2026-09-10 05:55:00,134.08,280.32
2026-09-10 06:00:00,134.87,281.11
2026-09-10 06:05:00,150.45,296.69
2026-09-10 06:10:00,162.06,308.3
2026-09-10 06:15:00,159.83,306.07
2026-09-10 06:20:00,202.12,348.36
2026-09-10 06:25:00,149.59,295.83
2026-09-10 06:30:00,133.36,279.6
2026-09-10 06:35:00,141.6,287.84
2026-09-10 06:40:00,182.81,329.05
2026-09-10 06:45:00,204.93,351.17
2026-09-10 06:50:00,207.76,354.0
2026-09-10 06:55:00,167.9,314.14
2026-09-10 07:00:00,163.17,309.41
2026-09-10 07:05:00,139.77,286.01
2026-09-10 07:10:00,138.23,284.47
2026-09-10 07:15:00,208.16,354.4
2026-09-10 07:20:00,183.69,329.93
2026-09-10 07:25:00,183.38,329.62
2026-09-10 07:30:00,199.07,345.31
2026-09-10 07:35:00,148.46,294.7
2026-09-10 07:40:00,167.9,314.14
2026-09-10 07:45:00,138.64,284.88
2026-09-10 07:50:00,161.99,308.23
2026-09-10 07:55:00,143.71,289.95
2026-09-10 08:00:00,152.32,298.56
2026-09-10 08:05:00,159.41,305.65
2026-09-10 08:10:00,180.7,326.94
2026-09-10 08:15:00,174.25,320.49
2026-09-10 08:20:00,187.24,333.48
2026-09-10 08:25:00,181.74,327.98
2026-09-10 08:30:00,189.31,335.55
2026-09-10 08:35:00,194.46,340.7
2026-09-10 08:40:00,190.79,337.03
2026-09-10 08:45:00,176.7,322.94
2026-09-10 08:50:00,193.28,339.52
2026-09-10 08:55:00,244.6,390.84
2026-09-10 09:00:00,230.93,377.17
2026-09-10 09:05:00,212.85,359.09
2026-09-10 09:10:00,251.87,398.11
2026-09-10 09:15:00,242.92,389.16
2026-09-10 09:20:00,216.16,362.4
2026-09-10 09:25:00,206.91,353.15
2026-09-10 09:30:00,232.5,378.74
2026-09-10 09:35:00,225.03,371.27
2026-09-10 09:40:00,253.39,399.63
2026-09-10 09:45:00,228.37,374.61
2026-09-10 09:50:00,235.37,381.61
2026-09-10 09:55:00,277.02,423.26
2026-09-10 10:00:00,254.78,401.02
2026-09-10 10:05:00,324.17,470.41
2026-09-10 10:10:00,280.32,426.56
2026-09-10 10:15:00,265.12,411.36
2026-09-10 10:20:00,339.71,485.95
2026-09-10 10:25:00,273.18,419.43
2026-09-10 10:30:00,220.15,366.39
2026-09-10 10:35:00,205.57,351.81
2026-09-10 10:40:00,267.18,413.42
2026-09-10 10:45:00,233.0,379.24
2026-09-10 10:50:00,262.51,408.75
2026-09-10 10:55:00,303.7,449.94
2026-09-10 11:00:00,353.23,499.47
2026-09-10 11:05:00,350.11,496.35
2026-09-10 11:10:00,321.11,467.35
2026-09-10 11:15:00,358.61,504.85
2026-09-10 11:20:00,334.79,481.03
2026-09-10 11:25:00,277.83,424.07
2026-09-10 11:30:00,256.71,402.95
2026-09-10 11:35:00,268.41,414.65
2026-09-10 11:40:00,269.48,415.72
2026-09-10 11:45:00,291.81,438.05
2026-09-10 11:50:00,234.79,381.03
2026-09-10 11:55:00,260.87,407.11
2026-09-10 12:00:00,296.8,443.04
2026-09-10 12:05:00,317.71,463.95
2026-09-10 12:10:00,379.97,526.21
2026-09-10 12:15:00,335.05,481.29
2026-09-10 12:20:00,308.23,454.47
2026-09-10 12:25:00,258.3,404.54
2026-09-10 12:30:00,323.72,469.96
2026-09-10 12:35:00,281.87,428.11
2026-09-10 12:40:00,330.41,476.65
2026-09-10 12:45:00,402.54,548.78
2026-09-10 12:50:00,306.73,452.97
2026-09-10 12:55:00,333.31,479.55
2026-09-10 13:00:00,386.73,532.97
2026-09-10 13:05:00,389.78,536.02
2026-09-10 13:10:00,282.98,429.23
2026-09-10 13:15:00,285.28,431.52
2026-09-10 13:20:00,258.17,404.41
2026-09-10 13:25:00,323.81,470.05
2026-09-10 13:30:00,353.55,499.79
2026-09-10 13:35:00,249.68,395.92
2026-09-10 13:40:00,300.77,447.01
2026-09-10 13:45:00,338.9,485.14
2026-09-10 13:50:00,326.46,472.7
2026-09-10 13:55:00,339.07,485.31
2026-09-10 14:00:00,325.76,472.01
2026-09-10 14:05:00,312.55,458.79
2026-09-10 14:10:00,313.41,459.65
2026-09-10 14:15:00,322.53,468.77
2026-09-10 14:20:00,370.95,517.19
2026-09-10 14:25:00,361.41,507.65
2026-09-10 14:30:00,332.94,479.18
2026-09-10 14:35:00,393.86,540.1
2026-09-10 14:40:00,331.76,478.0
2026-09-10 14:45:00,287.64,433.88
2026-09-10 14:50:00,299.92,446.16
2026-09-10 14:55:00,320.95,467.19
2026-09-10 15:00:00,341.97,488.21
2026-09-10 15:05:00,291.42,437.66
2026-09-10 15:10:00,378.2,524.44
2026-09-10 15:15:00,379.71,525.95
2026-09-10 15:20:00,352.32,498.56
2026-09-10 15:25:00,317.93,464.17
2026-09-10 15:30:00,353.26,499.5
2026-09-10 15:35:00,263.65,409.89
2026-09-10 15:40:00,382.24,528.49
2026-09-10 15:45:00,324.91,471.15
2026-09-10 15:50:00,354.17,500.41
2026-09-10 15:55:00,335.92,482.16
2026-09-10 16:00:00,389.44,535.68
2026-09-10 16:05:00,318.51,464.75
2026-09-10 16:10:00,297.64,443.88
2026-09-10 16:15:00,354.55,500.79
2026-09-10 16:20:00,318.62,464.86
2026-09-10 16:25:00,353.63,499.87
2026-09-10 16:30:00,294.39,440.63
2026-09-10 16:35:00,314.22,460.46
2026-09-10 16:40:00,295.44,441.68
2026-09-10 16:45:00,292.24,438.48
2026-09-10 16:50:00,278.93,425.17
2026-09-10 16:55:00,265.79,412.03
2026-09-10 17:00:00,268.65,414.89
2026-09-10 17:05:00,282.91,429.15
2026-09-10 17:10:00,231.35,377.59
2026-09-10 17:15:00,255.74,401.98
2026-09-10 17:20:00,258.52,404.76
2026-09-10 17:25:00,263.96,410.2
2026-09-10 17:30:00,293.65,439.89
2026-09-10 17:35:00,310.03,456.27
2026-09-10 17:40:00,301.6,447.84
2026-09-10 17:45:00,270.73,416.97
2026-09-10 17:50:00,246.63,392.87
2026-09-10 17:55:00,287.1,433.34
2026-09-10 18:00:00,246.37,392.61
2026-09-10 18:05:00,235.7,381.94
2026-09-10 18:10:00,239.39,385.63
2026-09-10 18:15:00,226.29,372.53
2026-09-10 18:20:00,213.4,359.64
2026-09-10 18:25:00,199.24,345.48
2026-09-10 18:30:00,188.21,334.45
2026-09-10 18:35:00,201.78,348.02
2026-09-10 18:40:00,239.72,385.96
2026-09-10 18:45:00,238.93,385.17
2026-09-10 18:50:00,213.17,359.41
2026-09-10 18:55:00,203.73,349.97
2026-09-10 19:00:00,227.37,373.61
2026-09-10 19:05:00,225.05,371.29
2026-09-10 19:10:00,228.4,374.64
2026-09-10 19:15:00,191.77,338.01
2026-09-10 19:20:00,233.01,379.26
2026-09-10 19:25:00,219.47,365.71
2026-09-10 19:30:00,212.59,358.83
2026-09-10 19:35:00,183.01,329.25
2026-09-10 19:40:00,185.56,331.81
2026-09-10 19:45:00,151.81,298.05
2026-09-10 19:50:00,172.75,318.99
2026-09-10 19:55:00,207.94,354.18
2026-09-10 20:00:00,206.4,352.64
2026-09-10 20:05:00,184.32,330.57
2026-09-10 20:10:00,167.62,313.86
2026-09-10 20:15:00,185.42,331.66
2026-09-10 20:20:00,179.39,325.63
2026-09-10 20:25:00,177.94,324.18
2026-09-10 20:30:00,181.82,328.06
2026-09-10 20:35:00,199.12,345.36
2026-09-10 20:40:00,211.93,358.17
2026-09-10 20:45:00,160.45,306.69
2026-09-10 20:50:00,136.65,282.89
2026-09-10 20:55:00,152.16,298.4
2026-09-10 21:00:00,124.32,270.56
2026-09-10 21:05:00,141.02,287.26
2026-09-10 21:10:00,155.65,301.89
2026-09-10 21:15:00,171.14,317.38
2026-09-10 21:20:00,172.76,319.0
2026-09-10 21:25:00,171.49,317.73
2026-09-10 21:30:00,135.92,282.16
2026-09-10 21:35:00,125.28,271.52
2026-09-10 21:40:00,128.28,274.52
2026-09-10 21:45:00,100.85,247.09
2026-09-10 21:50:00,137.16,283.4
2026-09-10 21:55:00,138.84,285.08
2026-09-10 22:00:00,128.43,274.67
2026-09-10 22:05:00,154.08,300.32
2026-09-10 22:10:00,133.47,279.71
2026-09-10 22:15:00,109.2,255.44
2026-09-10 22:20:00,137.84,284.08
2026-09-10 22:25:00,115.5,261.74
2026-09-10 22:30:00,112.51,258.75
2026-09-10 22:35:00,134.57,280.81
2026-09-10 22:40:00,137.77,284.01
2026-09-10 22:45:00,145.57,291.81
2026-09-10 22:50:00,142.45,288.69
2026-09-10 22:55:00,146.79,293.03
2026-09-10 23:00:00,125.78,272.02
2026-09-10 23:05:00,126.61,272.85
2026-09-10 23:10:00,101.88,248.12
2026-09-10 23:15:00,145.52,291.76
2026-09-10 23:20:00,125.65,271.89
2026-09-10 23:25:00,130.54,276.78
2026-09-10 23:30:00,103.99,250.23
2026-09-10 23:35:00,98.99,245.23
2026-09-10 23:40:00,108.24,254.48
2026-09-10 23:45:00,108.99,255.23
2026-09-10 23:50:00,124.32,270.56
2026-09-10 23:55:00,130.42,276.66
2026-09-11 00:00:00,107.72,253.96
2026-09-11 00:05:00,111.28,257.52
2026-09-11 00:10:00,122.08,268.32
2026-09-11 00:15:00,121.79,268.03
2026-09-11 00:20:00,108.83,255.07
2026-09-11 00:25:00,107.13,253.37
2026-09-11 00:30:00,117.72,263.96
2026-09-11 00:35:00,115.26,261.5
2026-09-11 00:40:00,102.34,248.58
2026-09-11 00:45:00,122.9,269.14
2026-09-11 00:50:00,101.58,247.82
2026-09-11 00:55:00,113.76,260.0
2026-09-11 01:00:00,119.66,265.9
2026-09-11 01:05:00,104.41,250.65
2026-09-11 01:10:00,107.66,253.9
2026-09-11 01:15:00,105.06,251.3
2026-09-11 01:20:00,113.38,259.62
2026-09-11 01:25:00,95.46,241.7
2026-09-11 01:30:00,90.81,237.05
2026-09-11 01:35:00,89.61,235.85
2026-09-11 01:40:00,108.88,255.12
2026-09-11 01:45:00,122.63,268.87
2026-09-11 01:50:00,118.72,264.96
2026-09-11 01:55:00,112.25,258.49
2026-09-11 02:00:00,107.14,253.38
2026-09-11 02:05:00,120.07,266.31
2026-09-11 02:10:00,156.76,303.0
2026-09-11 02:15:00,145.0,291.24
2026-09-11 02:20:00,115.03,261.27
2026-09-11 02:25:00,117.63,263.87
2026-09-11 02:30:00,96.33,242.57
2026-09-11 02:35:00,108.8,255.04
2026-09-11 02:40:00,122.23,268.47
2026-09-11 02:45:00,118.74,264.98
2026-09-11 02:50:00,97.05,243.29
2026-09-11 02:55:00,92.06,238.3
2026-09-11 03:00:00,119.49,265.73
2026-09-11 03:05:00,113.57,259.81
2026-09-11 03:10:00,107.66,253.9
2026-09-11 03:15:00,120.78,267.02
2026-09-11 03:20:00,134.55,280.79
2026-09-11 03:25:00,132.6,278.84
2026-09-11 03:30:00,133.46,279.7
2026-09-11 03:35:00,102.79,249.03
2026-09-11 03:40:00,96.39,242.63
2026-09-11 03:45:00,105.45,251.69
2026-09-11 03:50:00,129.28,275.52
2026-09-11 03:55:00,152.79,299.03
2026-09-11 04:00:00,130.55,276.79
2026-09-11 04:05:00,119.9,266.14
2026-09-11 04:10:00,96.07,242.31
2026-09-11 04:15:00,122.75,268.99
2026-09-11 04:20:00,116.56,262.8
2026-09-11 04:25:00,169.88,316.12
2026-09-11 04:30:00,137.48,283.72
2026-09-11 04:35:00,157.7,303.94
2026-09-11 04:40:00,158.29,304.53
2026-09-11 04:45:00,124.43,270.67
2026-09-11 04:50:00,134.15,280.39
2026-09-11 04:55:00,132.24,278.48
2026-09-11 05:00:00,128.7,274.95
2026-09-11 05:05:00,136.0,282.24
2026-09-11 05:10:00,150.3,296.54
2026-09-11 05:15:00,145.54,291.78
2026-09-11 05:20:00,137.5,283.74
2026-09-11 05:25:00,118.44,264.68
2026-09-11 05:30:00,125.61,271.85
2026-09-11 05:35:00,137.26,283.5
2026-09-11 05:40:00,111.83,258.07
2026-09-11 05:45:00,138.94,285.18
2026-09-11 05:50:00,130.43,276.67
2026-09-11 05:55:00,110.82,257.06
2026-09-11 06:00:00,125.06,271.3
2026-09-11 06:05:00,131.55,277.79
2026-09-11 06:10:00,171.42,317.66
2026-09-11 06:15:00,166.19,312.43
2026-09-11 06:20:00,174.71,320.95
2026-09-11 06:25:00,158.25,304.49
2026-09-11 06:30:00,126.52,272.76
2026-09-11 06:35:00,154.82,301.06
2026-09-11 06:40:00,135.69,281.93
2026-09-11 06:45:00,142.13,288.37
2026-09-11 06:50:00,137.9,284.14
2026-09-11 06:55:00,148.96,295.2
2026-09-11 07:00:00,186.0,332.24
2026-09-11 07:05:00,183.53,329.77
2026-09-11 07:10:00,205.48,351.72
2026-09-11 07:15:00,244.45,390.69
2026-09-11 07:20:00,176.38,322.62
2026-09-11 07:25:00,162.12,308.36
2026-09-11 07:30:00,144.45,290.69
2026-09-11 07:35:00,159.67,305.91
2026-09-11 07:40:00,160.84,307.08
2026-09-11 07:45:00,146.1,292.34
2026-09-11 07:50:00,166.83,313.07
2026-09-11 07:55:00,164.17,310.41
2026-09-11 08:00:00,150.02,296.26
2026-09-11 08:05:00,132.17,278.41
2026-09-11 08:10:00,161.74,307.98
2026-09-11 08:15:00,195.69,341.93
2026-09-11 08:20:00,189.63,335.87
2026-09-11 08:25:00,185.63,331.87
2026-09-11 08:30:00,140.28,286.52
2026-09-11 08:35:00,194.64,340.88
2026-09-11 08:40:00,187.19,333.43
2026-09-11 08:45:00,170.22,316.46
2026-09-11 08:50:00,166.15,312.39
2026-09-11 08:55:00,154.23,300.47
2026-09-11 09:00:00,168.55,314.79
2026-09-11 09:05:00,203.85,350.09
2026-09-11 09:10:00,202.51,348.75
2026-09-11 09:15:00,235.99,382.23
2026-09-11 09:20:00,203.44,349.68
2026-09-11 09:25:00,280.55,426.79
2026-09-11 09:30:00,201.54,347.78
2026-09-11 09:35:00,228.44,374.68
2026-09-11 09:40:00,219.13,365.37
2026-09-11 09:45:00,213.13,359.37
2026-09-11 09:50:00,239.57,385.81
2026-09-11 09:55:00,259.02,405.26
2026-09-11 10:00:00,247.61,393.85
2026-09-11 10:05:00,285.87,432.11
2026-09-11 10:10:00,224.3,370.54
2026-09-11 10:15:00,213.77,360.02
2026-09-11 10:20:00,295.79,442.03
2026-09-11 10:25:00,316.52,462.76
2026-09-11 10:30:00,299.66,445.9
2026-09-11 10:35:00,305.72,451.96
2026-09-11 10:40:00,244.91,391.15
2026-09-11 10:45:00,283.93,430.17
2026-09-11 10:50:00,300.86,447.1
2026-09-11 10:55:00,288.94,435.18
2026-09-11 11:00:00,367.42,513.66
2026-09-11 11:05:00,328.03,474.27
2026-09-11 11:10:00,247.57,393.81
2026-09-11 11:15:00,285.99,432.23
2026-09-11 11:20:00,262.64,408.88
2026-09-11 11:25:00,296.26,442.5
2026-09-11 11:30:00,318.5,464.74
2026-09-11 11:35:00,300.97,447.21
2026-09-11 11:40:00,339.77,486.02
2026-09-11 11:45:00,349.68,495.92
2026-09-11 11:50:00,296.02,442.26
2026-09-11 11:55:00,290.63,436.87
2026-09-11 12:00:00,324.41,470.65
2026-09-11 12:05:00,300.45,446.69
2026-09-11 12:10:00,294.95,441.19
2026-09-11 12:15:00,285.83,432.07
2026-09-11 12:20:00,279.87,426.11
2026-09-11 12:25:00,240.22,386.46
2026-09-11 12:30:00,297.16,443.4
2026-09-11 12:35:00,244.97,391.21
2026-09-11 12:40:00,252.68,398.92
2026-09-11 12:45:00,258.07,404.31
2026-09-11 12:50:00,239.47,385.71
2026-09-11 12:55:00,300.73,446.97
2026-09-11 13:00:00,318.26,464.5
2026-09-11 13:05:00,310.51,456.75
2026-09-11 13:10:00,271.01,417.25
2026-09-11 13:15:00,289.72,435.96
2026-09-11 13:20:00,318.86,465.1
2026-09-11 13:25:00,335.0,481.24
2026-09-11 13:30:00,371.54,517.78
2026-09-11 13:35:00,372.28,518.52
2026-09-11 13:40:00,363.95,510.19
2026-09-11 13:45:00,282.93,429.17
2026-09-11 13:50:00,266.0,412.24
2026-09-11 13:55:00,298.21,444.45
2026-09-11 14:00:00,292.55,438.79
2026-09-11 14:05:00,298.73,444.97
2026-09-11 14:10:00,311.03,457.27
2026-09-11 14:15:00,425.63,571.87
2026-09-11 14:20:00,384.67,530.91
2026-09-11 14:25:00,340.85,487.09
2026-09-11 14:30:00,280.59,426.83
2026-09-11 14:35:00,369.9,516.14
2026-09-11 14:40:00,365.27,511.52
2026-09-11 14:45:00,381.19,527.43
2026-09-11 14:50:00,381.28,527.52
2026-09-11 14:55:00,341.62,487.86
2026-09-11 15:00:00,319.27,465.51
2026-09-11 15:05:00,387.36,533.6
2026-09-11 15:10:00,372.95,519.19
2026-09-11 15:15:00,286.68,432.92
2026-09-11 15:20:00,328.41,474.65
2026-09-11 15:25:00,319.84,466.08
2026-09-11 15:30:00,344.48,490.72
2026-09-11 15:35:00,312.78,459.02
2026-09-11 15:40:00,261.45,407.69
2026-09-11 15:45:00,295.73,441.97
2026-09-11 15:50:00,280.41,426.65
2026-09-11 15:55:00,321.66,467.9
2026-09-11 16:00:00,342.47,488.72
2026-09-11 16:05:00,375.81,522.05
2026-09-11 16:10:00,343.51,489.75
2026-09-11 16:15:00,350.7,496.94
2026-09-11 16:20:00,335.28,481.52
2026-09-11 16:25:00,406.37,552.61
2026-09-11 16:30:00,366.75,512.99
2026-09-11 16:35:00,353.78,500.02
2026-09-11 16:40:00,282.25,428.49
2026-09-11 16:45:00,311.72,457.96
2026-09-11 16:50:00,269.12,415.36
2026-09-11 16:55:00,343.27,489.51
2026-09-11 17:00:00,280.01,426.25
2026-09-11 17:05:00,319.28,465.52
2026-09-11 17:10:00,266.56,412.81
2026-09-11 17:15:00,241.7,387.94
2026-09-11 17:20:00,239.49,385.73
2026-09-11 17:25:00,243.25,389.49
2026-09-11 17:30:00,248.2,394.44
2026-09-11 17:35:00,258.67,404.91
2026-09-11 17:40:00,243.23,389.47
2026-09-11 17:45:00,307.12,453.37
2026-09-11 17:50:00,322.36,468.6
2026-09-11 17:55:00,308.17,454.41
2026-09-11 18:00:00,287.75,433.99
2026-09-11 18:05:00,251.99,398.23
2026-09-11 18:10:00,254.5,400.74
2026-09-11 18:15:00,225.96,372.2
2026-09-11 18:20:00,237.75,383.99
2026-09-11 18:25:00,224.32,370.56
2026-09-11 18:30:00,181.37,327.61
2026-09-11 18:35:00,217.04,363.28
2026-09-11 18:40:00,199.54,345.78
2026-09-11 18:45:00,212.15,358.39
2026-09-11 18:50:00,220.79,367.03
2026-09-11 18:55:00,238.43,384.67
2026-09-11 19:00:00,210.59,356.84
2026-09-11 19:05:00,217.39,363.63
2026-09-11 19:10:00,186.2,332.44
2026-09-11 19:15:00,181.25,327.49
2026-09-11 19:20:00,187.43,333.67
2026-09-11 19:25:00,193.99,340.23
2026-09-11 19:30:00,214.8,361.04
2026-09-11 19:35:00,206.06,352.3
2026-09-11 19:40:00,200.83,347.07
2026-09-11 19:45:00,218.3,364.54
2026-09-11 19:50:00,240.47,386.71
2026-09-11 19:55:00,210.59,356.83
2026-09-11 20:00:00,247.81,394.05
2026-09-11 20:05:00,235.84,382.08
2026-09-11 20:10:00,204.58,350.82
2026-09-11 20:15:00,214.4,360.64
2026-09-11 20:20:00,197.0,343.24
2026-09-11 20:25:00,197.48,343.72
2026-09-11 20:30:00,172.62,318.86
2026-09-11 20:35:00,162.4,308.64
2026-09-11 20:40:00,118.35,264.59
2026-09-11 20:45:00,148.42,294.66
2026-09-11 20:50:00,141.24,287.48
2026-09-11 20:55:00,156.43,302.67
2026-09-11 21:00:00,144.44,290.68
2026-09-11 21:05:00,130.2,276.44
2026-09-11 21:10:00,165.6,311.84
2026-09-11 21:15:00,149.76,296.0
2026-09-11 21:20:00,146.48,292.72
2026-09-11 21:25:00,137.44,283.68
2026-09-11 21:30:00,157.27,303.51
2026-09-11 21:35:00,128.68,274.92
2026-09-11 21:40:00,129.61,275.85
2026-09-11 21:45:00,107.23,253.47
2026-09-11 21:50:00,125.61,271.85
2026-09-11 21:55:00,112.46,258.7
2026-09-11 22:00:00,114.94,261.18
2026-09-11 22:05:00,117.9,264.14
2026-09-11 22:10:00,125.59,271.83
2026-09-11 22:15:00,114.92,261.16
2026-09-11 22:20:00,98.37,244.61
2026-09-11 22:25:00,120.06,266.31
2026-09-11 22:30:00,94.67,240.91
2026-09-11 22:35:00,135.9,282.14
2026-09-11 22:40:00,158.78,305.02
2026-09-11 22:45:00,141.85,288.09
2026-09-11 22:50:00,152.17,298.41
2026-09-11 22:55:00,142.99,289.23
2026-09-11 23:00:00,159.19,305.43
2026-09-11 23:05:00,132.77,279.01
2026-09-11 23:10:00,98.34,244.58
2026-09-11 23:15:00,116.0,262.24
2026-09-11 23:20:00,153.36,299.6
2026-09-11 23:25:00,155.87,302.11
2026-09-11 23:30:00,125.93,272.17
2026-09-11 23:35:00,122.65,268.89
2026-09-11 23:40:00,131.87,278.11
2026-09-11 23:45:00,125.67,271.91
2026-09-11 23:50:00,156.61,302.85
2026-09-11 23:55:00,135.74,281.98
2026-09-12 00:00:00,128.37,274.61
2026-09-12 00:05:00,113.49,259.73
2026-09-12 00:10:00,84.19,230.43
2026-09-12 00:15:00,70.12,216.36
2026-09-12 00:20:00,88.91,235.15
2026-09-12 00:25:00,91.49,237.73
2026-09-12 00:30:00,92.21,238.45
2026-09-12 00:35:00,70.88,217.12
2026-09-12 00:40:00,83.6,229.84
2026-09-12 00:45:00,91.7,237.94
2026-09-12 00:50:00,82.19,228.43
2026-09-12 00:55:00,75.67,221.91
2026-09-12 01:00:00,75.84,222.08
2026-09-12 01:05:00,76.13,222.37
2026-09-12 01:10:00,83.67,229.91
2026-09-12 01:15:00,81.93,228.17
2026-09-12 01:20:00,108.89,255.13
2026-09-12 01:25:00,90.24,236.48
2026-09-12 01:30:00,78.06,224.3
2026-09-12 01:35:00,104.84,251.08
2026-09-12 01:40:00,90.78,237.02
2026-09-12 01:45:00,94.47,240.71
2026-09-12 01:50:00,96.67,242.91
2026-09-12 01:55:00,68.32,214.56
2026-09-12 02:00:00,75.5,221.74
2026-09-12 02:05:00,83.97,230.21
2026-09-12 02:10:00,87.11,233.35
2026-09-12 02:15:00,83.76,230.0
2026-09-12 02:20:00,74.4,220.64
2026-09-12 02:25:00,88.52,234.76
2026-09-12 02:30:00,107.45,253.69
2026-09-12 02:35:00,89.56,235.8
2026-09-12 02:40:00,87.73,233.97
2026-09-12 02:45:00,94.13,240.37
2026-09-12 02:50:00,105.2,251.44
2026-09-12 02:55:00,96.41,242.65
2026-09-12 03:00:00,95.72,241.96
2026-09-12 03:05:00,73.06,219.3
2026-09-12 03:10:00,51.55,197.79
2026-09-12 03:15:00,72.74,218.98
2026-09-12 03:20:00,81.93,228.17
2026-09-12 03:25:00,83.16,229.4
2026-09-12 03:30:00,86.3,232.54
2026-09-12 03:35:00,82.85,229.09
2026-09-12 03:40:00,79.16,225.4
2026-09-12 03:45:00,93.46,239.7
2026-09-12 03:50:00,108.3,254.54
2026-09-12 03:55:00,88.83,235.07
2026-09-12 04:00:00,87.89,234.13
2026-09-12 04:05:00,76.01,222.25
2026-09-12 04:10:00,69.83,216.07
2026-09-12 04:15:00,77.02,223.26
2026-09-12 04:20:00,99.58,245.82
2026-09-12 04:25:00,87.22,233.46
2026-09-12 04:30:00,84.8,231.04
2026-09-12 04:35:00,83.54,229.78
2026-09-12 04:40:00,96.29,242.53
2026-09-12 04:45:00,86.1,232.34
2026-09-12 04:50:00,121.54,267.78
2026-09-12 04:55:00,98.02,244.26
2026-09-12 05:00:00,101.17,247.41
2026-09-12 05:05:00,90.9,237.14
2026-09-12 05:10:00,104.44,250.68
2026-09-12 05:15:00,112.19,258.43
2026-09-12 05:20:00,124.7,270.94
2026-09-12 05:25:00,104.24,250.48
2026-09-12 05:30:00,115.42,261.66
2026-09-12 05:35:00,117.42,263.66
2026-09-12 05:40:00,119.03,265.27
2026-09-12 05:45:00,120.67,266.91
2026-09-12 05:50:00,101.77,248.01
2026-09-12 05:55:00,106.05,252.29
2026-09-12 06:00:00,119.72,265.96
2026-09-12 06:05:00,135.22,281.47
2026-09-12 06:10:00,120.38,266.62
2026-09-12 06:15:00,116.91,263.15
2026-09-12 06:20:00,90.86,237.1
2026-09-12 06:25:00,83.06,229.3
2026-09-12 06:30:00,92.93,239.17
2026-09-12 06:35:00,96.89,243.13
2026-09-12 06:40:00,109.17,255.41
2026-09-12 06:45:00,101.89,248.14
2026-09-12 06:50:00,109.35,255.59
2026-09-12 06:55:00,109.69,255.93
2026-09-12 07:00:00,143.3,289.54
2026-09-12 07:05:00,119.41,265.65
2026-09-12 07:10:00,128.66,274.9
2026-09-12 07:15:00,151.88,298.12
2026-09-12 07:20:00,154.13,300.37
2026-09-12 07:25:00,162.48,308.72
2026-09-12 07:30:00,152.87,299.11
2026-09-12 07:35:00,110.49,256.73
2026-09-12 07:40:00,122.2,268.44
2026-09-12 07:45:00,112.94,259.18
2026-09-12 07:50:00,135.45,281.69
2026-09-12 07:55:00,107.7,253.94
2026-09-12 08:00:00,140.78,287.02
2026-09-12 08:05:00,127.07,273.31
2026-09-12 08:10:00,123.33,269.57
2026-09-12 08:15:00,117.64,263.89
2026-09-12 08:20:00,159.45,305.69
2026-09-12 08:25:00,170.75,316.99
2026-09-12 08:30:00,164.15,310.39
2026-09-12 08:35:00,142.98,289.22
2026-09-12 08:40:00,138.22,284.46
2026-09-12 08:45:00,130.48,276.72
2026-09-12 08:50:00,153.83,300.07
2026-09-12 08:55:00,146.01,292.25
2026-09-12 09:00:00,148.35,294.59
2026-09-12 09:05:00,163.06,309.3
2026-09-12 09:10:00,165.97,312.21
2026-09-12 09:15:00,180.44,326.68
2026-09-12 09:20:00,176.1,322.34
2026-09-12 09:25:00,147.07,293.31
2026-09-12 09:30:00,148.58,294.82
2026-09-12 09:35:00,197.2,343.44
2026-09-12 09:40:00,166.86,313.11
2026-09-12 09:45:00,172.15,318.39
2026-09-12 09:50:00,205.32,351.57
2026-09-12 09:55:00,173.32,319.56
2026-09-12 10:00:00,172.29,318.53
2026-09-12 10:05:00,155.81,302.05
2026-09-12 10:10:00,146.44,292.68
2026-09-12 10:15:00,164.99,311.23
2026-09-12 10:20:00,172.56,318.8
2026-09-12 10:25:00,196.43,342.67
2026-09-12 10:30:00,219.84,366.08
2026-09-12 10:35:00,239.79,386.03
2026-09-12 10:40:00,231.14,377.38
2026-09-12 10:45:00,244.31,390.55
2026-09-12 10:50:00,221.22,367.46
2026-09-12 10:55:00,228.65,374.89
2026-09-12 11:00:00,167.81,314.05
2026-09-12 11:05:00,226.68,372.92
2026-09-12 11:10:00,200.34,346.58
2026-09-12 11:15:00,250.4,396.64
2026-09-12 11:20:00,245.63,391.87
2026-09-12 11:25:00,192.2,338.44
2026-09-12 11:30:00,217.41,363.65
2026-09-12 11:35:00,292.72,438.96
2026-09-12 11:40:00,285.73,431.97
2026-09-12 11:45:00,239.85,386.09
2026-09-12 11:50:00,212.82,359.06
2026-09-12 11:55:00,219.25,365.49
2026-09-12 12:00:00,228.37,374.61
2026-09-12 12:05:00,257.62,403.86
2026-09-12 12:10:00,265.31,411.55
2026-09-12 12:15:00,194.97,341.21
2026-09-12 12:20:00,236.02,382.27
2026-09-12 12:25:00,237.16,383.4
2026-09-12 12:30:00,244.58,390.82
2026-09-12 12:35:00,239.7,385.94
2026-09-12 12:40:00,269.94,416.18
2026-09-12 12:45:00,300.17,446.41
2026-09-12 12:50:00,248.78,395.02
2026-09-12 12:55:00,241.05,387.29
2026-09-12 13:00:00,238.06,384.3
2026-09-12 13:05:00,196.12,342.36
2026-09-12 13:10:00,207.82,354.06
2026-09-12 13:15:00,292.53,438.77
2026-09-12 13:20:00,226.15,372.39
2026-09-12 13:25:00,246.62,392.86
2026-09-12 13:30:00,252.21,398.45
2026-09-12 13:35:00,240.21,386.45
2026-09-12 13:40:00,240.98,387.22
2026-09-12 13:45:00,205.72,351.96
2026-09-12 13:50:00,181.71,327.95
2026-09-12 13:55:00,256.07,402.31
2026-09-12 14:00:00,232.61,378.85
2026-09-12 14:05:00,249.01,395.25
2026-09-12 14:10:00,310.87,457.11
2026-09-12 14:15:00,254.35,400.59
2026-09-12 14:20:00,281.71,427.95
2026-09-12 14:25:00,277.82,424.06
2026-09-12 14:30:00,281.33,427.57
2026-09-12 14:35:00,249.05,395.29
2026-09-12 14:40:00,212.76,359.0
2026-09-12 14:45:00,242.45,388.69
2026-09-12 14:50:00,276.12,422.36
2026-09-12 14:55:00,247.45,393.69
2026-09-12 15:00:00,235.0,381.24
2026-09-12 15:05:00,247.19,393.43
2026-09-12 15:10:00,255.21,401.45
2026-09-12 15:15:00,273.66,419.9
2026-09-12 15:20:00,247.13,393.37
2026-09-12 15:25:00,247.53,393.77
2026-09-12 15:30:00,241.21,387.45
2026-09-12 15:35:00,241.07,387.31
2026-09-12 15:40:00,233.21,379.45
2026-09-12 15:45:00,232.7,378.95
2026-09-12 15:50:00,180.41,326.65
2026-09-12 15:55:00,272.54,418.78
2026-09-12 16:00:00,264.93,411.17
2026-09-12 16:05:00,270.13,416.37
2026-09-12 16:10:00,240.04,386.28
2026-09-12 16:15:00,264.42,410.66
2026-09-12 16:20:00,188.01,334.25
2026-09-12 16:25:00,167.35,313.59
2026-09-12 16:30:00,214.38,360.62
2026-09-12 16:35:00,242.4,388.64
2026-09-12 16:40:00,188.57,334.81
2026-09-12 16:45:00,200.36,346.6
2026-09-12 16:50:00,166.76,313.0
2026-09-12 16:55:00,203.74,349.98
2026-09-12 17:00:00,246.84,393.08
2026-09-12 17:05:00,220.6,366.84
2026-09-12 17:10:00,203.86,350.1
2026-09-12 17:15:00,221.06,367.3
2026-09-12 17:20:00,199.64,345.88
2026-09-12 17:25:00,251.05,397.29
2026-09-12 17:30:00,192.85,339.09
2026-09-12 17:35:00,221.03,367.27
2026-09-12 17:40:00,226.54,372.78
2026-09-12 17:45:00,218.73,364.97
2026-09-12 17:50:00,243.81,390.05
2026-09-12 17:55:00,194.0,340.24
2026-09-12 18:00:00,191.73,337.97
2026-09-12 18:05:00,206.47,352.71
2026-09-12 18:10:00,209.37,355.61
2026-09-12 18:15:00,214.06,360.31
2026-09-12 18:20:00,147.98,294.22
2026-09-12 18:25:00,161.32,307.56
2026-09-12 18:30:00,157.95,304.19
2026-09-12 18:35:00,172.35,318.59
2026-09-12 18:40:00,170.34,316.58
2026-09-12 18:45:00,179.64,325.88
2026-09-12 18:50:00,180.7,326.94
2026-09-12 18:55:00,151.66,297.9
2026-09-12 19:00:00,186.38,332.62
2026-09-12 19:05:00,199.37,345.61
2026-09-12 19:10:00,175.97,322.21
2026-09-12 19:15:00,174.33,320.57
2026-09-12 19:20:00,189.31,335.55
2026-09-12 19:25:00,189.8,336.04
2026-09-12 19:30:00,170.36,316.6
2026-09-12 19:35:00,165.62,311.86
2026-09-12 19:40:00,178.24,324.48
2026-09-12 19:45:00,185.93,332.17
2026-09-12 19:50:00,194.95,341.19
2026-09-12 19:55:00,172.87,319.11
2026-09-12 20:00:00,218.61,364.85
2026-09-12 20:05:00,166.66,312.9
2026-09-12 20:10:00,159.89,306.13
2026-09-12 20:15:00,153.49,299.73
2026-09-12 20:20:00,176.25,322.49
2026-09-12 20:25:00,158.81,305.05
2026-09-12 20:30:00,118.75,264.99
2026-09-12 20:35:00,115.78,262.02
2026-09-12 20:40:00,97.35,243.59
2026-09-12 20:45:00,102.97,249.21
2026-09-12 20:50:00,100.83,247.07
2026-09-12 20:55:00,92.71,238.95
2026-09-12 21:00:00,87.45,233.69
2026-09-12 21:05:00,94.15,240.39
2026-09-12 21:10:00,98.35,244.59
2026-09-12 21:15:00,77.17,223.41
2026-09-12 21:20:00,93.13,239.37
2026-09-12 21:25:00,103.45,249.69
2026-09-12 21:30:00,99.67,245.91
2026-09-12 21:35:00,100.14,246.38
2026-09-12 21:40:00,123.21,269.45
2026-09-12 21:45:00,117.19,263.43
2026-09-12 21:50:00,138.3,284.54
2026-09-12 21:55:00,154.48,300.72
2026-09-12 22:00:00,106.71,252.95
2026-09-12 22:05:00,81.12,227.36
2026-09-12 22:10:00,85.41,231.65
2026-09-12 22:15:00,97.24,243.49
2026-09-12 22:20:00,98.18,244.42
2026-09-12 22:25:00,101.45,247.7
2026-09-12 22:30:00,90.69,236.93
2026-09-12 22:35:00,95.9,242.14
2026-09-12 22:40:00,89.2,235.44
2026-09-12 22:45:00,91.01,237.25
2026-09-12 22:50:00,99.0,245.24
2026-09-12 22:55:00,97.48,243.72
2026-09-12 23:00:00,92.21,238.45
2026-09-12 23:05:00,95.78,242.02
2026-09-12 23:10:00,90.44,236.68
2026-09-12 23:15:00,111.18,257.42
2026-09-12 23:20:00,99.94,246.18
2026-09-12 23:25:00,95.54,241.78
2026-09-12 23:30:00,90.9,237.14
2026-09-12 23:35:00,90.64,236.88
2026-09-12 23:40:00,79.38,225.62
2026-09-12 23:45:00,101.89,248.13
2026-09-12 23:50:00,107.39,253.63
2026-09-12 23:55:00,98.39,244.63
2026-09-13 00:00:00,96.79,243.03
2026-09-13 00:05:00,76.97,223.21
2026-09-13 00:10:00,85.33,231.57
2026-09-13 00:15:00,71.02,217.26
2026-09-13 00:20:00,90.21,236.45
2026-09-13 00:25:00,84.77,231.01
2026-09-13 00:30:00,85.7,231.95
2026-09-13 00:35:00,75.38,221.62
2026-09-13 00:40:00,78.39,224.63
2026-09-13 00:45:00,105.38,251.62
2026-09-13 00:50:00,89.49,235.73
2026-09-13 00:55:00,98.17,244.41
2026-09-13 01:00:00,87.14,233.38
2026-09-13 01:05:00,100.94,247.18
2026-09-13 01:10:00,85.1,231.34
2026-09-13 01:15:00,84.11,230.35
2026-09-13 01:20:00,80.53,226.77
2026-09-13 01:25:00,81.98,228.22
2026-09-13 01:30:00,84.79,231.03
2026-09-13 01:35:00,70.54,216.78
2026-09-13 01:40:00,67.61,213.85
2026-09-13 01:45:00,75.57,221.81
2026-09-13 01:50:00,87.73,233.97
2026-09-13 01:55:00,88.13,234.37
2026-09-13 02:00:00,85.68,231.92
2026-09-13 02:05:00,89.67,235.91
2026-09-13 02:10:00,94.82,241.06
2026-09-13 02:15:00,75.14,221.38
2026-09-13 02:20:00,74.87,221.11
2026-09-13 02:25:00,93.33,239.57
2026-09-13 02:30:00,96.47,242.72
2026-09-13 02:35:00,85.18,231.42
2026-09-13 02:40:00,86.31,232.55
2026-09-13 02:45:00,97.44,243.68
2026-09-13 02:50:00,76.29,222.53
2026-09-13 02:55:00,86.18,232.42
2026-09-13 03:00:00,105.36,251.6
2026-09-13 03:05:00,96.64,242.88
2026-09-13 03:10:00,81.42,227.66
2026-09-13 03:15:00,90.1,236.34
2026-09-13 03:20:00,99.12,245.36
2026-09-13 03:25:00,96.46,242.7
2026-09-13 03:30:00,78.83,225.07
2026-09-13 03:35:00,90.97,237.21
2026-09-13 03:40:00,78.0,224.24
2026-09-13 03:45:00,88.97,235.21
2026-09-13 03:50:00,86.74,232.98
2026-09-13 03:55:00,84.0,230.24
2026-09-13 04:00:00,84.47,230.71
2026-09-13 04:05:00,83.83,230.07
2026-09-13 04:10:00,91.56,237.8
2026-09-13 04:15:00,94.22,240.46
2026-09-13 04:20:00,89.21,235.45
2026-09-13 04:25:00,102.84,249.08
2026-09-13 04:30:00,101.94,248.18
2026-09-13 04:35:00,97.68,243.92
2026-09-13 04:40:00,117.25,263.49
2026-09-13 04:45:00,119.62,265.86
2026-09-13 04:50:00,118.27,264.51
2026-09-13 04:55:00,95.26,241.5
2026-09-13 05:00:00,84.99,231.23
2026-09-13 05:05:00,88.59,234.83
2026-09-13 05:10:00,110.68,256.92
2026-09-13 05:15:00,105.1,251.34
2026-09-13 05:20:00,74.16,220.4
2026-09-13 05:25:00,96.98,243.22
2026-09-13 05:30:00,110.31,256.55
2026-09-13 05:35:00,106.99,253.23
2026-09-13 05:40:00,114.3,260.54
2026-09-13 05:45:00,127.01,273.25
2026-09-13 05:50:00,101.68,247.92
2026-09-13 05:55:00,110.62,256.86
2026-09-13 06:00:00,98.88,245.12
2026-09-13 06:05:00,103.62,249.86
2026-09-13 06:10:00,101.38,247.62
2026-09-13 06:15:00,100.45,246.69
2026-09-13 06:20:00,110.31,256.55
2026-09-13 06:25:00,127.03,273.27
2026-09-13 06:30:00,135.21,281.45
2026-09-13 06:35:00,138.59,284.83
2026-09-13 06:40:00,100.43,246.68
2026-09-13 06:45:00,95.9,242.14
2026-09-13 06:50:00,112.72,258.96
2026-09-13 06:55:00,116.39,262.63
2026-09-13 07:00:00,122.4,268.65
2026-09-13 07:05:00,144.3,290.54
2026-09-13 07:10:00,136.38,282.62
2026-09-13 07:15:00,159.79,306.03
2026-09-13 07:20:00,158.81,305.05
2026-09-13 07:25:00,152.63,298.87
2026-09-13 07:30:00,190.22,336.46
2026-09-13 07:35:00,138.52,284.77
2026-09-13 07:40:00,130.58,276.82
2026-09-13 07:45:00,104.86,251.1
2026-09-13 07:50:00,149.83,296.07
2026-09-13 07:55:00,137.32,283.56
2026-09-13 08:00:00,128.64,274.88
2026-09-13 08:05:00,108.22,254.46
2026-09-13 08:10:00,148.17,294.41
2026-09-13 08:15:00,143.48,289.72
2026-09-13 08:20:00,159.8,306.04
2026-09-13 08:25:00,158.73,304.97
2026-09-13 08:30:00,147.18,293.42
2026-09-13 08:35:00,154.06,300.3
2026-09-13 08:40:00,145.02,291.26
2026-09-13 08:45:00,142.24,288.48
2026-09-13 08:50:00,139.02,285.26
2026-09-13 08:55:00,149.19,295.43
2026-09-13 09:00:00,170.8,317.04
2026-09-13 09:05:00,197.29,343.53
2026-09-13 09:10:00,207.0,353.24
2026-09-13 09:15:00,201.4,347.64
2026-09-13 09:20:00,192.89,339.13
2026-09-13 09:25:00,195.06,341.3
2026-09-13 09:30:00,193.08,339.32
2026-09-13 09:35:00,216.76,363.0
2026-09-13 09:40:00,175.71,321.95
2026-09-13 09:45:00,191.67,337.91
2026-09-13 09:50:00,208.12,354.36
2026-09-13 09:55:00,171.91,318.15
2026-09-13 10:00:00,151.02,297.26
2026-09-13 10:05:00,140.19,286.43
2026-09-13 10:10:00,168.0,314.24
2026-09-13 10:15:00,171.51,317.75
2026-09-13 10:20:00,173.57,319.81
2026-09-13 10:25:00,200.2,346.44
2026-09-13 10:30:00,195.08,341.32
2026-09-13 10:35:00,207.2,353.44
2026-09-13 10:40:00,263.79,410.03
2026-09-13 10:45:00,247.62,393.86
2026-09-13 10:50:00,200.58,346.82
2026-09-13 10:55:00,239.36,385.6
2026-09-13 11:00:00,212.52,358.76
2026-09-13 11:05:00,199.93,346.18
2026-09-13 11:10:00,192.12,338.36
2026-09-13 11:15:00,200.19,346.43
2026-09-13 11:20:00,203.24,349.48
2026-09-13 11:25:00,213.49,359.73
2026-09-13 11:30:00,235.97,382.21
2026-09-13 11:35:00,290.52,436.76
2026-09-13 11:40:00,259.19,405.43
2026-09-13 11:45:00,249.08,395.32
2026-09-13 11:50:00,228.05,374.29
2026-09-13 11:55:00,202.41,348.65
2026-09-13 12:00:00,212.05,358.29
2026-09-13 12:05:00,201.37,347.61
2026-09-13 12:10:00,167.92,314.16
2026-09-13 12:15:00,163.91,310.15
2026-09-13 12:20:00,255.34,401.58
2026-09-13 12:25:00,263.59,409.83
2026-09-13 12:30:00,249.93,396.17
2026-09-13 12:35:00,248.08,394.32
2026-09-13 12:40:00,200.18,346.42
2026-09-13 12:45:00,243.74,389.98
2026-09-13 12:50:00,276.95,423.19
2026-09-13 12:55:00,255.86,402.1
2026-09-13 13:00:00,218.56,364.8
2026-09-13 13:05:00,215.44,361.68
2026-09-13 13:10:00,259.04,405.28
2026-09-13 13:15:00,264.38,410.62
2026-09-13 13:20:00,219.62,365.86
2026-09-13 13:25:00,318.31,464.55
2026-09-13 13:30:00,261.35,407.59
2026-09-13 13:35:00,228.84,375.08
2026-09-13 13:40:00,232.09,378.33
2026-09-13 13:45:00,209.4,355.64
2026-09-13 13:50:00,206.46,352.7
2026-09-13 13:55:00,242.86,389.1
2026-09-13 14:00:00,286.56,432.8
2026-09-13 14:05:00,281.07,427.31
2026-09-13 14:10:00,231.81,378.05
2026-09-13 14:15:00,245.79,392.03
2026-09-13 14:20:00,282.65,428.89
2026-09-13 14:25:00,255.13,401.37
2026-09-13 14:30:00,246.8,393.04
2026-09-13 14:35:00,261.14,407.38
2026-09-13 14:40:00,241.39,387.63
2026-09-13 14:45:00,246.18,392.42
2026-09-13 14:50:00,245.62,391.86
2026-09-13 14:55:00,320.18,466.42
2026-09-13 15:00:00,289.68,435.92
2026-09-13 15:05:00,262.24,408.48
2026-09-13 15:10:00,250.72,396.96
2026-09-13 15:15:00,234.3,380.54
2026-09-13 15:20:00,266.93,413.17
2026-09-13 15:25:00,282.01,428.25
2026-09-13 15:30:00,243.88,390.12
2026-09-13 15:35:00,229.02,375.26
2026-09-13 15:40:00,232.85,379.09
2026-09-13 15:45:00,210.35,356.59
2026-09-13 15:50:00,204.16,350.4
2026-09-13 15:55:00,233.56,379.8
2026-09-13 16:00:00,267.42,413.66
2026-09-13 16:05:00,263.95,410.19
2026-09-13 16:10:00,234.84,381.08
2026-09-13 16:15:00,247.96,394.2
2026-09-13 16:20:00,211.96,358.2
2026-09-13 16:25:00,232.7,378.94
2026-09-13 16:30:00,224.32,370.56
2026-09-13 16:35:00,250.65,396.89
2026-09-13 16:40:00,184.78,331.02
2026-09-13 16:45:00,246.48,392.72
2026-09-13 16:50:00,195.91,342.15
2026-09-13 16:55:00,259.27,405.51
2026-09-13 17:00:00,243.35,389.59
2026-09-13 17:05:00,208.83,355.07
2026-09-13 17:10:00,185.01,331.25
2026-09-13 17:15:00,223.36,369.6
2026-09-13 17:20:00,198.16,344.4
2026-09-13 17:25:00,174.44,320.68
2026-09-13 17:30:00,146.45,292.69
2026-09-13 17:35:00,181.21,327.45
2026-09-13 17:40:00,170.28,316.52
2026-09-13 17:45:00,169.28,315.52
2026-09-13 17:50:00,200.97,347.21
2026-09-13 17:55:00,166.49,312.73
2026-09-13 18:00:00,171.62,317.86
2026-09-13 18:05:00,160.16,306.4
2026-09-13 18:10:00,138.12,284.36
2026-09-13 18:15:00,162.74,308.98
2026-09-13 18:20:00,166.9,313.14
2026-09-13 18:25:00,156.43,302.67
2026-09-13 18:30:00,160.11,306.35
2026-09-13 18:35:00,171.43,317.67
2026-09-13 18:40:00,148.08,294.32
2026-09-13 18:45:00,136.05,282.29
2026-09-13 18:50:00,153.46,299.7
2026-09-13 18:55:00,147.29,293.53
2026-09-13 19:00:00,147.93,294.17
2026-09-13 19:05:00,151.87,298.11
2026-09-13 19:10:00,145.44,291.68
2026-09-13 19:15:00,161.59,307.83
2026-09-13 19:20:00,166.06,312.3
2026-09-13 19:25:00,191.58,337.82
2026-09-13 19:30:00,187.57,333.81
2026-09-13 19:35:00,157.07,303.31
2026-09-13 19:40:00,184.6,330.84
2026-09-13 19:45:00,155.73,301.97
2026-09-13 19:50:00,161.83,308.07
2026-09-13 19:55:00,189.13,335.37
2026-09-13 20:00:00,171.44,317.68
2026-09-13 20:05:00,171.11,317.35
2026-09-13 20:10:00,172.06,318.3
2026-09-13 20:15:00,175.49,321.73
2026-09-13 20:20:00,150.83,297.07
2026-09-13 20:25:00,122.58,268.82
2026-09-13 20:30:00,87.16,233.4
2026-09-13 20:35:00,137.2,283.44
2026-09-13 20:40:00,122.89,269.13
2026-09-13 20:45:00,112.89,259.13
2026-09-13 20:50:00,114.11,260.35
2026-09-13 20:55:00,97.55,243.79
2026-09-13 21:00:00,82.06,228.3
2026-09-13 21:05:00,74.61,220.85
2026-09-13 21:10:00,83.93,230.17
2026-09-13 21:15:00,67.61,213.85
2026-09-13 21:20:00,68.26,214.5
2026-09-13 21:25:00,97.96,244.2
2026-09-13 21:30:00,78.27,224.51
2026-09-13 21:35:00,90.47,236.71
2026-09-13 21:40:00,109.74,255.98
2026-09-13 21:45:00,100.36,246.6
2026-09-13 21:50:00,88.9,235.14
2026-09-13 21:55:00,83.64,229.88
2026-09-13 22:00:00,86.14,232.38
2026-09-13 22:05:00,109.26,255.5
2026-09-13 22:10:00,126.21,272.45
2026-09-13 22:15:00,130.44,276.68
2026-09-13 22:20:00,97.05,243.29
2026-09-13 22:25:00,87.39,233.63
2026-09-13 22:30:00,86.01,232.25
2026-09-13 22:35:00,105.17,251.41
2026-09-13 22:40:00,84.25,230.5
2026-09-13 22:45:00,75.5,221.74
2026-09-13 22:50:00,96.16,242.4
2026-09-13 22:55:00,95.84,242.08
2026-09-13 23:00:00,81.91,228.15
2026-09-13 23:05:00,74.61,220.85
2026-09-13 23:10:00,86.74,232.98
2026-09-13 23:15:00,89.26,235.5
2026-09-13 23:20:00,100.43,246.67
2026-09-13 23:25:00,98.56,244.8
2026-09-13 23:30:00,75.78,222.02
2026-09-13 23:35:00,94.51,240.75
2026-09-13 23:40:00,94.56,240.8
2026-09-13 23:45:00,92.14,238.38
2026-09-13 23:50:00,74.91,221.15
2026-09-13 23:55:00,104.57,250.81
2026-09-14 00:00:00,89.28,235.52
2026-09-14 00:05:00,122.23,268.47
2026-09-14 00:10:00,107.07,253.31
2026-09-14 00:15:00,105.55,251.79
2026-09-14 00:20:00,117.08,263.32
2026-09-14 00:25:00,114.78,261.02
2026-09-14 00:30:00,114.37,260.61
2026-09-14 00:35:00,104.45,250.69
2026-09-14 00:40:00,114.23,260.47
2026-09-14 00:45:00,103.8,250.04
2026-09-14 00:50:00,111.51,257.75
2026-09-14 00:55:00,103.99,250.23
2026-09-14 01:00:00,106.29,252.53
2026-09-14 01:05:00,114.55,260.79
2026-09-14 01:10:00,115.47,261.71
2026-09-14 01:15:00,109.19,255.43
2026-09-14 01:20:00,119.4,265.64
2026-09-14 01:25:00,107.08,253.32
2026-09-14 01:30:00,103.49,249.73
2026-09-14 01:35:00,103.1,249.34
2026-09-14 01:40:00,106.38,252.62
2026-09-14 01:45:00,111.48,257.72
2026-09-14 01:50:00,130.73,276.97
2026-09-14 01:55:00,119.27,265.51
2026-09-14 02:00:00,117.5,263.74
2026-09-14 02:05:00,114.13,260.37
2026-09-14 02:10:00,122.57,268.81
2026-09-14 02:15:00,106.04,252.28
2026-09-14 02:20:00,92.86,239.1
2026-09-14 02:25:00,122.0,268.24
2026-09-14 02:30:00,132.34,278.58
2026-09-14 02:35:00,90.22,236.46
2026-09-14 02:40:00,100.27,246.51
2026-09-14 02:45:00,115.16,261.4
2026-09-14 02:50:00,107.76,254.0
2026-09-14 02:55:00,112.99,259.23
2026-09-14 03:00:00,104.45,250.69
2026-09-14 03:05:00,81.81,228.05
2026-09-14 03:10:00,72.94,219.18
2026-09-14 03:15:00,106.45,252.69
2026-09-14 03:20:00,85.13,231.37
2026-09-14 03:25:00,95.31,241.55
2026-09-14 03:30:00,85.76,232.0
2026-09-14 03:35:00,99.25,245.49
2026-09-14 03:40:00,141.23,287.47
2026-09-14 03:45:00,131.62,277.86
2026-09-14 03:50:00,125.74,271.98
2026-09-14 03:55:00,133.98,280.22
2026-09-14 04:00:00,122.72,268.96
2026-09-14 04:05:00,121.51,267.75
2026-09-14 04:10:00,132.15,278.39
2026-09-14 04:15:00,134.48,280.72
2026-09-14 04:20:00,134.04,280.28
2026-09-14 04:25:00,123.07,269.31
2026-09-14 04:30:00,120.57,266.81
2026-09-14 04:35:00,128.82,275.06
2026-09-14 04:40:00,128.21,274.45
2026-09-14 04:45:00,142.66,288.9
2026-09-14 04:50:00,127.33,273.57
2026-09-14 04:55:00,140.44,286.68
2026-09-14 05:00:00,170.96,317.2
2026-09-14 05:05:00,210.69,356.93
2026-09-14 05:10:00,318.11,464.35
2026-09-14 05:15:00,340.6,486.84
2026-09-14 05:20:00,366.94,513.18
2026-09-14 05:25:00,379.08,525.32
2026-09-14 05:30:00,381.02,527.26
2026-09-14 05:35:00,380.94,527.18
2026-09-14 05:40:00,368.35,514.59
2026-09-14 05:45:00,336.77,483.01
2026-09-14 05:50:00,309.67,455.91
2026-09-14 05:55:00,306.15,452.39
2026-09-14 06:00:00,307.8,454.04
2026-09-14 06:05:00,286.98,433.22
2026-09-14 06:10:00,322.59,468.83
2026-09-14 06:15:00,318.07,464.31
2026-09-14 06:20:00,286.99,433.23
2026-09-14 06:25:00,250.95,397.19
2026-09-14 06:30:00,239.61,385.85
2026-09-14 06:35:00,237.94,384.18
2026-09-14 06:40:00,257.74,403.98
2026-09-14 06:45:00,217.0,363.24
2026-09-14 06:50:00,182.17,328.41
2026-09-14 06:55:00,174.26,320.5
2026-09-14 07:00:00,185.8,332.04
2026-09-14 07:05:00,162.46,308.7
2026-09-14 07:10:00,167.31,313.55
2026-09-14 07:15:00,196.08,342.32
2026-09-14 07:20:00,190.31,336.55
2026-09-14 07:25:00,176.65,322.89
2026-09-14 07:30:00,165.95,312.19
2026-09-14 07:35:00,155.26,301.5
2026-09-14 07:40:00,157.72,303.96
2026-09-14 07:45:00,132.09,278.33
2026-09-14 07:50:00,173.87,320.11
2026-09-14 07:55:00,167.28,313.53
2026-09-14 08:00:00,152.83,299.07
2026-09-14 08:05:00,153.04,299.28
2026-09-14 08:10:00,167.69,313.93
2026-09-14 08:15:00,176.65,322.89
2026-09-14 08:20:00,157.5,303.74
2026-09-14 08:25:00,160.34,306.58
2026-09-14 08:30:00,177.21,323.45
2026-09-14 08:35:00,163.64,309.88
2026-09-14 08:40:00,181.74,327.98
2026-09-14 08:45:00,183.43,329.67
2026-09-14 08:50:00,202.5,348.74
2026-09-14 08:55:00,205.71,351.95
2026-09-14 09:00:00,252.66,398.9
2026-09-14 09:05:00,216.57,362.81
2026-09-14 09:10:00,251.83,398.07
2026-09-14 09:15:00,209.92,356.16
2026-09-14 09:20:00,230.33,376.57
2026-09-14 09:25:00,187.58,333.82
2026-09-14 09:30:00,262.46,408.7
2026-09-14 09:35:00,242.71,388.95
2026-09-14 09:40:00,257.08,403.32
2026-09-14 09:45:00,284.9,431.14
2026-09-14 09:50:00,258.16,404.4
2026-09-14 09:55:00,238.15,384.39
2026-09-14 10:00:00,214.58,360.82
2026-09-14 10:05:00,246.74,392.98
2026-09-14 10:10:00,243.08,389.32
2026-09-14 10:15:00,225.24,371.48
2026-09-14 10:20:00,271.56,417.8
2026-09-14 10:25:00,255.14,401.39
2026-09-14 10:30:00,248.35,394.59
2026-09-14 10:35:00,242.74,388.98
2026-09-14 10:40:00,245.59,391.83
2026-09-14 10:45:00,249.11,395.35
2026-09-14 10:50:00,302.02,448.26
2026-09-14 10:55:00,305.77,452.01
2026-09-14 11:00:00,271.94,418.18
2026-09-14 11:05:00,265.37,411.61
2026-09-14 11:10:00,292.27,438.51
2026-09-14 11:15:00,268.78,415.02
2026-09-14 11:20:00,290.81,437.05
2026-09-14 11:25:00,281.26,427.5
2026-09-14 11:30:00,248.94,395.18
2026-09-14 11:35:00,345.84,492.08
2026-09-14 11:40:00,359.82,506.06
2026-09-14 11:45:00,304.54,450.78
2026-09-14 11:50:00,268.97,415.21
2026-09-14 11:55:00,291.35,437.59
2026-09-14 12:00:00,268.72,414.96
2026-09-14 12:05:00,331.69,477.93
2026-09-14 12:10:00,308.79,455.03
2026-09-14 12:15:00,357.24,503.48
2026-09-14 12:20:00,316.59,462.83
2026-09-14 12:25:00,315.93,462.17
2026-09-14 12:30:00,369.17,515.41
2026-09-14 12:35:00,323.99,470.23
2026-09-14 12:40:00,328.7,474.94
2026-09-14 12:45:00,379.5,525.74
2026-09-14 12:50:00,327.74,473.98
2026-09-14 12:55:00,283.58,429.82
2026-09-14 13:00:00,268.57,414.81
2026-09-14 13:05:00,313.47,459.71
2026-09-14 13:10:00,324.7,470.94
2026-09-14 13:15:00,369.4,515.64
2026-09-14 13:20:00,341.26,487.5
2026-09-14 13:25:00,296.17,442.41
2026-09-14 13:30:00,255.89,402.13
2026-09-14 13:35:00,402.32,548.56
2026-09-14 13:40:00,406.14,552.38
2026-09-14 13:45:00,367.91,514.15
2026-09-14 13:50:00,347.21,493.45
2026-09-14 13:55:00,291.12,437.36
2026-09-14 14:00:00,283.21,429.45
2026-09-14 14:05:00,398.04,544.28
2026-09-14 14:10:00,382.32,528.56
2026-09-14 14:15:00,324.59,470.83
2026-09-14 14:20:00,309.27,455.51
2026-09-14 14:25:00,285.9,432.14
2026-09-14 14:30:00,285.66,431.9
2026-09-14 14:35:00,409.87,556.11
2026-09-14 14:40:00,350.12,496.36
2026-09-14 14:45:00,310.82,457.06
2026-09-14 14:50:00,287.49,433.73
2026-09-14 14:55:00,317.26,463.5
2026-09-14 15:00:00,286.93,433.17
2026-09-14 15:05:00,318.43,464.67
2026-09-14 15:10:00,360.4,506.64
2026-09-14 15:15:00,354.14,500.38
2026-09-14 15:20:00,322.32,468.56
2026-09-14 15:25:00,320.53,466.77
2026-09-14 15:30:00,268.32,414.56
2026-09-14 15:35:00,252.85,399.09
2026-09-14 15:40:00,294.88,441.12
2026-09-14 15:45:00,279.38,425.62
2026-09-14 15:50:00,345.3,491.54
2026-09-14 15:55:00,365.9,512.14
2026-09-14 16:00:00,297.37,443.61
2026-09-14 16:05:00,245.7,391.94
2026-09-14 16:10:00,237.95,384.19
2026-09-14 16:15:00,355.98,502.22
2026-09-14 16:20:00,337.03,483.27
2026-09-14 16:25:00,382.33,528.57
2026-09-14 16:30:00,324.54,470.78
2026-09-14 16:35:00,321.24,467.48
2026-09-14 16:40:00,225.21,371.45
2026-09-14 16:45:00,284.51,430.75
2026-09-14 16:50:00,262.41,408.65
2026-09-14 16:55:00,249.6,395.84
2026-09-14 17:00:00,308.89,455.13
2026-09-14 17:05:00,298.08,444.32
2026-09-14 17:10:00,304.78,451.02
2026-09-14 17:15:00,259.68,405.92
2026-09-14 17:20:00,351.86,498.1
2026-09-14 17:25:00,302.6,448.84
2026-09-14 17:30:00,283.14,429.38
2026-09-14 17:35:00,290.74,436.98
2026-09-14 17:40:00,271.52,417.76
2026-09-14 17:45:00,298.0,444.24
2026-09-14 17:50:00,305.67,451.91
2026-09-14 17:55:00,233.45,379.69
2026-09-14 18:00:00,227.72,373.97
2026-09-14 18:05:00,225.42,371.66
2026-09-14 18:10:00,221.75,367.99
2026-09-14 18:15:00,260.81,407.05
2026-09-14 18:20:00,275.65,421.89
2026-09-14 18:25:00,246.08,392.32
2026-09-14 18:30:00,239.26,385.5
2026-09-14 18:35:00,200.35,346.59
2026-09-14 18:40:00,185.86,332.1
2026-09-14 18:45:00,218.39,364.63
2026-09-14 18:50:00,242.28,388.52
2026-09-14 18:55:00,220.65,366.89
2026-09-14 19:00:00,254.47,400.71
2026-09-14 19:05:00,266.45,412.69
2026-09-14 19:10:00,216.59,362.83
2026-09-14 19:15:00,208.16,354.4
2026-09-14 19:20:00,220.26,366.5
2026-09-14 19:25:00,201.89,348.13
2026-09-14 19:30:00,240.06,386.3
2026-09-14 19:35:00,189.89,336.13
2026-09-14 19:40:00,218.36,364.6
2026-09-14 19:45:00,211.87,358.11
2026-09-14 19:50:00,207.72,353.96
2026-09-14 19:55:00,202.42,348.66
2026-09-14 20:00:00,212.21,358.45
2026-09-14 20:05:00,231.53,377.77
2026-09-14 20:10:00,197.25,343.49
2026-09-14 20:15:00,187.53,333.77
2026-09-14 20:20:00,207.0,353.24
2026-09-14 20:25:00,200.75,346.99
2026-09-14 20:30:00,195.11,341.35
2026-09-14 20:35:00,190.7,336.94
2026-09-14 20:40:00,210.52,356.76
2026-09-14 20:45:00,204.59,350.83
2026-09-14 20:50:00,161.54,307.78
2026-09-14 20:55:00,158.38,304.62
2026-09-14 21:00:00,125.53,271.77
2026-09-14 21:05:00,117.42,263.66
2026-09-14 21:10:00,117.73,263.97
2026-09-14 21:15:00,119.55,265.79
2026-09-14 21:20:00,139.02,285.26
2026-09-14 21:25:00,135.55,281.79
2026-09-14 21:30:00,110.44,256.68
2026-09-14 21:35:00,96.98,243.23
2026-09-14 21:40:00,156.76,303.0
2026-09-14 21:45:00,147.09,293.33
2026-09-14 21:50:00,122.36,268.6
2026-09-14 21:55:00,123.25,269.49
2026-09-14 22:00:00,167.55,313.79
2026-09-14 22:05:00,161.93,308.17
2026-09-14 22:10:00,112.56,258.8
2026-09-14 22:15:00,168.63,314.87
2026-09-14 22:20:00,131.29,277.53
2026-09-14 22:25:00,123.27,269.51
2026-09-14 22:30:00,106.53,252.77
2026-09-14 22:35:00,116.16,262.4
2026-09-14 22:40:00,126.07,272.31
2026-09-14 22:45:00,106.44,252.68
2026-09-14 22:50:00,110.71,256.95
2026-09-14 22:55:00,141.52,287.76
2026-09-14 23:00:00,124.36,270.6
2026-09-14 23:05:00,106.15,252.39
2026-09-14 23:10:00,111.61,257.85
2026-09-14 23:15:00,120.76,267.0
2026-09-14 23:20:00,121.45,267.69
2026-09-14 23:25:00,119.33,265.57
2026-09-14 23:30:00,124.79,271.03
2026-09-14 23:35:00,126.36,272.6
2026-09-14 23:40:00,109.14,255.38
2026-09-14 23:45:00,106.77,253.01
2026-09-14 23:50:00,105.12,251.36
2026-09-14 23:55:00,107.38,253.62
2026-09-15 00:00:00,103.52,249.76
2026-09-15 00:05:00,131.01,277.25
2026-09-15 00:10:00,116.39,262.63
2026-09-15 00:15:00,96.16,242.4
2026-09-15 00:20:00,110.53,256.77
2026-09-15 00:25:00,115.19,261.43
2026-09-15 00:30:00,113.53,259.77
2026-09-15 00:35:00,116.51,262.75
2026-09-15 00:40:00,122.95,269.19
2026-09-15 00:45:00,122.76,269.0
2026-09-15 00:50:00,112.65,258.89
2026-09-15 00:55:00,128.82,275.06
2026-09-15 01:00:00,136.15,282.39
2026-09-15 01:05:00,133.04,279.28
2026-09-15 01:10:00,128.92,275.16
2026-09-15 01:15:00,111.94,258.18
2026-09-15 01:20:00,127.12,273.36
2026-09-15 01:25:00,104.31,250.55
2026-09-15 01:30:00,100.55,246.79
2026-09-15 01:35:00,104.99,251.23
2026-09-15 01:40:00,98.57,244.81
2026-09-15 01:45:00,127.73,273.97
2026-09-15 01:50:00,125.85,272.09
2026-09-15 01:55:00,114.94,261.18
2026-09-15 02:00:00,114.18,260.42
2026-09-15 02:05:00,115.79,262.03
2026-09-15 02:10:00,92.8,239.04
2026-09-15 02:15:00,83.66,229.9
2026-09-15 02:20:00,82.24,228.48
2026-09-15 02:25:00,97.37,243.61
2026-09-15 02:30:00,118.42,264.66
2026-09-15 02:35:00,120.19,266.43
2026-09-15 02:40:00,116.68,262.92
2026-09-15 02:45:00,140.48,286.72
2026-09-15 02:50:00,115.92,262.16
2026-09-15 02:55:00,112.0,258.24
2026-09-15 03:00:00,120.96,267.2
2026-09-15 03:05:00,131.54,277.78
2026-09-15 03:10:00,109.85,256.09
2026-09-15 03:15:00,119.56,265.8
2026-09-15 03:20:00,103.26,249.5
2026-09-15 03:25:00,101.54,247.78
2026-09-15 03:30:00,122.41,268.65
2026-09-15 03:35:00,99.08,245.32
2026-09-15 03:40:00,127.22,273.46
2026-09-15 03:45:00,132.66,278.9
2026-09-15 03:50:00,119.04,265.28
2026-09-15 03:55:00,108.94,255.18
2026-09-15 04:00:00,137.77,284.01
2026-09-15 04:05:00,152.61,298.85
2026-09-15 04:10:00,133.23,279.47
2026-09-15 04:15:00,129.76,276.0
2026-09-15 04:20:00,119.6,265.84
2026-09-15 04:25:00,119.17,265.41
2026-09-15 04:30:00,115.62,261.86
2026-09-15 04:35:00,111.95,258.19
2026-09-15 04:40:00,152.44,298.68
2026-09-15 04:45:00,134.92,281.16
2026-09-15 04:50:00,124.96,271.2
2026-09-15 04:55:00,102.29,248.53
2026-09-15 05:00:00,120.61,266.85
2026-09-15 05:05:00,114.4,260.64
2026-09-15 05:10:00,127.66,273.9
2026-09-15 05:15:00,107.17,253.41
2026-09-15 05:20:00,129.77,276.01
2026-09-15 05:25:00,119.09,265.33
2026-09-15 05:30:00,127.68,273.92
2026-09-15 05:35:00,131.93,278.17
2026-09-15 05:40:00,159.66,305.9
2026-09-15 05:45:00,163.09,309.33
2026-09-15 05:50:00,179.29,325.53
2026-09-15 05:55:00,158.48,304.72
2026-09-15 06:00:00,174.87,321.11
2026-09-15 06:05:00,158.21,304.45
2026-09-15 06:10:00,149.61,295.85
2026-09-15 06:15:00,169.19,315.43
2026-09-15 06:20:00,172.94,319.18
2026-09-15 06:25:00,167.31,313.55
2026-09-15 06:30:00,150.91,297.15
2026-09-15 06:35:00,152.52,298.76
2026-09-15 06:40:00,160.31,306.55
2026-09-15 06:45:00,183.85,330.09
2026-09-15 06:50:00,165.48,311.72
2026-09-15 06:55:00,150.11,296.35
2026-09-15 07:00:00,150.26,296.5
2026-09-15 07:05:00,163.26,309.5
2026-09-15 07:10:00,150.54,296.78
2026-09-15 07:15:00,193.95,340.19
2026-09-15 07:20:00,192.07,338.31
2026-09-15 07:25:00,183.26,329.5
2026-09-15 07:30:00,213.22,359.46
2026-09-15 07:35:00,162.17,308.41
2026-09-15 07:40:00,206.19,352.43
2026-09-15 07:45:00,186.91,333.15
2026-09-15 07:50:00,154.41,300.65
2026-09-15 07:55:00,181.68,327.92
2026-09-15 08:00:00,201.76,348.0
2026-09-15 08:05:00,173.2,319.44
2026-09-15 08:10:00,162.49,308.73
2026-09-15 08:15:00,141.34,287.58
2026-09-15 08:20:00,217.11,363.35
2026-09-15 08:25:00,198.4,344.64
2026-09-15 08:30:00,159.69,305.93
2026-09-15 08:35:00,186.98,333.22
2026-09-15 08:40:00,167.68,313.92
2026-09-15 08:45:00,163.26,309.5
2026-09-15 08:50:00,217.24,363.48
2026-09-15 08:55:00,219.21,365.45
2026-09-15 09:00:00,207.56,353.8
2026-09-15 09:05:00,227.06,373.3
2026-09-15 09:10:00,224.14,370.38
2026-09-15 09:15:00,244.19,390.43
2026-09-15 09:20:00,192.99,339.23
2026-09-15 09:25:00,200.34,346.58
2026-09-15 09:30:00,180.36,326.6
2026-09-15 09:35:00,196.74,342.98
2026-09-15 09:40:00,228.16,374.4
2026-09-15 09:45:00,261.85,408.09
2026-09-15 09:50:00,239.06,385.3
2026-09-15 09:55:00,212.99,359.23
2026-09-15 10:00:00,221.53,367.77
2026-09-15 10:05:00,295.35,441.59
2026-09-15 10:10:00,255.08,401.32
2026-09-15 10:15:00,248.43,394.67
2026-09-15 10:20:00,268.11,414.35
2026-09-15 10:25:00,272.67,418.91
2026-09-15 10:30:00,254.11,400.35
2026-09-15 10:35:00,276.0,422.24
2026-09-15 10:40:00,291.18,437.42
2026-09-15 10:45:00,311.15,457.39
2026-09-15 10:50:00,296.25,442.49
2026-09-15 10:55:00,332.96,479.2
2026-09-15 11:00:00,346.64,492.88
2026-09-15 11:05:00,349.8,496.04
2026-09-15 11:10:00,399.24,545.48
2026-09-15 11:15:00,387.8,534.04
2026-09-15 11:20:00,313.14,459.38
2026-09-15 11:25:00,303.82,450.06
2026-09-15 11:30:00,328.48,474.72
2026-09-15 11:35:00,384.21,530.45
2026-09-15 11:40:00,293.72,439.96
2026-09-15 11:45:00,309.04,455.28
2026-09-15 11:50:00,283.49,429.73
2026-09-15 11:55:00,304.58,450.82
2026-09-15 12:00:00,310.74,456.98
2026-09-15 12:05:00,314.85,461.09
2026-09-15 12:10:00,276.7,422.94
2026-09-15 12:15:00,303.06,449.3
2026-09-15 12:20:00,322.62,468.86
2026-09-15 12:25:00,330.62,476.86
2026-09-15 12:30:00,403.61,549.85
2026-09-15 12:35:00,341.54,487.78
2026-09-15 12:40:00,340.4,486.64
2026-09-15 12:45:00,344.86,491.1
2026-09-15 12:50:00,334.26,480.5
2026-09-15 12:55:00,416.14,562.38
2026-09-15 13:00:00,382.73,528.97
2026-09-15 13:05:00,327.9,474.14
2026-09-15 13:10:00,389.27,535.51
2026-09-15 13:15:00,345.93,492.17
2026-09-15 13:20:00,286.93,433.17
2026-09-15 13:25:00,286.03,432.28
2026-09-15 13:30:00,285.5,431.74
2026-09-15 13:35:00,229.47,375.71
2026-09-15 13:40:00,287.34,433.58
2026-09-15 13:45:00,305.48,451.72
2026-09-15 13:50:00,354.39,500.63
2026-09-15 13:55:00,367.44,513.68
2026-09-15 14:00:00,374.86,521.1
2026-09-15 14:05:00,342.22,488.46
2026-09-15 14:10:00,360.41,506.65
2026-09-15 14:15:00,393.05,539.3
2026-09-15 14:20:00,396.94,543.18
2026-09-15 14:25:00,361.35,507.59
2026-09-15 14:30:00,296.23,442.47
2026-09-15 14:35:00,360.56,506.8
2026-09-15 14:40:00,400.49,546.73
2026-09-15 14:45:00,384.93,531.17
2026-09-15 14:50:00,306.7,452.94
2026-09-15 14:55:00,307.03,453.27
2026-09-15 15:00:00,306.77,453.01
2026-09-15 15:05:00,301.51,447.75
2026-09-15 15:10:00,325.69,471.93
2026-09-15 15:15:00,339.92,486.16
2026-09-15 15:20:00,377.45,523.69
2026-09-15 15:25:00,376.84,523.08
2026-09-15 15:30:00,319.28,465.52
2026-09-15 15:35:00,266.0,412.24
2026-09-15 15:40:00,268.86,415.1
2026-09-15 15:45:00,289.16,435.4
2026-09-15 15:50:00,339.35,485.59
2026-09-15 15:55:00,406.43,552.67
2026-09-15 16:00:00,396.18,542.42
2026-09-15 16:05:00,347.54,493.78
2026-09-15 16:10:00,279.67,425.91
2026-09-15 16:15:00,319.21,465.45
2026-09-15 16:20:00,263.41,409.65
2026-09-15 16:25:00,340.31,486.55
2026-09-15 16:30:00,261.92,408.16
2026-09-15 16:35:00,308.01,454.25
2026-09-15 16:40:00,233.54,379.78
2026-09-15 16:45:00,277.37,423.61
2026-09-15 16:50:00,286.75,432.99
2026-09-15 16:55:00,304.57,450.81
2026-09-15 17:00:00,277.07,423.31
2026-09-15 17:05:00,309.91,456.15
2026-09-15 17:10:00,247.09,393.33
2026-09-15 17:15:00,282.23,428.47
2026-09-15 17:20:00,292.46,438.7
2026-09-15 17:25:00,294.7,440.94
2026-09-15 17:30:00,246.9,393.14
2026-09-15 17:35:00,239.53,385.77
2026-09-15 17:40:00,473.69,619.93
2026-09-15 17:45:00,755.81,902.05
2026-09-15 17:50:00,1182.39,1328.63
2026-09-15 17:55:00,1611.79,1758.03
2026-09-15 18:00:00,1940.5,2086.74
2026-09-15 18:05:00,1778.78,1925.03
2026-09-15 18:10:00,1905.45,2051.69
2026-09-15 18:15:00,1730.53,1876.77
2026-09-15 18:20:00,1767.28,1913.52
2026-09-15 18:25:00,1735.91,1882.15
2026-09-15 18:30:00,1680.64,1826.88
2026-09-15 18:35:00,1634.27,1780.51
2026-09-15 18:40:00,1562.33,1708.57
2026-09-15 18:45:00,1384.85,1531.09
2026-09-15 18:50:00,1260.9,1407.14
2026-09-15 18:55:00,1187.31,1333.55
2026-09-15 19:00:00,1236.6,1382.84
2026-09-15 19:05:00,1126.36,1272.6
2026-09-15 19:10:00,1099.82,1246.06
2026-09-15 19:15:00,1141.02,1287.26
2026-09-15 19:20:00,1139.04,1285.28
2026-09-15 19:25:00,1026.2,1172.44
2026-09-15 19:30:00,989.34,1135.58
2026-09-15 19:35:00,933.39,1079.63
2026-09-15 19:40:00,922.89,1069.13
2026-09-15 19:45:00,813.5,959.74
2026-09-15 19:50:00,470.65,616.89
2026-09-15 19:55:00,300.32,446.56
2026-09-15 20:00:00,246.65,392.89
2026-09-15 20:05:00,233.55,379.79
2026-09-15 20:10:00,186.81,333.05
2026-09-15 20:15:00,162.02,308.27
2026-09-15 20:20:00,193.78,340.02
2026-09-15 20:25:00,161.07,307.31
2026-09-15 20:30:00,155.05,301.29
2026-09-15 20:35:00,149.27,295.51
2026-09-15 20:40:00,132.99,279.23
2026-09-15 20:45:00,156.96,303.2
2026-09-15 20:50:00,156.29,302.53
2026-09-15 20:55:00,157.85,304.09
2026-09-15 21:00:00,123.76,270.0
2026-09-15 21:05:00,121.58,267.82
2026-09-15 21:10:00,129.73,275.97
2026-09-15 21:15:00,127.81,274.05
2026-09-15 21:20:00,131.49,277.73
2026-09-15 21:25:00,166.43,312.67
2026-09-15 21:30:00,137.92,284.16
2026-09-15 21:35:00,105.99,252.23
2026-09-15 21:40:00,142.61,288.85
2026-09-15 21:45:00,140.69,286.93
2026-09-15 21:50:00,129.49,275.73
2026-09-15 21:55:00,114.51,260.75
2026-09-15 22:00:00,108.84,255.08
2026-09-15 22:05:00,155.19,301.43
2026-09-15 22:10:00,146.76,293.0
2026-09-15 22:15:00,113.28,259.52
2026-09-15 22:20:00,132.12,278.36
2026-09-15 22:25:00,146.32,292.56
2026-09-15 22:30:00,135.92,282.16
2026-09-15 22:35:00,129.38,275.62
2026-09-15 22:40:00,114.49,260.73
2026-09-15 22:45:00,113.21,259.45
2026-09-15 22:50:00,139.18,285.42
2026-09-15 22:55:00,135.74,281.98
2026-09-15 23:00:00,111.95,258.19
2026-09-15 23:05:00,121.88,268.12
2026-09-15 23:10:00,122.85,269.09
2026-09-15 23:15:00,124.34,270.58
2026-09-15 23:20:00,117.69,263.93
2026-09-15 23:25:00,119.13,265.37
2026-09-15 23:30:00,132.72,278.96
2026-09-15 23:35:00,124.56,270.8
2026-09-15 23:40:00,127.03,273.27
2026-09-15 23:45:00,130.01,276.25
2026-09-15 23:50:00,118.3,264.54
2026-09-15 23:55:00,119.03,265.27
2026-09-16 00:00:00,104.15,250.39
2026-09-16 00:05:00,124.65,270.89
2026-09-16 00:10:00,131.58,277.83
2026-09-16 00:15:00,104.48,250.72
2026-09-16 00:20:00,106.54,252.78
2026-09-16 00:25:00,124.9,271.14
2026-09-16 00:30:00,145.76,292.0
2026-09-16 00:35:00,150.67,296.91
2026-09-16 00:40:00,121.69,267.93
2026-09-16 00:45:00,136.68,282.92
2026-09-16 00:50:00,121.29,267.53
2026-09-16 00:55:00,115.67,261.91
2026-09-16 01:00:00,122.59,268.83
2026-09-16 01:05:00,102.24,248.48
2026-09-16 01:10:00,118.27,264.51
2026-09-16 01:15:00,131.91,278.15
2026-09-16 01:20:00,122.36,268.6
2026-09-16 01:25:00,97.75,243.99
2026-09-16 01:30:00,88.15,234.39
2026-09-16 01:35:00,109.8,256.04
2026-09-16 01:40:00,115.2,261.44
2026-09-16 01:45:00,112.1,258.34
2026-09-16 01:50:00,105.52,251.76
2026-09-16 01:55:00,104.77,251.01
2026-09-16 02:00:00,103.73,249.97
2026-09-16 02:05:00,118.18,264.42
2026-09-16 02:10:00,98.59,244.83
2026-09-16 02:15:00,119.84,266.08
2026-09-16 02:20:00,108.86,255.1
2026-09-16 02:25:00,108.22,254.46
2026-09-16 02:30:00,95.79,242.03
2026-09-16 02:35:00,110.39,256.63
2026-09-16 02:40:00,120.81,267.05
2026-09-16 02:45:00,124.65,270.89
2026-09-16 02:50:00,128.48,274.72
2026-09-16 02:55:00,131.36,277.6
2026-09-16 03:00:00,133.95,280.19
2026-09-16 03:05:00,119.54,265.78
2026-09-16 03:10:00,97.64,243.88
2026-09-16 03:15:00,115.96,262.2
2026-09-16 03:20:00,138.52,284.76
2026-09-16 03:25:00,129.14,275.38
2026-09-16 03:30:00,139.61,285.85
2026-09-16 03:35:00,134.37,280.61
2026-09-16 03:40:00,129.0,275.24
2026-09-16 03:45:00,161.68,307.92
2026-09-16 03:50:00,164.9,311.14
2026-09-16 03:55:00,165.72,311.96
2026-09-16 04:00:00,126.16,272.4
2026-09-16 04:05:00,156.37,302.61
2026-09-16 04:10:00,134.48,280.72
2026-09-16 04:15:00,124.34,270.58
2026-09-16 04:20:00,101.69,247.93
2026-09-16 04:25:00,111.75,257.99
2026-09-16 04:30:00,107.78,254.02
2026-09-16 04:35:00,115.67,261.91
2026-09-16 04:40:00,111.7,257.94
2026-09-16 04:45:00,143.2,289.44
2026-09-16 04:50:00,150.13,296.37
2026-09-16 04:55:00,169.17,315.42
2026-09-16 05:00:00,139.24,285.48
2026-09-16 05:05:00,155.81,302.05
2026-09-16 05:10:00,122.0,268.24
2026-09-16 05:15:00,125.53,271.78
2026-09-16 05:20:00,118.34,264.58
2026-09-16 05:25:00,120.05,266.29
2026-09-16 05:30:00,119.68,265.92
2026-09-16 05:35:00,121.41,267.65
2026-09-16 05:40:00,108.96,255.2
2026-09-16 05:45:00,130.43,276.67
2026-09-16 05:50:00,131.55,277.79
2026-09-16 05:55:00,147.14,293.38
2026-09-16 06:00:00,151.02,297.26
2026-09-16 06:05:00,170.53,316.77
2026-09-16 06:10:00,134.2,280.44
2026-09-16 06:15:00,135.62,281.86
2026-09-16 06:20:00,153.55,299.79
2026-09-16 06:25:00,155.7,301.94
2026-09-16 06:30:00,139.83,286.07
2026-09-16 06:35:00,167.08,313.32
2026-09-16 06:40:00,141.4,287.64
2026-09-16 06:45:00,138.04,284.28
2026-09-16 06:50:00,160.64,306.88
2026-09-16 06:55:00,160.79,307.03
2026-09-16 07:00:00,163.35,309.59
2026-09-16 07:05:00,145.87,292.11
2026-09-16 07:10:00,141.48,287.72
2026-09-16 07:15:00,167.71,313.95
2026-09-16 07:20:00,189.74,335.98
2026-09-16 07:25:00,197.98,344.22
2026-09-16 07:30:00,205.59,351.83
2026-09-16 07:35:00,193.84,340.08
2026-09-16 07:40:00,175.89,322.13
2026-09-16 07:45:00,138.96,285.2
2026-09-16 07:50:00,149.77,296.02
2026-09-16 07:55:00,134.01,280.25
2026-09-16 08:00:00,144.69,290.93
2026-09-16 08:05:00,174.6,320.84
2026-09-16 08:10:00,202.68,348.92
2026-09-16 08:15:00,245.63,391.87
2026-09-16 08:20:00,192.38,338.62
2026-09-16 08:25:00,237.76,384.0
2026-09-16 08:30:00,240.02,386.26
2026-09-16 08:35:00,213.8,360.04
2026-09-16 08:40:00,218.5,364.74
2026-09-16 08:45:00,235.39,381.63
2026-09-16 08:50:00,224.66,370.9
2026-09-16 08:55:00,205.42,351.66
2026-09-16 09:00:00,193.74,339.98
2026-09-16 09:05:00,175.28,321.52
2026-09-16 09:10:00,208.61,354.85
2026-09-16 09:15:00,222.37,368.62
2026-09-16 09:20:00,178.0,324.24
2026-09-16 09:25:00,216.26,362.5
2026-09-16 09:30:00,173.5,319.74
2026-09-16 09:35:00,231.29,377.53
2026-09-16 09:40:00,229.62,375.86
2026-09-16 09:45:00,230.78,377.02
2026-09-16 09:50:00,242.96,389.2
2026-09-16 09:55:00,216.98,363.22
2026-09-16 10:00:00,250.04,396.29
2026-09-16 10:05:00,243.1,389.34
2026-09-16 10:10:00,260.89,407.13
2026-09-16 10:15:00,270.17,416.41
2026-09-16 10:20:00,260.71,406.95
2026-09-16 10:25:00,236.23,382.47
2026-09-16 10:30:00,277.6,423.84
2026-09-16 10:35:00,272.43,418.68
2026-09-16 10:40:00,262.88,409.12
2026-09-16 10:45:00,282.95,429.19
2026-09-16 10:50:00,305.51,451.75
2026-09-16 10:55:00,347.14,493.38
2026-09-16 11:00:00,286.63,432.87
2026-09-16 11:05:00,240.94,387.18
2026-09-16 11:10:00,226.1,372.35
2026-09-16 11:15:00,254.01,400.25
2026-09-16 11:20:00,323.33,469.57
2026-09-16 11:25:00,268.9,415.14
2026-09-16 11:30:00,277.64,423.88
2026-09-16 11:35:00,271.56,417.8
2026-09-16 11:40:00,256.86,403.1
2026-09-16 11:45:00,275.98,422.22
2026-09-16 11:50:00,258.17,404.41
2026-09-16 11:55:00,315.19,461.43
2026-09-16 12:00:00,322.51,468.75
2026-09-16 12:05:00,403.64,549.88
2026-09-16 12:10:00,332.12,478.36
2026-09-16 12:15:00,360.11,506.35
2026-09-16 12:20:00,393.0,539.24
2026-09-16 12:25:00,348.11,494.35
2026-09-16 12:30:00,315.89,462.13
2026-09-16 12:35:00,281.49,427.73
2026-09-16 12:40:00,270.76,417.0
2026-09-16 12:45:00,307.81,454.05
2026-09-16 12:50:00,315.39,461.63
2026-09-16 12:55:00,266.92,413.16
2026-09-16 13:00:00,402.78,549.02
2026-09-16 13:05:00,357.09,503.33
2026-09-16 13:10:00,329.83,476.07
2026-09-16 13:15:00,307.52,453.76
2026-09-16 13:20:00,310.63,456.87
2026-09-16 13:25:00,311.71,457.95
2026-09-16 13:30:00,337.04,483.28
2026-09-16 13:35:00,310.27,456.51
2026-09-16 13:40:00,367.53,513.77
2026-09-16 13:45:00,355.01,501.26
2026-09-16 13:50:00,354.6,500.84
2026-09-16 13:55:00,340.61,486.85
2026-09-16 14:00:00,343.95,490.19
2026-09-16 14:05:00,348.68,494.92
2026-09-16 14:10:00,368.5,514.74
2026-09-16 14:15:00,351.88,498.12
2026-09-16 14:20:00,356.63,502.87
2026-09-16 14:25:00,319.28,465.52
2026-09-16 14:30:00,315.62,461.86
2026-09-16 14:35:00,333.27,479.51
2026-09-16 14:40:00,311.34,457.58
2026-09-16 14:45:00,311.47,457.71
2026-09-16 14:50:00,321.68,467.92
2026-09-16 14:55:00,353.25,499.49
2026-09-16 15:00:00,416.58,562.82
2026-09-16 15:05:00,351.2,497.44
2026-09-16 15:10:00,348.31,494.55
2026-09-16 15:15:00,286.29,432.53
2026-09-16 15:20:00,339.68,485.92
2026-09-16 15:25:00,301.2,447.44
2026-09-16 15:30:00,280.18,426.42
2026-09-16 15:35:00,276.18,422.42
2026-09-16 15:40:00,274.78,421.02
2026-09-16 15:45:00,278.77,425.01
2026-09-16 15:50:00,251.04,397.28
2026-09-16 15:55:00,309.81,456.05
2026-09-16 16:00:00,293.76,440.0
2026-09-16 16:05:00,294.18,440.42
2026-09-16 16:10:00,287.45,433.69
2026-09-16 16:15:00,346.29,492.53
2026-09-16 16:20:00,335.46,481.7
2026-09-16 16:25:00,266.79,413.03
2026-09-16 16:30:00,305.88,452.12
2026-09-16 16:35:00,299.58,445.82
2026-09-16 16:40:00,263.26,409.5
2026-09-16 16:45:00,266.89,413.13
2026-09-16 16:50:00,271.61,417.85
2026-09-16 16:55:00,356.72,502.96
2026-09-16 17:00:00,310.48,456.72
2026-09-16 17:05:00,287.48,433.72
2026-09-16 17:10:00,247.99,394.23
2026-09-16 17:15:00,238.9,385.14
2026-09-16 17:20:00,284.67,430.91
2026-09-16 17:25:00,289.95,436.19
2026-09-16 17:30:00,234.17,380.41
2026-09-16 17:35:00,224.16,370.4
2026-09-16 17:40:00,255.73,401.97
2026-09-16 17:45:00,300.43,446.67
2026-09-16 17:50:00,255.54,401.79
2026-09-16 17:55:00,254.71,400.95
2026-09-16 18:00:00,238.44,384.69
2026-09-16 18:05:00,222.21,368.45
2026-09-16 18:10:00,203.23,349.47
2026-09-16 18:15:00,270.86,417.1
2026-09-16 18:20:00,230.32,376.56
2026-09-16 18:25:00,210.05,356.29
2026-09-16 18:30:00,229.71,375.95
2026-09-16 18:35:00,244.65,390.89
2026-09-16 18:40:00,202.58,348.82
2026-09-16 18:45:00,247.52,393.76
2026-09-16 18:50:00,254.56,400.8
2026-09-16 18:55:00,234.64,380.88
2026-09-16 19:00:00,202.38,348.62
2026-09-16 19:05:00,212.1,358.34
2026-09-16 19:10:00,209.36,355.6
2026-09-16 19:15:00,182.4,328.64
2026-09-16 19:20:00,226.09,372.33
2026-09-16 19:25:00,261.96,408.2
2026-09-16 19:30:00,226.7,372.94
2026-09-16 19:35:00,213.24,359.48
2026-09-16 19:40:00,246.77,393.01
2026-09-16 19:45:00,246.51,392.75
2026-09-16 19:50:00,272.89,419.13
2026-09-16 19:55:00,219.49,365.73
2026-09-16 20:00:00,215.38,361.62
2026-09-16 20:05:00,221.66,367.9
2026-09-16 20:10:00,191.0,337.24
2026-09-16 20:15:00,244.01,390.25
2026-09-16 20:20:00,241.8,388.04
2026-09-16 20:25:00,197.65,343.89
2026-09-16 20:30:00,168.68,314.92
2026-09-16 20:35:00,150.75,296.99
2026-09-16 20:40:00,140.2,286.44
2026-09-16 20:45:00,142.89,289.14
2026-09-16 20:50:00,163.37,309.61
2026-09-16 20:55:00,138.61,284.85
2026-09-16 21:00:00,93.67,239.91
2026-09-16 21:05:00,86.87,233.11
2026-09-16 21:10:00,110.0,256.24
2026-09-16 21:15:00,112.77,259.01
2026-09-16 21:20:00,131.57,277.81
2026-09-16 21:25:00,116.1,262.34
2026-09-16 21:30:00,100.59,246.83
2026-09-16 21:35:00,105.65,251.89
2026-09-16 21:40:00,103.62,249.86
2026-09-16 21:45:00,107.4,253.64
2026-09-16 21:50:00,108.33,254.57
2026-09-16 21:55:00,123.1,269.34
2026-09-16 22:00:00,116.43,262.67
2026-09-16 22:05:00,119.33,265.57
2026-09-16 22:10:00,120.73,266.97
2026-09-16 22:15:00,136.89,283.13
2026-09-16 22:20:00,138.62,284.86
2026-09-16 22:25:00,146.52,292.76
2026-09-16 22:30:00,119.39,265.63
2026-09-16 22:35:00,132.2,278.44
2026-09-16 22:40:00,121.7,267.94
2026-09-16 22:45:00,114.97,261.22
2026-09-16 22:50:00,114.07,260.31
2026-09-16 22:55:00,150.72,296.96
2026-09-16 23:00:00,130.23,276.47
2026-09-16 23:05:00,123.81,270.05
2026-09-16 23:10:00,105.93,252.17
2026-09-16 23:15:00,104.17,250.41
2026-09-16 23:20:00,110.44,256.68
2026-09-16 23:25:00,123.94,270.18
2026-09-16 23:30:00,114.47,260.71
2026-09-16 23:35:00,109.93,256.17
2026-09-16 23:40:00,95.66,241.9
2026-09-16 23:45:00,104.35,250.59
2026-09-16 23:50:00,108.87,255.11
2026-09-16 23:55:00,106.38,252.62
2026-09-17 00:00:00,98.03,244.27
2026-09-17 00:05:00,110.99,257.23
2026-09-17 00:10:00,97.6,243.84
2026-09-17 00:15:00,106.04,252.28
2026-09-17 00:20:00,96.29,242.53
2026-09-17 00:25:00,121.56,267.81
2026-09-17 00:30:00,123.15,269.39
2026-09-17 00:35:00,115.32,261.56
2026-09-17 00:40:00,129.43,275.67
2026-09-17 00:45:00,121.01,267.25
2026-09-17 00:50:00,107.78,254.02
2026-09-17 00:55:00,114.54,260.78
2026-09-17 01:00:00,137.4,283.64
2026-09-17 01:05:00,117.16,263.4
2026-09-17 01:10:00,117.87,264.11
2026-09-17 01:15:00,131.31,277.55
2026-09-17 01:20:00,121.45,267.69
2026-09-17 01:25:00,107.32,253.56
2026-09-17 01:30:00,119.54,265.78
2026-09-17 01:35:00,109.99,256.23
2026-09-17 01:40:00,116.47,262.71
2026-09-17 01:45:00,122.24,268.48
2026-09-17 01:50:00,101.49,247.73
2026-09-17 01:55:00,89.53,235.77
2026-09-17 02:00:00,95.05,241.29
2026-09-17 02:05:00,124.69,270.93
2026-09-17 02:10:00,133.64,279.88
2026-09-17 02:15:00,127.85,274.09
2026-09-17 02:20:00,117.15,263.39
2026-09-17 02:25:00,128.01,274.25
2026-09-17 02:30:00,133.39,279.63
2026-09-17 02:35:00,119.41,265.65
2026-09-17 02:40:00,122.4,268.64
2026-09-17 02:45:00,107.26,253.5
2026-09-17 02:50:00,98.95,245.19
2026-09-17 02:55:00,93.68,239.92
2026-09-17 03:00:00,127.43,273.67
2026-09-17 03:05:00,143.57,289.81
2026-09-17 03:10:00,94.86,241.1
2026-09-17 03:15:00,131.2,277.44
2026-09-17 03:20:00,127.06,273.3
2026-09-17 03:25:00,138.86,285.1
2026-09-17 03:30:00,129.74,275.98
2026-09-17 03:35:00,144.68,290.92
2026-09-17 03:40:00,133.41,279.65
2026-09-17 03:45:00,111.02,257.26
2026-09-17 03:50:00,114.39,260.63
2026-09-17 03:55:00,122.64,268.88
2026-09-17 04:00:00,115.38,261.62
2026-09-17 04:05:00,126.51,272.75
2026-09-17 04:10:00,122.0,268.24
2026-09-17 04:15:00,115.28,261.52
2026-09-17 04:20:00,110.44,256.68
2026-09-17 04:25:00,107.65,253.89
2026-09-17 04:30:00,122.44,268.68
2026-09-17 04:35:00,96.37,242.61
2026-09-17 04:40:00,107.93,254.17
2026-09-17 04:45:00,91.38,237.62
2026-09-17 04:50:00,110.47,256.71
2026-09-17 04:55:00,129.14,275.38
2026-09-17 05:00:00,121.4,267.64
2026-09-17 05:05:00,133.38,279.62
2026-09-17 05:10:00,184.38,330.62
2026-09-17 05:15:00,177.7,323.94
2026-09-17 05:20:00,154.71,300.95
2026-09-17 05:25:00,155.61,301.85
2026-09-17 05:30:00,125.96,272.2
2026-09-17 05:35:00,115.24,261.48
2026-09-17 05:40:00,121.06,267.3
2026-09-17 05:45:00,147.1,293.35
2026-09-17 05:50:00,154.99,301.23
2026-09-17 05:55:00,130.86,277.1
2026-09-17 06:00:00,140.55,286.79
2026-09-17 06:05:00,146.46,292.7
2026-09-17 06:10:00,140.38,286.62
2026-09-17 06:15:00,144.82,291.06
2026-09-17 06:20:00,134.62,280.86
2026-09-17 06:25:00,144.45,290.69
2026-09-17 06:30:00,151.07,297.31
2026-09-17 06:35:00,149.67,295.91
2026-09-17 06:40:00,152.06,298.3
2026-09-17 06:45:00,173.67,319.91
2026-09-17 06:50:00,181.19,327.43
2026-09-17 06:55:00,154.88,301.12
2026-09-17 07:00:00,169.11,315.35
2026-09-17 07:05:00,143.3,289.54
2026-09-17 07:10:00,157.83,304.07
2026-09-17 07:15:00,168.44,314.68
2026-09-17 07:20:00,192.15,338.39
2026-09-17 07:25:00,209.25,355.49
2026-09-17 07:30:00,214.5,360.74
2026-09-17 07:35:00,208.19,354.43
2026-09-17 07:40:00,188.03,334.27
2026-09-17 07:45:00,163.8,310.04
2026-09-17 07:50:00,213.9,360.14
2026-09-17 07:55:00,174.02,320.26
2026-09-17 08:00:00,154.28,300.52
2026-09-17 08:05:00,176.88,323.12
2026-09-17 08:10:00,185.05,331.29
2026-09-17 08:15:00,212.92,359.16
2026-09-17 08:20:00,197.26,343.5
2026-09-17 08:25:00,202.49,348.73
2026-09-17 08:30:00,219.12,365.36
2026-09-17 08:35:00,182.76,329.0
2026-09-17 08:40:00,183.05,329.29
2026-09-17 08:45:00,171.65,317.89
2026-09-17 08:50:00,157.83,304.07
2026-09-17 08:55:00,197.64,343.89
2026-09-17 09:00:00,193.8,340.04
2026-09-17 09:05:00,243.46,389.7
2026-09-17 09:10:00,250.71,396.95
2026-09-17 09:15:00,272.18,418.42
2026-09-17 09:20:00,216.49,362.73
2026-09-17 09:25:00,205.03,351.27
2026-09-17 09:30:00,200.36,346.6
2026-09-17 09:35:00,244.97,391.21
2026-09-17 09:40:00,221.07,367.31
2026-09-17 09:45:00,218.9,365.14
2026-09-17 09:50:00,210.35,356.59
2026-09-17 09:55:00,234.19,380.43
2026-09-17 10:00:00,224.67,370.91
2026-09-17 10:05:00,224.0,370.24
2026-09-17 10:10:00,238.94,385.18
2026-09-17 10:15:00,234.15,380.39
2026-09-17 10:20:00,266.99,413.23
2026-09-17 10:25:00,294.32,440.56
2026-09-17 10:30:00,341.47,487.71
2026-09-17 10:35:00,304.99,451.23
2026-09-17 10:40:00,342.84,489.08
2026-09-17 10:45:00,289.12,435.36
2026-09-17 10:50:00,226.97,373.21
2026-09-17 10:55:00,266.72,412.96
2026-09-17 11:00:00,288.39,434.63
2026-09-17 11:05:00,303.49,449.73
2026-09-17 11:10:00,332.88,479.12
2026-09-17 11:15:00,258.16,404.4
2026-09-17 11:20:00,310.73,456.97
2026-09-17 11:25:00,292.53,438.77
2026-09-17 11:30:00,264.79,411.03
2026-09-17 11:35:00,304.9,451.14
2026-09-17 11:40:00,294.44,440.68
2026-09-17 11:45:00,304.34,450.58
2026-09-17 11:50:00,342.9,489.14
2026-09-17 11:55:00,329.72,475.96
2026-09-17 12:00:00,294.39,440.63
2026-09-17 12:05:00,277.28,423.52
2026-09-17 12:10:00,261.72,407.96
2026-09-17 12:15:00,288.81,435.05
2026-09-17 12:20:00,357.26,503.5
2026-09-17 12:25:00,311.85,458.09
2026-09-17 12:30:00,293.11,439.35
2026-09-17 12:35:00,275.14,421.38
2026-09-17 12:40:00,284.84,431.08
2026-09-17 12:45:00,330.33,476.57
2026-09-17 12:50:00,311.29,457.53
2026-09-17 12:55:00,340.91,487.15
2026-09-17 13:00:00,377.75,523.99
2026-09-17 13:05:00,394.11,540.35
2026-09-17 13:10:00,311.62,457.86
2026-09-17 13:15:00,371.23,517.47
2026-09-17 13:20:00,407.54,553.78
2026-09-17 13:25:00,431.53,577.77
2026-09-17 13:30:00,388.17,534.41
2026-09-17 13:35:00,309.27,455.51
2026-09-17 13:40:00,300.02,446.26
2026-09-17 13:45:00,276.75,422.99
2026-09-17 13:50:00,288.12,434.36
2026-09-17 13:55:00,340.49,486.73
2026-09-17 14:00:00,387.64,533.88
2026-09-17 14:05:00,365.97,512.21
2026-09-17 14:10:00,337.0,483.24
2026-09-17 14:15:00,320.71,466.95
2026-09-17 14:20:00,326.21,472.45
2026-09-17 14:25:00,339.09,485.34
2026-09-17 14:30:00,343.64,489.88
2026-09-17 14:35:00,351.24,497.48
2026-09-17 14:40:00,334.51,480.75
2026-09-17 14:45:00,364.31,510.55
2026-09-17 14:50:00,340.99,487.23
2026-09-17 14:55:00,305.61,451.85
2026-09-17 15:00:00,348.19,494.43
2026-09-17 15:05:00,347.77,494.01
2026-09-17 15:10:00,307.51,453.75
2026-09-17 15:15:00,333.02,479.26
2026-09-17 15:20:00,342.96,489.2
2026-09-17 15:25:00,385.99,532.23
2026-09-17 15:30:00,323.05,469.29
2026-09-17 15:35:00,332.37,478.61
2026-09-17 15:40:00,320.46,466.7
2026-09-17 15:45:00,306.33,452.57
2026-09-17 15:50:00,262.34,408.58
2026-09-17 15:55:00,255.22,401.46
2026-09-17 16:00:00,245.3,391.54
2026-09-17 16:05:00,293.37,439.61
2026-09-17 16:10:00,375.25,521.49
2026-09-17 16:15:00,318.51,464.75
2026-09-17 16:20:00,262.21,408.45
2026-09-17 16:25:00,306.67,452.91
2026-09-17 16:30:00,287.84,434.08
2026-09-17 16:35:00,336.19,482.43
2026-09-17 16:40:00,271.32,417.56
2026-09-17 16:45:00,280.95,427.19
2026-09-17 16:50:00,263.19,409.43
2026-09-17 16:55:00,195.61,341.85
2026-09-17 17:00:00,196.24,342.48
2026-09-17 17:05:00,276.32,422.56
2026-09-17 17:10:00,291.01,437.25
2026-09-17 17:15:00,348.52,494.76
2026-09-17 17:20:00,305.64,451.88
2026-09-17 17:25:00,238.14,384.38
2026-09-17 17:30:00,217.88,364.12
2026-09-17 17:35:00,282.59,428.83
2026-09-17 17:40:00,335.58,481.82
2026-09-17 17:45:00,350.54,496.78
2026-09-17 17:50:00,302.66,448.9
2026-09-17 17:55:00,212.35,358.59
2026-09-17 18:00:00,215.02,361.26
2026-09-17 18:05:00,231.86,378.1
2026-09-17 18:10:00,266.51,412.75
2026-09-17 18:15:00,252.57,398.81
2026-09-17 18:20:00,251.2,397.44
2026-09-17 18:25:00,239.89,386.13
2026-09-17 18:30:00,227.46,373.7
2026-09-17 18:35:00,251.31,397.55
2026-09-17 18:40:00,208.75,354.99
2026-09-17 18:45:00,202.45,348.69
2026-09-17 18:50:00,240.38,386.62
2026-09-17 18:55:00,188.2,334.44
2026-09-17 19:00:00,235.4,381.64
2026-09-17 19:05:00,204.77,351.01
2026-09-17 19:10:00,186.59,332.83
2026-09-17 19:15:00,221.51,367.75
2026-09-17 19:20:00,214.21,360.45
2026-09-17 19:25:00,187.51,333.75
2026-09-17 19:30:00,204.48,350.72
2026-09-17 19:35:00,198.59,344.83
2026-09-17 19:40:00,210.33,356.57
2026-09-17 19:45:00,171.3,317.54
2026-09-17 19:50:00,198.33,344.57
2026-09-17 19:55:00,205.25,351.49
2026-09-17 20:00:00,276.58,422.82
2026-09-17 20:05:00,240.27,386.51
2026-09-17 20:10:00,205.67,351.91
2026-09-17 20:15:00,202.11,348.36
2026-09-17 20:20:00,222.47,368.71
2026-09-17 20:25:00,178.32,324.56
2026-09-17 20:30:00,169.58,315.82
2026-09-17 20:35:00,161.14,307.38
2026-09-17 20:40:00,127.93,274.17
2026-09-17 20:45:00,128.49,274.73
2026-09-17 20:50:00,142.86,289.1
2026-09-17 20:55:00,129.12,275.36
2026-09-17 21:00:00,130.08,276.32
2026-09-17 21:05:00,162.21,308.45
2026-09-17 21:10:00,165.24,311.48
2026-09-17 21:15:00,128.59,274.83
2026-09-17 21:20:00,120.51,266.75
2026-09-17 21:25:00,119.72,265.96
2026-09-17 21:30:00,113.14,259.38
2026-09-17 21:35:00,126.18,272.42
2026-09-17 21:40:00,133.44,279.68
2026-09-17 21:45:00,159.5,305.74
2026-09-17 21:50:00,142.04,288.28
2026-09-17 21:55:00,110.4,256.64
2026-09-17 22:00:00,140.19,286.43
2026-09-17 22:05:00,155.24,301.48
2026-09-17 22:10:00,148.79,295.03
2026-09-17 22:15:00,132.35,278.59
2026-09-17 22:20:00,146.48,292.72
2026-09-17 22:25:00,128.73,274.97
2026-09-17 22:30:00,101.08,247.32
2026-09-17 22:35:00,130.87,277.11
2026-09-17 22:40:00,141.78,288.02
2026-09-17 22:45:00,163.08,309.32
2026-09-17 22:50:00,130.54,276.78
2026-09-17 22:55:00,131.28,277.52
2026-09-17 23:00:00,133.89,280.13
2026-09-17 23:05:00,127.56,273.8
2026-09-17 23:10:00,124.57,270.81
2026-09-17 23:15:00,130.64,276.88
2026-09-17 23:20:00,135.32,281.56
2026-09-17 23:25:00,150.85,297.09
2026-09-17 23:30:00,149.46,295.7
2026-09-17 23:35:00,119.29,265.53
2026-09-17 23:40:00,115.15,261.39
2026-09-17 23:45:00,115.22,261.46
2026-09-17 23:50:00,98.49,244.73
2026-09-17 23:55:00,97.83,244.07
2026-09-18 00:00:00,97.82,244.06
2026-09-18 00:05:00,112.09,258.33
2026-09-18 00:10:00,105.28,251.52
2026-09-18 00:15:00,104.64,250.88
2026-09-18 00:20:00,116.71,262.95
2026-09-18 00:25:00,138.16,284.4
2026-09-18 00:30:00,121.78,268.02
2026-09-18 00:35:00,101.79,248.04
2026-09-18 00:40:00,105.77,252.01
2026-09-18 00:45:00,138.57,284.81
2026-09-18 00:50:00,112.94,259.18
2026-09-18 00:55:00,107.16,253.4
2026-09-18 01:00:00,121.5,267.74
2026-09-18 01:05:00,95.3,241.54
2026-09-18 01:10:00,114.01,260.25
2026-09-18 01:15:00,123.38,269.62
2026-09-18 01:20:00,116.52,262.76
2026-09-18 01:25:00,91.55,237.79
2026-09-18 01:30:00,95.14,241.38
2026-09-18 01:35:00,101.62,247.86
2026-09-18 01:40:00,104.53,250.77
2026-09-18 01:45:00,111.25,257.49
2026-09-18 01:50:00,106.29,252.53
2026-09-18 01:55:00,119.2,265.44
2026-09-18 02:00:00,105.53,251.77
2026-09-18 02:05:00,99.8,246.04
2026-09-18 02:10:00,123.93,270.17
2026-09-18 02:15:00,111.64,257.88
2026-09-18 02:20:00,99.89,246.13
2026-09-18 02:25:00,113.38,259.62
2026-09-18 02:30:00,126.0,272.24
2026-09-18 02:35:00,106.11,252.35
2026-09-18 02:40:00,116.1,262.34
2026-09-18 02:45:00,109.79,256.03
2026-09-18 02:50:00,106.32,252.56
2026-09-18 02:55:00,88.41,234.65
2026-09-18 03:00:00,125.45,271.69
2026-09-18 03:05:00,115.82,262.06
2026-09-18 03:10:00,113.86,260.1
2026-09-18 03:15:00,124.19,270.43
2026-09-18 03:20:00,130.16,276.4
2026-09-18 03:25:00,126.68,272.92
2026-09-18 03:30:00,122.91,269.15
2026-09-18 03:35:00,109.99,256.23
2026-09-18 03:40:00,100.6,246.84
2026-09-18 03:45:00,110.16,256.4
2026-09-18 03:50:00,109.05,255.3
2026-09-18 03:55:00,133.82,280.06
2026-09-18 04:00:00,129.88,276.12
2026-09-18 04:05:00,116.6,262.84
2026-09-18 04:10:00,114.41,260.65
2026-09-18 04:15:00,120.39,266.63
2026-09-18 04:20:00,125.27,271.51
2026-09-18 04:25:00,123.82,270.06
2026-09-18 04:30:00,127.35,273.59
2026-09-18 04:35:00,104.74,250.98
2026-09-18 04:40:00,97.4,243.64
2026-09-18 04:45:00,103.45,249.69
2026-09-18 04:50:00,132.07,278.31
2026-09-18 04:55:00,116.01,262.25
2026-09-18 05:00:00,147.38,293.62
2026-09-18 05:05:00,136.85,283.09
2026-09-18 05:10:00,154.16,300.4
2026-09-18 05:15:00,156.29,302.53
2026-09-18 05:20:00,158.95,305.19
2026-09-18 05:25:00,130.0,276.24
2026-09-18 05:30:00,130.92,277.16
2026-09-18 05:35:00,157.23,303.47
2026-09-18 05:40:00,146.14,292.38
2026-09-18 05:45:00,161.34,307.58
2026-09-18 05:50:00,125.72,271.96
2026-09-18 05:55:00,156.46,302.7
2026-09-18 06:00:00,139.69,285.93
2026-09-18 06:05:00,118.56,264.8
2026-09-18 06:10:00,123.08,269.32
2026-09-18 06:15:00,107.84,254.08
2026-09-18 06:20:00,114.62,260.86
2026-09-18 06:25:00,179.86,326.1
2026-09-18 06:30:00,161.12,307.36
2026-09-18 06:35:00,142.82,289.06
2026-09-18 06:40:00,138.18,284.42
2026-09-18 06:45:00,135.47,281.71
2026-09-18 06:50:00,164.68,310.92
2026-09-18 06:55:00,151.04,297.28
2026-09-18 07:00:00,170.32,316.56
2026-09-18 07:05:00,142.81,289.06
2026-09-18 07:10:00,210.39,356.64
2026-09-18 07:15:00,219.32,365.56
2026-09-18 07:20:00,189.34,335.58
2026-09-18 07:25:00,186.9,333.14
2026-09-18 07:30:00,170.76,317.0
2026-09-18 07:35:00,152.48,298.72
2026-09-18 07:40:00,152.86,299.1
2026-09-18 07:45:00,192.45,338.69
2026-09-18 07:50:00,181.04,327.28
2026-09-18 07:55:00,129.15,275.39
2026-09-18 08:00:00,137.93,284.17
2026-09-18 08:05:00,167.57,313.81
2026-09-18 08:10:00,175.64,321.88
2026-09-18 08:15:00,172.1,318.34
2026-09-18 08:20:00,198.81,345.05
2026-09-18 08:25:00,192.4,338.64
2026-09-18 08:30:00,190.91,337.15
2026-09-18 08:35:00,185.74,331.98
2026-09-18 08:40:00,209.64,355.88
2026-09-18 08:45:00,194.68,340.92
2026-09-18 08:50:00,205.21,351.45
2026-09-18 08:55:00,217.61,363.85
2026-09-18 09:00:00,232.58,378.82
2026-09-18 09:05:00,235.0,381.24
2026-09-18 09:10:00,225.88,372.12
2026-09-18 09:15:00,284.42,430.66
2026-09-18 09:20:00,247.46,393.7
2026-09-18 09:25:00,228.82,375.06
2026-09-18 09:30:00,195.77,342.01
2026-09-18 09:35:00,242.46,388.7
2026-09-18 09:40:00,223.06,369.3
2026-09-18 09:45:00,231.12,377.36
2026-09-18 09:50:00,246.6,392.84
2026-09-18 09:55:00,254.09,400.33
2026-09-18 10:00:00,245.92,392.16
2026-09-18 10:05:00,268.97,415.21
2026-09-18 10:10:00,301.68,447.92
2026-09-18 10:15:00,289.97,436.22
2026-09-18 10:20:00,324.65,470.89
2026-09-18 10:25:00,306.13,452.37
2026-09-18 10:30:00,298.05,444.29
2026-09-18 10:35:00,290.13,436.37
2026-09-18 10:40:00,311.05,457.29
2026-09-18 10:45:00,321.75,467.99
2026-09-18 10:50:00,303.78,450.02
2026-09-18 10:55:00,371.11,517.35
2026-09-18 11:00:00,297.3,443.54
2026-09-18 11:05:00,278.88,425.12
2026-09-18 11:10:00,268.29,414.53
2026-09-18 11:15:00,278.74,424.98
2026-09-18 11:20:00,228.53,374.77
2026-09-18 11:25:00,285.59,431.83
2026-09-18 11:30:00,278.29,424.53
2026-09-18 11:35:00,293.3,439.54
2026-09-18 11:40:00,246.46,392.7
2026-09-18 11:45:00,289.59,435.83
2026-09-18 11:50:00,279.13,425.37
2026-09-18 11:55:00,251.7,397.94
2026-09-18 12:00:00,306.59,452.83
2026-09-18 12:05:00,269.44,415.68
2026-09-18 12:10:00,290.07,436.31
2026-09-18 12:15:00,288.78,435.02
2026-09-18 12:20:00,329.72,475.96
2026-09-18 12:25:00,311.65,457.89
2026-09-18 12:30:00,285.27,431.51
2026-09-18 12:35:00,300.17,446.41
2026-09-18 12:40:00,331.76,478.0
2026-09-18 12:45:00,392.78,539.02
2026-09-18 12:50:00,325.32,471.56
2026-09-18 12:55:00,312.48,458.72
2026-09-18 13:00:00,365.39,511.63
2026-09-18 13:05:00,422.64,568.88
2026-09-18 13:10:00,334.39,480.63
2026-09-18 13:15:00,304.22,450.46
2026-09-18 13:20:00,328.8,475.04
2026-09-18 13:25:00,310.5,456.74
2026-09-18 13:30:00,311.24,457.48
2026-09-18 13:35:00,308.81,455.05
2026-09-18 13:40:00,396.12,542.36
2026-09-18 13:45:00,324.46,470.7
2026-09-18 13:50:00,371.53,517.77
2026-09-18 13:55:00,331.11,477.35
2026-09-18 14:00:00,338.91,485.15
2026-09-18 14:05:00,420.05,566.29
2026-09-18 14:10:00,377.5,523.74
2026-09-18 14:15:00,333.22,479.46
2026-09-18 14:20:00,379.07,525.31
2026-09-18 14:25:00,330.57,476.82
2026-09-18 14:30:00,342.56,488.8
2026-09-18 14:35:00,337.67,483.91
2026-09-18 14:40:00,346.43,492.67
2026-09-18 14:45:00,305.35,451.59
2026-09-18 14:50:00,256.62,402.86
2026-09-18 14:55:00,251.39,397.63
2026-09-18 15:00:00,286.89,433.13
2026-09-18 15:05:00,265.58,411.82
2026-09-18 15:10:00,263.64,409.88
2026-09-18 15:15:00,273.44,419.68
2026-09-18 15:20:00,362.17,508.41
2026-09-18 15:25:00,326.97,473.21
2026-09-18 15:30:00,294.1,440.34
2026-09-18 15:35:00,278.28,424.52
2026-09-18 15:40:00,359.08,505.32
2026-09-18 15:45:00,341.19,487.43
2026-09-18 15:50:00,297.0,443.24
2026-09-18 15:55:00,348.01,494.25
2026-09-18 16:00:00,371.75,517.99
2026-09-18 16:05:00,346.4,492.64
2026-09-18 16:10:00,299.36,445.6
2026-09-18 16:15:00,336.52,482.76
2026-09-18 16:20:00,262.61,408.85
2026-09-18 16:25:00,260.59,406.83
2026-09-18 16:30:00,316.03,462.27
2026-09-18 16:35:00,365.38,511.62
2026-09-18 16:40:00,303.09,449.33
2026-09-18 16:45:00,264.1,410.34
2026-09-18 16:50:00,226.44,372.68
2026-09-18 16:55:00,216.79,363.03
2026-09-18 17:00:00,234.18,380.42
2026-09-18 17:05:00,231.89,378.13
2026-09-18 17:10:00,223.09,369.33
2026-09-18 17:15:00,325.65,471.89
2026-09-18 17:20:00,293.28,439.52
2026-09-18 17:25:00,293.62,439.86
2026-09-18 17:30:00,240.68,386.92
2026-09-18 17:35:00,214.12,360.36
2026-09-18 17:40:00,219.41,365.65
2026-09-18 17:45:00,212.31,358.55
2026-09-18 17:50:00,244.78,391.03
2026-09-18 17:55:00,231.97,378.21
2026-09-18 18:00:00,208.24,354.48
2026-09-18 18:05:00,236.27,382.51
2026-09-18 18:10:00,265.68,411.92
2026-09-18 18:15:00,306.06,452.3
2026-09-18 18:20:00,299.11,445.35
2026-09-18 18:25:00,258.28,404.53
2026-09-18 18:30:00,244.8,391.04
2026-09-18 18:35:00,277.37,423.61
2026-09-18 18:40:00,197.92,344.16
2026-09-18 18:45:00,258.75,404.99
2026-09-18 18:50:00,217.37,363.61
2026-09-18 18:55:00,199.12,345.36
2026-09-18 19:00:00,186.28,332.52
2026-09-18 19:05:00,223.37,369.61
2026-09-18 19:10:00,188.25,334.49
2026-09-18 19:15:00,192.01,338.25
2026-09-18 19:20:00,210.14,356.38
2026-09-18 19:25:00,216.84,363.08
2026-09-18 19:30:00,217.94,364.18
2026-09-18 19:35:00,197.22,343.46
2026-09-18 19:40:00,227.61,373.85
2026-09-18 19:45:00,215.52,361.76
2026-09-18 19:50:00,240.86,387.1
2026-09-18 19:55:00,246.79,393.03
2026-09-18 20:00:00,252.85,399.09
2026-09-18 20:05:00,249.03,395.27
2026-09-18 20:10:00,280.13,426.37
2026-09-18 20:15:00,274.73,420.98
2026-09-18 20:20:00,214.15,360.39
2026-09-18 20:25:00,183.44,329.68
2026-09-18 20:30:00,158.58,304.82
2026-09-18 20:35:00,151.87,298.11
2026-09-18 20:40:00,154.25,300.49
2026-09-18 20:45:00,143.53,289.77
2026-09-18 20:50:00,165.29,311.53
2026-09-18 20:55:00,133.14,279.39
2026-09-18 21:00:00,104.1,250.34
2026-09-18 21:05:00,110.97,257.21
2026-09-18 21:10:00,123.06,269.3
2026-09-18 21:15:00,112.0,258.24
2026-09-18 21:20:00,117.15,263.39
2026-09-18 21:25:00,112.72,258.96
2026-09-18 21:30:00,116.62,262.86
2026-09-18 21:35:00,117.32,263.56
2026-09-18 21:40:00,117.71,263.95
2026-09-18 21:45:00,119.91,266.15
2026-09-18 21:50:00,139.44,285.69
2026-09-18 21:55:00,152.67,298.92
2026-09-18 22:00:00,145.3,291.54
2026-09-18 22:05:00,139.5,285.74
2026-09-18 22:10:00,134.62,280.86
2026-09-18 22:15:00,136.86,283.1
2026-09-18 22:20:00,144.81,291.05
2026-09-18 22:25:00,151.6,297.84
2026-09-18 22:30:00,116.19,262.43
2026-09-18 22:35:00,126.22,272.46
2026-09-18 22:40:00,130.48,276.72
2026-09-18 22:45:00,132.74,278.98
2026-09-18 22:50:00,114.13,260.37
2026-09-18 22:55:00,105.08,251.32
2026-09-18 23:00:00,129.57,275.81
2026-09-18 23:05:00,116.22,262.46
2026-09-18 23:10:00,98.55,244.79
2026-09-18 23:15:00,130.02,276.26
2026-09-18 23:20:00,139.8,286.04
2026-09-18 23:25:00,142.22,288.46
2026-09-18 23:30:00,116.41,262.66
2026-09-18 23:35:00,111.81,258.05
2026-09-18 23:40:00,131.87,278.11
2026-09-18 23:45:00,111.97,258.21
2026-09-18 23:50:00,86.78,233.02
2026-09-18 23:55:00,103.04,249.28
2026-09-19 00:00:00,100.23,246.47
2026-09-19 00:05:00,87.23,233.47
2026-09-19 00:10:00,84.85,231.09
2026-09-19 00:15:00,89.72,235.96
2026-09-19 00:20:00,91.91,238.15
2026-09-19 00:25:00,96.07,242.31
2026-09-19 00:30:00,93.13,239.37
2026-09-19 00:35:00,86.36,232.6
2026-09-19 00:40:00,75.97,222.21
2026-09-19 00:45:00,73.37,219.61
2026-09-19 00:50:00,69.2,215.44
2026-09-19 00:55:00,63.15,209.39
2026-09-19 01:00:00,71.89,218.13
2026-09-19 01:05:00,70.27,216.51
2026-09-19 01:10:00,84.1,230.34
2026-09-19 01:15:00,80.32,226.56
2026-09-19 01:20:00,76.25,222.49
2026-09-19 01:25:00,60.71,206.95
2026-09-19 01:30:00,64.26,210.5
2026-09-19 01:35:00,81.97,228.21
2026-09-19 01:40:00,83.11,229.35
2026-09-19 01:45:00,99.77,246.01
2026-09-19 01:50:00,87.57,233.81
2026-09-19 01:55:00,75.29,221.53
2026-09-19 02:00:00,101.34,247.58
2026-09-19 02:05:00,90.27,236.51
2026-09-19 02:10:00,100.3,246.54
2026-09-19 02:15:00,104.27,250.51
2026-09-19 02:20:00,93.44,239.68
2026-09-19 02:25:00,93.43,239.67
2026-09-19 02:30:00,111.97,258.21
2026-09-19 02:35:00,87.96,234.2
2026-09-19 02:40:00,78.83,225.07
2026-09-19 02:45:00,83.45,229.69
2026-09-19 02:50:00,76.43,222.67
2026-09-19 02:55:00,74.43,220.67
2026-09-19 03:00:00,97.77,244.01
2026-09-19 03:05:00,83.32,229.56
2026-09-19 03:10:00,73.93,220.17
2026-09-19 03:15:00,71.97,218.21
2026-09-19 03:20:00,82.53,228.77
2026-09-19 03:25:00,79.8,226.04
2026-09-19 03:30:00,70.66,216.9
2026-09-19 03:35:00,80.09,226.33
2026-09-19 03:40:00,96.25,242.49
2026-09-19 03:45:00,99.1,245.34
2026-09-19 03:50:00,102.65,248.89
2026-09-19 03:55:00,93.15,239.39
2026-09-19 04:00:00,85.68,231.92
2026-09-19 04:05:00,95.94,242.18
2026-09-19 04:10:00,87.67,233.91
2026-09-19 04:15:00,98.3,244.54
2026-09-19 04:20:00,112.84,259.08
2026-09-19 04:25:00,91.11,237.35
2026-09-19 04:30:00,87.28,233.52
2026-09-19 04:35:00,79.85,226.09
2026-09-19 04:40:00,80.7,226.94
2026-09-19 04:45:00,79.93,226.17
2026-09-19 04:50:00,109.7,255.94
2026-09-19 04:55:00,85.05,231.29
2026-09-19 05:00:00,110.61,256.85
2026-09-19 05:05:00,99.61,245.85
2026-09-19 05:10:00,123.95,270.19
2026-09-19 05:15:00,101.3,247.54
2026-09-19 05:20:00,96.84,243.09
2026-09-19 05:25:00,90.3,236.54
2026-09-19 05:30:00,89.25,235.49
2026-09-19 05:35:00,116.15,262.39
2026-09-19 05:40:00,111.28,257.52
2026-09-19 05:45:00,130.14,276.38
2026-09-19 05:50:00,101.21,247.45
2026-09-19 05:55:00,99.77,246.01
2026-09-19 06:00:00,94.87,241.11
2026-09-19 06:05:00,91.67,237.91
2026-09-19 06:10:00,99.15,245.39
2026-09-19 06:15:00,110.95,257.19
2026-09-19 06:20:00,115.58,261.82
2026-09-19 06:25:00,117.57,263.81
2026-09-19 06:30:00,126.43,272.67
2026-09-19 06:35:00,146.26,292.5
2026-09-19 06:40:00,107.59,253.83
2026-09-19 06:45:00,134.35,280.6
2026-09-19 06:50:00,154.11,300.35
2026-09-19 06:55:00,134.84,281.08
2026-09-19 07:00:00,117.86,264.1
2026-09-19 07:05:00,100.27,246.51
2026-09-19 07:10:00,104.67,250.91
2026-09-19 07:15:00,166.54,312.78
2026-09-19 07:20:00,146.72,292.96
2026-09-19 07:25:00,143.17,289.41
2026-09-19 07:30:00,129.67,275.91
2026-09-19 07:35:00,108.69,254.93
2026-09-19 07:40:00,137.2,283.44
2026-09-19 07:45:00,124.35,270.59
2026-09-19 07:50:00,168.28,314.52
2026-09-19 07:55:00,144.11,290.35
2026-09-19 08:00:00,155.7,301.94
2026-09-19 08:05:00,128.22,274.46
2026-09-19 08:10:00,120.84,267.08
2026-09-19 08:15:00,111.34,257.58
2026-09-19 08:20:00,98.25,244.49
2026-09-19 08:25:00,147.68,293.92
2026-09-19 08:30:00,125.09,271.33
2026-09-19 08:35:00,158.28,304.52
2026-09-19 08:40:00,160.15,306.39
2026-09-19 08:45:00,148.66,294.9
2026-09-19 08:50:00,145.72,291.96
2026-09-19 08:55:00,147.69,293.93
2026-09-19 09:00:00,149.73,295.97
2026-09-19 09:05:00,186.87,333.11
2026-09-19 09:10:00,177.04,323.28
2026-09-19 09:15:00,200.59,346.83
2026-09-19 09:20:00,196.71,342.95
2026-09-19 09:25:00,190.22,336.46
2026-09-19 09:30:00,180.1,326.34
2026-09-19 09:35:00,188.39,334.63
2026-09-19 09:40:00,204.09,350.33
2026-09-19 09:45:00,202.73,348.97
2026-09-19 09:50:00,212.27,358.51
2026-09-19 09:55:00,195.71,341.95
2026-09-19 10:00:00,174.2,320.44
2026-09-19 10:05:00,146.31,292.55
2026-09-19 10:10:00,198.25,344.49
2026-09-19 10:15:00,176.79,323.03
2026-09-19 10:20:00,210.5,356.74
2026-09-19 10:25:00,228.7,374.94
2026-09-19 10:30:00,230.56,376.8
2026-09-19 10:35:00,186.5,332.74
2026-09-19 10:40:00,181.73,327.97
2026-09-19 10:45:00,205.77,352.01
2026-09-19 10:50:00,192.5,338.74
2026-09-19 10:55:00,190.91,337.15
2026-09-19 11:00:00,241.81,388.05
2026-09-19 11:05:00,210.13,356.37
2026-09-19 11:10:00,188.48,334.73
2026-09-19 11:15:00,209.29,355.53
2026-09-19 11:20:00,244.79,391.03
2026-09-19 11:25:00,168.96,315.2
2026-09-19 11:30:00,241.38,387.62
2026-09-19 11:35:00,212.53,358.77
2026-09-19 11:40:00,216.22,362.46
2026-09-19 11:45:00,199.87,346.11
2026-09-19 11:50:00,273.72,419.96
2026-09-19 11:55:00,247.95,394.19
2026-09-19 12:00:00,241.08,387.32
2026-09-19 12:05:00,210.5,356.74
2026-09-19 12:10:00,239.79,386.03
2026-09-19 12:15:00,222.58,368.82
2026-09-19 12:20:00,236.23,382.47
2026-09-19 12:25:00,248.95,395.19
2026-09-19 12:30:00,215.29,361.53
2026-09-19 12:35:00,216.15,362.39
2026-09-19 12:40:00,246.95,393.19
2026-09-19 12:45:00,234.61,380.85
2026-09-19 12:50:00,258.25,404.49
2026-09-19 12:55:00,253.61,399.85
2026-09-19 13:00:00,247.45,393.69
2026-09-19 13:05:00,271.97,418.21
2026-09-19 13:10:00,214.56,360.8
2026-09-19 13:15:00,214.9,361.14
2026-09-19 13:20:00,265.48,411.72
2026-09-19 13:25:00,313.7,459.94
2026-09-19 13:30:00,370.25,516.49
2026-09-19 13:35:00,291.09,437.33
2026-09-19 13:40:00,287.96,434.2
2026-09-19 13:45:00,292.67,438.91
2026-09-19 13:50:00,286.0,432.24
2026-09-19 13:55:00,273.26,419.5
2026-09-19 14:00:00,282.06,428.3
2026-09-19 14:05:00,293.98,440.22
2026-09-19 14:10:00,273.98,420.22
2026-09-19 14:15:00,230.27,376.51
2026-09-19 14:20:00,249.85,396.09
2026-09-19 14:25:00,220.29,366.53
2026-09-19 14:30:00,200.41,346.65
2026-09-19 14:35:00,199.0,345.24
2026-09-19 14:40:00,193.5,339.74
2026-09-19 14:45:00,227.49,373.73
2026-09-19 14:50:00,215.3,361.54
2026-09-19 14:55:00,251.02,397.26
2026-09-19 15:00:00,251.62,397.86
2026-09-19 15:05:00,246.5,392.74
2026-09-19 15:10:00,212.47,358.71
2026-09-19 15:15:00,265.43,411.67
2026-09-19 15:20:00,252.06,398.3
2026-09-19 15:25:00,249.06,395.3
2026-09-19 15:30:00,249.54,395.78
2026-09-19 15:35:00,192.67,338.91
2026-09-19 15:40:00,194.72,340.96
2026-09-19 15:45:00,210.24,356.48
2026-09-19 15:50:00,191.1,337.34
2026-09-19 15:55:00,226.98,373.22
2026-09-19 16:00:00,253.78,400.02
2026-09-19 16:05:00,279.52,425.76
2026-09-19 16:10:00,282.3,428.54
2026-09-19 16:15:00,329.56,475.8
2026-09-19 16:20:00,275.42,421.66
2026-09-19 16:25:00,262.52,408.76
2026-09-19 16:30:00,215.85,362.09
2026-09-19 16:35:00,248.91,395.15
2026-09-19 16:40:00,178.38,324.62
2026-09-19 16:45:00,186.59,332.83
2026-09-19 16:50:00,224.98,371.22
2026-09-19 16:55:00,176.67,322.91
2026-09-19 17:00:00,191.76,338.0
2026-09-19 17:05:00,190.56,336.8
2026-09-19 17:10:00,202.76,349.0
2026-09-19 17:15:00,247.5,393.74
2026-09-19 17:20:00,219.18,365.42
2026-09-19 17:25:00,243.68,389.92
2026-09-19 17:30:00,208.44,354.68
2026-09-19 17:35:00,259.48,405.72
2026-09-19 17:40:00,253.78,400.02
2026-09-19 17:45:00,218.08,364.32
2026-09-19 17:50:00,210.85,357.09
2026-09-19 17:55:00,165.17,311.41
2026-09-19 18:00:00,159.56,305.8
2026-09-19 18:05:00,148.71,294.95
2026-09-19 18:10:00,155.02,301.26
2026-09-19 18:15:00,137.14,283.38
2026-09-19 18:20:00,127.67,273.91
2026-09-19 18:25:00,146.0,292.24
2026-09-19 18:30:00,133.83,280.07
2026-09-19 18:35:00,144.3,290.54
2026-09-19 18:40:00,110.1,256.34
2026-09-19 18:45:00,136.13,282.37
2026-09-19 18:50:00,142.68,288.92
2026-09-19 18:55:00,141.21,287.45
2026-09-19 19:00:00,149.48,295.72
2026-09-19 19:05:00,198.33,344.57
2026-09-19 19:10:00,183.42,329.66
2026-09-19 19:15:00,189.19,335.43
2026-09-19 19:20:00,190.09,336.33
2026-09-19 19:25:00,161.38,307.62
2026-09-19 19:30:00,162.29,308.53
2026-09-19 19:35:00,168.17,314.41
2026-09-19 19:40:00,167.02,313.26
2026-09-19 19:45:00,126.9,273.14
2026-09-19 19:50:00,158.52,304.76
2026-09-19 19:55:00,156.05,302.29
2026-09-19 20:00:00,152.06,298.3
2026-09-19 20:05:00,153.05,299.29
2026-09-19 20:10:00,152.8,299.04
2026-09-19 20:15:00,169.12,315.36
2026-09-19 20:20:00,161.3,307.54
2026-09-19 20:25:00,144.39,290.63
2026-09-19 20:30:00,114.12,260.36
2026-09-19 20:35:00,124.34,270.58
2026-09-19 20:40:00,101.64,247.88
2026-09-19 20:45:00,102.97,249.21
2026-09-19 20:50:00,81.05,227.29
2026-09-19 20:55:00,96.43,242.67
2026-09-19 21:00:00,114.08,260.32
2026-09-19 21:05:00,87.48,233.72
2026-09-19 21:10:00,117.3,263.54
2026-09-19 21:15:00,107.25,253.49
2026-09-19 21:20:00,86.11,232.35
2026-09-19 21:25:00,78.82,225.06
2026-09-19 21:30:00,69.0,215.24
2026-09-19 21:35:00,79.59,225.83
2026-09-19 21:40:00,93.16,239.4
2026-09-19 21:45:00,114.63,260.87
2026-09-19 21:50:00,87.7,233.94
2026-09-19 21:55:00,76.94,223.18
2026-09-19 22:00:00,78.41,224.65
2026-09-19 22:05:00,73.48,219.72
2026-09-19 22:10:00,89.52,235.76
2026-09-19 22:15:00,91.42,237.66
2026-09-19 22:20:00,84.73,230.97
2026-09-19 22:25:00,83.33,229.58
2026-09-19 22:30:00,79.23,225.47
2026-09-19 22:35:00,96.28,242.52
2026-09-19 22:40:00,109.97,256.21
2026-09-19 22:45:00,111.93,258.17
2026-09-19 22:50:00,101.7,247.94
2026-09-19 22:55:00,94.49,240.73
2026-09-19 23:00:00,95.7,241.94
2026-09-19 23:05:00,97.79,244.03
2026-09-19 23:10:00,99.17,245.41
2026-09-19 23:15:00,100.04,246.28
2026-09-19 23:20:00,103.52,249.76
2026-09-19 23:25:00,97.48,243.72
2026-09-19 23:30:00,83.22,229.46
2026-09-19 23:35:00,89.19,235.43
2026-09-19 23:40:00,94.94,241.18
2026-09-19 23:45:00,97.21,243.45
2026-09-19 23:50:00,98.32,244.56
2026-09-19 23:55:00,105.8,252.04
2026-09-20 00:00:00,82.87,229.11
2026-09-20 00:05:00,74.71,220.95
2026-09-20 00:10:00,87.98,234.22
2026-09-20 00:15:00,88.62,234.86
2026-09-20 00:20:00,107.84,254.08
2026-09-20 00:25:00,122.08,268.32
2026-09-20 00:30:00,93.93,240.17
2026-09-20 00:35:00,76.04,222.28
2026-09-20 00:40:00,61.36,207.6
2026-09-20 00:45:00,82.61,228.85
2026-09-20 00:50:00,90.86,237.1
2026-09-20 00:55:00,76.35,222.59
2026-09-20 01:00:00,65.79,212.03
2026-09-20 01:05:00,77.31,223.55
2026-09-20 01:10:00,87.71,233.95
2026-09-20 01:15:00,96.08,242.32
2026-09-20 01:20:00,94.87,241.11
2026-09-20 01:25:00,80.89,227.13
2026-09-20 01:30:00,81.72,227.96
2026-09-20 01:35:00,94.89,241.13
2026-09-20 01:40:00,96.05,242.29
2026-09-20 01:45:00,87.47,233.71
2026-09-20 01:50:00,98.1,244.34
2026-09-20 01:55:00,96.54,242.78
2026-09-20 02:00:00,94.43,240.67
2026-09-20 02:05:00,101.95,248.19
2026-09-20 02:10:00,109.85,256.09
2026-09-20 02:15:00,78.72,224.96
2026-09-20 02:20:00,84.84,231.08
2026-09-20 02:25:00,88.67,234.91
2026-09-20 02:30:00,105.11,251.36
2026-09-20 02:35:00,89.08,235.32
2026-09-20 02:40:00,76.06,222.3
2026-09-20 02:45:00,81.24,227.48
2026-09-20 02:50:00,90.35,236.59
2026-09-20 02:55:00,88.27,234.51
2026-09-20 03:00:00,87.19,233.43
2026-09-20 03:05:00,79.33,225.57
2026-09-20 03:10:00,78.01,224.25
2026-09-20 03:15:00,104.44,250.68
2026-09-20 03:20:00,81.9,228.14
2026-09-20 03:25:00,121.13,267.37
2026-09-20 03:30:00,102.95,249.19
2026-09-20 03:35:00,101.78,248.02
2026-09-20 03:40:00,90.48,236.72
2026-09-20 03:45:00,90.33,236.57
2026-09-20 03:50:00,93.81,240.05
2026-09-20 03:55:00,80.69,226.93
2026-09-20 04:00:00,75.85,222.09
2026-09-20 04:05:00,94.76,241.0
2026-09-20 04:10:00,80.43,226.67
2026-09-20 04:15:00,90.68,236.92
2026-09-20 04:20:00,91.85,238.09
2026-09-20 04:25:00,80.58,226.82
2026-09-20 04:30:00,111.61,257.85
2026-09-20 04:35:00,89.31,235.55
2026-09-20 04:40:00,88.33,234.57
2026-09-20 04:45:00,86.85,233.09
2026-09-20 04:50:00,90.08,236.32
2026-09-20 04:55:00,85.7,231.94
2026-09-20 05:00:00,96.64,242.88
2026-09-20 05:05:00,100.59,246.83
2026-09-20 05:10:00,96.19,242.43
2026-09-20 05:15:00,88.19,234.43
2026-09-20 05:20:00,99.22,245.46
2026-09-20 05:25:00,99.99,246.23
2026-09-20 05:30:00,97.29,243.53
2026-09-20 05:35:00,121.27,267.51
2026-09-20 05:40:00,107.79,254.03
2026-09-20 05:45:00,127.78,274.02
2026-09-20 05:50:00,128.37,274.61
2026-09-20 05:55:00,120.88,267.12
2026-09-20 06:00:00,122.44,268.68
2026-09-20 06:05:00,118.23,264.47
2026-09-20 06:10:00,107.72,253.96
2026-09-20 06:15:00,108.26,254.5
2026-09-20 06:20:00,92.6,238.84
2026-09-20 06:25:00,105.26,251.5
2026-09-20 06:30:00,112.36,258.6
2026-09-20 06:35:00,128.69,274.93
2026-09-20 06:40:00,112.45,258.69
2026-09-20 06:45:00,125.16,271.4
2026-09-20 06:50:00,107.32,253.56
2026-09-20 06:55:00,103.48,249.72
2026-09-20 07:00:00,97.28,243.52
2026-09-20 07:05:00,105.73,251.97
2026-09-20 07:10:00,106.82,253.06
2026-09-20 07:15:00,125.34,271.58
2026-09-20 07:20:00,131.15,277.4
2026-09-20 07:25:00,139.13,285.37
2026-09-20 07:30:00,121.08,267.32
2026-09-20 07:35:00,164.71,310.95
2026-09-20 07:40:00,152.06,298.3
2026-09-20 07:45:00,120.94,267.18
2026-09-20 07:50:00,120.67,266.91
2026-09-20 07:55:00,109.01,255.25
2026-09-20 08:00:00,123.13,269.37
2026-09-20 08:05:00,137.43,283.67
2026-09-20 08:10:00,140.4,286.64
2026-09-20 08:15:00,165.64,311.88
2026-09-20 08:20:00,138.97,285.21
2026-09-20 08:25:00,157.2,303.44
2026-09-20 08:30:00,152.05,298.29
2026-09-20 08:35:00,173.71,319.95
2026-09-20 08:40:00,186.78,333.02
2026-09-20 08:45:00,160.77,307.01
2026-09-20 08:50:00,167.66,313.9
2026-09-20 08:55:00,120.05,266.29
2026-09-20 09:00:00,135.4,281.64
2026-09-20 09:05:00,181.08,327.32
2026-09-20 09:10:00,202.49,348.73
2026-09-20 09:15:00,201.41,347.65
2026-09-20 09:20:00,197.05,343.29
2026-09-20 09:25:00,179.43,325.67
2026-09-20 09:30:00,148.12,294.36
2026-09-20 09:35:00,154.78,301.02
2026-09-20 09:40:00,127.84,274.08
2026-09-20 09:45:00,171.0,317.24
2026-09-20 09:50:00,189.99,336.23
2026-09-20 09:55:00,199.6,345.84
2026-09-20 10:00:00,184.79,331.03
2026-09-20 10:05:00,175.06,321.3
2026-09-20 10:10:00,149.03,295.27
2026-09-20 10:15:00,179.29,325.53
2026-09-20 10:20:00,198.17,344.41
2026-09-20 10:25:00,195.06,341.3
2026-09-20 10:30:00,191.35,337.59
2026-09-20 10:35:00,173.83,320.07
2026-09-20 10:40:00,235.58,381.82
2026-09-20 10:45:00,205.33,351.57
2026-09-20 10:50:00,205.0,351.24
2026-09-20 10:55:00,202.35,348.59
2026-09-20 11:00:00,183.12,329.36
2026-09-20 11:05:00,202.81,349.05
2026-09-20 11:10:00,202.04,348.28
2026-09-20 11:15:00,222.86,369.1
2026-09-20 11:20:00,225.08,371.32
2026-09-20 11:25:00,192.75,338.99
2026-09-20 11:30:00,242.53,388.77
2026-09-20 11:35:00,226.84,373.08
2026-09-20 11:40:00,213.99,360.23
2026-09-20 11:45:00,224.47,370.71
2026-09-20 11:50:00,232.07,378.31
2026-09-20 11:55:00,239.3,385.54
2026-09-20 12:00:00,260.95,407.19
2026-09-20 12:05:00,240.47,386.71
2026-09-20 12:10:00,244.5,390.75
2026-09-20 12:15:00,197.27,343.51
2026-09-20 12:20:00,180.89,327.13
2026-09-20 12:25:00,185.03,331.27
2026-09-20 12:30:00,266.3,412.54
2026-09-20 12:35:00,208.31,354.55
2026-09-20 12:40:00,258.67,404.91
2026-09-20 12:45:00,239.39,385.63
2026-09-20 12:50:00,274.71,420.95
2026-09-20 12:55:00,215.7,361.94
2026-09-20 13:00:00,229.27,375.51
2026-09-20 13:05:00,268.47,414.71
2026-09-20 13:10:00,272.57,418.81
2026-09-20 13:15:00,254.35,400.59
2026-09-20 13:20:00,207.52,353.76
2026-09-20 13:25:00,197.75,343.99
2026-09-20 13:30:00,276.61,422.85
2026-09-20 13:35:00,239.18,385.42
2026-09-20 13:40:00,252.31,398.55
2026-09-20 13:45:00,264.06,410.3
2026-09-20 13:50:00,207.89,354.13
2026-09-20 13:55:00,240.8,387.04
2026-09-20 14:00:00,232.86,379.1
2026-09-20 14:05:00,268.16,414.41
2026-09-20 14:10:00,235.71,381.95
2026-09-20 14:15:00,202.35,348.59
2026-09-20 14:20:00,235.99,382.23
2026-09-20 14:25:00,246.43,392.67
2026-09-20 14:30:00,253.76,400.0
2026-09-20 14:35:00,265.14,411.38
2026-09-20 14:40:00,261.76,408.0
2026-09-20 14:45:00,261.12,407.36
2026-09-20 14:50:00,228.93,375.17
2026-09-20 14:55:00,227.62,373.86
2026-09-20 15:00:00,258.74,404.98
2026-09-20 15:05:00,262.41,408.65
2026-09-20 15:10:00,229.79,376.03
2026-09-20 15:15:00,214.64,360.88
2026-09-20 15:20:00,258.34,404.58
2026-09-20 15:25:00,245.92,392.16
2026-09-20 15:30:00,253.87,400.11
2026-09-20 15:35:00,284.84,431.08
2026-09-20 15:40:00,274.16,420.4
2026-09-20 15:45:00,306.19,452.43
2026-09-20 15:50:00,231.75,377.99
2026-09-20 15:55:00,253.52,399.76
2026-09-20 16:00:00,254.26,400.5
2026-09-20 16:05:00,242.09,388.33
2026-09-20 16:10:00,287.19,433.43
2026-09-20 16:15:00,267.45,413.69
2026-09-20 16:20:00,231.49,377.73
2026-09-20 16:25:00,208.36,354.6
2026-09-20 16:30:00,224.87,371.11
2026-09-20 16:35:00,221.41,367.65
2026-09-20 16:40:00,206.02,352.26
2026-09-20 16:45:00,201.34,347.58
2026-09-20 16:50:00,203.6,349.84
2026-09-20 16:55:00,179.54,325.78
2026-09-20 17:00:00,199.29,345.53
2026-09-20 17:05:00,213.47,359.71
2026-09-20 17:10:00,176.68,322.92
2026-09-20 17:15:00,194.56,340.8
2026-09-20 17:20:00,166.12,312.36
2026-09-20 17:25:00,206.54,352.78
2026-09-20 17:30:00,175.07,321.31
2026-09-20 17:35:00,181.5,327.74
2026-09-20 17:40:00,207.16,353.4
2026-09-20 17:45:00,253.05,399.29
2026-09-20 17:50:00,230.29,376.54
2026-09-20 17:55:00,175.87,322.11
2026-09-20 18:00:00,175.02,321.26
2026-09-20 18:05:00,152.7,298.94
2026-09-20 18:10:00,127.93,274.17
2026-09-20 18:15:00,139.19,285.43
2026-09-20 18:20:00,155.37,301.61
2026-09-20 18:25:00,140.39,286.63
2026-09-20 18:30:00,159.94,306.18
2026-09-20 18:35:00,174.73,320.97
2026-09-20 18:40:00,170.37,316.61
2026-09-20 18:45:00,167.33,313.57
2026-09-20 18:50:00,160.02,306.26
2026-09-20 18:55:00,167.42,313.66
2026-09-20 19:00:00,150.2,296.44
2026-09-20 19:05:00,176.6,322.84
2026-09-20 19:10:00,151.02,297.26
2026-09-20 19:15:00,155.81,302.05
2026-09-20 19:20:00,172.97,319.21
2026-09-20 19:25:00,191.15,337.39
2026-09-20 19:30:00,194.58,340.82
2026-09-20 19:35:00,171.36,317.6
2026-09-20 19:40:00,174.63,320.87
2026-09-20 19:45:00,136.3,282.54
2026-09-20 19:50:00,130.22,276.46
2026-09-20 19:55:00,143.05,289.29
2026-09-20 20:00:00,157.73,303.97
2026-09-20 20:05:00,164.17,310.41
2026-09-20 20:10:00,174.22,320.46
2026-09-20 20:15:00,197.16,343.4
2026-09-20 20:20:00,149.78,296.02
2026-09-20 20:25:00,161.21,307.45
2026-09-20 20:30:00,129.23,275.47
2026-09-20 20:35:00,132.58,278.82
2026-09-20 20:40:00,126.36,272.6
2026-09-20 20:45:00,139.19,285.43
2026-09-20 20:50:00,113.48,259.72
2026-09-20 20:55:00,121.57,267.81
2026-09-20 21:00:00,81.48,227.72
2026-09-20 21:05:00,100.12,246.36
2026-09-20 21:10:00,107.87,254.11
2026-09-20 21:15:00,102.03,248.27
2026-09-20 21:20:00,81.66,227.9
2026-09-20 21:25:00,81.85,228.09
2026-09-20 21:30:00,98.97,245.21
2026-09-20 21:35:00,93.41,239.65
2026-09-20 21:40:00,103.5,249.74
2026-09-20 21:45:00,92.73,238.97
2026-09-20 21:50:00,104.04,250.28
2026-09-20 21:55:00,92.4,238.64
2026-09-20 22:00:00,85.24,231.48
2026-09-20 22:05:00,89.78,236.02
2026-09-20 22:10:00,115.61,261.85
2026-09-20 22:15:00,108.61,254.85
2026-09-20 22:20:00,108.17,254.41
2026-09-20 22:25:00,122.5,268.75
2026-09-20 22:30:00,122.75,268.99
2026-09-20 22:35:00,125.41,271.65
2026-09-20 22:40:00,110.37,256.61
2026-09-20 22:45:00,112.76,259.0
2026-09-20 22:50:00,106.9,253.14
2026-09-20 22:55:00,83.21,229.46
2026-09-20 23:00:00,92.61,238.85
2026-09-20 23:05:00,88.22,234.46
2026-09-20 23:10:00,84.37,230.61
2026-09-20 23:15:00,91.81,238.05
2026-09-20 23:20:00,83.79,230.03
2026-09-20 23:25:00,178.43,324.67
2026-09-20 23:30:00,582.79,729.03
2026-09-20 23:35:00,752.91,899.15
2026-09-20 23:40:00,771.19,917.43
2026-09-20 23:45:00,753.03,899.27
2026-09-20 23:50:00,703.35,849.59
2026-09-20 23:55:00,661.36,807.6
2026-09-21 00:00:00,599.37,745.61
2026-09-21 00:05:00,528.94,675.18
2026-09-21 00:10:00,412.18,558.42
2026-09-21 00:15:00,343.93,490.17
2026-09-21 00:20:00,193.4,339.64
2026-09-21 00:25:00,111.72,257.96
2026-09-21 00:30:00,76.41,222.65
2026-09-21 00:35:00,67.28,213.52
2026-09-21 00:40:00,74.51,220.75
2026-09-21 00:45:00,90.74,236.98
2026-09-21 00:50:00,111.27,257.51
2026-09-21 00:55:00,103.01,249.25
2026-09-21 01:00:00,110.52,256.76
2026-09-21 01:05:00,109.93,256.17
2026-09-21 01:10:00,122.36,268.6
2026-09-21 01:15:00,116.99,263.23
2026-09-21 01:20:00,111.22,257.46
2026-09-21 01:25:00,122.52,268.76
2026-09-21 01:30:00,95.93,242.17
2026-09-21 01:35:00,85.22,231.46
2026-09-21 01:40:00,103.34,249.59
2026-09-21 01:45:00,113.27,259.51
2026-09-21 01:50:00,97.29,243.53
2026-09-21 01:55:00,87.54,233.78
2026-09-21 02:00:00,90.95,237.19
2026-09-21 02:05:00,125.02,271.26
2026-09-21 02:10:00,134.98,281.22
2026-09-21 02:15:00,143.17,289.41
2026-09-21 02:20:00,103.26,249.5
2026-09-21 02:25:00,102.32,248.56
2026-09-21 02:30:00,100.1,246.34
2026-09-21 02:35:00,117.15,263.39
2026-09-21 02:40:00,120.86,267.1
2026-09-21 02:45:00,124.27,270.51
2026-09-21 02:50:00,118.55,264.79
2026-09-21 02:55:00,117.64,263.88
2026-09-21 03:00:00,109.35,255.59
2026-09-21 03:05:00,117.01,263.25
2026-09-21 03:10:00,103.55,249.79
2026-09-21 03:15:00,98.24,244.48
2026-09-21 03:20:00,118.85,265.09
2026-09-21 03:25:00,115.02,261.26
2026-09-21 03:30:00,116.31,262.55
2026-09-21 03:35:00,116.74,262.98
2026-09-21 03:40:00,129.71,275.95
2026-09-21 03:45:00,128.65,274.89
2026-09-21 03:50:00,116.1,262.34
2026-09-21 03:55:00,120.18,266.42
2026-09-21 04:00:00,123.15,269.39
2026-09-21 04:05:00,126.45,272.69
2026-09-21 04:10:00,138.78,285.02
2026-09-21 04:15:00,122.63,268.87
2026-09-21 04:20:00,134.31,280.55
2026-09-21 04:25:00,107.53,253.77
2026-09-21 04:30:00,113.81,260.05
2026-09-21 04:35:00,110.81,257.05
2026-09-21 04:40:00,146.26,292.5
2026-09-21 04:45:00,131.53,277.77
2026-09-21 04:50:00,143.38,289.62
2026-09-21 04:55:00,108.09,254.33
2026-09-21 05:00:00,116.64,262.88
2026-09-21 05:05:00,113.22,259.46
2026-09-21 05:10:00,161.13,307.37
2026-09-21 05:15:00,136.25,282.49
2026-09-21 05:20:00,132.74,278.98
2026-09-21 05:25:00,135.3,281.54
2026-09-21 05:30:00,117.92,264.16
2026-09-21 05:35:00,122.18,268.42
2026-09-21 05:40:00,132.93,279.17
2026-09-21 05:45:00,146.16,292.4
2026-09-21 05:50:00,114.26,260.5
2026-09-21 05:55:00,108.56,254.8
2026-09-21 06:00:00,143.09,289.33
2026-09-21 06:05:00,157.38,303.62
2026-09-21 06:10:00,167.69,313.93
2026-09-21 06:15:00,146.16,292.4
2026-09-21 06:20:00,172.92,319.16
2026-09-21 06:25:00,154.14,300.38
2026-09-21 06:30:00,179.71,325.95
2026-09-21 06:35:00,169.25,315.49
2026-09-21 06:40:00,125.87,272.11
2026-09-21 06:45:00,154.77,301.01
2026-09-21 06:50:00,149.36,295.6
2026-09-21 06:55:00,150.46,296.7
2026-09-21 07:00:00,144.92,291.16
2026-09-21 07:05:00,181.07,327.31
2026-09-21 07:10:00,164.94,311.18
2026-09-21 07:15:00,214.71,360.95
2026-09-21 07:20:00,183.51,329.75
2026-09-21 07:25:00,174.34,320.58
2026-09-21 07:30:00,202.8,349.04
2026-09-21 07:35:00,179.67,325.91
2026-09-21 07:40:00,178.67,324.91
2026-09-21 07:45:00,149.07,295.31
2026-09-21 07:50:00,157.54,303.78
2026-09-21 07:55:00,160.77,307.01
2026-09-21 08:00:00,153.4,299.64
2026-09-21 08:05:00,144.0,290.24
2026-09-21 08:10:00,161.76,308.01
2026-09-21 08:15:00,168.32,314.56
2026-09-21 08:20:00,205.59,351.83
2026-09-21 08:25:00,204.17,350.41
2026-09-21 08:30:00,171.28,317.52
2026-09-21 08:35:00,259.93,406.17
2026-09-21 08:40:00,223.55,369.79
2026-09-21 08:45:00,205.49,351.73
2026-09-21 08:50:00,207.42,353.66
2026-09-21 08:55:00,194.54,340.78
2026-09-21 09:00:00,204.68,350.92
2026-09-21 09:05:00,243.13,389.37
2026-09-21 09:10:00,252.03,398.27
2026-09-21 09:15:00,282.33,428.57
2026-09-21 09:20:00,255.69,401.93
2026-09-21 09:25:00,247.4,393.64
2026-09-21 09:30:00,231.33,377.58
2026-09-21 09:35:00,260.52,406.76
2026-09-21 09:40:00,204.53,350.77
2026-09-21 09:45:00,299.59,445.83
2026-09-21 09:50:00,264.84,411.08
2026-09-21 09:55:00,243.09,389.33
2026-09-21 10:00:00,215.44,361.68
2026-09-21 10:05:00,192.9,339.14
2026-09-21 10:10:00,252.37,398.61
2026-09-21 10:15:00,326.98,473.22
2026-09-21 10:20:00,286.33,432.57
2026-09-21 10:25:00,299.15,445.39
2026-09-21 10:30:00,281.87,428.11
2026-09-21 10:35:00,286.28,432.52
2026-09-21 10:40:00,350.82,497.06
2026-09-21 10:45:00,363.67,509.91
2026-09-21 10:50:00,300.54,446.78
2026-09-21 10:55:00,317.04,463.28
2026-09-21 11:00:00,302.57,448.81
2026-09-21 11:05:00,286.27,432.51
2026-09-21 11:10:00,251.15,397.39
2026-09-21 11:15:00,258.09,404.33
2026-09-21 11:20:00,305.83,452.07
2026-09-21 11:25:00,322.7,468.94
2026-09-21 11:30:00,313.63,459.88
2026-09-21 11:35:00,312.71,458.95
2026-09-21 11:40:00,336.16,482.4
2026-09-21 11:45:00,267.84,414.08
2026-09-21 11:50:00,270.91,417.15
2026-09-21 11:55:00,354.87,501.11
2026-09-21 12:00:00,358.77,505.01
2026-09-21 12:05:00,283.0,429.24
2026-09-21 12:10:00,313.86,460.1
2026-09-21 12:15:00,330.55,476.79
2026-09-21 12:20:00,251.68,397.92
2026-09-21 12:25:00,302.24,448.48
2026-09-21 12:30:00,296.05,442.29
2026-09-21 12:35:00,263.91,410.15
2026-09-21 12:40:00,293.11,439.35
2026-09-21 12:45:00,313.85,460.09
2026-09-21 12:50:00,316.07,462.31
2026-09-21 12:55:00,314.67,460.91
2026-09-21 13:00:00,296.86,443.1
2026-09-21 13:05:00,257.15,403.39
2026-09-21 13:10:00,266.14,412.38
2026-09-21 13:15:00,333.14,479.38
2026-09-21 13:20:00,342.69,488.93
2026-09-21 13:25:00,339.53,485.77
2026-09-21 13:30:00,313.48,459.72
2026-09-21 13:35:00,295.4,441.64
2026-09-21 13:40:00,350.74,496.98
2026-09-21 13:45:00,409.58,555.82
2026-09-21 13:50:00,441.37,587.61
2026-09-21 13:55:00,485.34,631.58
2026-09-21 14:00:00,638.04,784.28
2026-09-21 14:05:00,723.33,869.57
2026-09-21 14:10:00,681.13,827.37
2026-09-21 14:15:00,684.79,831.03
2026-09-21 14:20:00,757.68,903.92
2026-09-21 14:25:00,717.18,863.42
2026-09-21 14:30:00,752.12,898.36
2026-09-21 14:35:00,704.17,850.41
2026-09-21 14:40:00,624.4,770.64
2026-09-21 14:45:00,572.67,718.91
2026-09-21 14:50:00,554.56,700.8
2026-09-21 14:55:00,547.65,693.89
2026-09-21 15:00:00,616.54,762.78
2026-09-21 15:05:00,602.01,748.25
2026-09-21 15:10:00,600.39,746.63
2026-09-21 15:15:00,600.07,746.31
2026-09-21 15:20:00,527.7,673.94
2026-09-21 15:25:00,529.88,676.12
2026-09-21 15:30:00,543.45,689.69
2026-09-21 15:35:00,558.28,704.52
2026-09-21 15:40:00,525.63,671.87
2026-09-21 15:45:00,485.04,631.28
2026-09-21 15:50:00,449.34,595.58
2026-09-21 15:55:00,459.68,605.92
2026-09-21 16:00:00,558.66,704.9
2026-09-21 16:05:00,527.73,673.97
2026-09-21 16:10:00,402.0,548.24
2026-09-21 16:15:00,358.38,504.62
2026-09-21 16:20:00,311.87,458.11
2026-09-21 16:25:00,313.81,460.05
2026-09-21 16:30:00,272.07,418.31
2026-09-21 16:35:00,265.82,412.06
2026-09-21 16:40:00,267.68,413.92
2026-09-21 16:45:00,300.18,446.42
2026-09-21 16:50:00,303.9,450.14
2026-09-21 16:55:00,334.07,480.31
2026-09-21 17:00:00,307.44,453.68
2026-09-21 17:05:00,309.13,455.37
2026-09-21 17:10:00,389.89,536.13
2026-09-21 17:15:00,345.41,491.65
2026-09-21 17:20:00,260.76,407.0
2026-09-21 17:25:00,252.8,399.04
2026-09-21 17:30:00,295.69,441.93
2026-09-21 17:35:00,245.78,392.02
2026-09-21 17:40:00,242.58,388.82
2026-09-21 17:45:00,292.76,439.0
2026-09-21 17:50:00,273.95,420.19
2026-09-21 17:55:00,231.62,377.86
2026-09-21 18:00:00,256.99,403.23
2026-09-21 18:05:00,240.95,387.19
2026-09-21 18:10:00,190.68,336.92
2026-09-21 18:15:00,175.17,321.41
2026-09-21 18:20:00,228.12,374.36
2026-09-21 18:25:00,239.02,385.26
2026-09-21 18:30:00,204.53,350.77
2026-09-21 18:35:00,194.35,340.59
2026-09-21 18:40:00,198.36,344.6
2026-09-21 18:45:00,249.26,395.5
2026-09-21 18:50:00,210.53,356.77
2026-09-21 18:55:00,195.79,342.03
2026-09-21 19:00:00,172.31,318.55
2026-09-21 19:05:00,197.67,343.91
2026-09-21 19:10:00,208.99,355.23
2026-09-21 19:15:00,265.52,411.76
2026-09-21 19:20:00,238.32,384.56
2026-09-21 19:25:00,225.16,371.4
2026-09-21 19:30:00,230.65,376.89
2026-09-21 19:35:00,224.34,370.58
2026-09-21 19:40:00,213.43,359.67
2026-09-21 19:45:00,242.26,388.5
2026-09-21 19:50:00,229.28,375.52
2026-09-21 19:55:00,236.77,383.01
2026-09-21 20:00:00,238.58,384.82
2026-09-21 20:05:00,233.68,379.92
2026-09-21 20:10:00,238.57,384.81
2026-09-21 20:15:00,216.73,362.97
2026-09-21 20:20:00,204.93,351.17
2026-09-21 20:25:00,199.41,345.65
2026-09-21 20:30:00,194.84,341.08
2026-09-21 20:35:00,172.45,318.69
2026-09-21 20:40:00,149.23,295.47
2026-09-21 20:45:00,164.7,310.94
2026-09-21 20:50:00,159.86,306.1
2026-09-21 20:55:00,136.89,283.13
2026-09-21 21:00:00,156.01,302.25
2026-09-21 21:05:00,151.31,297.55
2026-09-21 21:10:00,151.43,297.68
2026-09-21 21:15:00,134.7,280.94
2026-09-21 21:20:00,143.66,289.9
2026-09-21 21:25:00,147.56,293.8
2026-09-21 21:30:00,109.19,255.43
2026-09-21 21:35:00,127.03,273.27
2026-09-21 21:40:00,139.56,285.8
2026-09-21 21:45:00,100.18,246.42
2026-09-21 21:50:00,114.7,260.94
2026-09-21 21:55:00,124.51,270.75
2026-09-21 22:00:00,138.65,284.89
2026-09-21 22:05:00,147.11,293.36
2026-09-21 22:10:00,136.0,282.24
2026-09-21 22:15:00,116.35,262.59
2026-09-21 22:20:00,109.63,255.87
2026-09-21 22:25:00,127.28,273.52
2026-09-21 22:30:00,139.7,285.94
2026-09-21 22:35:00,160.4,306.64
2026-09-21 22:40:00,133.55,279.8
2026-09-21 22:45:00,145.33,291.57
2026-09-21 22:50:00,113.41,259.65
2026-09-21 22:55:00,111.86,258.1
2026-09-21 23:00:00,121.06,267.3
2026-09-21 23:05:00,129.96,276.2
2026-09-21 23:10:00,152.29,298.53
2026-09-21 23:15:00,140.01,286.25
2026-09-21 23:20:00,129.29,275.53
2026-09-21 23:25:00,137.67,283.91
2026-09-21 23:30:00,106.99,253.23
2026-09-21 23:35:00,137.78,284.02
2026-09-21 23:40:00,134.77,281.01
2026-09-21 23:45:00,147.23,293.47
2026-09-21 23:50:00,118.87,265.11
2026-09-21 23:55:00,125.28,271.52
2026-09-22 00:00:00,118.18,264.42
2026-09-22 00:05:00,109.8,256.04
2026-09-22 00:10:00,103.26,249.5
2026-09-22 00:15:00,92.42,238.67
2026-09-22 00:20:00,103.14,249.38
2026-09-22 00:25:00,111.93,258.17
2026-09-22 00:30:00,106.29,252.53
2026-09-22 00:35:00,110.97,257.21
2026-09-22 00:40:00,118.2,264.44
2026-09-22 00:45:00,114.49,260.73
2026-09-22 00:50:00,104.69,250.93
2026-09-22 00:55:00,97.61,243.85
2026-09-22 01:00:00,94.41,240.65
2026-09-22 01:05:00,107.37,253.61
2026-09-22 01:10:00,128.59,274.83
2026-09-22 01:15:00,110.04,256.28
2026-09-22 01:20:00,145.28,291.52
2026-09-22 01:25:00,111.25,257.49
2026-09-22 01:30:00,117.73,263.97
2026-09-22 01:35:00,107.56,253.8
2026-09-22 01:40:00,123.49,269.73
2026-09-22 01:45:00,123.51,269.75
2026-09-22 01:50:00,112.22,258.46
2026-09-22 01:55:00,99.16,245.4
2026-09-22 02:00:00,103.32,249.56
2026-09-22 02:05:00,123.42,269.66
2026-09-22 02:10:00,119.47,265.71
2026-09-22 02:15:00,110.38,256.62
2026-09-22 02:20:00,96.03,242.27
2026-09-22 02:25:00,105.09,251.33
2026-09-22 02:30:00,112.96,259.2
2026-09-22 02:35:00,111.68,257.92
2026-09-22 02:40:00,121.05,267.29
2026-09-22 02:45:00,133.66,279.9
2026-09-22 02:50:00,120.56,266.8
2026-09-22 02:55:00,123.49,269.73
2026-09-22 03:00:00,123.13,269.37
2026-09-22 03:05:00,98.96,245.21
2026-09-22 03:10:00,93.57,239.81
2026-09-22 03:15:00,102.74,248.98
2026-09-22 03:20:00,101.78,248.02
2026-09-22 03:25:00,105.37,251.61
2026-09-22 03:30:00,110.54,256.78
2026-09-22 03:35:00,103.93,250.17
2026-09-22 03:40:00,103.27,249.51
2026-09-22 03:45:00,134.64,280.88
2026-09-22 03:50:00,113.94,260.18
2026-09-22 03:55:00,113.33,259.57
2026-09-22 04:00:00,102.7,248.94
2026-09-22 04:05:00,101.53,247.78
2026-09-22 04:10:00,109.41,255.65
2026-09-22 04:15:00,105.99,252.23
2026-09-22 04:20:00,124.79,271.03
2026-09-22 04:25:00,143.46,289.7
2026-09-22 04:30:00,145.88,292.12
2026-09-22 04:35:00,145.76,292.0
2026-09-22 04:40:00,124.65,270.89
2026-09-22 04:45:00,119.16,265.4
2026-09-22 04:50:00,133.49,279.73
2026-09-22 04:55:00,136.51,282.75
2026-09-22 05:00:00,162.22,308.46
2026-09-22 05:05:00,163.57,309.81
2026-09-22 05:10:00,153.59,299.83
2026-09-22 05:15:00,184.92,331.16
2026-09-22 05:20:00,156.32,302.56
2026-09-22 05:25:00,138.79,285.03
2026-09-22 05:30:00,139.98,286.22
2026-09-22 05:35:00,127.44,273.68
2026-09-22 05:40:00,128.72,274.96
2026-09-22 05:45:00,119.55,265.79
2026-09-22 05:50:00,121.04,267.28
2026-09-22 05:55:00,118.99,265.23
2026-09-22 06:00:00,145.88,292.12
2026-09-22 06:05:00,167.4,313.64
2026-09-22 06:10:00,138.18,284.42
2026-09-22 06:15:00,183.19,329.43
2026-09-22 06:20:00,171.23,317.47
2026-09-22 06:25:00,158.62,304.86
2026-09-22 06:30:00,130.72,276.96
2026-09-22 06:35:00,134.58,280.82
2026-09-22 06:40:00,156.2,302.44
2026-09-22 06:45:00,158.2,304.44
2026-09-22 06:50:00,160.05,306.29
2026-09-22 06:55:00,164.95,311.19
2026-09-22 07:00:00,154.28,300.52
2026-09-22 07:05:00,150.77,297.01
2026-09-22 07:10:00,185.76,332.0
2026-09-22 07:15:00,212.63,358.87
2026-09-22 07:20:00,187.69,333.93
2026-09-22 07:25:00,223.52,369.76
2026-09-22 07:30:00,180.48,326.72
2026-09-22 07:35:00,153.55,299.79
2026-09-22 07:40:00,204.8,351.04
2026-09-22 07:45:00,195.05,341.29
2026-09-22 07:50:00,183.54,329.78
2026-09-22 07:55:00,162.21,308.45
2026-09-22 08:00:00,160.9,307.14
2026-09-22 08:05:00,161.95,308.19
2026-09-22 08:10:00,181.32,327.56
2026-09-22 08:15:00,177.21,323.45
2026-09-22 08:20:00,153.11,299.35
2026-09-22 08:25:00,187.79,334.03
2026-09-22 08:30:00,170.25,316.49
2026-09-22 08:35:00,164.79,311.03
2026-09-22 08:40:00,215.14,361.38
2026-09-22 08:45:00,263.03,409.27
2026-09-22 08:50:00,294.5,440.74
2026-09-22 08:55:00,259.45,405.69
2026-09-22 09:00:00,228.77,375.01
2026-09-22 09:05:00,227.86,374.1
2026-09-22 09:10:00,242.49,388.73
2026-09-22 09:15:00,239.83,386.07
2026-09-22 09:20:00,241.09,387.33
2026-09-22 09:25:00,196.85,343.09
2026-09-22 09:30:00,191.88,338.12
2026-09-22 09:35:00,231.01,377.25
2026-09-22 09:40:00,201.98,348.22
2026-09-22 09:45:00,213.29,359.53
2026-09-22 09:50:00,251.31,397.55
2026-09-22 09:55:00,290.54,436.78
2026-09-22 10:00:00,240.79,387.03
2026-09-22 10:05:00,205.15,351.39
2026-09-22 10:10:00,209.42,355.66
2026-09-22 10:15:00,193.3,339.54
2026-09-22 10:20:00,202.39,348.63
2026-09-22 10:25:00,227.11,373.35
2026-09-22 10:30:00,282.12,428.36
2026-09-22 10:35:00,254.89,401.13
2026-09-22 10:40:00,262.6,408.84
2026-09-22 10:45:00,248.04,394.28
2026-09-22 10:50:00,274.14,420.38
2026-09-22 10:55:00,356.09,502.33
2026-09-22 11:00:00,284.3,430.54
2026-09-22 11:05:00,337.31,483.55
2026-09-22 11:10:00,319.63,465.88
2026-09-22 11:15:00,317.14,463.38
2026-09-22 11:20:00,308.07,454.31
2026-09-22 11:25:00,289.98,436.22
2026-09-22 11:30:00,368.51,514.75
2026-09-22 11:35:00,349.51,495.75
2026-09-22 11:40:00,326.15,472.39
2026-09-22 11:45:00,296.32,442.56
2026-09-22 11:50:00,328.45,474.69
2026-09-22 11:55:00,274.98,421.22
2026-09-22 12:00:00,308.72,454.96
2026-09-22 12:05:00,412.37,558.61
2026-09-22 12:10:00,312.78,459.02
2026-09-22 12:15:00,295.71,441.95
2026-09-22 12:20:00,311.86,458.1
2026-09-22 12:25:00,317.37,463.61
2026-09-22 12:30:00,306.24,452.48
2026-09-22 12:35:00,319.64,465.88
2026-09-22 12:40:00,308.11,454.35
2026-09-22 12:45:00,330.9,477.14
2026-09-22 12:50:00,307.75,453.99
2026-09-22 12:55:00,400.44,546.68
2026-09-22 13:00:00,361.85,508.09
2026-09-22 13:05:00,351.81,498.05
2026-09-22 13:10:00,312.74,458.98
2026-09-22 13:15:00,352.6,498.84
2026-09-22 13:20:00,366.18,512.42
2026-09-22 13:25:00,364.01,510.25
2026-09-22 13:30:00,324.55,470.79
2026-09-22 13:35:00,288.47,434.71
2026-09-22 13:40:00,385.34,531.58
2026-09-22 13:45:00,337.49,483.73
2026-09-22 13:50:00,339.85,486.09
2026-09-22 13:55:00,309.18,455.42
2026-09-22 14:00:00,351.76,498.0
2026-09-22 14:05:00,332.92,479.16
2026-09-22 14:10:00,293.8,440.04
2026-09-22 14:15:00,287.69,433.93
2026-09-22 14:20:00,309.63,455.87
2026-09-22 14:25:00,323.58,469.82
2026-09-22 14:30:00,321.12,467.36
2026-09-22 14:35:00,306.63,452.87
2026-09-22 14:40:00,297.2,443.44
2026-09-22 14:45:00,293.99,440.23
2026-09-22 14:50:00,308.86,455.1
2026-09-22 14:55:00,356.69,502.94
2026-09-22 15:00:00,333.19,479.43
2026-09-22 15:05:00,342.24,488.48
2026-09-22 15:10:00,391.39,537.63
2026-09-22 15:15:00,363.99,510.23
2026-09-22 15:20:00,312.03,458.27
2026-09-22 15:25:00,348.51,494.75
2026-09-22 15:30:00,311.99,458.23
2026-09-22 15:35:00,267.44,413.68
2026-09-22 15:40:00,264.93,411.17
2026-09-22 15:45:00,273.78,420.02
2026-09-22 15:50:00,265.87,412.11
2026-09-22 15:55:00,317.09,463.33
2026-09-22 16:00:00,362.17,508.41
2026-09-22 16:05:00,359.03,505.27
2026-09-22 16:10:00,338.09,484.34
2026-09-22 16:15:00,331.02,477.26
2026-09-22 16:20:00,242.61,388.85
2026-09-22 16:25:00,282.93,429.17
2026-09-22 16:30:00,220.5,366.74
2026-09-22 16:35:00,223.3,369.54
2026-09-22 16:40:00,212.05,358.29
2026-09-22 16:45:00,285.1,431.34
2026-09-22 16:50:00,258.89,405.13
2026-09-22 16:55:00,308.8,455.04
2026-09-22 17:00:00,297.09,443.33
2026-09-22 17:05:00,293.71,439.95
2026-09-22 17:10:00,300.43,446.67
2026-09-22 17:15:00,347.4,493.64
2026-09-22 17:20:00,310.38,456.62
2026-09-22 17:25:00,270.02,416.26
2026-09-22 17:30:00,238.0,384.24
2026-09-22 17:35:00,215.37,361.62
2026-09-22 17:40:00,248.19,394.43
2026-09-22 17:45:00,237.01,383.25
2026-09-22 17:50:00,246.18,392.42
2026-09-22 17:55:00,231.42,377.66
2026-09-22 18:00:00,183.71,329.95
2026-09-22 18:05:00,193.87,340.11
2026-09-22 18:10:00,190.92,337.16
2026-09-22 18:15:00,209.11,355.35
2026-09-22 18:20:00,219.17,365.41
2026-09-22 18:25:00,221.47,367.71
2026-09-22 18:30:00,196.61,342.85
2026-09-22 18:35:00,186.77,333.01
2026-09-22 18:40:00,190.77,337.01
2026-09-22 18:45:00,210.13,356.37
2026-09-22 18:50:00,203.37,349.61
2026-09-22 18:55:00,209.98,356.22
2026-09-22 19:00:00,214.93,361.17
2026-09-22 19:05:00,243.09,389.33
2026-09-22 19:10:00,212.24,358.48
2026-09-22 19:15:00,178.54,324.78
2026-09-22 19:20:00,219.39,365.63
2026-09-22 19:25:00,227.21,373.45
2026-09-22 19:30:00,195.41,341.66
2026-09-22 19:35:00,197.36,343.6
2026-09-22 19:40:00,238.48,384.72
2026-09-22 19:45:00,237.24,383.48
2026-09-22 19:50:00,233.33,379.58
2026-09-22 19:55:00,257.24,403.48
2026-09-22 20:00:00,217.24,363.48
2026-09-22 20:05:00,216.4,362.64
2026-09-22 20:10:00,189.79,336.03
2026-09-22 20:15:00,211.01,357.25
2026-09-22 20:20:00,221.88,368.12
2026-09-22 20:25:00,211.35,357.59
2026-09-22 20:30:00,166.23,312.47
2026-09-22 20:35:00,142.49,288.73
2026-09-22 20:40:00,174.97,321.21
2026-09-22 20:45:00,173.87,320.11
2026-09-22 20:50:00,165.71,311.95
2026-09-22 20:55:00,148.87,295.11
2026-09-22 21:00:00,140.28,286.52
2026-09-22 21:05:00,115.05,261.29
2026-09-22 21:10:00,140.74,286.98
2026-09-22 21:15:00,121.27,267.51
2026-09-22 21:20:00,126.24,272.48
2026-09-22 21:25:00,117.91,264.15
2026-09-22 21:30:00,80.5,226.74
2026-09-22 21:35:00,102.57,248.81
2026-09-22 21:40:00,104.01,250.25
2026-09-22 21:45:00,111.82,258.06
2026-09-22 21:50:00,119.46,265.7
2026-09-22 21:55:00,147.51,293.75
2026-09-22 22:00:00,146.38,292.62
2026-09-22 22:05:00,142.71,288.95
2026-09-22 22:10:00,145.61,291.85
2026-09-22 22:15:00,148.25,294.49
2026-09-22 22:20:00,155.38,301.62
2026-09-22 22:25:00,135.84,282.08
2026-09-22 22:30:00,142.51,288.75
2026-09-22 22:35:00,114.0,260.24
2026-09-22 22:40:00,154.63,300.87
2026-09-22 22:45:00,168.03,314.27
2026-09-22 22:50:00,146.27,292.51
2026-09-22 22:55:00,122.22,268.46
2026-09-22 23:00:00,141.37,287.61
2026-09-22 23:05:00,121.51,267.75
2026-09-22 23:10:00,126.85,273.09
2026-09-22 23:15:00,114.7,260.94
2026-09-22 23:20:00,162.78,309.02
2026-09-22 23:25:00,149.51,295.75
2026-09-22 23:30:00,124.06,270.3
2026-09-22 23:35:00,86.85,233.09
2026-09-22 23:40:00,97.92,244.16
2026-09-22 23:45:00,107.63,253.87
2026-09-22 23:50:00,119.75,265.99
2026-09-22 23:55:00,122.54,268.78
2026-09-23 00:00:00,123.88,270.12
2026-09-23 00:05:00,108.74,254.98
2026-09-23 00:10:00,103.39,249.63
2026-09-23 00:15:00,97.59,243.83
2026-09-23 00:20:00,116.85,263.09
2026-09-23 00:25:00,122.19,268.43
2026-09-23 00:30:00,129.43,275.67
2026-09-23 00:35:00,121.87,268.11
2026-09-23 00:40:00,127.25,273.49
2026-09-23 00:45:00,110.6,256.84
2026-09-23 00:50:00,116.04,262.28
2026-09-23 00:55:00,122.94,269.18
2026-09-23 01:00:00,95.7,241.94
2026-09-23 01:05:00,112.59,258.83
2026-09-23 01:10:00,123.32,269.56
2026-09-23 01:15:00,141.03,287.27
2026-09-23 01:20:00,136.77,283.01
2026-09-23 01:25:00,109.06,255.3
2026-09-23 01:30:00,115.74,261.98
2026-09-23 01:35:00,107.54,253.78
2026-09-23 01:40:00,103.3,249.55
2026-09-23 01:45:00,100.85,247.09
2026-09-23 01:50:00,125.58,271.82
2026-09-23 01:55:00,118.81,265.05
2026-09-23 02:00:00,106.85,253.09
2026-09-23 02:05:00,122.56,268.8
2026-09-23 02:10:00,131.78,278.02
2026-09-23 02:15:00,129.5,275.74
2026-09-23 02:20:00,103.36,249.6
2026-09-23 02:25:00,88.35,234.59
2026-09-23 02:30:00,114.14,260.38
2026-09-23 02:35:00,96.98,243.22
2026-09-23 02:40:00,112.89,259.13
2026-09-23 02:45:00,131.27,277.51
2026-09-23 02:50:00,134.82,281.06
2026-09-23 02:55:00,150.25,296.49
2026-09-23 03:00:00,154.36,300.6
2026-09-23 03:05:00,157.46,303.7
2026-09-23 03:10:00,143.06,289.3
2026-09-23 03:15:00,149.47,295.71
2026-09-23 03:20:00,133.79,280.03
2026-09-23 03:25:00,111.44,257.68
2026-09-23 03:30:00,146.35,292.59
2026-09-23 03:35:00,133.32,279.56
2026-09-23 03:40:00,141.68,287.92
2026-09-23 03:45:00,121.28,267.52
2026-09-23 03:50:00,135.78,282.02
2026-09-23 03:55:00,100.31,246.55
2026-09-23 04:00:00,103.12,249.36
2026-09-23 04:05:00,108.66,254.9
2026-09-23 04:10:00,120.28,266.52
2026-09-23 04:15:00,137.73,283.97
2026-09-23 04:20:00,119.99,266.23
2026-09-23 04:25:00,128.72,274.96
2026-09-23 04:30:00,143.7,289.94
2026-09-23 04:35:00,166.24,312.48
2026-09-23 04:40:00,161.18,307.42
2026-09-23 04:45:00,134.84,281.08
2026-09-23 04:50:00,119.04,265.28
2026-09-23 04:55:00,144.49,290.73
2026-09-23 05:00:00,147.98,294.22
2026-09-23 05:05:00,139.92,286.16
2026-09-23 05:10:00,111.45,257.69
2026-09-23 05:15:00,105.29,251.53
2026-09-23 05:20:00,125.8,272.04
2026-09-23 05:25:00,135.51,281.75
2026-09-23 05:30:00,115.42,261.66
2026-09-23 05:35:00,138.65,284.89
2026-09-23 05:40:00,115.49,261.73
2026-09-23 05:45:00,157.03,303.27
2026-09-23 05:50:00,151.26,297.5
2026-09-23 05:55:00,130.09,276.33
2026-09-23 06:00:00,150.98,297.22
2026-09-23 06:05:00,155.14,301.38
2026-09-23 06:10:00,168.77,315.01
2026-09-23 06:15:00,160.13,306.37
2026-09-23 06:20:00,159.13,305.37
2026-09-23 06:25:00,144.01,290.25
2026-09-23 06:30:00,150.11,296.35
2026-09-23 06:35:00,185.12,331.36
2026-09-23 06:40:00,155.09,301.33
2026-09-23 06:45:00,164.52,310.76
2026-09-23 06:50:00,147.9,294.14
2026-09-23 06:55:00,125.9,272.14
2026-09-23 07:00:00,159.38,305.62
2026-09-23 07:05:00,162.92,309.16
2026-09-23 07:10:00,162.94,309.18
2026-09-23 07:15:00,157.9,304.14
2026-09-23 07:20:00,169.94,316.18
2026-09-23 07:25:00,187.33,333.57
2026-09-23 07:30:00,170.32,316.56
2026-09-23 07:35:00,147.55,293.79
2026-09-23 07:40:00,157.55,303.79
2026-09-23 07:45:00,173.76,320.0
2026-09-23 07:50:00,188.2,334.44
2026-09-23 07:55:00,152.5,298.74
2026-09-23 08:00:00,174.55,320.79
2026-09-23 08:05:00,182.56,328.8
2026-09-23 08:10:00,167.7,313.94
2026-09-23 08:15:00,170.51,316.75
2026-09-23 08:20:00,201.5,347.74
2026-09-23 08:25:00,183.23,329.47
2026-09-23 08:30:00,203.09,349.33
2026-09-23 08:35:00,239.08,385.32
2026-09-23 08:40:00,217.56,363.8
2026-09-23 08:45:00,198.58,344.82
2026-09-23 08:50:00,233.49,379.73
2026-09-23 08:55:00,210.57,356.81
2026-09-23 09:00:00,170.82,317.06
2026-09-23 09:05:00,200.7,346.94
2026-09-23 09:10:00,232.18,378.42
2026-09-23 09:15:00,265.73,411.97
2026-09-23 09:20:00,201.27,347.51
2026-09-23 09:25:00,213.16,359.4
2026-09-23 09:30:00,234.18,380.42
2026-09-23 09:35:00,229.02,375.26
2026-09-23 09:40:00,188.7,334.94
2026-09-23 09:45:00,245.97,392.21
2026-09-23 09:50:00,247.69,393.93
2026-09-23 09:55:00,271.31,417.55
2026-09-23 10:00:00,230.04,376.28
2026-09-23 10:05:00,228.65,374.89
2026-09-23 10:10:00,256.85,403.09
2026-09-23 10:15:00,249.71,395.95
2026-09-23 10:20:00,235.55,381.79
2026-09-23 10:25:00,215.77,362.01
2026-09-23 10:30:00,281.17,427.41
2026-09-23 10:35:00,269.12,415.36
2026-09-23 10:40:00,302.23,448.47
2026-09-23 10:45:00,320.88,467.13
2026-09-23 10:50:00,309.03,455.27
2026-09-23 10:55:00,294.57,440.81
2026-09-23 11:00:00,293.25,439.49
2026-09-23 11:05:00,327.11,473.35
2026-09-23 11:10:00,305.56,451.8
2026-09-23 11:15:00,375.98,522.22
2026-09-23 11:20:00,287.18,433.42
2026-09-23 11:25:00,227.37,373.61
2026-09-23 11:30:00,299.44,445.68
2026-09-23 11:35:00,277.11,423.35
2026-09-23 11:40:00,349.31,495.55
2026-09-23 11:45:00,372.11,518.35
2026-09-23 11:50:00,394.29,540.53
2026-09-23 11:55:00,367.25,513.49
2026-09-23 12:00:00,326.89,473.13
2026-09-23 12:05:00,244.83,391.07
2026-09-23 12:10:00,349.49,495.73
2026-09-23 12:15:00,266.68,412.92
2026-09-23 12:20:00,346.66,492.9
2026-09-23 12:25:00,365.93,512.17
2026-09-23 12:30:00,335.24,481.48
2026-09-23 12:35:00,344.42,490.66
2026-09-23 12:40:00,344.0,490.24
2026-09-23 12:45:00,332.01,478.25
2026-09-23 12:50:00,379.77,526.01
2026-09-23 12:55:00,401.21,547.45
2026-09-23 13:00:00,375.25,521.49
2026-09-23 13:05:00,316.28,462.52
2026-09-23 13:10:00,366.87,513.11
2026-09-23 13:15:00,286.77,433.01
2026-09-23 13:20:00,320.05,466.29
2026-09-23 13:25:00,351.62,497.86
2026-09-23 13:30:00,326.59,472.83
2026-09-23 13:35:00,354.92,501.16
2026-09-23 13:40:00,345.83,492.07
2026-09-23 13:45:00,326.37,472.61
2026-09-23 13:50:00,345.15,491.39
2026-09-23 13:55:00,311.47,457.71
2026-09-23 14:00:00,344.19,490.43
2026-09-23 14:05:00,294.5,440.75
2026-09-23 14:10:00,316.14,462.38
2026-09-23 14:15:00,324.51,470.76
2026-09-23 14:20:00,329.47,475.71
2026-09-23 14:25:00,331.54,477.78
2026-09-23 14:30:00,317.87,464.11
2026-09-23 14:35:00,379.08,525.32
2026-09-23 14:40:00,352.91,499.15
2026-09-23 14:45:00,373.24,519.48
2026-09-23 14:50:00,332.92,479.16
2026-09-23 14:55:00,317.65,463.89
2026-09-23 15:00:00,302.36,448.6
2026-09-23 15:05:00,326.5,472.74
2026-09-23 15:10:00,304.79,451.03
2026-09-23 15:15:00,366.52,512.76
2026-09-23 15:20:00,350.12,496.36
2026-09-23 15:25:00,358.79,505.03
2026-09-23 15:30:00,312.11,458.35
2026-09-23 15:35:00,308.12,454.36
2026-09-23 15:40:00,285.64,431.89
2026-09-23 15:45:00,274.07,420.31
2026-09-23 15:50:00,335.75,482.0
2026-09-23 15:55:00,342.92,489.16
2026-09-23 16:00:00,366.82,513.06
2026-09-23 16:05:00,341.79,488.03
2026-09-23 16:10:00,313.91,460.15
2026-09-23 16:15:00,315.76,462.0
2026-09-23 16:20:00,324.6,470.84
2026-09-23 16:25:00,347.62,493.86
2026-09-23 16:30:00,307.87,454.11
2026-09-23 16:35:00,390.85,537.09
2026-09-23 16:40:00,291.98,438.22
2026-09-23 16:45:00,271.87,418.12
2026-09-23 16:50:00,218.15,364.39
2026-09-23 16:55:00,187.53,333.77
2026-09-23 17:00:00,208.08,354.33
2026-09-23 17:05:00,252.53,398.77
2026-09-23 17:10:00,258.33,404.57
2026-09-23 17:15:00,275.13,421.37
2026-09-23 17:20:00,286.99,433.23
2026-09-23 17:25:00,284.24,430.48
2026-09-23 17:30:00,262.84,409.08
2026-09-23 17:35:00,251.03,397.27
2026-09-23 17:40:00,309.57,455.81
2026-09-23 17:45:00,258.51,404.75
2026-09-23 17:50:00,272.25,418.49
2026-09-23 17:55:00,229.93,376.17
2026-09-23 18:00:00,246.84,393.08
2026-09-23 18:05:00,252.69,398.93
2026-09-23 18:10:00,230.9,377.14
2026-09-23 18:15:00,220.32,366.56
2026-09-23 18:20:00,271.87,418.11
2026-09-23 18:25:00,251.56,397.8
2026-09-23 18:30:00,280.86,427.1
2026-09-23 18:35:00,263.77,410.01
2026-09-23 18:40:00,238.1,384.34
2026-09-23 18:45:00,230.45,376.69
2026-09-23 18:50:00,230.12,376.36
2026-09-23 18:55:00,204.99,351.23
2026-09-23 19:00:00,203.04,349.28
2026-09-23 19:05:00,217.62,363.86
2026-09-23 19:10:00,218.43,364.67
2026-09-23 19:15:00,221.1,367.34
2026-09-23 19:20:00,217.21,363.45
2026-09-23 19:25:00,217.44,363.68
2026-09-23 19:30:00,246.44,392.68
2026-09-23 19:35:00,226.25,372.49
2026-09-23 19:40:00,294.17,440.41
2026-09-23 19:45:00,223.18,369.42
2026-09-23 19:50:00,240.07,386.31
2026-09-23 19:55:00,221.49,367.73
2026-09-23 20:00:00,250.81,397.06
2026-09-23 20:05:00,221.21,367.46
2026-09-23 20:10:00,207.29,353.53
2026-09-23 20:15:00,208.38,354.62
2026-09-23 20:20:00,192.94,339.18
2026-09-23 20:25:00,187.05,333.29
2026-09-23 20:30:00,157.32,303.56
2026-09-23 20:35:00,156.21,302.45
2026-09-23 20:40:00,178.35,324.59
2026-09-23 20:45:00,174.82,321.06
2026-09-23 20:50:00,138.61,284.85
2026-09-23 20:55:00,161.77,308.01
2026-09-23 21:00:00,128.65,274.89
2026-09-23 21:05:00,138.41,284.65
2026-09-23 21:10:00,154.22,300.46
2026-09-23 21:15:00,155.97,302.21
2026-09-23 21:20:00,183.15,329.39
2026-09-23 21:25:00,141.96,288.2
2026-09-23 21:30:00,140.75,286.99
2026-09-23 21:35:00,156.81,303.05
2026-09-23 21:40:00,132.18,278.42
2026-09-23 21:45:00,115.34,261.58
2026-09-23 21:50:00,115.09,261.33
2026-09-23 21:55:00,115.74,261.98
2026-09-23 22:00:00,106.26,252.5
2026-09-23 22:05:00,125.78,272.02
2026-09-23 22:10:00,112.58,258.82
2026-09-23 22:15:00,139.42,285.66
2026-09-23 22:20:00,152.91,299.15
2026-09-23 22:25:00,164.31,310.55
2026-09-23 22:30:00,155.44,301.68
2026-09-23 22:35:00,146.46,292.7
2026-09-23 22:40:00,124.43,270.67
2026-09-23 22:45:00,129.18,275.42
2026-09-23 22:50:00,123.17,269.41
2026-09-23 22:55:00,147.7,293.94
2026-09-23 23:00:00,124.45,270.69
2026-09-23 23:05:00,155.1,301.34
2026-09-23 23:10:00,154.73,300.97
2026-09-23 23:15:00,142.85,289.09
2026-09-23 23:20:00,165.02,311.26
2026-09-23 23:25:00,157.42,303.66
2026-09-23 23:30:00,128.6,274.84
2026-09-23 23:35:00,97.87,244.11
2026-09-23 23:40:00,130.55,276.79
2026-09-23 23:45:00,110.97,257.21
2026-09-23 23:50:00,87.29,233.53
2026-09-23 23:55:00,103.61,249.85
2026-09-24 00:00:00,115.99,262.23
2026-09-24 00:05:00,119.72,265.96
2026-09-24 00:10:00,117.94,264.18
2026-09-24 00:15:00,112.61,258.85
2026-09-24 00:20:00,118.88,265.12
2026-09-24 00:25:00,123.14,269.38
2026-09-24 00:30:00,127.46,273.7
2026-09-24 00:35:00,127.42,273.66
2026-09-24 00:40:00,130.6,276.84
2026-09-24 00:45:00,133.84,280.08
2026-09-24 00:50:00,136.5,282.74
2026-09-24 00:55:00,124.18,270.42
2026-09-24 01:00:00,121.1,267.34
2026-09-24 01:05:00,124.18,270.42
2026-09-24 01:10:00,127.43,273.67
2026-09-24 01:15:00,131.33,277.57
2026-09-24 01:20:00,133.46,279.7
2026-09-24 01:25:00,119.28,265.52
2026-09-24 01:30:00,119.3,265.54
2026-09-24 01:35:00,121.65,267.89
2026-09-24 01:40:00,119.81,266.05
2026-09-24 01:45:00,128.21,274.45
2026-09-24 01:50:00,126.97,273.21
2026-09-24 01:55:00,121.05,267.29
2026-09-24 02:00:00,122.77,269.01
2026-09-24 02:05:00,132.68,278.92
2026-09-24 02:10:00,132.26,278.5
2026-09-24 02:15:00,126.67,272.91
2026-09-24 02:20:00,119.19,265.43
2026-09-24 02:25:00,129.07,275.31
2026-09-24 02:30:00,137.08,283.32
2026-09-24 02:35:00,131.41,277.65
2026-09-24 02:40:00,130.91,277.15
2026-09-24 02:45:00,135.72,281.96
2026-09-24 02:50:00,133.44,279.68
2026-09-24 02:55:00,134.23,280.47
2026-09-24 03:00:00,140.41,286.65
2026-09-24 03:05:00,139.99,286.23
2026-09-24 03:10:00,130.25,276.49
2026-09-24 03:15:00,130.89,277.13
2026-09-24 03:20:00,134.05,280.29
2026-09-24 03:25:00,138.91,285.15
2026-09-24 03:30:00,133.5,279.74
2026-09-24 03:35:00,136.35,282.59
2026-09-24 03:40:00,136.5,282.74
2026-09-24 03:45:00,137.08,283.32
2026-09-24 03:50:00,140.09,286.33
2026-09-24 03:55:00,140.43,286.67
2026-09-24 04:00:00,140.16,286.4
2026-09-24 04:05:00,139.33,285.57
2026-09-24 04:10:00,139.19,285.43
2026-09-24 04:15:00,139.89,286.13
2026-09-24 04:20:00,143.81,290.05
2026-09-24 04:25:00,143.29,289.53
2026-09-24 04:30:00,144.55,290.79
2026-09-24 04:35:00,138.9,285.14
2026-09-24 04:40:00,145.13,291.37
2026-09-24 04:45:00,144.55,290.79
2026-09-24 04:50:00,152.03,298.27
2026-09-24 04:55:00,146.5,292.74
2026-09-24 05:00:00,148.87,295.11
2026-09-24 05:05:00,151.93,298.17
2026-09-24 05:10:00,150.26,296.5
2026-09-24 05:15:00,148.68,294.92
2026-09-24 05:20:00,147.37,293.61
2026-09-24 05:25:00,147.74,293.98
2026-09-24 05:30:00,152.96,299.2
2026-09-24 05:35:00,156.61,302.85
2026-09-24 05:40:00,156.61,302.85
2026-09-24 05:45:00,165.16,311.4
2026-09-24 05:50:00,166.66,312.9
2026-09-24 05:55:00,160.59,306.83
2026-09-24 06:00:00,160.96,307.21
2026-09-24 06:05:00,165.82,312.06
2026-09-24 06:10:00,163.96,310.2
2026-09-24 06:15:00,167.93,314.17
2026-09-24 06:20:00,173.9,320.14
2026-09-24 06:25:00,172.1,318.34
2026-09-24 06:30:00,174.84,321.08
2026-09-24 06:35:00,179.15,325.39
2026-09-24 06:40:00,176.63,322.87
2026-09-24 06:45:00,177.37,323.61
2026-09-24 06:50:00,180.28,326.52
2026-09-24 06:55:00,185.35,331.59
2026-09-24 07:00:00,200.64,346.88
2026-09-24 07:05:00,199.47,345.71
2026-09-24 07:10:00,202.91,349.15
2026-09-24 07:15:00,222.45,368.69
2026-09-24 07:20:00,228.25,374.49
2026-09-24 07:25:00,244.0,390.24
2026-09-24 07:30:00,253.9,400.14
2026-09-24 07:35:00,256.79,403.03
2026-09-24 07:40:00,262.05,408.29
2026-09-24 07:45:00,258.95,405.19
2026-09-24 07:50:00,264.03,410.27
2026-09-24 07:55:00,250.66,396.9
2026-09-24 08:00:00,256.19,402.43
2026-09-24 08:05:00,240.28,386.52
2026-09-24 08:10:00,244.03,390.27
2026-09-24 08:15:00,236.05,382.29
2026-09-24 08:20:00,223.75,369.99
2026-09-24 08:25:00,232.55,378.79
2026-09-24 08:30:00,220.29,366.53
2026-09-24 08:35:00,217.19,363.43
2026-09-24 08:40:00,219.1,365.34
2026-09-24 08:45:00,216.55,362.79
2026-09-24 08:50:00,223.14,369.38
2026-09-24 08:55:00,217.13,363.37
2026-09-24 09:00:00,222.25,368.49
2026-09-24 09:05:00,234.34,380.59
2026-09-24 09:10:00,248.23,394.47
2026-09-24 09:15:00,270.68,416.92
2026-09-24 09:20:00,252.4,398.64
2026-09-24 09:25:00,262.26,408.5
2026-09-24 09:30:00,252.45,398.69
2026-09-24 09:35:00,250.85,397.09
2026-09-24 09:40:00,244.84,391.08
2026-09-24 09:45:00,243.15,389.39
2026-09-24 09:50:00,254.65,400.89
2026-09-24 09:55:00,250.12,396.36
2026-09-24 10:00:00,256.2,402.44
2026-09-24 10:05:00,252.17,398.41
2026-09-24 10:10:00,256.24,402.48
2026-09-24 10:15:00,253.86,400.1
2026-09-24 10:20:00,265.3,411.54
2026-09-24 10:25:00,291.5,437.74
2026-09-24 10:30:00,287.98,434.22
2026-09-24 10:35:00,280.72,426.96
2026-09-24 10:40:00,280.12,426.36
2026-09-24 10:45:00,288.07,434.31
2026-09-24 10:50:00,285.21,431.45
2026-09-24 10:55:00,301.15,447.39
2026-09-24 11:00:00,299.88,446.12
2026-09-24 11:05:00,295.34,441.58
2026-09-24 11:10:00,299.84,446.08
2026-09-24 11:15:00,313.1,459.34
2026-09-24 11:20:00,313.94,460.18
2026-09-24 11:25:00,304.09,450.33
2026-09-24 11:30:00,311.56,457.8
2026-09-24 11:35:00,321.08,467.32
2026-09-24 11:40:00,308.49,454.73
2026-09-24 11:45:00,310.98,457.22
2026-09-24 11:50:00,312.72,458.96
2026-09-24 11:55:00,303.55,449.79
2026-09-24 12:00:00,325.23,471.47
2026-09-24 12:05:00,310.08,456.32
2026-09-24 12:10:00,326.41,472.66
2026-09-24 12:15:00,313.57,459.81
2026-09-24 12:20:00,310.89,457.13
2026-09-24 12:25:00,322.73,468.97
2026-09-24 12:30:00,323.22,469.46
2026-09-24 12:35:00,329.14,475.38
2026-09-24 12:40:00,327.97,474.21
2026-09-24 12:45:00,339.9,486.14
2026-09-24 12:50:00,341.68,487.92
2026-09-24 12:55:00,340.01,486.25
2026-09-24 13:00:00,350.7,496.94
2026-09-24 13:05:00,344.99,491.23
2026-09-24 13:10:00,340.75,486.99
2026-09-24 13:15:00,345.24,491.48
2026-09-24 13:20:00,345.58,491.83
2026-09-24 13:25:00,345.32,491.56
2026-09-24 13:30:00,361.85,508.09
2026-09-24 13:35:00,353.23,499.47
2026-09-24 13:40:00,358.48,504.72
2026-09-24 13:45:00,368.99,515.23
2026-09-24 13:50:00,349.45,495.69
2026-09-24 13:55:00,360.38,506.62
2026-09-24 14:00:00,348.82,495.06
2026-09-24 14:05:00,366.45,512.69
2026-09-24 14:10:00,360.88,507.12
2026-09-24 14:15:00,359.83,506.07
2026-09-24 14:20:00,380.4,526.64
2026-09-24 14:25:00,369.26,515.5
2026-09-24 14:30:00,361.5,507.74
2026-09-24 14:35:00,375.37,521.61
2026-09-24 14:40:00,355.78,502.02
2026-09-24 14:45:00,372.44,518.68
2026-09-24 14:50:00,347.33,493.57
2026-09-24 14:55:00,352.2,498.44
2026-09-24 15:00:00,345.45,491.69
2026-09-24 15:05:00,349.71,495.95
2026-09-24 15:10:00,338.15,484.39
2026-09-24 15:15:00,347.47,493.71
2026-09-24 15:20:00,352.13,498.37
2026-09-24 15:25:00,363.25,509.49
2026-09-24 15:30:00,384.83,531.07
2026-09-24 15:35:00,348.52,494.76
2026-09-24 15:40:00,341.95,488.19
2026-09-24 15:45:00,351.69,497.93
2026-09-24 15:50:00,331.33,477.57
2026-09-24 15:55:00,326.79,473.03
2026-09-24 16:00:00,332.84,479.08
2026-09-24 16:05:00,324.67,470.91
2026-09-24 16:10:00,321.23,467.47
2026-09-24 16:15:00,341.42,487.66
2026-09-24 16:20:00,336.86,483.1
2026-09-24 16:25:00,336.35,482.59
2026-09-24 16:30:00,332.08,478.33
2026-09-24 16:35:00,345.69,491.93
2026-09-24 16:40:00,308.36,454.6
2026-09-24 16:45:00,330.08,476.32
2026-09-24 16:50:00,318.73,464.97
2026-09-24 16:55:00,302.45,448.69
2026-09-24 17:00:00,287.45,433.69
2026-09-24 17:05:00,300.63,446.87
2026-09-24 17:10:00,271.41,417.65
2026-09-24 17:15:00,278.69,424.93
2026-09-24 17:20:00,264.63,410.87
2026-09-24 17:25:00,268.58,414.83
2026-09-24 17:30:00,256.36,402.6
2026-09-24 17:35:00,262.06,408.3
2026-09-24 17:40:00,269.93,416.17
2026-09-24 17:45:00,285.06,431.3
2026-09-24 17:50:00,296.28,442.52
2026-09-24 17:55:00,275.41,421.65
2026-09-24 18:00:00,263.05,409.29
2026-09-24 18:05:00,271.02,417.26
2026-09-24 18:10:00,256.13,402.37
2026-09-24 18:15:00,250.31,396.55
2026-09-24 18:20:00,252.85,399.09
2026-09-24 18:25:00,254.5,400.75
2026-09-24 18:30:00,236.97,383.21
2026-09-24 18:35:00,240.49,386.73
2026-09-24 18:40:00,236.19,382.43
2026-09-24 18:45:00,242.86,389.1
2026-09-24 18:50:00,236.41,382.65
2026-09-24 18:55:00,233.66,379.9
2026-09-24 19:00:00,225.69,371.93
2026-09-24 19:05:00,236.69,382.93
2026-09-24 19:10:00,236.23,382.47
2026-09-24 19:15:00,238.86,385.1
2026-09-24 19:20:00,236.64,382.88
2026-09-24 19:25:00,246.06,392.3
2026-09-24 19:30:00,248.24,394.48
2026-09-24 19:35:00,249.63,395.87
2026-09-24 19:40:00,266.77,413.01
2026-09-24 19:45:00,253.25,399.49
2026-09-24 19:50:00,270.1,416.34
2026-09-24 19:55:00,299.22,445.46
2026-09-24 20:00:00,322.41,468.65
2026-09-24 20:05:00,349.59,495.83
2026-09-24 20:10:00,357.28,503.52
2026-09-24 20:15:00,387.33,533.57
2026-09-24 20:20:00,389.27,535.51
2026-09-24 20:25:00,405.15,551.39
2026-09-24 20:30:00,404.95,551.19
2026-09-24 20:35:00,409.93,556.17
2026-09-24 20:40:00,399.21,545.45
2026-09-24 20:45:00,395.48,541.72
2026-09-24 20:50:00,388.71,534.95
2026-09-24 20:55:00,379.8,526.04
2026-09-24 21:00:00,363.03,509.27
2026-09-24 21:05:00,343.71,489.95
2026-09-24 21:10:00,338.21,484.45
2026-09-24 21:15:00,327.64,473.88
2026-09-24 21:20:00,316.68,462.93
2026-09-24 21:25:00,302.74,448.98
2026-09-24 21:30:00,286.07,432.31
2026-09-24 21:35:00,272.44,418.68
2026-09-24 21:40:00,259.52,405.76
2026-09-24 21:45:00,244.36,390.6
2026-09-24 21:50:00,230.96,377.2
2026-09-24 21:55:00,208.12,354.36
2026-09-24 22:00:00,200.23,346.47
2026-09-24 22:05:00,188.4,334.64
2026-09-24 22:10:00,183.4,329.64
2026-09-24 22:15:00,171.82,318.06
2026-09-24 22:20:00,175.54,321.78
2026-09-24 22:25:00,160.01,306.25
2026-09-24 22:30:00,153.35,299.59
2026-09-24 22:35:00,157.9,304.14
2026-09-24 22:40:00,153.89,300.13
2026-09-24 22:45:00,151.58,297.82
2026-09-24 22:50:00,145.91,292.15
2026-09-24 22:55:00,147.41,293.65
2026-09-24 23:00:00,146.9,293.14
2026-09-24 23:05:00,142.72,288.96
2026-09-24 23:10:00,136.67,282.91
2026-09-24 23:15:00,143.19,289.43
2026-09-24 23:20:00,145.95,292.19
2026-09-24 23:25:00,170.18,316.42
2026-09-24 23:30:00,159.33,305.57
2026-09-24 23:35:00,150.85,297.09
2026-09-24 23:40:00,142.46,288.7
2026-09-24 23:45:00,145.7,291.94
2026-09-24 23:50:00,134.09,280.33
2026-09-24 23:55:00,140.04,286.28
