timestamp,latency_ms,is_incident
2026-07-27 00:00:00,116.71,0
2026-07-27 00:05:00,91.65,0
2026-07-27 00:10:00,126.55,0
2026-07-27 00:15:00,131.0,0
2026-07-27 00:20:00,77.88,0
2026-07-27 00:25:00,87.56,0
2026-07-27 00:30:00,113.32,0
2026-07-27 00:35:00,104.66,0
2026-07-27 00:40:00,110.52,0
2026-07-27 00:45:00,95.12,0
2026-07-27 00:50:00,130.01,0
2026-07-27 00:55:00,127.73,0
2026-07-27 01:00:00,112.45,0
2026-07-27 01:05:00,136.21,0
2026-07-27 01:10:00,121.05,0
2026-07-27 01:15:00,95.41,0
2026-07-27 01:20:00,119.11,0
2026-07-27 01:25:00,93.88,0
2026-07-27 01:30:00,130.8,0
2026-07-27 01:35:00,110.78,0
2026-07-27 01:40:00,108.23,0
2026-07-27 01:45:00,99.1,0
2026-07-27 01:50:00,139.76,0
2026-07-27 01:55:00,109.21,0
2026-07-27 02:00:00,104.1,0
2026-07-27 02:05:00,105.69,0
2026-07-27 02:10:00,124.11,0
2026-07-27 02:15:00,120.62,0
2026-07-27 02:20:00,121.85,0
2026-07-27 02:25:00,122.46,0
2026-07-27 02:30:00,166.93,0
2026-07-27 02:35:00,105.72,0
2026-07-27 02:40:00,103.93,0
2026-07-27 02:45:00,98.65,0
2026-07-27 02:50:00,127.89,0
2026-07-27 02:55:00,140.59,0
2026-07-27 03:00:00,112.68,0
2026-07-27 03:05:00,99.13,0
2026-07-27 03:10:00,99.67,0
2026-07-27 03:15:00,130.35,0
2026-07-27 03:20:00,132.93,0
2026-07-27 03:25:00,128.62,0
2026-07-27 03:30:00,103.81,0
2026-07-27 03:35:00,122.42,0
2026-07-27 03:40:00,120.32,0
2026-07-27 03:45:00,123.0,0
2026-07-27 03:50:00,138.86,0
2026-07-27 03:55:00,124.07,0
2026-07-27 04:00:00,135.22,0
2026-07-27 04:05:00,121.65,0
2026-07-27 04:10:00,127.17,0
2026-07-27 04:15:00,135.87,0
2026-07-27 04:20:00,93.75,0
2026-07-27 04:25:00,115.63,0
2026-07-27 04:30:00,113.11,0
2026-07-27 04:35:00,110.33,0
2026-07-27 04:40:00,118.45,0
2026-07-27 04:45:00,163.83,0
2026-07-27 04:50:00,107.75,0
2026-07-27 04:55:00,150.82,0
2026-07-27 05:00:00,94.18,0
2026-07-27 05:05:00,120.83,0
2026-07-27 05:10:00,133.05,0
2026-07-27 05:15:00,144.59,0
2026-07-27 05:20:00,148.94,0
2026-07-27 05:25:00,152.27,0
2026-07-27 05:30:00,124.92,0
2026-07-27 05:35:00,123.34,0
2026-07-27 05:40:00,157.68,0
2026-07-27 05:45:00,131.61,0
2026-07-27 05:50:00,109.19,0
2026-07-27 05:55:00,112.99,0
2026-07-27 06:00:00,118.45,0
2026-07-27 06:05:00,154.24,0
2026-07-27 06:10:00,146.03,0
2026-07-27 06:15:00,162.69,0
2026-07-27 06:20:00,134.31,0
2026-07-27 06:25:00,150.71,0
2026-07-27 06:30:00,165.57,0
2026-07-27 06:35:00,141.34,0
2026-07-27 06:40:00,163.92,0
2026-07-27 06:45:00,135.43,0
2026-07-27 06:50:00,144.44,0
2026-07-27 06:55:00,145.51,0
2026-07-27 07:00:00,127.06,0
2026-07-27 07:05:00,173.93,0
2026-07-27 07:10:00,148.08,0
2026-07-27 07:15:00,163.34,0
2026-07-27 07:20:00,179.76,0
2026-07-27 07:25:00,180.74,0
2026-07-27 07:30:00,190.22,0
2026-07-27 07:35:00,167.76,0
2026-07-27 07:40:00,160.13,0
2026-07-27 07:45:00,172.41,0
2026-07-27 07:50:00,130.67,0
2026-07-27 07:55:00,138.11,0
2026-07-27 08:00:00,142.99,0
2026-07-27 08:05:00,153.49,0
2026-07-27 08:10:00,199.84,0
2026-07-27 08:15:00,159.97,0
2026-07-27 08:20:00,178.11,0
2026-07-27 08:25:00,243.91,0
2026-07-27 08:30:00,183.34,0
2026-07-27 08:35:00,226.05,0
2026-07-27 08:40:00,169.44,0
2026-07-27 08:45:00,195.6,0
2026-07-27 08:50:00,173.22,0
2026-07-27 08:55:00,195.79,0
2026-07-27 09:00:00,245.13,0
2026-07-27 09:05:00,156.34,0
2026-07-27 09:10:00,233.59,0
2026-07-27 09:15:00,228.26,0
2026-07-27 09:20:00,198.94,0
2026-07-27 09:25:00,172.75,0
2026-07-27 09:30:00,229.81,0
2026-07-27 09:35:00,208.71,0
2026-07-27 09:40:00,242.28,0
2026-07-27 09:45:00,236.03,0
2026-07-27 09:50:00,317.38,0
2026-07-27 09:55:00,230.51,0
2026-07-27 10:00:00,202.48,0
2026-07-27 10:05:00,254.29,0
2026-07-27 10:10:00,259.05,0
2026-07-27 10:15:00,321.55,0
2026-07-27 10:20:00,295.82,0
2026-07-27 10:25:00,274.35,0
2026-07-27 10:30:00,338.38,0
2026-07-27 10:35:00,212.14,0
2026-07-27 10:40:00,236.59,0
2026-07-27 10:45:00,226.96,0
2026-07-27 10:50:00,252.47,0
2026-07-27 10:55:00,213.43,0
2026-07-27 11:00:00,309.5,0
2026-07-27 11:05:00,267.72,0
2026-07-27 11:10:00,215.78,0
2026-07-27 11:15:00,236.3,0
2026-07-27 11:20:00,302.78,0
2026-07-27 11:25:00,335.58,0
2026-07-27 11:30:00,416.81,0
2026-07-27 11:35:00,495.56,0
2026-07-27 11:40:00,318.47,0
2026-07-27 11:45:00,249.22,0
2026-07-27 11:50:00,204.37,0
2026-07-27 11:55:00,317.01,0
2026-07-27 12:00:00,262.75,0
2026-07-27 12:05:00,284.09,0
2026-07-27 12:10:00,275.93,0
2026-07-27 12:15:00,302.17,0
2026-07-27 12:20:00,377.64,0
2026-07-27 12:25:00,322.41,0
2026-07-27 12:30:00,306.19,0
2026-07-27 12:35:00,262.78,0
2026-07-27 12:40:00,235.32,0
2026-07-27 12:45:00,292.74,0
2026-07-27 12:50:00,317.75,0
2026-07-27 12:55:00,442.76,0
2026-07-27 13:00:00,330.9,0
2026-07-27 13:05:00,387.05,0
2026-07-27 13:10:00,297.32,0
2026-07-27 13:15:00,263.52,0
2026-07-27 13:20:00,274.82,0
2026-07-27 13:25:00,287.57,0
2026-07-27 13:30:00,481.55,0
2026-07-27 13:35:00,283.62,0
2026-07-27 13:40:00,382.87,0
2026-07-27 13:45:00,280.13,0
2026-07-27 13:50:00,390.02,0
2026-07-27 13:55:00,353.63,0
2026-07-27 14:00:00,320.83,0
2026-07-27 14:05:00,327.54,0
2026-07-27 14:10:00,293.14,0
2026-07-27 14:15:00,357.12,0
2026-07-27 14:20:00,303.35,0
2026-07-27 14:25:00,263.72,0
2026-07-27 14:30:00,260.83,0
2026-07-27 14:35:00,338.01,0
2026-07-27 14:40:00,434.45,0
2026-07-27 14:45:00,335.7,0
2026-07-27 14:50:00,318.4,0
2026-07-27 14:55:00,341.42,0
2026-07-27 15:00:00,408.89,0
2026-07-27 15:05:00,335.05,0
2026-07-27 15:10:00,297.96,0
2026-07-27 15:15:00,389.92,0
2026-07-27 15:20:00,343.63,0
2026-07-27 15:25:00,417.45,0
2026-07-27 15:30:00,325.63,0
2026-07-27 15:35:00,251.43,0
2026-07-27 15:40:00,243.67,0
2026-07-27 15:45:00,417.17,0
2026-07-27 15:50:00,420.13,0
2026-07-27 15:55:00,296.41,0
2026-07-27 16:00:00,283.88,0
2026-07-27 16:05:00,393.0,0
2026-07-27 16:10:00,245.78,0
2026-07-27 16:15:00,253.51,0
2026-07-27 16:20:00,331.87,0
2026-07-27 16:25:00,273.19,0
2026-07-27 16:30:00,290.7,0
2026-07-27 16:35:00,280.22,0
2026-07-27 16:40:00,304.09,0
2026-07-27 16:45:00,365.49,0
2026-07-27 16:50:00,285.81,0
2026-07-27 16:55:00,312.89,0
2026-07-27 17:00:00,190.87,0
2026-07-27 17:05:00,271.07,0
2026-07-27 17:10:00,232.68,0
2026-07-27 17:15:00,215.33,0
2026-07-27 17:20:00,226.65,0
2026-07-27 17:25:00,247.42,0
2026-07-27 17:30:00,306.63,0
2026-07-27 17:35:00,202.64,0
2026-07-27 17:40:00,255.94,0
2026-07-27 17:45:00,230.75,0
2026-07-27 17:50:00,234.73,0
2026-07-27 17:55:00,294.92,0
2026-07-27 18:00:00,268.2,0
2026-07-27 18:05:00,306.16,0
2026-07-27 18:10:00,231.36,0
2026-07-27 18:15:00,207.43,0
2026-07-27 18:20:00,223.17,0
2026-07-27 18:25:00,239.83,0
2026-07-27 18:30:00,234.17,0
2026-07-27 18:35:00,184.37,0
2026-07-27 18:40:00,225.03,0
2026-07-27 18:45:00,227.87,0
2026-07-27 18:50:00,339.85,0
2026-07-27 18:55:00,299.11,0
2026-07-27 19:00:00,180.72,0
2026-07-27 19:05:00,197.62,0
2026-07-27 19:10:00,157.93,0
2026-07-27 19:15:00,182.5,0
2026-07-27 19:20:00,212.16,0
2026-07-27 19:25:00,245.93,0
2026-07-27 19:30:00,171.44,0
2026-07-27 19:35:00,171.61,0
2026-07-27 19:40:00,129.53,0
2026-07-27 19:45:00,182.86,0
2026-07-27 19:50:00,153.59,0
2026-07-27 19:55:00,166.98,0
2026-07-27 20:00:00,154.93,0
2026-07-27 20:05:00,176.2,0
2026-07-27 20:10:00,129.02,0
2026-07-27 20:15:00,134.31,0
2026-07-27 20:20:00,253.53,0
2026-07-27 20:25:00,135.44,0
2026-07-27 20:30:00,138.52,0
2026-07-27 20:35:00,232.14,0
2026-07-27 20:40:00,278.1,0
2026-07-27 20:45:00,131.99,0
2026-07-27 20:50:00,150.8,0
2026-07-27 20:55:00,169.44,0
2026-07-27 21:00:00,215.1,0
2026-07-27 21:05:00,130.5,0
2026-07-27 21:10:00,147.53,0
2026-07-27 21:15:00,175.48,0
2026-07-27 21:20:00,163.27,0
2026-07-27 21:25:00,139.65,0
2026-07-27 21:30:00,144.41,0
2026-07-27 21:35:00,114.36,0
2026-07-27 21:40:00,138.96,0
2026-07-27 21:45:00,136.95,0
2026-07-27 21:50:00,148.41,0
2026-07-27 21:55:00,127.62,0
2026-07-27 22:00:00,152.16,0
2026-07-27 22:05:00,166.26,0
2026-07-27 22:10:00,141.27,0
2026-07-27 22:15:00,145.13,0
2026-07-27 22:20:00,136.41,0
2026-07-27 22:25:00,134.05,0
2026-07-27 22:30:00,116.81,0
2026-07-27 22:35:00,139.74,0
2026-07-27 22:40:00,128.76,0
2026-07-27 22:45:00,189.64,0
2026-07-27 22:50:00,171.51,0
2026-07-27 22:55:00,137.57,0
2026-07-27 23:00:00,111.14,0
2026-07-27 23:05:00,103.71,0
2026-07-27 23:10:00,156.03,0
2026-07-27 23:15:00,131.24,0
2026-07-27 23:20:00,135.7,0
2026-07-27 23:25:00,90.41,0
2026-07-27 23:30:00,145.48,0
2026-07-27 23:35:00,132.91,0
2026-07-27 23:40:00,99.79,0
2026-07-27 23:45:00,111.41,0
2026-07-27 23:50:00,126.59,0
2026-07-27 23:55:00,121.32,0
2026-07-28 00:00:00,104.82,0
2026-07-28 00:05:00,108.48,0
2026-07-28 00:10:00,105.65,0
2026-07-28 00:15:00,113.68,0
2026-07-28 00:20:00,144.2,0
2026-07-28 00:25:00,69.74,0
2026-07-28 00:30:00,106.12,0
2026-07-28 00:35:00,114.37,0
2026-07-28 00:40:00,116.92,0
2026-07-28 00:45:00,103.73,0
2026-07-28 00:50:00,80.89,0
2026-07-28 00:55:00,117.8,0
2026-07-28 01:00:00,151.64,0
2026-07-28 01:05:00,84.37,0
2026-07-28 01:10:00,130.0,0
2026-07-28 01:15:00,104.97,0
2026-07-28 01:20:00,110.24,0
2026-07-28 01:25:00,92.3,0
2026-07-28 01:30:00,105.14,0
2026-07-28 01:35:00,141.25,0
2026-07-28 01:40:00,124.27,0
2026-07-28 01:45:00,153.01,0
2026-07-28 01:50:00,138.63,0
2026-07-28 01:55:00,121.53,0
2026-07-28 02:00:00,153.91,0
2026-07-28 02:05:00,121.86,0
2026-07-28 02:10:00,130.89,0
2026-07-28 02:15:00,107.07,0
2026-07-28 02:20:00,114.49,0
2026-07-28 02:25:00,99.95,0
2026-07-28 02:30:00,135.66,0
2026-07-28 02:35:00,92.01,0
2026-07-28 02:40:00,131.21,0
2026-07-28 02:45:00,110.36,0
2026-07-28 02:50:00,141.33,0
2026-07-28 02:55:00,131.34,0
2026-07-28 03:00:00,159.62,0
2026-07-28 03:05:00,131.52,0
2026-07-28 03:10:00,87.12,0
2026-07-28 03:15:00,114.55,0
2026-07-28 03:20:00,94.17,0
2026-07-28 03:25:00,106.25,0
2026-07-28 03:30:00,153.6,0
2026-07-28 03:35:00,131.69,0
2026-07-28 03:40:00,103.89,0
2026-07-28 03:45:00,98.53,0
2026-07-28 03:50:00,119.4,0
2026-07-28 03:55:00,95.74,0
2026-07-28 04:00:00,106.05,0
2026-07-28 04:05:00,127.12,0
2026-07-28 04:10:00,148.62,0
2026-07-28 04:15:00,135.32,0
2026-07-28 04:20:00,80.68,0
2026-07-28 04:25:00,129.37,0
2026-07-28 04:30:00,124.72,0
2026-07-28 04:35:00,133.34,0
2026-07-28 04:40:00,166.48,0
2026-07-28 04:45:00,86.34,0
2026-07-28 04:50:00,113.21,0
2026-07-28 04:55:00,140.92,0
2026-07-28 05:00:00,95.91,0
2026-07-28 05:05:00,167.39,0
2026-07-28 05:10:00,138.06,0
2026-07-28 05:15:00,151.52,0
2026-07-28 05:20:00,118.24,0
2026-07-28 05:25:00,152.83,0
2026-07-28 05:30:00,161.21,0
2026-07-28 05:35:00,139.78,0
2026-07-28 05:40:00,140.94,0
2026-07-28 05:45:00,143.02,0
2026-07-28 05:50:00,117.6,0
2026-07-28 05:55:00,134.92,0
2026-07-28 06:00:00,135.99,0
2026-07-28 06:05:00,151.11,0
2026-07-28 06:10:00,170.4,0
2026-07-28 06:15:00,118.75,0
2026-07-28 06:20:00,141.82,0
2026-07-28 06:25:00,191.23,0
2026-07-28 06:30:00,129.4,0
2026-07-28 06:35:00,128.88,0
2026-07-28 06:40:00,156.58,0
2026-07-28 06:45:00,177.61,0
2026-07-28 06:50:00,154.51,0
2026-07-28 06:55:00,197.99,0
2026-07-28 07:00:00,183.85,0
2026-07-28 07:05:00,185.4,0
2026-07-28 07:10:00,178.03,0
2026-07-28 07:15:00,247.79,0
2026-07-28 07:20:00,158.88,0
2026-07-28 07:25:00,116.29,0
2026-07-28 07:30:00,225.25,0
2026-07-28 07:35:00,157.26,0
2026-07-28 07:40:00,176.2,0
2026-07-28 07:45:00,221.4,0
2026-07-28 07:50:00,132.68,0
2026-07-28 07:55:00,143.06,0
2026-07-28 08:00:00,135.99,0
2026-07-28 08:05:00,159.21,0
2026-07-28 08:10:00,201.28,0
2026-07-28 08:15:00,206.92,0
2026-07-28 08:20:00,200.37,0
2026-07-28 08:25:00,149.7,0
2026-07-28 08:30:00,128.98,0
2026-07-28 08:35:00,199.89,0
2026-07-28 08:40:00,184.13,0
2026-07-28 08:45:00,220.47,0
2026-07-28 08:50:00,233.21,0
2026-07-28 08:55:00,213.36,0
2026-07-28 09:00:00,241.62,0
2026-07-28 09:05:00,222.35,0
2026-07-28 09:10:00,237.64,0
2026-07-28 09:15:00,192.64,0
2026-07-28 09:20:00,214.35,0
2026-07-28 09:25:00,232.19,0
2026-07-28 09:30:00,262.95,0
2026-07-28 09:35:00,213.88,0
2026-07-28 09:40:00,255.19,0
2026-07-28 09:45:00,224.12,0
2026-07-28 09:50:00,232.9,0
2026-07-28 09:55:00,279.41,0
2026-07-28 10:00:00,170.05,0
2026-07-28 10:05:00,194.97,0
2026-07-28 10:10:00,190.69,0
2026-07-28 10:15:00,165.41,0
2026-07-28 10:20:00,225.28,0
2026-07-28 10:25:00,294.44,0
2026-07-28 10:30:00,247.03,0
2026-07-28 10:35:00,272.28,0
2026-07-28 10:40:00,322.96,0
2026-07-28 10:45:00,340.54,0
2026-07-28 10:50:00,267.47,0
2026-07-28 10:55:00,348.9,0
2026-07-28 11:00:00,280.68,0
2026-07-28 11:05:00,239.66,0
2026-07-28 11:10:00,252.66,0
2026-07-28 11:15:00,217.33,0
2026-07-28 11:20:00,243.88,0
2026-07-28 11:25:00,270.58,0
2026-07-28 11:30:00,336.25,0
2026-07-28 11:35:00,399.79,0
2026-07-28 11:40:00,230.48,0
2026-07-28 11:45:00,319.63,0
2026-07-28 11:50:00,248.74,0
2026-07-28 11:55:00,329.04,0
2026-07-28 12:00:00,297.06,0
2026-07-28 12:05:00,220.19,0
2026-07-28 12:10:00,364.09,0
2026-07-28 12:15:00,277.94,0
2026-07-28 12:20:00,283.15,0
2026-07-28 12:25:00,258.53,0
2026-07-28 12:30:00,280.06,0
2026-07-28 12:35:00,341.98,0
2026-07-28 12:40:00,307.46,0
2026-07-28 12:45:00,338.99,0
2026-07-28 12:50:00,342.44,0
2026-07-28 12:55:00,408.51,0
2026-07-28 13:00:00,303.89,0
2026-07-28 13:05:00,248.6,0
2026-07-28 13:10:00,394.17,0
2026-07-28 13:15:00,307.27,0
2026-07-28 13:20:00,399.61,0
2026-07-28 13:25:00,351.08,0
2026-07-28 13:30:00,320.63,0
2026-07-28 13:35:00,350.11,0
2026-07-28 13:40:00,467.76,0
2026-07-28 13:45:00,478.97,0
2026-07-28 13:50:00,333.95,0
2026-07-28 13:55:00,339.6,0
2026-07-28 14:00:00,400.54,0
2026-07-28 14:05:00,283.36,0
2026-07-28 14:10:00,350.19,0
2026-07-28 14:15:00,328.04,0
2026-07-28 14:20:00,348.38,0
2026-07-28 14:25:00,283.01,0
2026-07-28 14:30:00,246.6,0
2026-07-28 14:35:00,225.63,0
2026-07-28 14:40:00,267.39,0
2026-07-28 14:45:00,300.32,0
2026-07-28 14:50:00,308.56,0
2026-07-28 14:55:00,459.6,0
2026-07-28 15:00:00,394.43,0
2026-07-28 15:05:00,270.86,0
2026-07-28 15:10:00,341.56,0
2026-07-28 15:15:00,296.94,0
2026-07-28 15:20:00,302.24,0
2026-07-28 15:25:00,327.37,0
2026-07-28 15:30:00,352.21,0
2026-07-28 15:35:00,294.86,0
2026-07-28 15:40:00,377.5,0
2026-07-28 15:45:00,252.34,0
2026-07-28 15:50:00,308.42,0
2026-07-28 15:55:00,488.64,0
2026-07-28 16:00:00,316.61,0
2026-07-28 16:05:00,391.01,0
2026-07-28 16:10:00,304.96,0
2026-07-28 16:15:00,330.63,0
2026-07-28 16:20:00,292.57,0
2026-07-28 16:25:00,284.44,0
2026-07-28 16:30:00,252.88,0
2026-07-28 16:35:00,311.83,0
2026-07-28 16:40:00,245.5,0
2026-07-28 16:45:00,319.8,0
2026-07-28 16:50:00,341.85,0
2026-07-28 16:55:00,297.65,0
2026-07-28 17:00:00,262.2,0
2026-07-28 17:05:00,296.74,0
2026-07-28 17:10:00,256.18,0
2026-07-28 17:15:00,317.33,0
2026-07-28 17:20:00,190.91,0
2026-07-28 17:25:00,247.35,0
2026-07-28 17:30:00,181.71,0
2026-07-28 17:35:00,196.58,0
2026-07-28 17:40:00,325.35,0
2026-07-28 17:45:00,295.78,0
2026-07-28 17:50:00,218.75,0
2026-07-28 17:55:00,187.87,0
2026-07-28 18:00:00,142.77,0
2026-07-28 18:05:00,218.23,0
2026-07-28 18:10:00,367.76,0
2026-07-28 18:15:00,254.25,0
2026-07-28 18:20:00,210.08,0
2026-07-28 18:25:00,249.63,0
2026-07-28 18:30:00,171.28,0
2026-07-28 18:35:00,212.43,0
2026-07-28 18:40:00,225.39,0
2026-07-28 18:45:00,215.33,0
2026-07-28 18:50:00,249.06,0
2026-07-28 18:55:00,227.01,0
2026-07-28 19:00:00,237.66,0
2026-07-28 19:05:00,183.86,0
2026-07-28 19:10:00,241.58,0
2026-07-28 19:15:00,272.13,0
2026-07-28 19:20:00,168.33,0
2026-07-28 19:25:00,168.72,0
2026-07-28 19:30:00,248.62,0
2026-07-28 19:35:00,186.51,0
2026-07-28 19:40:00,245.46,0
2026-07-28 19:45:00,173.87,0
2026-07-28 19:50:00,241.64,0
2026-07-28 19:55:00,188.07,0
2026-07-28 20:00:00,190.06,0
2026-07-28 20:05:00,237.51,0
2026-07-28 20:10:00,165.88,0
2026-07-28 20:15:00,147.65,0
2026-07-28 20:20:00,159.41,0
2026-07-28 20:25:00,185.25,0
2026-07-28 20:30:00,127.31,0
2026-07-28 20:35:00,187.06,0
2026-07-28 20:40:00,149.62,0
2026-07-28 20:45:00,200.38,0
2026-07-28 20:50:00,104.72,0
2026-07-28 20:55:00,138.3,0
2026-07-28 21:00:00,116.32,0
2026-07-28 21:05:00,134.33,0
2026-07-28 21:10:00,161.22,0
2026-07-28 21:15:00,147.72,0
2026-07-28 21:20:00,144.25,0
2026-07-28 21:25:00,145.21,0
2026-07-28 21:30:00,153.45,0
2026-07-28 21:35:00,122.16,0
2026-07-28 21:40:00,164.73,0
2026-07-28 21:45:00,161.87,0
2026-07-28 21:50:00,152.55,0
2026-07-28 21:55:00,155.89,0
2026-07-28 22:00:00,147.43,0
2026-07-28 22:05:00,199.85,0
2026-07-28 22:10:00,135.23,0
2026-07-28 22:15:00,128.9,0
2026-07-28 22:20:00,117.98,0
2026-07-28 22:25:00,111.31,0
2026-07-28 22:30:00,106.31,0
2026-07-28 22:35:00,112.49,0
2026-07-28 22:40:00,129.38,0
2026-07-28 22:45:00,138.18,0
2026-07-28 22:50:00,130.4,0
2026-07-28 22:55:00,111.82,0
2026-07-28 23:00:00,149.93,0
2026-07-28 23:05:00,144.73,0
2026-07-28 23:10:00,122.36,0
2026-07-28 23:15:00,111.3,0
2026-07-28 23:20:00,137.37,0
2026-07-28 23:25:00,128.03,0
2026-07-28 23:30:00,94.86,0
2026-07-28 23:35:00,120.98,0
2026-07-28 23:40:00,127.75,0
2026-07-28 23:45:00,103.15,0
2026-07-28 23:50:00,124.91,0
2026-07-28 23:55:00,92.49,0
2026-07-29 00:00:00,140.52,0
2026-07-29 00:05:00,138.35,0
2026-07-29 00:10:00,105.64,0
2026-07-29 00:15:00,118.08,0
2026-07-29 00:20:00,71.7,0
2026-07-29 00:25:00,89.89,0
2026-07-29 00:30:00,105.04,0
2026-07-29 00:35:00,91.35,0
2026-07-29 00:40:00,126.06,0
2026-07-29 00:45:00,158.9,0
2026-07-29 00:50:00,89.79,0
2026-07-29 00:55:00,95.51,0
2026-07-29 01:00:00,115.93,0
2026-07-29 01:05:00,148.61,0
2026-07-29 01:10:00,89.3,0
2026-07-29 01:15:00,116.47,0
2026-07-29 01:20:00,154.7,0
2026-07-29 01:25:00,82.87,0
2026-07-29 01:30:00,88.67,0
2026-07-29 01:35:00,103.57,0
2026-07-29 01:40:00,101.89,0
2026-07-29 01:45:00,129.67,0
2026-07-29 01:50:00,117.14,0
2026-07-29 01:55:00,81.58,0
2026-07-29 02:00:00,123.38,0
2026-07-29 02:05:00,101.48,0
2026-07-29 02:10:00,141.84,0
2026-07-29 02:15:00,100.88,0
2026-07-29 02:20:00,100.88,0
2026-07-29 02:25:00,124.92,0
2026-07-29 02:30:00,130.24,0
2026-07-29 02:35:00,123.3,0
2026-07-29 02:40:00,84.15,0
2026-07-29 02:45:00,125.83,0
2026-07-29 02:50:00,95.02,0
2026-07-29 02:55:00,119.7,0
2026-07-29 03:00:00,89.01,0
2026-07-29 03:05:00,124.96,0
2026-07-29 03:10:00,99.99,0
2026-07-29 03:15:00,92.04,0
2026-07-29 03:20:00,132.23,0
2026-07-29 03:25:00,121.83,0
2026-07-29 03:30:00,104.77,0
2026-07-29 03:35:00,152.46,0
2026-07-29 03:40:00,108.84,0
2026-07-29 03:45:00,118.94,0
2026-07-29 03:50:00,124.59,0
2026-07-29 03:55:00,106.6,0
2026-07-29 04:00:00,130.26,0
2026-07-29 04:05:00,109.18,0
2026-07-29 04:10:00,112.1,0
2026-07-29 04:15:00,154.99,0
2026-07-29 04:20:00,101.05,0
2026-07-29 04:25:00,79.33,0
2026-07-29 04:30:00,164.52,0
2026-07-29 04:35:00,195.84,0
2026-07-29 04:40:00,115.7,0
2026-07-29 04:45:00,88.33,0
2026-07-29 04:50:00,119.08,0
2026-07-29 04:55:00,120.34,0
2026-07-29 05:00:00,123.22,0
2026-07-29 05:05:00,105.03,0
2026-07-29 05:10:00,143.41,0
2026-07-29 05:15:00,142.99,0
2026-07-29 05:20:00,100.13,0
2026-07-29 05:25:00,149.71,0
2026-07-29 05:30:00,192.46,0
2026-07-29 05:35:00,138.26,0
2026-07-29 05:40:00,127.16,0
2026-07-29 05:45:00,132.79,0
2026-07-29 05:50:00,153.46,0
2026-07-29 05:55:00,101.47,0
2026-07-29 06:00:00,143.97,0
2026-07-29 06:05:00,131.46,0
2026-07-29 06:10:00,198.5,0
2026-07-29 06:15:00,139.24,0
2026-07-29 06:20:00,195.84,0
2026-07-29 06:25:00,120.08,0
2026-07-29 06:30:00,164.43,0
2026-07-29 06:35:00,158.28,0
2026-07-29 06:40:00,129.12,0
2026-07-29 06:45:00,157.52,0
2026-07-29 06:50:00,191.8,0
2026-07-29 06:55:00,147.04,0
2026-07-29 07:00:00,116.21,0
2026-07-29 07:05:00,158.83,0
2026-07-29 07:10:00,136.97,0
2026-07-29 07:15:00,153.23,0
2026-07-29 07:20:00,162.45,0
2026-07-29 07:25:00,122.69,0
2026-07-29 07:30:00,126.17,0
2026-07-29 07:35:00,186.24,0
2026-07-29 07:40:00,157.29,0
2026-07-29 07:45:00,110.23,0
2026-07-29 07:50:00,203.9,0
2026-07-29 07:55:00,188.22,0
2026-07-29 08:00:00,159.55,0
2026-07-29 08:05:00,144.91,0
2026-07-29 08:10:00,216.16,0
2026-07-29 08:15:00,200.51,0
2026-07-29 08:20:00,292.75,0
2026-07-29 08:25:00,208.22,0
2026-07-29 08:30:00,209.61,0
2026-07-29 08:35:00,192.09,0
2026-07-29 08:40:00,232.19,0
2026-07-29 08:45:00,227.14,0
2026-07-29 08:50:00,257.47,0
2026-07-29 08:55:00,189.47,0
2026-07-29 09:00:00,194.84,0
2026-07-29 09:05:00,195.73,0
2026-07-29 09:10:00,249.06,0
2026-07-29 09:15:00,286.4,0
2026-07-29 09:20:00,203.84,0
2026-07-29 09:25:00,207.61,0
2026-07-29 09:30:00,240.03,0
2026-07-29 09:35:00,219.65,0
2026-07-29 09:40:00,275.77,0
2026-07-29 09:45:00,156.76,0
2026-07-29 09:50:00,204.99,0
2026-07-29 09:55:00,209.04,0
2026-07-29 10:00:00,160.32,0
2026-07-29 10:05:00,207.01,0
2026-07-29 10:10:00,211.18,0
2026-07-29 10:15:00,242.81,0
2026-07-29 10:20:00,310.99,0
2026-07-29 10:25:00,246.18,0
2026-07-29 10:30:00,215.99,0
2026-07-29 10:35:00,260.07,0
2026-07-29 10:40:00,320.64,0
2026-07-29 10:45:00,224.95,0
2026-07-29 10:50:00,229.87,0
2026-07-29 10:55:00,302.38,0
2026-07-29 11:00:00,265.27,0
2026-07-29 11:05:00,313.09,0
2026-07-29 11:10:00,280.5,0
2026-07-29 11:15:00,321.89,0
2026-07-29 11:20:00,237.52,0
2026-07-29 11:25:00,287.96,0
2026-07-29 11:30:00,280.14,0
2026-07-29 11:35:00,235.65,0
2026-07-29 11:40:00,223.08,0
2026-07-29 11:45:00,336.93,0
2026-07-29 11:50:00,281.62,0
2026-07-29 11:55:00,251.32,0
2026-07-29 12:00:00,298.93,0
2026-07-29 12:05:00,375.06,0
2026-07-29 12:10:00,204.34,0
2026-07-29 12:15:00,236.73,0
2026-07-29 12:20:00,264.0,0
2026-07-29 12:25:00,407.71,0
2026-07-29 12:30:00,331.5,0
2026-07-29 12:35:00,363.52,0
2026-07-29 12:40:00,259.09,0
2026-07-29 12:45:00,261.2,0
2026-07-29 12:50:00,347.77,0
2026-07-29 12:55:00,325.47,0
2026-07-29 13:00:00,356.79,0
2026-07-29 13:05:00,313.53,0
2026-07-29 13:10:00,341.98,0
2026-07-29 13:15:00,335.58,0
2026-07-29 13:20:00,376.1,0
2026-07-29 13:25:00,378.9,0
2026-07-29 13:30:00,245.26,0
2026-07-29 13:35:00,219.42,0
2026-07-29 13:40:00,394.29,0
2026-07-29 13:45:00,408.13,0
2026-07-29 13:50:00,274.46,0
2026-07-29 13:55:00,236.08,0
2026-07-29 14:00:00,335.94,0
2026-07-29 14:05:00,390.14,0
2026-07-29 14:10:00,455.81,0
2026-07-29 14:15:00,361.67,0
2026-07-29 14:20:00,307.93,0
2026-07-29 14:25:00,279.98,0
2026-07-29 14:30:00,328.97,0
2026-07-29 14:35:00,310.49,0
2026-07-29 14:40:00,272.36,0
2026-07-29 14:45:00,471.63,0
2026-07-29 14:50:00,448.54,0
2026-07-29 14:55:00,397.88,0
2026-07-29 15:00:00,273.86,0
2026-07-29 15:05:00,375.66,0
2026-07-29 15:10:00,359.99,0
2026-07-29 15:15:00,346.01,0
2026-07-29 15:20:00,398.35,0
2026-07-29 15:25:00,354.99,0
2026-07-29 15:30:00,359.95,0
2026-07-29 15:35:00,351.5,0
2026-07-29 15:40:00,331.43,0
2026-07-29 15:45:00,224.81,0
2026-07-29 15:50:00,312.74,0
2026-07-29 15:55:00,276.97,0
2026-07-29 16:00:00,241.57,0
2026-07-29 16:05:00,408.9,0
2026-07-29 16:10:00,409.5,0
2026-07-29 16:15:00,380.36,0
2026-07-29 16:20:00,309.48,0
2026-07-29 16:25:00,374.02,0
2026-07-29 16:30:00,291.6,0
2026-07-29 16:35:00,299.32,0
2026-07-29 16:40:00,235.03,0
2026-07-29 16:45:00,304.71,0
2026-07-29 16:50:00,284.26,0
2026-07-29 16:55:00,220.4,0
2026-07-29 17:00:00,273.53,0
2026-07-29 17:05:00,269.56,0
2026-07-29 17:10:00,374.28,0
2026-07-29 17:15:00,314.98,0
2026-07-29 17:20:00,266.01,0
2026-07-29 17:25:00,274.79,0
2026-07-29 17:30:00,262.1,0
2026-07-29 17:35:00,248.06,0
2026-07-29 17:40:00,209.47,0
2026-07-29 17:45:00,245.01,0
2026-07-29 17:50:00,217.7,0
2026-07-29 17:55:00,196.6,0
2026-07-29 18:00:00,266.9,0
2026-07-29 18:05:00,258.22,0
2026-07-29 18:10:00,172.46,0
2026-07-29 18:15:00,229.97,0
2026-07-29 18:20:00,277.95,0
2026-07-29 18:25:00,277.81,0
2026-07-29 18:30:00,272.84,0
2026-07-29 18:35:00,225.68,0
2026-07-29 18:40:00,190.15,0
2026-07-29 18:45:00,179.94,0
2026-07-29 18:50:00,229.84,0
2026-07-29 18:55:00,228.43,0
2026-07-29 19:00:00,265.67,0
2026-07-29 19:05:00,253.68,0
2026-07-29 19:10:00,200.69,0
2026-07-29 19:15:00,162.25,0
2026-07-29 19:20:00,189.26,0
2026-07-29 19:25:00,205.84,0
2026-07-29 19:30:00,188.5,0
2026-07-29 19:35:00,173.98,0
2026-07-29 19:40:00,199.53,0
2026-07-29 19:45:00,171.96,0
2026-07-29 19:50:00,166.09,0
2026-07-29 19:55:00,194.27,0
2026-07-29 20:00:00,168.76,0
2026-07-29 20:05:00,187.26,0
2026-07-29 20:10:00,185.96,0
2026-07-29 20:15:00,142.47,0
2026-07-29 20:20:00,158.47,0
2026-07-29 20:25:00,221.2,0
2026-07-29 20:30:00,136.9,0
2026-07-29 20:35:00,113.94,0
2026-07-29 20:40:00,117.91,0
2026-07-29 20:45:00,163.83,0
2026-07-29 20:50:00,162.03,0
2026-07-29 20:55:00,156.0,0
2026-07-29 21:00:00,196.07,0
2026-07-29 21:05:00,96.34,0
2026-07-29 21:10:00,165.58,0
2026-07-29 21:15:00,202.08,0
2026-07-29 21:20:00,123.24,0
2026-07-29 21:25:00,139.56,0
2026-07-29 21:30:00,129.18,0
2026-07-29 21:35:00,124.69,0
2026-07-29 21:40:00,136.78,0
2026-07-29 21:45:00,185.76,0
2026-07-29 21:50:00,198.13,0
2026-07-29 21:55:00,132.76,0
2026-07-29 22:00:00,196.95,0
2026-07-29 22:05:00,139.44,0
2026-07-29 22:10:00,188.36,0
2026-07-29 22:15:00,133.96,0
2026-07-29 22:20:00,138.34,0
2026-07-29 22:25:00,143.16,0
2026-07-29 22:30:00,235.71,0
2026-07-29 22:35:00,153.87,0
2026-07-29 22:40:00,115.38,0
2026-07-29 22:45:00,154.9,0
2026-07-29 22:50:00,121.06,0
2026-07-29 22:55:00,117.51,0
2026-07-29 23:00:00,150.16,0
2026-07-29 23:05:00,127.41,0
2026-07-29 23:10:00,132.4,0
2026-07-29 23:15:00,125.49,0
2026-07-29 23:20:00,132.23,0
2026-07-29 23:25:00,133.61,0
2026-07-29 23:30:00,86.87,0
2026-07-29 23:35:00,138.09,0
2026-07-29 23:40:00,102.12,0
2026-07-29 23:45:00,93.55,0
2026-07-29 23:50:00,119.46,0
2026-07-29 23:55:00,122.01,0
2026-07-30 00:00:00,97.52,0
2026-07-30 00:05:00,128.35,0
2026-07-30 00:10:00,86.83,0
2026-07-30 00:15:00,102.79,0
2026-07-30 00:20:00,99.59,0
2026-07-30 00:25:00,109.76,0
2026-07-30 00:30:00,116.44,0
2026-07-30 00:35:00,92.41,0
2026-07-30 00:40:00,126.29,0
2026-07-30 00:45:00,112.18,0
2026-07-30 00:50:00,78.95,0
2026-07-30 00:55:00,78.05,0
2026-07-30 01:00:00,110.87,0
2026-07-30 01:05:00,106.86,0
2026-07-30 01:10:00,109.23,0
2026-07-30 01:15:00,110.81,0
2026-07-30 01:20:00,116.08,0
2026-07-30 01:25:00,132.31,0
2026-07-30 01:30:00,91.43,0
2026-07-30 01:35:00,90.52,0
2026-07-30 01:40:00,91.91,0
2026-07-30 01:45:00,118.0,0
2026-07-30 01:50:00,140.33,0
2026-07-30 01:55:00,103.91,0
2026-07-30 02:00:00,71.68,0
2026-07-30 02:05:00,82.86,0
2026-07-30 02:10:00,97.06,0
2026-07-30 02:15:00,102.15,0
2026-07-30 02:20:00,105.11,0
2026-07-30 02:25:00,114.11,0
2026-07-30 02:30:00,107.33,0
2026-07-30 02:35:00,137.39,0
2026-07-30 02:40:00,100.92,0
2026-07-30 02:45:00,97.79,0
2026-07-30 02:50:00,124.77,0
2026-07-30 02:55:00,87.03,0
2026-07-30 03:00:00,123.37,0
2026-07-30 03:05:00,117.46,0
2026-07-30 03:10:00,112.59,0
2026-07-30 03:15:00,154.31,0
2026-07-30 03:20:00,103.96,0
2026-07-30 03:25:00,169.01,0
2026-07-30 03:30:00,112.36,0
2026-07-30 03:35:00,93.3,0
2026-07-30 03:40:00,119.31,0
2026-07-30 03:45:00,97.43,0
2026-07-30 03:50:00,103.68,0
2026-07-30 03:55:00,128.0,0
2026-07-30 04:00:00,132.25,0
2026-07-30 04:05:00,107.45,0
2026-07-30 04:10:00,144.2,0
2026-07-30 04:15:00,149.37,0
2026-07-30 04:20:00,157.82,0
2026-07-30 04:25:00,134.72,0
2026-07-30 04:30:00,157.35,0
2026-07-30 04:35:00,88.23,0
2026-07-30 04:40:00,117.54,0
2026-07-30 04:45:00,107.09,0
2026-07-30 04:50:00,128.65,0
2026-07-30 04:55:00,114.31,0
2026-07-30 05:00:00,123.75,0
2026-07-30 05:05:00,180.09,0
2026-07-30 05:10:00,125.32,0
2026-07-30 05:15:00,140.17,0
2026-07-30 05:20:00,125.67,0
2026-07-30 05:25:00,133.82,0
2026-07-30 05:30:00,133.15,0
2026-07-30 05:35:00,145.31,0
2026-07-30 05:40:00,166.65,0
2026-07-30 05:45:00,183.25,0
2026-07-30 05:50:00,145.24,0
2026-07-30 05:55:00,154.06,0
2026-07-30 06:00:00,113.62,0
2026-07-30 06:05:00,138.82,0
2026-07-30 06:10:00,168.58,0
2026-07-30 06:15:00,167.91,0
2026-07-30 06:20:00,150.68,0
2026-07-30 06:25:00,171.81,0
2026-07-30 06:30:00,161.6,0
2026-07-30 06:35:00,185.47,0
2026-07-30 06:40:00,159.05,0
2026-07-30 06:45:00,143.1,0
2026-07-30 06:50:00,163.8,0
2026-07-30 06:55:00,91.97,0
2026-07-30 07:00:00,168.82,0
2026-07-30 07:05:00,82.62,0
2026-07-30 07:10:00,197.46,1
2026-07-30 07:15:00,648.51,1
2026-07-30 07:20:00,590.3,1
2026-07-30 07:25:00,522.6,1
2026-07-30 07:30:00,465.07,1
2026-07-30 07:35:00,557.86,1
2026-07-30 07:40:00,415.52,1
2026-07-30 07:45:00,544.59,1
2026-07-30 07:50:00,395.03,1
2026-07-30 07:55:00,389.32,1
2026-07-30 08:00:00,419.03,1
2026-07-30 08:05:00,188.06,0
2026-07-30 08:10:00,155.26,0
2026-07-30 08:15:00,184.61,0
2026-07-30 08:20:00,189.43,0
2026-07-30 08:25:00,151.0,0
2026-07-30 08:30:00,186.68,0
2026-07-30 08:35:00,173.19,0
2026-07-30 08:40:00,236.73,0
2026-07-30 08:45:00,204.24,0
2026-07-30 08:50:00,195.33,0
2026-07-30 08:55:00,204.17,0
2026-07-30 09:00:00,219.36,0
2026-07-30 09:05:00,238.41,0
2026-07-30 09:10:00,180.44,0
2026-07-30 09:15:00,181.31,0
2026-07-30 09:20:00,270.1,0
2026-07-30 09:25:00,208.08,0
2026-07-30 09:30:00,175.78,0
2026-07-30 09:35:00,248.68,0
2026-07-30 09:40:00,252.55,0
2026-07-30 09:45:00,178.49,0
2026-07-30 09:50:00,247.91,0
2026-07-30 09:55:00,274.73,0
2026-07-30 10:00:00,260.41,0
2026-07-30 10:05:00,275.88,0
2026-07-30 10:10:00,193.38,0
2026-07-30 10:15:00,267.22,0
2026-07-30 10:20:00,241.04,0
2026-07-30 10:25:00,235.87,0
2026-07-30 10:30:00,304.14,0
2026-07-30 10:35:00,342.92,0
2026-07-30 10:40:00,366.67,0
2026-07-30 10:45:00,339.75,0
2026-07-30 10:50:00,265.52,0
2026-07-30 10:55:00,291.38,0
2026-07-30 11:00:00,316.92,0
2026-07-30 11:05:00,284.79,0
2026-07-30 11:10:00,287.88,0
2026-07-30 11:15:00,329.04,0
2026-07-30 11:20:00,283.12,0
2026-07-30 11:25:00,253.09,0
2026-07-30 11:30:00,270.05,0
2026-07-30 11:35:00,328.75,0
2026-07-30 11:40:00,295.74,0
2026-07-30 11:45:00,316.62,0
2026-07-30 11:50:00,338.44,0
2026-07-30 11:55:00,282.39,0
2026-07-30 12:00:00,348.5,0
2026-07-30 12:05:00,327.74,0
2026-07-30 12:10:00,246.67,0
2026-07-30 12:15:00,401.79,0
2026-07-30 12:20:00,284.84,0
2026-07-30 12:25:00,232.67,0
2026-07-30 12:30:00,261.04,0
2026-07-30 12:35:00,263.47,0
2026-07-30 12:40:00,321.11,0
2026-07-30 12:45:00,304.15,0
2026-07-30 12:50:00,301.96,0
2026-07-30 12:55:00,360.08,0
2026-07-30 13:00:00,343.62,0
2026-07-30 13:05:00,343.28,0
2026-07-30 13:10:00,350.18,0
2026-07-30 13:15:00,364.42,0
2026-07-30 13:20:00,223.73,0
2026-07-30 13:25:00,306.87,0
2026-07-30 13:30:00,221.73,0
2026-07-30 13:35:00,330.95,0
2026-07-30 13:40:00,328.96,0
2026-07-30 13:45:00,397.81,0
2026-07-30 13:50:00,408.42,0
2026-07-30 13:55:00,342.22,0
2026-07-30 14:00:00,301.58,0
2026-07-30 14:05:00,360.06,0
2026-07-30 14:10:00,299.91,0
2026-07-30 14:15:00,329.49,0
2026-07-30 14:20:00,393.19,0
2026-07-30 14:25:00,297.4,0
2026-07-30 14:30:00,379.52,0
2026-07-30 14:35:00,370.16,0
2026-07-30 14:40:00,275.34,0
2026-07-30 14:45:00,388.66,0
2026-07-30 14:50:00,368.86,0
2026-07-30 14:55:00,330.3,0
2026-07-30 15:00:00,281.79,0
2026-07-30 15:05:00,275.93,0
2026-07-30 15:10:00,291.24,0
2026-07-30 15:15:00,352.3,0
2026-07-30 15:20:00,267.84,0
2026-07-30 15:25:00,342.57,0
2026-07-30 15:30:00,251.96,0
2026-07-30 15:35:00,302.12,0
2026-07-30 15:40:00,317.92,0
2026-07-30 15:45:00,481.28,0
2026-07-30 15:50:00,240.42,0
2026-07-30 15:55:00,399.02,0
2026-07-30 16:00:00,312.46,0
2026-07-30 16:05:00,325.3,0
2026-07-30 16:10:00,306.44,0
2026-07-30 16:15:00,322.63,0
2026-07-30 16:20:00,287.52,0
2026-07-30 16:25:00,381.05,0
2026-07-30 16:30:00,268.02,0
2026-07-30 16:35:00,353.82,0
2026-07-30 16:40:00,254.82,0
2026-07-30 16:45:00,280.63,0
2026-07-30 16:50:00,231.84,0
2026-07-30 16:55:00,302.43,0
2026-07-30 17:00:00,358.08,0
2026-07-30 17:05:00,269.67,0
2026-07-30 17:10:00,261.39,0
2026-07-30 17:15:00,219.4,0
2026-07-30 17:20:00,254.73,0
2026-07-30 17:25:00,197.26,0
2026-07-30 17:30:00,220.63,0
2026-07-30 17:35:00,268.0,0
2026-07-30 17:40:00,322.74,0
2026-07-30 17:45:00,417.45,0
2026-07-30 17:50:00,224.04,0
2026-07-30 17:55:00,318.8,0
2026-07-30 18:00:00,254.36,0
2026-07-30 18:05:00,234.19,0
2026-07-30 18:10:00,257.14,0
2026-07-30 18:15:00,237.74,0
2026-07-30 18:20:00,237.01,0
2026-07-30 18:25:00,213.32,0
2026-07-30 18:30:00,176.37,0
2026-07-30 18:35:00,169.74,0
2026-07-30 18:40:00,249.02,0
2026-07-30 18:45:00,208.07,0
2026-07-30 18:50:00,194.04,0
2026-07-30 18:55:00,213.69,0
2026-07-30 19:00:00,243.14,0
2026-07-30 19:05:00,214.98,0
2026-07-30 19:10:00,182.64,0
2026-07-30 19:15:00,253.1,0
2026-07-30 19:20:00,266.34,0
2026-07-30 19:25:00,216.38,0
2026-07-30 19:30:00,232.93,0
2026-07-30 19:35:00,241.41,0
2026-07-30 19:40:00,233.66,0
2026-07-30 19:45:00,210.3,0
2026-07-30 19:50:00,417.18,1
2026-07-30 19:55:00,808.85,1
2026-07-30 20:00:00,1353.52,1
2026-07-30 20:05:00,1186.94,1
2026-07-30 20:10:00,1136.86,1
2026-07-30 20:15:00,1223.92,1
2026-07-30 20:20:00,1133.09,1
2026-07-30 20:25:00,1222.03,1
2026-07-30 20:30:00,1033.36,1
2026-07-30 20:35:00,884.45,1
2026-07-30 20:40:00,973.18,1
2026-07-30 20:45:00,929.63,1
2026-07-30 20:50:00,994.95,1
2026-07-30 20:55:00,844.45,1
2026-07-30 21:00:00,783.42,1
2026-07-30 21:05:00,740.33,1
2026-07-30 21:10:00,735.3,1
2026-07-30 21:15:00,695.07,1
2026-07-30 21:20:00,645.96,1
2026-07-30 21:25:00,637.66,1
2026-07-30 21:30:00,628.21,1
2026-07-30 21:35:00,539.23,1
2026-07-30 21:40:00,529.07,1
2026-07-30 21:45:00,136.85,0
2026-07-30 21:50:00,195.78,0
2026-07-30 21:55:00,138.56,0
2026-07-30 22:00:00,133.77,0
2026-07-30 22:05:00,94.98,0
2026-07-30 22:10:00,116.95,0
2026-07-30 22:15:00,129.92,0
2026-07-30 22:20:00,119.42,0
2026-07-30 22:25:00,171.89,0
2026-07-30 22:30:00,129.12,0
2026-07-30 22:35:00,166.46,0
2026-07-30 22:40:00,132.5,0
2026-07-30 22:45:00,130.98,0
2026-07-30 22:50:00,127.16,0
2026-07-30 22:55:00,128.43,0
2026-07-30 23:00:00,173.73,0
2026-07-30 23:05:00,83.45,0
2026-07-30 23:10:00,87.83,0
2026-07-30 23:15:00,113.52,0
2026-07-30 23:20:00,124.79,0
2026-07-30 23:25:00,140.14,0
2026-07-30 23:30:00,134.05,0
2026-07-30 23:35:00,114.29,0
2026-07-30 23:40:00,146.4,0
2026-07-30 23:45:00,145.99,0
2026-07-30 23:50:00,124.78,0
2026-07-30 23:55:00,142.92,0
2026-07-31 00:00:00,116.04,0
2026-07-31 00:05:00,99.89,0
2026-07-31 00:10:00,125.35,0
2026-07-31 00:15:00,112.82,0
2026-07-31 00:20:00,110.67,0
2026-07-31 00:25:00,144.29,0
2026-07-31 00:30:00,71.24,0
2026-07-31 00:35:00,85.84,0
2026-07-31 00:40:00,89.52,0
2026-07-31 00:45:00,103.89,0
2026-07-31 00:50:00,106.01,0
2026-07-31 00:55:00,84.66,0
2026-07-31 01:00:00,93.06,0
2026-07-31 01:05:00,95.24,0
2026-07-31 01:10:00,173.19,0
2026-07-31 01:15:00,154.03,0
2026-07-31 01:20:00,103.5,0
2026-07-31 01:25:00,104.49,0
2026-07-31 01:30:00,90.8,0
2026-07-31 01:35:00,79.29,0
2026-07-31 01:40:00,109.57,0
2026-07-31 01:45:00,93.6,0
2026-07-31 01:50:00,110.45,0
2026-07-31 01:55:00,84.19,0
2026-07-31 02:00:00,98.03,0
2026-07-31 02:05:00,115.65,0
2026-07-31 02:10:00,120.45,0
2026-07-31 02:15:00,121.76,0
2026-07-31 02:20:00,89.2,0
2026-07-31 02:25:00,132.17,0
2026-07-31 02:30:00,98.3,0
2026-07-31 02:35:00,127.47,0
2026-07-31 02:40:00,113.76,0
2026-07-31 02:45:00,89.15,0
2026-07-31 02:50:00,108.13,0
2026-07-31 02:55:00,122.53,0
2026-07-31 03:00:00,128.43,0
2026-07-31 03:05:00,112.42,0
2026-07-31 03:10:00,152.33,0
2026-07-31 03:15:00,139.0,0
2026-07-31 03:20:00,111.03,0
2026-07-31 03:25:00,133.5,0
2026-07-31 03:30:00,165.74,0
2026-07-31 03:35:00,167.09,0
2026-07-31 03:40:00,94.46,0
2026-07-31 03:45:00,100.09,0
2026-07-31 03:50:00,155.07,0
2026-07-31 03:55:00,98.5,0
2026-07-31 04:00:00,94.32,0
2026-07-31 04:05:00,110.11,0
2026-07-31 04:10:00,130.2,0
2026-07-31 04:15:00,119.06,0
2026-07-31 04:20:00,108.4,0
2026-07-31 04:25:00,108.48,0
2026-07-31 04:30:00,108.29,0
2026-07-31 04:35:00,105.65,0
2026-07-31 04:40:00,187.67,0
2026-07-31 04:45:00,132.06,0
2026-07-31 04:50:00,147.72,0
2026-07-31 04:55:00,116.02,0
2026-07-31 05:00:00,123.31,0
2026-07-31 05:05:00,112.87,0
2026-07-31 05:10:00,80.17,0
2026-07-31 05:15:00,101.53,0
2026-07-31 05:20:00,94.59,0
2026-07-31 05:25:00,88.05,0
2026-07-31 05:30:00,107.26,0
2026-07-31 05:35:00,170.15,0
2026-07-31 05:40:00,134.04,0
2026-07-31 05:45:00,171.85,0
2026-07-31 05:50:00,147.92,0
2026-07-31 05:55:00,159.51,0
2026-07-31 06:00:00,118.85,0
2026-07-31 06:05:00,154.98,0
2026-07-31 06:10:00,162.28,0
2026-07-31 06:15:00,129.51,0
2026-07-31 06:20:00,160.42,0
2026-07-31 06:25:00,162.19,0
2026-07-31 06:30:00,134.0,0
2026-07-31 06:35:00,122.09,0
2026-07-31 06:40:00,122.0,0
2026-07-31 06:45:00,154.96,0
2026-07-31 06:50:00,163.54,0
2026-07-31 06:55:00,135.14,0
2026-07-31 07:00:00,158.33,0
2026-07-31 07:05:00,176.57,0
2026-07-31 07:10:00,180.1,0
2026-07-31 07:15:00,215.49,0
2026-07-31 07:20:00,207.46,0
2026-07-31 07:25:00,139.28,0
2026-07-31 07:30:00,228.49,0
2026-07-31 07:35:00,155.2,0
2026-07-31 07:40:00,208.57,0
2026-07-31 07:45:00,177.06,0
2026-07-31 07:50:00,164.38,0
2026-07-31 07:55:00,129.43,0
2026-07-31 08:00:00,175.91,0
2026-07-31 08:05:00,138.72,0
2026-07-31 08:10:00,221.33,0
2026-07-31 08:15:00,247.4,0
2026-07-31 08:20:00,165.18,0
2026-07-31 08:25:00,203.83,0
2026-07-31 08:30:00,171.55,0
2026-07-31 08:35:00,176.77,0
2026-07-31 08:40:00,230.43,0
2026-07-31 08:45:00,201.57,0
2026-07-31 08:50:00,281.1,0
2026-07-31 08:55:00,190.81,0
2026-07-31 09:00:00,252.25,0
2026-07-31 09:05:00,217.13,0
2026-07-31 09:10:00,249.28,0
2026-07-31 09:15:00,201.78,0
2026-07-31 09:20:00,219.43,0
2026-07-31 09:25:00,219.5,0
2026-07-31 09:30:00,195.15,0
2026-07-31 09:35:00,258.64,0
2026-07-31 09:40:00,261.19,0
2026-07-31 09:45:00,261.62,0
2026-07-31 09:50:00,313.69,0
2026-07-31 09:55:00,312.39,0
2026-07-31 10:00:00,227.55,0
2026-07-31 10:05:00,263.32,0
2026-07-31 10:10:00,222.56,0
2026-07-31 10:15:00,252.83,0
2026-07-31 10:20:00,228.48,0
2026-07-31 10:25:00,344.4,0
2026-07-31 10:30:00,277.62,0
2026-07-31 10:35:00,252.64,0
2026-07-31 10:40:00,329.09,0
2026-07-31 10:45:00,181.42,0
2026-07-31 10:50:00,188.46,0
2026-07-31 10:55:00,315.57,0
2026-07-31 11:00:00,279.09,0
2026-07-31 11:05:00,291.49,0
2026-07-31 11:10:00,221.47,0
2026-07-31 11:15:00,282.51,0
2026-07-31 11:20:00,410.42,0
2026-07-31 11:25:00,334.74,0
2026-07-31 11:30:00,299.99,0
2026-07-31 11:35:00,271.01,0
2026-07-31 11:40:00,275.32,0
2026-07-31 11:45:00,203.0,0
2026-07-31 11:50:00,314.22,0
2026-07-31 11:55:00,351.75,0
2026-07-31 12:00:00,229.04,0
2026-07-31 12:05:00,271.78,0
2026-07-31 12:10:00,250.13,0
2026-07-31 12:15:00,260.49,0
2026-07-31 12:20:00,314.72,0
2026-07-31 12:25:00,215.37,0
2026-07-31 12:30:00,351.9,0
2026-07-31 12:35:00,362.64,0
2026-07-31 12:40:00,304.05,0
2026-07-31 12:45:00,204.44,0
2026-07-31 12:50:00,268.16,0
2026-07-31 12:55:00,402.11,0
2026-07-31 13:00:00,196.04,0
2026-07-31 13:05:00,304.63,0
2026-07-31 13:10:00,263.03,0
2026-07-31 13:15:00,376.99,0
2026-07-31 13:20:00,289.55,0
2026-07-31 13:25:00,352.39,0
2026-07-31 13:30:00,363.46,0
2026-07-31 13:35:00,457.6,0
2026-07-31 13:40:00,317.43,0
2026-07-31 13:45:00,352.65,0
2026-07-31 13:50:00,252.45,0
2026-07-31 13:55:00,408.8,0
2026-07-31 14:00:00,287.78,0
2026-07-31 14:05:00,298.27,0
2026-07-31 14:10:00,328.49,0
2026-07-31 14:15:00,248.76,0
2026-07-31 14:20:00,343.08,0
2026-07-31 14:25:00,391.36,0
2026-07-31 14:30:00,346.06,0
2026-07-31 14:35:00,246.17,0
2026-07-31 14:40:00,319.76,0
2026-07-31 14:45:00,372.77,0
2026-07-31 14:50:00,231.98,0
2026-07-31 14:55:00,267.26,0
2026-07-31 15:00:00,378.47,0
2026-07-31 15:05:00,338.12,0
2026-07-31 15:10:00,345.53,0
2026-07-31 15:15:00,446.53,0
2026-07-31 15:20:00,346.1,0
2026-07-31 15:25:00,356.43,0
2026-07-31 15:30:00,513.22,0
2026-07-31 15:35:00,301.59,0
2026-07-31 15:40:00,270.01,0
2026-07-31 15:45:00,334.73,0
2026-07-31 15:50:00,333.39,0
2026-07-31 15:55:00,278.45,0
2026-07-31 16:00:00,252.57,0
2026-07-31 16:05:00,457.84,0
2026-07-31 16:10:00,318.16,0
2026-07-31 16:15:00,261.03,0
2026-07-31 16:20:00,348.56,0
2026-07-31 16:25:00,287.59,0
2026-07-31 16:30:00,278.02,0
2026-07-31 16:35:00,319.32,0
2026-07-31 16:40:00,226.79,0
2026-07-31 16:45:00,302.29,0
2026-07-31 16:50:00,396.77,0
2026-07-31 16:55:00,303.03,0
2026-07-31 17:00:00,257.99,0
2026-07-31 17:05:00,249.6,0
2026-07-31 17:10:00,251.53,0
2026-07-31 17:15:00,256.17,0
2026-07-31 17:20:00,248.01,0
2026-07-31 17:25:00,309.87,0
2026-07-31 17:30:00,190.34,0
2026-07-31 17:35:00,300.47,0
2026-07-31 17:40:00,237.72,0
2026-07-31 17:45:00,269.44,0
2026-07-31 17:50:00,203.28,0
2026-07-31 17:55:00,312.74,0
2026-07-31 18:00:00,304.62,0
2026-07-31 18:05:00,286.03,0
2026-07-31 18:10:00,181.11,0
2026-07-31 18:15:00,272.95,0
2026-07-31 18:20:00,249.91,0
2026-07-31 18:25:00,171.97,0
2026-07-31 18:30:00,225.85,0
2026-07-31 18:35:00,239.31,0
2026-07-31 18:40:00,244.7,0
2026-07-31 18:45:00,225.79,0
2026-07-31 18:50:00,227.64,0
2026-07-31 18:55:00,278.17,0
2026-07-31 19:00:00,262.76,0
2026-07-31 19:05:00,124.21,0
2026-07-31 19:10:00,194.11,0
2026-07-31 19:15:00,197.04,0
2026-07-31 19:20:00,146.23,0
2026-07-31 19:25:00,201.33,0
2026-07-31 19:30:00,244.75,0
2026-07-31 19:35:00,158.76,0
2026-07-31 19:40:00,202.55,0
2026-07-31 19:45:00,159.67,0
2026-07-31 19:50:00,164.78,0
2026-07-31 19:55:00,239.63,0
2026-07-31 20:00:00,164.54,0
2026-07-31 20:05:00,194.76,0
2026-07-31 20:10:00,126.41,0
2026-07-31 20:15:00,244.56,0
2026-07-31 20:20:00,192.61,0
2026-07-31 20:25:00,165.24,0
2026-07-31 20:30:00,187.17,0
2026-07-31 20:35:00,129.4,0
2026-07-31 20:40:00,203.96,0
2026-07-31 20:45:00,153.74,0
2026-07-31 20:50:00,155.32,0
2026-07-31 20:55:00,145.84,0
2026-07-31 21:00:00,141.94,0
2026-07-31 21:05:00,176.63,0
2026-07-31 21:10:00,161.46,0
2026-07-31 21:15:00,171.56,0
2026-07-31 21:20:00,150.74,0
2026-07-31 21:25:00,163.9,0
2026-07-31 21:30:00,137.19,0
2026-07-31 21:35:00,218.81,0
2026-07-31 21:40:00,109.38,0
2026-07-31 21:45:00,180.28,0
2026-07-31 21:50:00,182.07,0
2026-07-31 21:55:00,120.98,0
2026-07-31 22:00:00,208.78,0
2026-07-31 22:05:00,165.74,0
2026-07-31 22:10:00,163.61,0
2026-07-31 22:15:00,136.91,0
2026-07-31 22:20:00,129.93,0
2026-07-31 22:25:00,129.09,0
2026-07-31 22:30:00,142.69,0
2026-07-31 22:35:00,169.88,0
2026-07-31 22:40:00,135.39,0
2026-07-31 22:45:00,110.42,0
2026-07-31 22:50:00,149.88,0
2026-07-31 22:55:00,151.48,0
2026-07-31 23:00:00,143.45,0
2026-07-31 23:05:00,144.89,0
2026-07-31 23:10:00,119.93,0
2026-07-31 23:15:00,105.9,0
2026-07-31 23:20:00,106.45,0
2026-07-31 23:25:00,92.21,0
2026-07-31 23:30:00,128.47,0
2026-07-31 23:35:00,120.65,0
2026-07-31 23:40:00,112.58,0
2026-07-31 23:45:00,71.24,0
2026-07-31 23:50:00,96.44,0
2026-07-31 23:55:00,147.05,0
2026-08-01 00:00:00,73.52,0
2026-08-01 00:05:00,88.45,0
2026-08-01 00:10:00,64.56,0
2026-08-01 00:15:00,107.47,0
2026-08-01 00:20:00,80.86,0
2026-08-01 00:25:00,87.47,0
2026-08-01 00:30:00,126.23,0
2026-08-01 00:35:00,109.17,0
2026-08-01 00:40:00,78.67,0
2026-08-01 00:45:00,74.76,0
2026-08-01 00:50:00,78.5,0
2026-08-01 00:55:00,91.29,0
2026-08-01 01:00:00,81.78,0
2026-08-01 01:05:00,77.67,0
2026-08-01 01:10:00,108.69,0
2026-08-01 01:15:00,81.83,0
2026-08-01 01:20:00,126.46,0
2026-08-01 01:25:00,85.05,0
2026-08-01 01:30:00,115.49,0
2026-08-01 01:35:00,89.4,0
2026-08-01 01:40:00,99.81,0
2026-08-01 01:45:00,73.74,0
2026-08-01 01:50:00,72.13,0
2026-08-01 01:55:00,91.49,0
2026-08-01 02:00:00,100.76,0
2026-08-01 02:05:00,85.06,0
2026-08-01 02:10:00,67.09,0
2026-08-01 02:15:00,66.31,0
2026-08-01 02:20:00,65.62,0
2026-08-01 02:25:00,61.83,0
2026-08-01 02:30:00,86.84,0
2026-08-01 02:35:00,104.46,0
2026-08-01 02:40:00,85.27,0
2026-08-01 02:45:00,57.03,0
2026-08-01 02:50:00,82.95,0
2026-08-01 02:55:00,83.57,0
2026-08-01 03:00:00,125.8,0
2026-08-01 03:05:00,66.53,0
2026-08-01 03:10:00,80.83,0
2026-08-01 03:15:00,118.21,0
2026-08-01 03:20:00,94.57,0
2026-08-01 03:25:00,96.82,0
2026-08-01 03:30:00,89.59,0
2026-08-01 03:35:00,93.45,0
2026-08-01 03:40:00,101.64,0
2026-08-01 03:45:00,76.66,0
2026-08-01 03:50:00,104.27,0
2026-08-01 03:55:00,69.81,0
2026-08-01 04:00:00,95.21,0
2026-08-01 04:05:00,93.08,0
2026-08-01 04:10:00,81.03,0
2026-08-01 04:15:00,90.59,0
2026-08-01 04:20:00,81.71,0
2026-08-01 04:25:00,75.74,0
2026-08-01 04:30:00,86.64,0
2026-08-01 04:35:00,76.1,0
2026-08-01 04:40:00,98.93,0
2026-08-01 04:45:00,76.33,0
2026-08-01 04:50:00,107.36,0
2026-08-01 04:55:00,76.82,0
2026-08-01 05:00:00,86.36,0
2026-08-01 05:05:00,86.02,0
2026-08-01 05:10:00,123.01,0
2026-08-01 05:15:00,103.56,0
2026-08-01 05:20:00,94.6,0
2026-08-01 05:25:00,108.3,0
2026-08-01 05:30:00,68.27,0
2026-08-01 05:35:00,99.76,0
2026-08-01 05:40:00,145.18,0
2026-08-01 05:45:00,104.63,0
2026-08-01 05:50:00,104.29,0
2026-08-01 05:55:00,114.69,0
2026-08-01 06:00:00,123.17,0
2026-08-01 06:05:00,73.83,0
2026-08-01 06:10:00,78.86,0
2026-08-01 06:15:00,111.91,0
2026-08-01 06:20:00,95.65,0
2026-08-01 06:25:00,139.12,0
2026-08-01 06:30:00,104.83,0
2026-08-01 06:35:00,79.12,0
2026-08-01 06:40:00,90.13,0
2026-08-01 06:45:00,69.75,0
2026-08-01 06:50:00,110.87,0
2026-08-01 06:55:00,113.0,0
2026-08-01 07:00:00,109.49,0
2026-08-01 07:05:00,145.11,0
2026-08-01 07:10:00,149.95,0
2026-08-01 07:15:00,118.54,0
2026-08-01 07:20:00,84.2,0
2026-08-01 07:25:00,139.79,0
2026-08-01 07:30:00,139.87,0
2026-08-01 07:35:00,135.41,0
2026-08-01 07:40:00,154.65,0
2026-08-01 07:45:00,106.37,0
2026-08-01 07:50:00,190.62,0
2026-08-01 07:55:00,113.09,0
2026-08-01 08:00:00,155.71,0
2026-08-01 08:05:00,101.67,0
2026-08-01 08:10:00,117.97,0
2026-08-01 08:15:00,185.54,0
2026-08-01 08:20:00,136.43,0
2026-08-01 08:25:00,168.42,0
2026-08-01 08:30:00,153.0,0
2026-08-01 08:35:00,145.68,0
2026-08-01 08:40:00,192.16,0
2026-08-01 08:45:00,145.88,0
2026-08-01 08:50:00,111.87,0
2026-08-01 08:55:00,135.07,0
2026-08-01 09:00:00,174.53,0
2026-08-01 09:05:00,171.83,0
2026-08-01 09:10:00,122.19,0
2026-08-01 09:15:00,143.97,0
2026-08-01 09:20:00,149.54,0
2026-08-01 09:25:00,157.38,0
2026-08-01 09:30:00,132.81,0
2026-08-01 09:35:00,153.77,0
2026-08-01 09:40:00,152.84,0
2026-08-01 09:45:00,202.6,0
2026-08-01 09:50:00,206.38,0
2026-08-01 09:55:00,175.82,0
2026-08-01 10:00:00,170.14,0
2026-08-01 10:05:00,189.37,0
2026-08-01 10:10:00,161.22,0
2026-08-01 10:15:00,153.61,0
2026-08-01 10:20:00,161.18,0
2026-08-01 10:25:00,172.13,0
2026-08-01 10:30:00,158.17,0
2026-08-01 10:35:00,202.9,0
2026-08-01 10:40:00,227.04,0
2026-08-01 10:45:00,151.14,0
2026-08-01 10:50:00,204.03,0
2026-08-01 10:55:00,197.13,0
2026-08-01 11:00:00,220.18,0
2026-08-01 11:05:00,208.5,0
2026-08-01 11:10:00,162.34,0
2026-08-01 11:15:00,169.52,0
2026-08-01 11:20:00,215.76,0
2026-08-01 11:25:00,260.47,0
2026-08-01 11:30:00,146.49,0
2026-08-01 11:35:00,234.1,0
2026-08-01 11:40:00,274.62,0
2026-08-01 11:45:00,217.29,0
2026-08-01 11:50:00,248.41,0
2026-08-01 11:55:00,199.64,0
2026-08-01 12:00:00,223.26,0
2026-08-01 12:05:00,171.5,0
2026-08-01 12:10:00,151.51,0
2026-08-01 12:15:00,275.43,0
2026-08-01 12:20:00,195.8,0
2026-08-01 12:25:00,216.56,0
2026-08-01 12:30:00,184.11,0
2026-08-01 12:35:00,184.24,0
2026-08-01 12:40:00,231.23,0
2026-08-01 12:45:00,210.15,0
2026-08-01 12:50:00,257.57,0
2026-08-01 12:55:00,262.06,0
2026-08-01 13:00:00,256.84,0
2026-08-01 13:05:00,253.9,0
2026-08-01 13:10:00,324.08,0
2026-08-01 13:15:00,201.86,0
2026-08-01 13:20:00,242.81,0
2026-08-01 13:25:00,301.33,0
2026-08-01 13:30:00,309.15,0
2026-08-01 13:35:00,190.92,0
2026-08-01 13:40:00,233.43,0
2026-08-01 13:45:00,315.63,0
2026-08-01 13:50:00,271.05,0
2026-08-01 13:55:00,256.32,0
2026-08-01 14:00:00,237.99,0
2026-08-01 14:05:00,230.95,0
2026-08-01 14:10:00,260.53,0
2026-08-01 14:15:00,236.2,0
2026-08-01 14:20:00,245.04,0
2026-08-01 14:25:00,250.12,0
2026-08-01 14:30:00,217.93,0
2026-08-01 14:35:00,270.46,0
2026-08-01 14:40:00,414.36,0
2026-08-01 14:45:00,177.66,0
2026-08-01 14:50:00,258.61,0
2026-08-01 14:55:00,212.12,0
2026-08-01 15:00:00,268.98,0
2026-08-01 15:05:00,243.59,0
2026-08-01 15:10:00,276.0,0
2026-08-01 15:15:00,296.11,0
2026-08-01 15:20:00,246.99,0
2026-08-01 15:25:00,291.14,0
2026-08-01 15:30:00,154.95,0
2026-08-01 15:35:00,312.98,0
2026-08-01 15:40:00,250.11,0
2026-08-01 15:45:00,282.21,0
2026-08-01 15:50:00,185.5,0
2026-08-01 15:55:00,197.71,0
2026-08-01 16:00:00,234.18,0
2026-08-01 16:05:00,225.88,0
2026-08-01 16:10:00,236.75,0
2026-08-01 16:15:00,271.51,0
2026-08-01 16:20:00,161.34,0
2026-08-01 16:25:00,262.12,0
2026-08-01 16:30:00,218.55,0
2026-08-01 16:35:00,208.65,0
2026-08-01 16:40:00,164.69,0
2026-08-01 16:45:00,232.94,0
2026-08-01 16:50:00,136.56,0
2026-08-01 16:55:00,234.85,0
2026-08-01 17:00:00,158.28,0
2026-08-01 17:05:00,207.07,0
2026-08-01 17:10:00,198.8,0
2026-08-01 17:15:00,248.24,0
2026-08-01 17:20:00,192.8,0
2026-08-01 17:25:00,173.92,0
2026-08-01 17:30:00,178.02,0
2026-08-01 17:35:00,242.65,0
2026-08-01 17:40:00,210.24,0
2026-08-01 17:45:00,176.16,0
2026-08-01 17:50:00,178.96,0
2026-08-01 17:55:00,139.27,0
2026-08-01 18:00:00,195.8,0
2026-08-01 18:05:00,131.49,0
2026-08-01 18:10:00,204.26,0
2026-08-01 18:15:00,180.46,0
2026-08-01 18:20:00,267.78,0
2026-08-01 18:25:00,141.26,0
2026-08-01 18:30:00,167.02,0
2026-08-01 18:35:00,232.33,0
2026-08-01 18:40:00,205.76,0
2026-08-01 18:45:00,144.7,0
2026-08-01 18:50:00,168.68,0
2026-08-01 18:55:00,160.08,0
2026-08-01 19:00:00,166.27,0
2026-08-01 19:05:00,137.64,0
2026-08-01 19:10:00,151.69,0
2026-08-01 19:15:00,114.18,0
2026-08-01 19:20:00,154.03,0
2026-08-01 19:25:00,160.99,0
2026-08-01 19:30:00,140.73,0
2026-08-01 19:35:00,108.26,0
2026-08-01 19:40:00,170.84,0
2026-08-01 19:45:00,150.79,0
2026-08-01 19:50:00,122.39,0
2026-08-01 19:55:00,130.97,0
2026-08-01 20:00:00,103.86,0
2026-08-01 20:05:00,111.75,0
2026-08-01 20:10:00,120.53,0
2026-08-01 20:15:00,163.64,0
2026-08-01 20:20:00,115.52,0
2026-08-01 20:25:00,143.71,0
2026-08-01 20:30:00,114.88,0
2026-08-01 20:35:00,130.8,0
2026-08-01 20:40:00,120.54,0
2026-08-01 20:45:00,143.03,0
2026-08-01 20:50:00,109.76,0
2026-08-01 20:55:00,90.04,0
2026-08-01 21:00:00,92.16,0
2026-08-01 21:05:00,106.23,0
2026-08-01 21:10:00,92.36,0
2026-08-01 21:15:00,123.19,0
2026-08-01 21:20:00,104.13,0
2026-08-01 21:25:00,171.85,0
2026-08-01 21:30:00,81.15,0
2026-08-01 21:35:00,113.96,0
2026-08-01 21:40:00,88.8,0
2026-08-01 21:45:00,98.6,0
2026-08-01 21:50:00,109.5,0
2026-08-01 21:55:00,69.6,0
2026-08-01 22:00:00,109.4,0
2026-08-01 22:05:00,146.36,0
2026-08-01 22:10:00,94.95,0
2026-08-01 22:15:00,107.06,0
2026-08-01 22:20:00,121.87,0
2026-08-01 22:25:00,97.61,0
2026-08-01 22:30:00,89.85,0
2026-08-01 22:35:00,65.73,0
2026-08-01 22:40:00,110.3,0
2026-08-01 22:45:00,95.61,0
2026-08-01 22:50:00,80.76,0
2026-08-01 22:55:00,98.47,0
2026-08-01 23:00:00,86.09,0
2026-08-01 23:05:00,86.4,0
2026-08-01 23:10:00,105.33,0
2026-08-01 23:15:00,73.78,0
2026-08-01 23:20:00,112.71,0
2026-08-01 23:25:00,72.18,0
2026-08-01 23:30:00,81.95,0
2026-08-01 23:35:00,129.85,0
2026-08-01 23:40:00,111.96,0
2026-08-01 23:45:00,92.57,0
2026-08-01 23:50:00,76.44,0
2026-08-01 23:55:00,81.94,0
2026-08-02 00:00:00,83.96,0
2026-08-02 00:05:00,83.45,0
2026-08-02 00:10:00,81.57,0
2026-08-02 00:15:00,82.49,0
2026-08-02 00:20:00,79.84,0
2026-08-02 00:25:00,64.04,0
2026-08-02 00:30:00,75.68,0
2026-08-02 00:35:00,97.97,0
2026-08-02 00:40:00,64.99,0
2026-08-02 00:45:00,80.39,0
2026-08-02 00:50:00,71.81,0
2026-08-02 00:55:00,84.97,0
2026-08-02 01:00:00,77.71,0
2026-08-02 01:05:00,108.8,0
2026-08-02 01:10:00,91.43,0
2026-08-02 01:15:00,65.96,0
2026-08-02 01:20:00,94.33,0
2026-08-02 01:25:00,72.78,0
2026-08-02 01:30:00,75.49,0
2026-08-02 01:35:00,88.71,0
2026-08-02 01:40:00,76.81,0
2026-08-02 01:45:00,98.66,0
2026-08-02 01:50:00,73.17,0
2026-08-02 01:55:00,75.34,0
2026-08-02 02:00:00,74.94,0
2026-08-02 02:05:00,76.28,0
2026-08-02 02:10:00,103.08,0
2026-08-02 02:15:00,94.86,0
2026-08-02 02:20:00,115.43,0
2026-08-02 02:25:00,127.83,0
2026-08-02 02:30:00,70.73,0
2026-08-02 02:35:00,86.4,0
2026-08-02 02:40:00,69.17,0
2026-08-02 02:45:00,74.47,0
2026-08-02 02:50:00,76.65,0
2026-08-02 02:55:00,71.14,0
2026-08-02 03:00:00,71.38,0
2026-08-02 03:05:00,84.26,0
2026-08-02 03:10:00,69.66,0
2026-08-02 03:15:00,101.19,0
2026-08-02 03:20:00,73.93,0
2026-08-02 03:25:00,145.06,0
2026-08-02 03:30:00,80.91,0
2026-08-02 03:35:00,89.21,0
2026-08-02 03:40:00,69.99,0
2026-08-02 03:45:00,120.57,0
2026-08-02 03:50:00,108.9,0
2026-08-02 03:55:00,94.29,0
2026-08-02 04:00:00,70.43,0
2026-08-02 04:05:00,93.62,0
2026-08-02 04:10:00,73.99,0
2026-08-02 04:15:00,118.35,0
2026-08-02 04:20:00,105.73,0
2026-08-02 04:25:00,93.45,0
2026-08-02 04:30:00,59.55,0
2026-08-02 04:35:00,77.77,0
2026-08-02 04:40:00,105.65,0
2026-08-02 04:45:00,116.79,0
2026-08-02 04:50:00,115.31,0
2026-08-02 04:55:00,71.35,0
2026-08-02 05:00:00,100.96,0
2026-08-02 05:05:00,115.56,0
2026-08-02 05:10:00,71.9,0
2026-08-02 05:15:00,97.44,0
2026-08-02 05:20:00,103.25,0
2026-08-02 05:25:00,93.79,0
2026-08-02 05:30:00,71.47,0
2026-08-02 05:35:00,94.81,0
2026-08-02 05:40:00,95.54,0
2026-08-02 05:45:00,99.48,0
2026-08-02 05:50:00,93.09,0
2026-08-02 05:55:00,95.95,0
2026-08-02 06:00:00,104.08,0
2026-08-02 06:05:00,114.54,0
2026-08-02 06:10:00,101.06,0
2026-08-02 06:15:00,100.09,0
2026-08-02 06:20:00,110.61,0
2026-08-02 06:25:00,77.74,0
2026-08-02 06:30:00,120.9,0
2026-08-02 06:35:00,112.07,0
2026-08-02 06:40:00,114.05,0
2026-08-02 06:45:00,136.03,0
2026-08-02 06:50:00,81.37,0
2026-08-02 06:55:00,81.94,0
2026-08-02 07:00:00,124.15,0
2026-08-02 07:05:00,119.35,0
2026-08-02 07:10:00,124.61,0
2026-08-02 07:15:00,112.47,0
2026-08-02 07:20:00,139.35,0
2026-08-02 07:25:00,147.95,0
2026-08-02 07:30:00,138.08,0
2026-08-02 07:35:00,122.2,0
2026-08-02 07:40:00,88.69,0
2026-08-02 07:45:00,150.66,0
2026-08-02 07:50:00,165.44,0
2026-08-02 07:55:00,150.94,0
2026-08-02 08:00:00,116.14,0
2026-08-02 08:05:00,155.52,0
2026-08-02 08:10:00,162.84,0
2026-08-02 08:15:00,186.96,0
2026-08-02 08:20:00,122.13,0
2026-08-02 08:25:00,139.0,0
2026-08-02 08:30:00,167.72,0
2026-08-02 08:35:00,150.0,0
2026-08-02 08:40:00,122.95,0
2026-08-02 08:45:00,164.02,0
2026-08-02 08:50:00,171.07,0
2026-08-02 08:55:00,158.58,0
2026-08-02 09:00:00,164.41,0
2026-08-02 09:05:00,152.74,0
2026-08-02 09:10:00,211.4,0
2026-08-02 09:15:00,139.47,0
2026-08-02 09:20:00,149.39,0
2026-08-02 09:25:00,168.41,0
2026-08-02 09:30:00,199.29,0
2026-08-02 09:35:00,131.51,0
2026-08-02 09:40:00,137.64,0
2026-08-02 09:45:00,122.19,0
2026-08-02 09:50:00,179.46,0
2026-08-02 09:55:00,147.58,0
2026-08-02 10:00:00,170.37,0
2026-08-02 10:05:00,208.01,0
2026-08-02 10:10:00,166.38,0
2026-08-02 10:15:00,196.85,0
2026-08-02 10:20:00,180.88,0
2026-08-02 10:25:00,217.78,0
2026-08-02 10:30:00,212.43,0
2026-08-02 10:35:00,173.99,0
2026-08-02 10:40:00,193.14,0
2026-08-02 10:45:00,242.68,0
2026-08-02 10:50:00,218.02,0
2026-08-02 10:55:00,159.49,0
2026-08-02 11:00:00,232.98,0
2026-08-02 11:05:00,171.92,0
2026-08-02 11:10:00,271.94,0
2026-08-02 11:15:00,255.84,0
2026-08-02 11:20:00,226.12,0
2026-08-02 11:25:00,222.65,0
2026-08-02 11:30:00,210.17,0
2026-08-02 11:35:00,248.55,0
2026-08-02 11:40:00,207.37,0
2026-08-02 11:45:00,233.03,0
2026-08-02 11:50:00,263.22,0
2026-08-02 11:55:00,204.78,0
2026-08-02 12:00:00,204.16,0
2026-08-02 12:05:00,185.19,0
2026-08-02 12:10:00,190.76,0
2026-08-02 12:15:00,167.26,0
2026-08-02 12:20:00,266.6,0
2026-08-02 12:25:00,325.54,0
2026-08-02 12:30:00,305.41,0
2026-08-02 12:35:00,177.21,0
2026-08-02 12:40:00,271.83,0
2026-08-02 12:45:00,309.55,0
2026-08-02 12:50:00,221.63,0
2026-08-02 12:55:00,246.01,0
2026-08-02 13:00:00,168.89,0
2026-08-02 13:05:00,255.19,0
2026-08-02 13:10:00,201.45,0
2026-08-02 13:15:00,253.58,0
2026-08-02 13:20:00,185.15,0
2026-08-02 13:25:00,270.98,0
2026-08-02 13:30:00,296.08,0
2026-08-02 13:35:00,214.18,0
2026-08-02 13:40:00,201.23,0
2026-08-02 13:45:00,167.67,0
2026-08-02 13:50:00,235.77,0
2026-08-02 13:55:00,222.87,0
2026-08-02 14:00:00,187.21,0
2026-08-02 14:05:00,268.49,0
2026-08-02 14:10:00,228.11,0
2026-08-02 14:15:00,203.66,0
2026-08-02 14:20:00,223.47,0
2026-08-02 14:25:00,299.06,0
2026-08-02 14:30:00,274.44,0
2026-08-02 14:35:00,240.07,0
2026-08-02 14:40:00,274.13,0
2026-08-02 14:45:00,198.49,0
2026-08-02 14:50:00,245.38,0
2026-08-02 14:55:00,249.76,0
2026-08-02 15:00:00,222.76,0
2026-08-02 15:05:00,261.25,0
2026-08-02 15:10:00,209.09,0
2026-08-02 15:15:00,262.67,0
2026-08-02 15:20:00,263.5,0
2026-08-02 15:25:00,140.46,0
2026-08-02 15:30:00,292.76,0
2026-08-02 15:35:00,135.82,0
2026-08-02 15:40:00,209.24,0
2026-08-02 15:45:00,279.56,0
2026-08-02 15:50:00,218.22,0
2026-08-02 15:55:00,176.35,0
2026-08-02 16:00:00,187.35,0
2026-08-02 16:05:00,272.57,0
2026-08-02 16:10:00,159.2,0
2026-08-02 16:15:00,273.69,0
2026-08-02 16:20:00,219.5,0
2026-08-02 16:25:00,177.48,0
2026-08-02 16:30:00,196.48,0
2026-08-02 16:35:00,180.23,0
2026-08-02 16:40:00,250.84,0
2026-08-02 16:45:00,242.76,0
2026-08-02 16:50:00,154.76,0
2026-08-02 16:55:00,194.34,0
2026-08-02 17:00:00,177.25,0
2026-08-02 17:05:00,258.86,0
2026-08-02 17:10:00,159.29,0
2026-08-02 17:15:00,268.44,0
2026-08-02 17:20:00,197.91,0
2026-08-02 17:25:00,159.87,0
2026-08-02 17:30:00,172.64,0
2026-08-02 17:35:00,167.04,0
2026-08-02 17:40:00,151.76,0
2026-08-02 17:45:00,192.07,0
2026-08-02 17:50:00,149.71,0
2026-08-02 17:55:00,124.72,0
2026-08-02 18:00:00,170.52,0
2026-08-02 18:05:00,130.47,0
2026-08-02 18:10:00,155.82,0
2026-08-02 18:15:00,149.71,0
2026-08-02 18:20:00,148.96,0
2026-08-02 18:25:00,246.85,0
2026-08-02 18:30:00,171.87,0
2026-08-02 18:35:00,175.67,0
2026-08-02 18:40:00,120.6,0
2026-08-02 18:45:00,145.81,0
2026-08-02 18:50:00,168.41,0
2026-08-02 18:55:00,133.07,0
2026-08-02 19:00:00,186.11,0
2026-08-02 19:05:00,125.7,0
2026-08-02 19:10:00,146.4,0
2026-08-02 19:15:00,136.99,0
2026-08-02 19:20:00,154.85,0
2026-08-02 19:25:00,132.29,0
2026-08-02 19:30:00,139.63,0
2026-08-02 19:35:00,138.76,0
2026-08-02 19:40:00,125.28,0
2026-08-02 19:45:00,154.1,0
2026-08-02 19:50:00,145.59,0
2026-08-02 19:55:00,135.58,0
2026-08-02 20:00:00,125.92,0
2026-08-02 20:05:00,155.13,0
2026-08-02 20:10:00,127.26,0
2026-08-02 20:15:00,124.13,0
2026-08-02 20:20:00,132.07,0
2026-08-02 20:25:00,173.81,0
2026-08-02 20:30:00,99.43,0
2026-08-02 20:35:00,143.68,0
2026-08-02 20:40:00,87.94,0
2026-08-02 20:45:00,127.11,0
2026-08-02 20:50:00,160.46,0
2026-08-02 20:55:00,130.49,0
2026-08-02 21:00:00,121.87,0
2026-08-02 21:05:00,105.68,0
2026-08-02 21:10:00,116.29,0
2026-08-02 21:15:00,109.35,0
2026-08-02 21:20:00,98.3,0
2026-08-02 21:25:00,106.38,0
2026-08-02 21:30:00,114.98,0
2026-08-02 21:35:00,95.68,0
2026-08-02 21:40:00,94.09,0
2026-08-02 21:45:00,84.35,0
2026-08-02 21:50:00,114.53,0
2026-08-02 21:55:00,116.68,0
2026-08-02 22:00:00,109.29,0
2026-08-02 22:05:00,123.63,0
2026-08-02 22:10:00,104.67,0
2026-08-02 22:15:00,109.64,0
2026-08-02 22:20:00,107.03,0
2026-08-02 22:25:00,98.89,0
2026-08-02 22:30:00,90.67,0
2026-08-02 22:35:00,147.48,0
2026-08-02 22:40:00,90.6,0
2026-08-02 22:45:00,86.56,0
2026-08-02 22:50:00,104.78,0
2026-08-02 22:55:00,100.72,0
2026-08-02 23:00:00,74.26,0
2026-08-02 23:05:00,116.3,0
2026-08-02 23:10:00,92.85,0
2026-08-02 23:15:00,76.87,0
2026-08-02 23:20:00,115.62,0
2026-08-02 23:25:00,103.89,0
2026-08-02 23:30:00,73.54,0
2026-08-02 23:35:00,126.48,0
2026-08-02 23:40:00,102.9,0
2026-08-02 23:45:00,90.79,0
2026-08-02 23:50:00,120.54,0
2026-08-02 23:55:00,92.76,0
2026-08-03 00:00:00,109.92,0
2026-08-03 00:05:00,98.13,0
2026-08-03 00:10:00,122.76,0
2026-08-03 00:15:00,120.5,0
2026-08-03 00:20:00,110.93,0
2026-08-03 00:25:00,96.02,0
2026-08-03 00:30:00,113.36,0
2026-08-03 00:35:00,109.41,0
2026-08-03 00:40:00,87.2,0
2026-08-03 00:45:00,85.1,0
2026-08-03 00:50:00,122.86,0
2026-08-03 00:55:00,69.52,0
2026-08-03 01:00:00,115.3,0
2026-08-03 01:05:00,102.03,0
2026-08-03 01:10:00,140.83,0
2026-08-03 01:15:00,101.9,0
2026-08-03 01:20:00,125.51,0
2026-08-03 01:25:00,103.87,0
2026-08-03 01:30:00,113.98,0
2026-08-03 01:35:00,127.63,0
2026-08-03 01:40:00,102.96,0
2026-08-03 01:45:00,134.03,0
2026-08-03 01:50:00,93.79,0
2026-08-03 01:55:00,118.41,0
2026-08-03 02:00:00,132.76,0
2026-08-03 02:05:00,126.81,0
2026-08-03 02:10:00,159.22,0
2026-08-03 02:15:00,98.44,0
2026-08-03 02:20:00,88.26,0
2026-08-03 02:25:00,94.75,0
2026-08-03 02:30:00,127.86,0
2026-08-03 02:35:00,124.41,0
2026-08-03 02:40:00,116.09,0
2026-08-03 02:45:00,93.31,0
2026-08-03 02:50:00,131.41,0
2026-08-03 02:55:00,92.04,0
2026-08-03 03:00:00,141.69,0
2026-08-03 03:05:00,192.86,0
2026-08-03 03:10:00,123.5,0
2026-08-03 03:15:00,128.77,0
2026-08-03 03:20:00,106.41,0
2026-08-03 03:25:00,84.21,0
2026-08-03 03:30:00,104.99,0
2026-08-03 03:35:00,96.44,0
2026-08-03 03:40:00,90.8,0
2026-08-03 03:45:00,161.23,0
2026-08-03 03:50:00,124.68,0
2026-08-03 03:55:00,127.6,0
2026-08-03 04:00:00,113.19,0
2026-08-03 04:05:00,116.5,0
2026-08-03 04:10:00,143.61,0
2026-08-03 04:15:00,120.57,0
2026-08-03 04:20:00,134.08,0
2026-08-03 04:25:00,118.23,0
2026-08-03 04:30:00,115.76,0
2026-08-03 04:35:00,96.08,0
2026-08-03 04:40:00,87.18,0
2026-08-03 04:45:00,119.42,0
2026-08-03 04:50:00,127.21,0
2026-08-03 04:55:00,100.51,0
2026-08-03 05:00:00,126.71,0
2026-08-03 05:05:00,129.59,0
2026-08-03 05:10:00,87.65,0
2026-08-03 05:15:00,110.35,0
2026-08-03 05:20:00,141.01,0
2026-08-03 05:25:00,141.53,0
2026-08-03 05:30:00,108.07,0
2026-08-03 05:35:00,137.92,0
2026-08-03 05:40:00,162.42,0
2026-08-03 05:45:00,156.68,0
2026-08-03 05:50:00,135.03,0
2026-08-03 05:55:00,127.36,0
2026-08-03 06:00:00,124.8,0
2026-08-03 06:05:00,153.42,0
2026-08-03 06:10:00,147.42,0
2026-08-03 06:15:00,160.91,0
2026-08-03 06:20:00,148.54,0
2026-08-03 06:25:00,169.73,0
2026-08-03 06:30:00,150.47,0
2026-08-03 06:35:00,172.11,0
2026-08-03 06:40:00,176.6,0
2026-08-03 06:45:00,132.0,0
2026-08-03 06:50:00,111.36,0
2026-08-03 06:55:00,205.78,0
2026-08-03 07:00:00,165.03,0
2026-08-03 07:05:00,117.03,0
2026-08-03 07:10:00,406.3,1
2026-08-03 07:15:00,866.37,1
2026-08-03 07:20:00,1136.52,1
2026-08-03 07:25:00,1388.85,1
2026-08-03 07:30:00,1561.46,1
2026-08-03 07:35:00,1403.14,1
2026-08-03 07:40:00,1648.51,1
2026-08-03 07:45:00,1391.14,1
2026-08-03 07:50:00,1629.87,1
2026-08-03 07:55:00,1413.53,1
2026-08-03 08:00:00,1295.21,1
2026-08-03 08:05:00,1293.24,1
2026-08-03 08:10:00,1198.51,1
2026-08-03 08:15:00,1345.51,1
2026-08-03 08:20:00,1096.13,1
2026-08-03 08:25:00,1285.96,1
2026-08-03 08:30:00,1014.48,1
2026-08-03 08:35:00,1072.49,1
2026-08-03 08:40:00,987.62,1
2026-08-03 08:45:00,1068.83,1
2026-08-03 08:50:00,959.12,1
2026-08-03 08:55:00,1046.39,1
2026-08-03 09:00:00,879.87,1
2026-08-03 09:05:00,788.32,1
2026-08-03 09:10:00,987.76,1
2026-08-03 09:15:00,790.54,1
2026-08-03 09:20:00,829.27,1
2026-08-03 09:25:00,758.03,1
2026-08-03 09:30:00,230.88,0
2026-08-03 09:35:00,349.7,0
2026-08-03 09:40:00,217.06,0
2026-08-03 09:45:00,249.23,0
2026-08-03 09:50:00,206.02,0
2026-08-03 09:55:00,225.9,0
2026-08-03 10:00:00,254.59,0
2026-08-03 10:05:00,286.73,0
2026-08-03 10:10:00,263.71,0
2026-08-03 10:15:00,315.81,0
2026-08-03 10:20:00,250.22,0
2026-08-03 10:25:00,242.35,0
2026-08-03 10:30:00,423.06,0
2026-08-03 10:35:00,282.08,0
2026-08-03 10:40:00,233.22,0
2026-08-03 10:45:00,236.65,0
2026-08-03 10:50:00,228.55,0
2026-08-03 10:55:00,323.67,0
2026-08-03 11:00:00,258.54,0
2026-08-03 11:05:00,285.1,0
2026-08-03 11:10:00,277.99,0
2026-08-03 11:15:00,323.62,0
2026-08-03 11:20:00,245.71,0
2026-08-03 11:25:00,237.79,0
2026-08-03 11:30:00,302.95,0
2026-08-03 11:35:00,326.81,0
2026-08-03 11:40:00,313.81,0
2026-08-03 11:45:00,257.43,0
2026-08-03 11:50:00,338.89,0
2026-08-03 11:55:00,264.24,0
2026-08-03 12:00:00,276.9,0
2026-08-03 12:05:00,258.3,0
2026-08-03 12:10:00,389.37,0
2026-08-03 12:15:00,347.35,0
2026-08-03 12:20:00,347.57,0
2026-08-03 12:25:00,392.31,0
2026-08-03 12:30:00,522.72,0
2026-08-03 12:35:00,232.77,0
2026-08-03 12:40:00,278.52,0
2026-08-03 12:45:00,285.97,0
2026-08-03 12:50:00,275.28,0
2026-08-03 12:55:00,265.29,0
2026-08-03 13:00:00,306.26,0
2026-08-03 13:05:00,260.52,0
2026-08-03 13:10:00,345.5,0
2026-08-03 13:15:00,329.22,0
2026-08-03 13:20:00,356.54,0
2026-08-03 13:25:00,359.03,0
2026-08-03 13:30:00,365.93,0
2026-08-03 13:35:00,307.44,0
2026-08-03 13:40:00,482.31,0
2026-08-03 13:45:00,343.78,0
2026-08-03 13:50:00,235.87,0
2026-08-03 13:55:00,275.48,0
2026-08-03 14:00:00,241.24,0
2026-08-03 14:05:00,330.98,0
2026-08-03 14:10:00,322.66,0
2026-08-03 14:15:00,302.92,0
2026-08-03 14:20:00,472.83,0
2026-08-03 14:25:00,362.96,0
2026-08-03 14:30:00,374.12,0
2026-08-03 14:35:00,277.11,0
2026-08-03 14:40:00,273.15,0
2026-08-03 14:45:00,328.33,0
2026-08-03 14:50:00,335.57,0
2026-08-03 14:55:00,232.18,0
2026-08-03 15:00:00,312.91,0
2026-08-03 15:05:00,322.89,0
2026-08-03 15:10:00,308.65,0
2026-08-03 15:15:00,276.0,0
2026-08-03 15:20:00,288.67,0
2026-08-03 15:25:00,306.71,0
2026-08-03 15:30:00,320.25,0
2026-08-03 15:35:00,349.47,0
2026-08-03 15:40:00,378.65,0
2026-08-03 15:45:00,293.93,0
2026-08-03 15:50:00,283.78,0
2026-08-03 15:55:00,331.23,0
2026-08-03 16:00:00,339.5,0
2026-08-03 16:05:00,279.38,0
2026-08-03 16:10:00,345.85,0
2026-08-03 16:15:00,355.23,0
2026-08-03 16:20:00,372.95,0
2026-08-03 16:25:00,403.95,0
2026-08-03 16:30:00,248.95,0
2026-08-03 16:35:00,289.31,0
2026-08-03 16:40:00,286.74,0
2026-08-03 16:45:00,278.73,0
2026-08-03 16:50:00,250.17,0
2026-08-03 16:55:00,213.26,0
2026-08-03 17:00:00,280.71,0
2026-08-03 17:05:00,238.13,0
2026-08-03 17:10:00,275.04,0
2026-08-03 17:15:00,232.44,0
2026-08-03 17:20:00,217.79,0
2026-08-03 17:25:00,274.07,0
2026-08-03 17:30:00,267.19,0
2026-08-03 17:35:00,285.56,0
2026-08-03 17:40:00,377.24,0
2026-08-03 17:45:00,264.65,0
2026-08-03 17:50:00,271.71,0
2026-08-03 17:55:00,202.81,0
2026-08-03 18:00:00,193.1,0
2026-08-03 18:05:00,319.99,0
2026-08-03 18:10:00,201.45,0
2026-08-03 18:15:00,194.83,0
2026-08-03 18:20:00,230.71,0
2026-08-03 18:25:00,225.89,0
2026-08-03 18:30:00,192.83,0
2026-08-03 18:35:00,212.14,0
2026-08-03 18:40:00,276.23,0
2026-08-03 18:45:00,189.16,0
2026-08-03 18:50:00,168.09,0
2026-08-03 18:55:00,252.81,0
2026-08-03 19:00:00,230.25,0
2026-08-03 19:05:00,186.12,0
2026-08-03 19:10:00,154.59,0
2026-08-03 19:15:00,177.51,0
2026-08-03 19:20:00,198.48,0
2026-08-03 19:25:00,244.16,0
2026-08-03 19:30:00,162.21,0
2026-08-03 19:35:00,190.14,0
2026-08-03 19:40:00,215.29,0
2026-08-03 19:45:00,122.65,0
2026-08-03 19:50:00,224.0,0
2026-08-03 19:55:00,148.46,0
2026-08-03 20:00:00,192.6,0
2026-08-03 20:05:00,187.35,0
2026-08-03 20:10:00,215.2,0
2026-08-03 20:15:00,193.14,0
2026-08-03 20:20:00,112.65,0
2026-08-03 20:25:00,148.27,0
2026-08-03 20:30:00,173.0,0
2026-08-03 20:35:00,161.03,0
2026-08-03 20:40:00,179.66,0
2026-08-03 20:45:00,187.86,0
2026-08-03 20:50:00,179.78,0
2026-08-03 20:55:00,153.31,0
2026-08-03 21:00:00,113.02,0
2026-08-03 21:05:00,143.6,0
2026-08-03 21:10:00,166.19,0
2026-08-03 21:15:00,125.38,0
2026-08-03 21:20:00,169.15,0
2026-08-03 21:25:00,175.98,0
2026-08-03 21:30:00,151.35,0
2026-08-03 21:35:00,84.38,0
2026-08-03 21:40:00,115.24,0
2026-08-03 21:45:00,201.75,0
2026-08-03 21:50:00,129.0,0
2026-08-03 21:55:00,98.68,0
2026-08-03 22:00:00,174.58,0
2026-08-03 22:05:00,138.89,0
2026-08-03 22:10:00,167.6,0
2026-08-03 22:15:00,143.19,0
2026-08-03 22:20:00,146.74,0
2026-08-03 22:25:00,143.09,0
2026-08-03 22:30:00,150.8,0
2026-08-03 22:35:00,198.9,0
2026-08-03 22:40:00,156.07,0
2026-08-03 22:45:00,97.89,0
2026-08-03 22:50:00,140.02,0
2026-08-03 22:55:00,157.61,0
2026-08-03 23:00:00,158.32,0
2026-08-03 23:05:00,117.33,0
2026-08-03 23:10:00,155.3,0
2026-08-03 23:15:00,147.93,0
2026-08-03 23:20:00,197.76,0
2026-08-03 23:25:00,108.14,0
2026-08-03 23:30:00,112.36,0
2026-08-03 23:35:00,115.91,0
2026-08-03 23:40:00,111.57,0
2026-08-03 23:45:00,103.33,0
2026-08-03 23:50:00,73.42,0
2026-08-03 23:55:00,111.14,0
2026-08-04 00:00:00,118.08,0
2026-08-04 00:05:00,101.13,0
2026-08-04 00:10:00,156.63,0
2026-08-04 00:15:00,110.86,0
2026-08-04 00:20:00,139.59,0
2026-08-04 00:25:00,116.02,0
2026-08-04 00:30:00,128.5,0
2026-08-04 00:35:00,116.5,0
2026-08-04 00:40:00,141.82,0
2026-08-04 00:45:00,112.03,0
2026-08-04 00:50:00,121.34,0
2026-08-04 00:55:00,118.61,0
2026-08-04 01:00:00,105.5,0
2026-08-04 01:05:00,119.61,0
2026-08-04 01:10:00,166.37,0
2026-08-04 01:15:00,106.08,0
2026-08-04 01:20:00,120.2,0
2026-08-04 01:25:00,139.91,0
2026-08-04 01:30:00,137.11,0
2026-08-04 01:35:00,112.01,0
2026-08-04 01:40:00,72.86,0
2026-08-04 01:45:00,122.94,0
2026-08-04 01:50:00,75.22,0
2026-08-04 01:55:00,146.31,0
2026-08-04 02:00:00,115.93,0
2026-08-04 02:05:00,134.8,0
2026-08-04 02:10:00,95.87,0
2026-08-04 02:15:00,85.41,0
2026-08-04 02:20:00,118.56,0
2026-08-04 02:25:00,112.64,0
2026-08-04 02:30:00,103.92,0
2026-08-04 02:35:00,115.49,0
2026-08-04 02:40:00,187.56,0
2026-08-04 02:45:00,132.73,0
2026-08-04 02:50:00,138.27,0
2026-08-04 02:55:00,133.56,0
2026-08-04 03:00:00,150.11,0
2026-08-04 03:05:00,111.43,0
2026-08-04 03:10:00,79.87,0
2026-08-04 03:15:00,112.07,0
2026-08-04 03:20:00,134.58,0
2026-08-04 03:25:00,97.96,0
2026-08-04 03:30:00,113.36,0
2026-08-04 03:35:00,103.66,0
2026-08-04 03:40:00,154.4,0
2026-08-04 03:45:00,135.33,0
2026-08-04 03:50:00,133.47,0
2026-08-04 03:55:00,133.28,0
2026-08-04 04:00:00,118.87,0
2026-08-04 04:05:00,124.53,0
2026-08-04 04:10:00,97.53,0
2026-08-04 04:15:00,81.82,0
2026-08-04 04:20:00,125.2,0
2026-08-04 04:25:00,129.83,0
2026-08-04 04:30:00,153.05,0
2026-08-04 04:35:00,164.23,0
2026-08-04 04:40:00,165.11,0
2026-08-04 04:45:00,104.59,0
2026-08-04 04:50:00,118.19,0
2026-08-04 04:55:00,138.14,0
2026-08-04 05:00:00,201.12,0
2026-08-04 05:05:00,167.52,0
2026-08-04 05:10:00,158.05,0
2026-08-04 05:15:00,121.33,0
2026-08-04 05:20:00,111.78,0
2026-08-04 05:25:00,152.15,0
2026-08-04 05:30:00,109.1,0
2026-08-04 05:35:00,128.41,0
2026-08-04 05:40:00,132.35,0
2026-08-04 05:45:00,181.46,0
2026-08-04 05:50:00,128.87,0
2026-08-04 05:55:00,89.32,0
2026-08-04 06:00:00,153.06,0
2026-08-04 06:05:00,124.36,0
2026-08-04 06:10:00,143.43,0
2026-08-04 06:15:00,141.45,0
2026-08-04 06:20:00,138.08,0
2026-08-04 06:25:00,168.86,0
2026-08-04 06:30:00,112.26,0
2026-08-04 06:35:00,136.16,0
2026-08-04 06:40:00,170.76,0
2026-08-04 06:45:00,136.6,0
2026-08-04 06:50:00,115.43,0
2026-08-04 06:55:00,175.8,0
2026-08-04 07:00:00,192.88,0
2026-08-04 07:05:00,158.05,0
2026-08-04 07:10:00,113.21,0
2026-08-04 07:15:00,185.06,0
2026-08-04 07:20:00,122.28,0
2026-08-04 07:25:00,176.32,0
2026-08-04 07:30:00,143.84,0
2026-08-04 07:35:00,138.59,0
2026-08-04 07:40:00,159.6,0
2026-08-04 07:45:00,169.23,0
2026-08-04 07:50:00,157.65,0
2026-08-04 07:55:00,199.24,0
2026-08-04 08:00:00,167.43,0
2026-08-04 08:05:00,219.12,0
2026-08-04 08:10:00,195.62,0
2026-08-04 08:15:00,166.07,0
2026-08-04 08:20:00,163.14,0
2026-08-04 08:25:00,143.51,0
2026-08-04 08:30:00,205.99,0
2026-08-04 08:35:00,185.71,0
2026-08-04 08:40:00,130.78,0
2026-08-04 08:45:00,184.31,0
2026-08-04 08:50:00,174.76,0
2026-08-04 08:55:00,276.36,0
2026-08-04 09:00:00,155.1,0
2026-08-04 09:05:00,164.6,0
2026-08-04 09:10:00,263.79,0
2026-08-04 09:15:00,279.19,0
2026-08-04 09:20:00,193.61,0
2026-08-04 09:25:00,200.01,0
2026-08-04 09:30:00,253.45,0
2026-08-04 09:35:00,151.02,0
2026-08-04 09:40:00,166.2,0
2026-08-04 09:45:00,223.52,0
2026-08-04 09:50:00,314.43,0
2026-08-04 09:55:00,222.5,0
2026-08-04 10:00:00,247.9,0
2026-08-04 10:05:00,301.96,0
2026-08-04 10:10:00,363.82,0
2026-08-04 10:15:00,226.94,0
2026-08-04 10:20:00,253.76,0
2026-08-04 10:25:00,357.15,0
2026-08-04 10:30:00,197.71,0
2026-08-04 10:35:00,316.14,0
2026-08-04 10:40:00,221.0,0
2026-08-04 10:45:00,273.14,0
2026-08-04 10:50:00,259.24,0
2026-08-04 10:55:00,230.14,0
2026-08-04 11:00:00,231.29,0
2026-08-04 11:05:00,292.86,0
2026-08-04 11:10:00,336.37,0
2026-08-04 11:15:00,277.15,0
2026-08-04 11:20:00,289.8,0
2026-08-04 11:25:00,319.84,0
2026-08-04 11:30:00,244.28,0
2026-08-04 11:35:00,335.07,0
2026-08-04 11:40:00,342.55,0
2026-08-04 11:45:00,475.85,0
2026-08-04 11:50:00,280.35,0
2026-08-04 11:55:00,278.19,0
2026-08-04 12:00:00,349.3,0
2026-08-04 12:05:00,354.77,0
2026-08-04 12:10:00,279.78,0
2026-08-04 12:15:00,288.23,0
2026-08-04 12:20:00,343.6,0
2026-08-04 12:25:00,270.04,0
2026-08-04 12:30:00,292.62,0
2026-08-04 12:35:00,321.77,0
2026-08-04 12:40:00,380.57,0
2026-08-04 12:45:00,286.57,0
2026-08-04 12:50:00,230.28,0
2026-08-04 12:55:00,228.1,0
2026-08-04 13:00:00,257.67,0
2026-08-04 13:05:00,256.03,0
2026-08-04 13:10:00,316.35,0
2026-08-04 13:15:00,263.33,0
2026-08-04 13:20:00,288.11,0
2026-08-04 13:25:00,285.05,0
2026-08-04 13:30:00,303.26,0
2026-08-04 13:35:00,417.19,0
2026-08-04 13:40:00,370.9,0
2026-08-04 13:45:00,330.53,0
2026-08-04 13:50:00,303.54,0
2026-08-04 13:55:00,305.2,0
2026-08-04 14:00:00,350.05,0
2026-08-04 14:05:00,366.54,0
2026-08-04 14:10:00,280.1,0
2026-08-04 14:15:00,331.74,0
2026-08-04 14:20:00,228.4,0
2026-08-04 14:25:00,341.58,0
2026-08-04 14:30:00,376.56,0
2026-08-04 14:35:00,311.56,0
2026-08-04 14:40:00,453.42,0
2026-08-04 14:45:00,278.32,0
2026-08-04 14:50:00,338.26,0
2026-08-04 14:55:00,322.21,0
2026-08-04 15:00:00,317.45,0
2026-08-04 15:05:00,315.52,0
2026-08-04 15:10:00,327.08,0
2026-08-04 15:15:00,372.2,0
2026-08-04 15:20:00,407.64,0
2026-08-04 15:25:00,316.5,0
2026-08-04 15:30:00,364.87,0
2026-08-04 15:35:00,276.23,0
2026-08-04 15:40:00,357.79,0
2026-08-04 15:45:00,270.2,0
2026-08-04 15:50:00,374.89,0
2026-08-04 15:55:00,455.76,0
2026-08-04 16:00:00,297.54,0
2026-08-04 16:05:00,203.59,0
2026-08-04 16:10:00,271.8,0
2026-08-04 16:15:00,371.74,0
2026-08-04 16:20:00,326.52,0
2026-08-04 16:25:00,306.74,0
2026-08-04 16:30:00,348.89,0
2026-08-04 16:35:00,314.88,0
2026-08-04 16:40:00,356.29,0
2026-08-04 16:45:00,334.75,0
2026-08-04 16:50:00,369.79,0
2026-08-04 16:55:00,297.23,0
2026-08-04 17:00:00,324.92,0
2026-08-04 17:05:00,258.75,0
2026-08-04 17:10:00,243.03,0
2026-08-04 17:15:00,364.59,0
2026-08-04 17:20:00,276.0,0
2026-08-04 17:25:00,303.72,0
2026-08-04 17:30:00,265.88,0
2026-08-04 17:35:00,231.51,0
2026-08-04 17:40:00,255.03,0
2026-08-04 17:45:00,326.03,0
2026-08-04 17:50:00,275.16,0
2026-08-04 17:55:00,180.94,0
2026-08-04 18:00:00,234.19,0
2026-08-04 18:05:00,331.69,0
2026-08-04 18:10:00,228.9,0
2026-08-04 18:15:00,170.03,0
2026-08-04 18:20:00,326.67,0
2026-08-04 18:25:00,259.59,0
2026-08-04 18:30:00,224.0,0
2026-08-04 18:35:00,209.62,0
2026-08-04 18:40:00,269.01,0
2026-08-04 18:45:00,198.37,0
2026-08-04 18:50:00,265.61,0
2026-08-04 18:55:00,235.23,0
2026-08-04 19:00:00,220.21,0
2026-08-04 19:05:00,213.64,0
2026-08-04 19:10:00,199.16,0
2026-08-04 19:15:00,245.01,0
2026-08-04 19:20:00,171.53,0
2026-08-04 19:25:00,147.83,0
2026-08-04 19:30:00,218.34,0
2026-08-04 19:35:00,216.28,0
2026-08-04 19:40:00,207.87,0
2026-08-04 19:45:00,202.63,0
2026-08-04 19:50:00,175.54,0
2026-08-04 19:55:00,211.65,0
2026-08-04 20:00:00,179.94,0
2026-08-04 20:05:00,164.17,0
2026-08-04 20:10:00,167.37,0
2026-08-04 20:15:00,251.63,0
2026-08-04 20:20:00,126.46,0
2026-08-04 20:25:00,186.84,0
2026-08-04 20:30:00,124.73,0
2026-08-04 20:35:00,163.57,0
2026-08-04 20:40:00,152.48,0
2026-08-04 20:45:00,111.98,0
2026-08-04 20:50:00,172.82,0
2026-08-04 20:55:00,148.8,0
2026-08-04 21:00:00,107.99,0
2026-08-04 21:05:00,181.29,0
2026-08-04 21:10:00,199.64,0
2026-08-04 21:15:00,199.5,0
2026-08-04 21:20:00,161.06,0
2026-08-04 21:25:00,150.68,0
2026-08-04 21:30:00,187.88,0
2026-08-04 21:35:00,198.28,0
2026-08-04 21:40:00,177.88,0
2026-08-04 21:45:00,121.27,0
2026-08-04 21:50:00,147.59,0
2026-08-04 21:55:00,152.64,0
2026-08-04 22:00:00,100.92,0
2026-08-04 22:05:00,150.77,0
2026-08-04 22:10:00,206.81,0
2026-08-04 22:15:00,152.85,0
2026-08-04 22:20:00,176.15,0
2026-08-04 22:25:00,138.53,0
2026-08-04 22:30:00,131.27,0
2026-08-04 22:35:00,141.38,0
2026-08-04 22:40:00,113.14,0
2026-08-04 22:45:00,109.39,0
2026-08-04 22:50:00,162.28,0
2026-08-04 22:55:00,164.3,0
2026-08-04 23:00:00,106.67,0
2026-08-04 23:05:00,150.81,0
2026-08-04 23:10:00,123.97,0
2026-08-04 23:15:00,133.07,0
2026-08-04 23:20:00,135.21,0
2026-08-04 23:25:00,148.03,0
2026-08-04 23:30:00,124.96,0
2026-08-04 23:35:00,157.86,0
2026-08-04 23:40:00,128.84,0
2026-08-04 23:45:00,135.7,0
2026-08-04 23:50:00,103.9,0
2026-08-04 23:55:00,177.25,0
2026-08-05 00:00:00,120.23,0
2026-08-05 00:05:00,125.65,0
2026-08-05 00:10:00,82.77,0
2026-08-05 00:15:00,95.37,0
2026-08-05 00:20:00,138.26,0
2026-08-05 00:25:00,116.56,0
2026-08-05 00:30:00,78.47,0
2026-08-05 00:35:00,133.56,0
2026-08-05 00:40:00,100.51,0
2026-08-05 00:45:00,142.99,0
2026-08-05 00:50:00,109.24,0
2026-08-05 00:55:00,115.21,0
2026-08-05 01:00:00,137.39,0
2026-08-05 01:05:00,94.61,0
2026-08-05 01:10:00,93.07,0
2026-08-05 01:15:00,107.5,0
2026-08-05 01:20:00,129.36,0
2026-08-05 01:25:00,87.8,0
2026-08-05 01:30:00,82.7,0
2026-08-05 01:35:00,129.64,0
2026-08-05 01:40:00,100.39,0
2026-08-05 01:45:00,104.39,0
2026-08-05 01:50:00,80.29,0
2026-08-05 01:55:00,99.38,0
2026-08-05 02:00:00,112.29,0
2026-08-05 02:05:00,133.13,0
2026-08-05 02:10:00,98.15,0
2026-08-05 02:15:00,152.2,0
2026-08-05 02:20:00,100.01,0
2026-08-05 02:25:00,100.21,0
2026-08-05 02:30:00,149.72,0
2026-08-05 02:35:00,118.16,0
2026-08-05 02:40:00,103.19,0
2026-08-05 02:45:00,111.07,0
2026-08-05 02:50:00,146.04,0
2026-08-05 02:55:00,149.39,0
2026-08-05 03:00:00,99.29,0
2026-08-05 03:05:00,114.43,0
2026-08-05 03:10:00,117.51,0
2026-08-05 03:15:00,97.08,0
2026-08-05 03:20:00,115.12,0
2026-08-05 03:25:00,116.75,0
2026-08-05 03:30:00,143.68,0
2026-08-05 03:35:00,145.91,0
2026-08-05 03:40:00,111.04,0
2026-08-05 03:45:00,113.78,0
2026-08-05 03:50:00,133.78,0
2026-08-05 03:55:00,107.26,0
2026-08-05 04:00:00,133.04,0
2026-08-05 04:05:00,118.29,0
2026-08-05 04:10:00,101.39,0
2026-08-05 04:15:00,102.09,0
2026-08-05 04:20:00,158.12,0
2026-08-05 04:25:00,119.07,0
2026-08-05 04:30:00,165.39,0
2026-08-05 04:35:00,112.84,0
2026-08-05 04:40:00,131.16,0
2026-08-05 04:45:00,192.56,0
2026-08-05 04:50:00,104.1,0
2026-08-05 04:55:00,90.04,0
2026-08-05 05:00:00,160.73,0
2026-08-05 05:05:00,110.59,0
2026-08-05 05:10:00,128.73,0
2026-08-05 05:15:00,117.08,0
2026-08-05 05:20:00,137.52,0
2026-08-05 05:25:00,111.25,0
2026-08-05 05:30:00,128.77,0
2026-08-05 05:35:00,145.35,0
2026-08-05 05:40:00,112.69,0
2026-08-05 05:45:00,120.1,0
2026-08-05 05:50:00,129.04,0
2026-08-05 05:55:00,107.13,0
2026-08-05 06:00:00,129.54,0
2026-08-05 06:05:00,144.08,0
2026-08-05 06:10:00,132.46,0
2026-08-05 06:15:00,136.82,0
2026-08-05 06:20:00,144.53,0
2026-08-05 06:25:00,130.16,0
2026-08-05 06:30:00,167.53,0
2026-08-05 06:35:00,193.51,0
2026-08-05 06:40:00,138.87,0
2026-08-05 06:45:00,166.49,0
2026-08-05 06:50:00,147.68,0
2026-08-05 06:55:00,166.46,0
2026-08-05 07:00:00,208.88,0
2026-08-05 07:05:00,174.61,0
2026-08-05 07:10:00,117.1,0
2026-08-05 07:15:00,176.85,0
2026-08-05 07:20:00,205.82,0
2026-08-05 07:25:00,160.26,0
2026-08-05 07:30:00,201.87,0
2026-08-05 07:35:00,150.81,0
2026-08-05 07:40:00,132.27,0
2026-08-05 07:45:00,179.41,0
2026-08-05 07:50:00,129.05,0
2026-08-05 07:55:00,171.64,0
2026-08-05 08:00:00,228.71,0
2026-08-05 08:05:00,130.24,0
2026-08-05 08:10:00,147.71,0
2026-08-05 08:15:00,156.37,0
2026-08-05 08:20:00,188.49,0
2026-08-05 08:25:00,180.75,0
2026-08-05 08:30:00,251.47,0
2026-08-05 08:35:00,235.05,0
2026-08-05 08:40:00,219.13,0
2026-08-05 08:45:00,208.36,0
2026-08-05 08:50:00,220.6,0
2026-08-05 08:55:00,178.2,0
2026-08-05 09:00:00,245.88,0
2026-08-05 09:05:00,174.65,0
2026-08-05 09:10:00,251.07,0
2026-08-05 09:15:00,270.75,0
2026-08-05 09:20:00,229.96,0
2026-08-05 09:25:00,217.11,0
2026-08-05 09:30:00,243.79,0
2026-08-05 09:35:00,137.17,0
2026-08-05 09:40:00,245.33,0
2026-08-05 09:45:00,230.36,0
2026-08-05 09:50:00,235.72,0
2026-08-05 09:55:00,273.29,0
2026-08-05 10:00:00,240.18,0
2026-08-05 10:05:00,200.53,0
2026-08-05 10:10:00,242.74,0
2026-08-05 10:15:00,254.85,0
2026-08-05 10:20:00,259.85,0
2026-08-05 10:25:00,264.89,0
2026-08-05 10:30:00,313.52,0
2026-08-05 10:35:00,216.1,0
2026-08-05 10:40:00,273.99,0
2026-08-05 10:45:00,338.23,0
2026-08-05 10:50:00,198.19,0
2026-08-05 10:55:00,282.44,0
2026-08-05 11:00:00,248.46,0
2026-08-05 11:05:00,260.66,0
2026-08-05 11:10:00,238.93,0
2026-08-05 11:15:00,275.17,0
2026-08-05 11:20:00,398.61,0
2026-08-05 11:25:00,229.84,0
2026-08-05 11:30:00,235.73,0
2026-08-05 11:35:00,232.02,0
2026-08-05 11:40:00,403.38,0
2026-08-05 11:45:00,274.03,0
2026-08-05 11:50:00,298.6,0
2026-08-05 11:55:00,280.97,0
2026-08-05 12:00:00,256.6,0
2026-08-05 12:05:00,293.45,0
2026-08-05 12:10:00,479.52,0
2026-08-05 12:15:00,398.17,0
2026-08-05 12:20:00,267.34,0
2026-08-05 12:25:00,352.17,0
2026-08-05 12:30:00,271.27,0
2026-08-05 12:35:00,229.98,0
2026-08-05 12:40:00,382.19,0
2026-08-05 12:45:00,393.71,0
2026-08-05 12:50:00,387.31,0
2026-08-05 12:55:00,295.96,0
2026-08-05 13:00:00,313.67,0
2026-08-05 13:05:00,371.16,0
2026-08-05 13:10:00,349.03,0
2026-08-05 13:15:00,303.86,0
2026-08-05 13:20:00,244.31,0
2026-08-05 13:25:00,334.46,0
2026-08-05 13:30:00,398.66,0
2026-08-05 13:35:00,265.05,0
2026-08-05 13:40:00,369.35,0
2026-08-05 13:45:00,349.84,0
2026-08-05 13:50:00,377.49,0
2026-08-05 13:55:00,386.03,0
2026-08-05 14:00:00,291.22,0
2026-08-05 14:05:00,246.63,0
2026-08-05 14:10:00,299.61,0
2026-08-05 14:15:00,386.77,0
2026-08-05 14:20:00,298.63,0
2026-08-05 14:25:00,290.19,0
2026-08-05 14:30:00,236.52,0
2026-08-05 14:35:00,449.21,0
2026-08-05 14:40:00,379.36,0
2026-08-05 14:45:00,374.65,0
2026-08-05 14:50:00,387.17,0
2026-08-05 14:55:00,359.77,0
2026-08-05 15:00:00,309.32,0
2026-08-05 15:05:00,312.72,0
2026-08-05 15:10:00,297.07,0
2026-08-05 15:15:00,513.4,0
2026-08-05 15:20:00,351.59,0
2026-08-05 15:25:00,291.27,0
2026-08-05 15:30:00,342.6,0
2026-08-05 15:35:00,261.28,0
2026-08-05 15:40:00,408.66,0
2026-08-05 15:45:00,275.15,0
2026-08-05 15:50:00,337.14,0
2026-08-05 15:55:00,370.89,0
2026-08-05 16:00:00,325.96,0
2026-08-05 16:05:00,307.28,0
2026-08-05 16:10:00,300.57,0
2026-08-05 16:15:00,294.8,0
2026-08-05 16:20:00,266.44,0
2026-08-05 16:25:00,270.5,0
2026-08-05 16:30:00,379.76,0
2026-08-05 16:35:00,283.0,0
2026-08-05 16:40:00,248.42,0
2026-08-05 16:45:00,258.52,0
2026-08-05 16:50:00,342.78,0
2026-08-05 16:55:00,314.68,0
2026-08-05 17:00:00,305.36,0
2026-08-05 17:05:00,261.07,0
2026-08-05 17:10:00,300.26,0
2026-08-05 17:15:00,238.82,0
2026-08-05 17:20:00,253.34,0
2026-08-05 17:25:00,312.87,0
2026-08-05 17:30:00,304.34,0
2026-08-05 17:35:00,215.6,0
2026-08-05 17:40:00,218.2,0
2026-08-05 17:45:00,256.74,0
2026-08-05 17:50:00,339.72,0
2026-08-05 17:55:00,174.41,0
2026-08-05 18:00:00,255.94,0
2026-08-05 18:05:00,187.86,0
2026-08-05 18:10:00,212.21,0
2026-08-05 18:15:00,220.18,0
2026-08-05 18:20:00,215.4,0
2026-08-05 18:25:00,208.55,0
2026-08-05 18:30:00,227.14,0
2026-08-05 18:35:00,203.53,0
2026-08-05 18:40:00,170.15,0
2026-08-05 18:45:00,251.65,0
2026-08-05 18:50:00,247.37,0
2026-08-05 18:55:00,248.33,0
2026-08-05 19:00:00,159.69,0
2026-08-05 19:05:00,219.62,0
2026-08-05 19:10:00,232.12,0
2026-08-05 19:15:00,168.59,0
2026-08-05 19:20:00,200.78,0
2026-08-05 19:25:00,193.85,0
2026-08-05 19:30:00,272.34,0
2026-08-05 19:35:00,272.97,0
2026-08-05 19:40:00,141.3,0
2026-08-05 19:45:00,294.98,0
2026-08-05 19:50:00,157.72,0
2026-08-05 19:55:00,219.13,0
2026-08-05 20:00:00,216.05,0
2026-08-05 20:05:00,149.81,0
2026-08-05 20:10:00,193.48,0
2026-08-05 20:15:00,171.55,0
2026-08-05 20:20:00,190.95,0
2026-08-05 20:25:00,178.0,0
2026-08-05 20:30:00,209.3,0
2026-08-05 20:35:00,169.06,0
2026-08-05 20:40:00,159.95,0
2026-08-05 20:45:00,198.52,0
2026-08-05 20:50:00,178.88,0
2026-08-05 20:55:00,181.77,0
2026-08-05 21:00:00,139.81,0
2026-08-05 21:05:00,129.13,0
2026-08-05 21:10:00,139.22,0
2026-08-05 21:15:00,136.43,0
2026-08-05 21:20:00,173.93,0
2026-08-05 21:25:00,178.13,0
2026-08-05 21:30:00,143.86,0
2026-08-05 21:35:00,189.5,0
2026-08-05 21:40:00,185.57,0
2026-08-05 21:45:00,150.11,0
2026-08-05 21:50:00,122.76,0
2026-08-05 21:55:00,187.27,0
2026-08-05 22:00:00,138.25,0
2026-08-05 22:05:00,141.73,0
2026-08-05 22:10:00,129.22,0
2026-08-05 22:15:00,116.06,0
2026-08-05 22:20:00,103.73,0
2026-08-05 22:25:00,150.22,0
2026-08-05 22:30:00,115.51,0
2026-08-05 22:35:00,228.96,0
2026-08-05 22:40:00,107.77,0
2026-08-05 22:45:00,103.75,0
2026-08-05 22:50:00,141.63,0
2026-08-05 22:55:00,169.01,0
2026-08-05 23:00:00,128.99,0
2026-08-05 23:05:00,140.44,0
2026-08-05 23:10:00,90.36,0
2026-08-05 23:15:00,110.81,0
2026-08-05 23:20:00,102.59,0
2026-08-05 23:25:00,88.0,0
2026-08-05 23:30:00,125.73,0
2026-08-05 23:35:00,81.79,0
2026-08-05 23:40:00,96.05,0
2026-08-05 23:45:00,110.1,0
2026-08-05 23:50:00,103.94,0
2026-08-05 23:55:00,129.07,0
2026-08-06 00:00:00,116.73,0
2026-08-06 00:05:00,129.81,0
2026-08-06 00:10:00,126.59,0
2026-08-06 00:15:00,135.81,0
2026-08-06 00:20:00,110.6,0
2026-08-06 00:25:00,116.9,0
2026-08-06 00:30:00,121.42,0
2026-08-06 00:35:00,113.65,0
2026-08-06 00:40:00,103.2,0
2026-08-06 00:45:00,104.47,0
2026-08-06 00:50:00,95.79,0
2026-08-06 00:55:00,119.8,0
2026-08-06 01:00:00,109.25,0
2026-08-06 01:05:00,98.68,0
2026-08-06 01:10:00,98.78,0
2026-08-06 01:15:00,89.57,0
2026-08-06 01:20:00,132.94,0
2026-08-06 01:25:00,113.15,0
2026-08-06 01:30:00,95.6,0
2026-08-06 01:35:00,129.29,0
2026-08-06 01:40:00,101.16,0
2026-08-06 01:45:00,86.97,0
2026-08-06 01:50:00,134.79,0
2026-08-06 01:55:00,101.95,0
2026-08-06 02:00:00,104.47,0
2026-08-06 02:05:00,113.44,0
2026-08-06 02:10:00,138.52,0
2026-08-06 02:15:00,113.35,0
2026-08-06 02:20:00,91.17,0
2026-08-06 02:25:00,124.98,0
2026-08-06 02:30:00,104.04,0
2026-08-06 02:35:00,159.78,0
2026-08-06 02:40:00,113.95,0
2026-08-06 02:45:00,76.38,0
2026-08-06 02:50:00,122.07,0
2026-08-06 02:55:00,162.82,0
2026-08-06 03:00:00,152.74,0
2026-08-06 03:05:00,160.32,0
2026-08-06 03:10:00,96.23,0
2026-08-06 03:15:00,136.63,0
2026-08-06 03:20:00,102.11,0
2026-08-06 03:25:00,121.45,0
2026-08-06 03:30:00,93.05,0
2026-08-06 03:35:00,104.55,0
2026-08-06 03:40:00,104.32,0
2026-08-06 03:45:00,139.01,0
2026-08-06 03:50:00,137.11,0
2026-08-06 03:55:00,125.26,0
2026-08-06 04:00:00,93.84,0
2026-08-06 04:05:00,113.62,0
2026-08-06 04:10:00,105.55,0
2026-08-06 04:15:00,141.83,0
2026-08-06 04:20:00,150.65,0
2026-08-06 04:25:00,148.12,0
2026-08-06 04:30:00,107.46,0
2026-08-06 04:35:00,75.59,0
2026-08-06 04:40:00,90.55,0
2026-08-06 04:45:00,161.68,0
2026-08-06 04:50:00,117.15,0
2026-08-06 04:55:00,110.68,0
2026-08-06 05:00:00,171.37,0
2026-08-06 05:05:00,161.16,0
2026-08-06 05:10:00,129.78,0
2026-08-06 05:15:00,123.41,0
2026-08-06 05:20:00,127.96,0
2026-08-06 05:25:00,137.52,0
2026-08-06 05:30:00,177.4,0
2026-08-06 05:35:00,144.63,0
2026-08-06 05:40:00,153.98,0
2026-08-06 05:45:00,168.14,0
2026-08-06 05:50:00,111.29,0
2026-08-06 05:55:00,158.72,0
2026-08-06 06:00:00,132.56,0
2026-08-06 06:05:00,89.67,0
2026-08-06 06:10:00,97.04,0
2026-08-06 06:15:00,119.61,0
2026-08-06 06:20:00,159.61,0
2026-08-06 06:25:00,149.5,0
2026-08-06 06:30:00,152.92,0
2026-08-06 06:35:00,212.31,0
2026-08-06 06:40:00,120.15,0
2026-08-06 06:45:00,151.81,0
2026-08-06 06:50:00,162.88,0
2026-08-06 06:55:00,136.52,0
2026-08-06 07:00:00,158.38,0
2026-08-06 07:05:00,119.46,0
2026-08-06 07:10:00,207.68,0
2026-08-06 07:15:00,144.16,0
2026-08-06 07:20:00,237.63,0
2026-08-06 07:25:00,165.81,0
2026-08-06 07:30:00,203.05,0
2026-08-06 07:35:00,169.13,0
2026-08-06 07:40:00,171.86,0
2026-08-06 07:45:00,157.45,0
2026-08-06 07:50:00,180.88,0
2026-08-06 07:55:00,189.77,0
2026-08-06 08:00:00,157.54,0
2026-08-06 08:05:00,179.59,0
2026-08-06 08:10:00,166.62,0
2026-08-06 08:15:00,284.84,0
2026-08-06 08:20:00,187.6,0
2026-08-06 08:25:00,254.96,0
2026-08-06 08:30:00,188.72,0
2026-08-06 08:35:00,207.41,0
2026-08-06 08:40:00,158.02,0
2026-08-06 08:45:00,187.28,0
2026-08-06 08:50:00,213.47,0
2026-08-06 08:55:00,276.87,0
2026-08-06 09:00:00,219.31,0
2026-08-06 09:05:00,273.7,0
2026-08-06 09:10:00,242.42,0
2026-08-06 09:15:00,293.13,0
2026-08-06 09:20:00,219.05,0
2026-08-06 09:25:00,344.6,0
2026-08-06 09:30:00,207.86,0
2026-08-06 09:35:00,200.0,0
2026-08-06 09:40:00,186.87,0
2026-08-06 09:45:00,357.68,0
2026-08-06 09:50:00,275.69,0
2026-08-06 09:55:00,226.61,0
2026-08-06 10:00:00,304.81,0
2026-08-06 10:05:00,278.66,0
2026-08-06 10:10:00,354.72,0
2026-08-06 10:15:00,190.54,0
2026-08-06 10:20:00,242.66,0
2026-08-06 10:25:00,236.73,0
2026-08-06 10:30:00,182.28,0
2026-08-06 10:35:00,318.01,0
2026-08-06 10:40:00,252.85,0
2026-08-06 10:45:00,306.34,0
2026-08-06 10:50:00,414.14,0
2026-08-06 10:55:00,256.61,0
2026-08-06 11:00:00,255.91,0
2026-08-06 11:05:00,284.66,0
2026-08-06 11:10:00,335.87,0
2026-08-06 11:15:00,256.18,0
2026-08-06 11:20:00,255.44,0
2026-08-06 11:25:00,349.08,0
2026-08-06 11:30:00,311.49,0
2026-08-06 11:35:00,202.99,0
2026-08-06 11:40:00,237.07,0
2026-08-06 11:45:00,390.21,0
2026-08-06 11:50:00,322.49,0
2026-08-06 11:55:00,263.37,0
2026-08-06 12:00:00,294.96,0
2026-08-06 12:05:00,306.87,0
2026-08-06 12:10:00,351.69,0
2026-08-06 12:15:00,242.7,0
2026-08-06 12:20:00,267.92,0
2026-08-06 12:25:00,329.21,0
2026-08-06 12:30:00,309.45,0
2026-08-06 12:35:00,350.95,0
2026-08-06 12:40:00,254.96,0
2026-08-06 12:45:00,340.73,0
2026-08-06 12:50:00,390.5,0
2026-08-06 12:55:00,351.57,0
2026-08-06 13:00:00,331.43,0
2026-08-06 13:05:00,318.75,0
2026-08-06 13:10:00,279.89,0
2026-08-06 13:15:00,321.97,0
2026-08-06 13:20:00,410.18,0
2026-08-06 13:25:00,320.73,0
2026-08-06 13:30:00,279.7,0
2026-08-06 13:35:00,300.93,0
2026-08-06 13:40:00,341.36,0
2026-08-06 13:45:00,308.14,0
2026-08-06 13:50:00,359.92,0
2026-08-06 13:55:00,362.51,0
2026-08-06 14:00:00,387.27,0
2026-08-06 14:05:00,426.32,0
2026-08-06 14:10:00,394.56,0
2026-08-06 14:15:00,278.56,0
2026-08-06 14:20:00,279.82,0
2026-08-06 14:25:00,324.36,0
2026-08-06 14:30:00,302.68,0
2026-08-06 14:35:00,266.96,0
2026-08-06 14:40:00,301.98,0
2026-08-06 14:45:00,299.46,0
2026-08-06 14:50:00,288.23,0
2026-08-06 14:55:00,306.38,0
2026-08-06 15:00:00,399.61,0
2026-08-06 15:05:00,333.84,0
2026-08-06 15:10:00,500.63,0
2026-08-06 15:15:00,329.47,0
2026-08-06 15:20:00,301.93,0
2026-08-06 15:25:00,316.86,0
2026-08-06 15:30:00,329.95,0
2026-08-06 15:35:00,338.97,0
2026-08-06 15:40:00,452.99,0
2026-08-06 15:45:00,266.18,0
2026-08-06 15:50:00,359.58,0
2026-08-06 15:55:00,317.8,0
2026-08-06 16:00:00,229.23,0
2026-08-06 16:05:00,347.05,0
2026-08-06 16:10:00,376.87,0
2026-08-06 16:15:00,255.23,0
2026-08-06 16:20:00,295.11,0
2026-08-06 16:25:00,215.0,0
2026-08-06 16:30:00,231.97,0
2026-08-06 16:35:00,348.5,0
2026-08-06 16:40:00,263.12,0
2026-08-06 16:45:00,232.37,0
2026-08-06 16:50:00,293.04,0
2026-08-06 16:55:00,253.64,0
2026-08-06 17:00:00,253.63,0
2026-08-06 17:05:00,312.38,0
2026-08-06 17:10:00,219.71,0
2026-08-06 17:15:00,227.83,0
2026-08-06 17:20:00,272.93,0
2026-08-06 17:25:00,312.85,0
2026-08-06 17:30:00,324.94,0
2026-08-06 17:35:00,228.26,0
2026-08-06 17:40:00,301.31,0
2026-08-06 17:45:00,218.62,0
2026-08-06 17:50:00,345.9,0
2026-08-06 17:55:00,200.76,0
2026-08-06 18:00:00,309.2,0
2026-08-06 18:05:00,213.84,0
2026-08-06 18:10:00,341.77,0
2026-08-06 18:15:00,261.51,0
2026-08-06 18:20:00,193.51,0
2026-08-06 18:25:00,208.99,0
2026-08-06 18:30:00,261.09,0
2026-08-06 18:35:00,270.86,0
2026-08-06 18:40:00,218.59,0
2026-08-06 18:45:00,220.46,0
2026-08-06 18:50:00,247.61,0
2026-08-06 18:55:00,218.48,0
2026-08-06 19:00:00,166.95,0
2026-08-06 19:05:00,179.78,0
2026-08-06 19:10:00,214.41,0
2026-08-06 19:15:00,252.61,0
2026-08-06 19:20:00,268.11,0
2026-08-06 19:25:00,227.77,0
2026-08-06 19:30:00,205.86,0
2026-08-06 19:35:00,220.91,0
2026-08-06 19:40:00,169.09,0
2026-08-06 19:45:00,183.17,0
2026-08-06 19:50:00,160.33,0
2026-08-06 19:55:00,146.7,0
2026-08-06 20:00:00,192.65,0
2026-08-06 20:05:00,185.3,0
2026-08-06 20:10:00,200.37,0
2026-08-06 20:15:00,192.97,0
2026-08-06 20:20:00,180.53,0
2026-08-06 20:25:00,188.76,0
2026-08-06 20:30:00,167.46,0
2026-08-06 20:35:00,179.65,0
2026-08-06 20:40:00,144.66,0
2026-08-06 20:45:00,174.19,0
2026-08-06 20:50:00,181.73,0
2026-08-06 20:55:00,141.24,0
2026-08-06 21:00:00,159.06,0
2026-08-06 21:05:00,139.32,0
2026-08-06 21:10:00,140.25,0
2026-08-06 21:15:00,124.6,0
2026-08-06 21:20:00,189.61,0
2026-08-06 21:25:00,181.03,0
2026-08-06 21:30:00,162.96,0
2026-08-06 21:35:00,208.89,0
2026-08-06 21:40:00,140.19,0
2026-08-06 21:45:00,247.96,0
2026-08-06 21:50:00,136.62,0
2026-08-06 21:55:00,147.66,0
2026-08-06 22:00:00,130.12,0
2026-08-06 22:05:00,148.16,0
2026-08-06 22:10:00,159.67,0
2026-08-06 22:15:00,133.46,0
2026-08-06 22:20:00,186.04,0
2026-08-06 22:25:00,139.94,0
2026-08-06 22:30:00,139.64,0
2026-08-06 22:35:00,112.08,0
2026-08-06 22:40:00,141.29,0
2026-08-06 22:45:00,127.01,0
2026-08-06 22:50:00,115.81,0
2026-08-06 22:55:00,111.6,0
2026-08-06 23:00:00,206.24,0
2026-08-06 23:05:00,120.83,0
2026-08-06 23:10:00,96.87,0
2026-08-06 23:15:00,110.39,0
2026-08-06 23:20:00,123.31,0
2026-08-06 23:25:00,136.57,0
2026-08-06 23:30:00,136.04,0
2026-08-06 23:35:00,138.34,0
2026-08-06 23:40:00,108.51,0
2026-08-06 23:45:00,128.94,0
2026-08-06 23:50:00,103.11,0
2026-08-06 23:55:00,107.5,0
2026-08-07 00:00:00,93.66,0
2026-08-07 00:05:00,89.23,0
2026-08-07 00:10:00,133.9,0
2026-08-07 00:15:00,125.19,0
2026-08-07 00:20:00,131.91,0
2026-08-07 00:25:00,111.48,0
2026-08-07 00:30:00,127.36,0
2026-08-07 00:35:00,80.69,0
2026-08-07 00:40:00,129.48,0
2026-08-07 00:45:00,114.5,0
2026-08-07 00:50:00,124.24,0
2026-08-07 00:55:00,118.91,0
2026-08-07 01:00:00,93.03,0
2026-08-07 01:05:00,84.92,0
2026-08-07 01:10:00,97.89,0
2026-08-07 01:15:00,123.29,0
2026-08-07 01:20:00,126.2,0
2026-08-07 01:25:00,87.21,0
2026-08-07 01:30:00,93.59,0
2026-08-07 01:35:00,98.13,0
2026-08-07 01:40:00,104.93,0
2026-08-07 01:45:00,87.67,0
2026-08-07 01:50:00,86.83,0
2026-08-07 01:55:00,96.85,0
2026-08-07 02:00:00,114.2,0
2026-08-07 02:05:00,91.04,0
2026-08-07 02:10:00,110.44,0
2026-08-07 02:15:00,136.65,0
2026-08-07 02:20:00,89.5,0
2026-08-07 02:25:00,109.19,0
2026-08-07 02:30:00,136.53,0
2026-08-07 02:35:00,105.5,0
2026-08-07 02:40:00,102.79,0
2026-08-07 02:45:00,140.82,0
2026-08-07 02:50:00,108.33,0
2026-08-07 02:55:00,139.97,0
2026-08-07 03:00:00,124.25,0
2026-08-07 03:05:00,108.41,0
2026-08-07 03:10:00,126.05,0
2026-08-07 03:15:00,122.83,0
2026-08-07 03:20:00,139.74,0
2026-08-07 03:25:00,105.68,0
2026-08-07 03:30:00,117.89,0
2026-08-07 03:35:00,116.12,0
2026-08-07 03:40:00,133.74,0
2026-08-07 03:45:00,98.33,0
2026-08-07 03:50:00,142.55,0
2026-08-07 03:55:00,129.61,0
2026-08-07 04:00:00,94.41,0
2026-08-07 04:05:00,149.38,0
2026-08-07 04:10:00,180.48,0
2026-08-07 04:15:00,145.25,0
2026-08-07 04:20:00,157.55,0
2026-08-07 04:25:00,124.37,0
2026-08-07 04:30:00,91.29,0
2026-08-07 04:35:00,88.81,0
2026-08-07 04:40:00,130.31,0
2026-08-07 04:45:00,112.52,0
2026-08-07 04:50:00,106.81,0
2026-08-07 04:55:00,125.28,0
2026-08-07 05:00:00,142.44,0
2026-08-07 05:05:00,98.81,0
2026-08-07 05:10:00,119.18,0
2026-08-07 05:15:00,170.74,0
2026-08-07 05:20:00,107.98,0
2026-08-07 05:25:00,154.38,0
2026-08-07 05:30:00,121.89,0
2026-08-07 05:35:00,147.88,0
2026-08-07 05:40:00,164.62,0
2026-08-07 05:45:00,155.67,0
2026-08-07 05:50:00,161.79,0
2026-08-07 05:55:00,112.61,0
2026-08-07 06:00:00,170.8,0
2026-08-07 06:05:00,120.97,0
2026-08-07 06:10:00,149.14,0
2026-08-07 06:15:00,150.51,0
2026-08-07 06:20:00,158.29,0
2026-08-07 06:25:00,155.63,0
2026-08-07 06:30:00,127.09,0
2026-08-07 06:35:00,117.2,0
2026-08-07 06:40:00,176.65,0
2026-08-07 06:45:00,157.76,0
2026-08-07 06:50:00,189.63,0
2026-08-07 06:55:00,154.62,0
2026-08-07 07:00:00,122.36,0
2026-08-07 07:05:00,189.6,0
2026-08-07 07:10:00,150.74,0
2026-08-07 07:15:00,173.32,0
2026-08-07 07:20:00,146.72,0
2026-08-07 07:25:00,224.23,0
2026-08-07 07:30:00,144.12,0
2026-08-07 07:35:00,160.7,0
2026-08-07 07:40:00,176.19,0
2026-08-07 07:45:00,143.69,0
2026-08-07 07:50:00,187.89,0
2026-08-07 07:55:00,239.54,0
2026-08-07 08:00:00,166.09,0
2026-08-07 08:05:00,197.21,0
2026-08-07 08:10:00,113.37,0
2026-08-07 08:15:00,186.98,0
2026-08-07 08:20:00,180.21,0
2026-08-07 08:25:00,166.6,0
2026-08-07 08:30:00,237.49,0
2026-08-07 08:35:00,186.66,0
2026-08-07 08:40:00,194.14,0
2026-08-07 08:45:00,189.65,0
2026-08-07 08:50:00,145.56,0
2026-08-07 08:55:00,169.75,0
2026-08-07 09:00:00,250.52,0
2026-08-07 09:05:00,145.94,0
2026-08-07 09:10:00,188.18,0
2026-08-07 09:15:00,203.51,0
2026-08-07 09:20:00,303.02,0
2026-08-07 09:25:00,257.36,0
2026-08-07 09:30:00,205.19,0
2026-08-07 09:35:00,290.35,0
2026-08-07 09:40:00,203.35,0
2026-08-07 09:45:00,281.94,0
2026-08-07 09:50:00,186.26,0
2026-08-07 09:55:00,291.94,0
2026-08-07 10:00:00,226.28,0
2026-08-07 10:05:00,204.6,0
2026-08-07 10:10:00,239.45,0
2026-08-07 10:15:00,264.65,0
2026-08-07 10:20:00,232.84,0
2026-08-07 10:25:00,284.26,0
2026-08-07 10:30:00,234.12,0
2026-08-07 10:35:00,293.8,0
2026-08-07 10:40:00,287.46,0
2026-08-07 10:45:00,265.23,0
2026-08-07 10:50:00,250.13,0
2026-08-07 10:55:00,281.02,0
2026-08-07 11:00:00,304.81,0
2026-08-07 11:05:00,403.86,0
2026-08-07 11:10:00,332.99,0
2026-08-07 11:15:00,338.18,0
2026-08-07 11:20:00,498.94,0
2026-08-07 11:25:00,316.67,0
2026-08-07 11:30:00,317.49,0
2026-08-07 11:35:00,332.92,0
2026-08-07 11:40:00,246.49,0
2026-08-07 11:45:00,274.94,0
2026-08-07 11:50:00,273.86,0
2026-08-07 11:55:00,339.45,0
2026-08-07 12:00:00,294.76,0
2026-08-07 12:05:00,313.85,0
2026-08-07 12:10:00,374.67,0
2026-08-07 12:15:00,362.02,0
2026-08-07 12:20:00,302.77,0
2026-08-07 12:25:00,277.81,0
2026-08-07 12:30:00,386.5,0
2026-08-07 12:35:00,363.95,0
2026-08-07 12:40:00,238.24,0
2026-08-07 12:45:00,302.0,0
2026-08-07 12:50:00,330.54,0
2026-08-07 12:55:00,370.55,0
2026-08-07 13:00:00,380.77,0
2026-08-07 13:05:00,341.3,0
2026-08-07 13:10:00,361.41,0
2026-08-07 13:15:00,329.95,0
2026-08-07 13:20:00,289.62,0
2026-08-07 13:25:00,312.62,0
2026-08-07 13:30:00,329.41,0
2026-08-07 13:35:00,326.76,0
2026-08-07 13:40:00,234.48,0
2026-08-07 13:45:00,306.81,0
2026-08-07 13:50:00,333.16,0
2026-08-07 13:55:00,602.25,1
2026-08-07 14:00:00,1370.36,1
2026-08-07 14:05:00,1821.83,1
2026-08-07 14:10:00,2006.73,1
2026-08-07 14:15:00,1958.13,1
2026-08-07 14:20:00,1967.74,1
2026-08-07 14:25:00,1802.24,1
2026-08-07 14:30:00,1796.01,1
2026-08-07 14:35:00,1835.95,1
2026-08-07 14:40:00,1552.58,1
2026-08-07 14:45:00,1573.58,1
2026-08-07 14:50:00,1410.46,1
2026-08-07 14:55:00,1424.02,1
2026-08-07 15:00:00,1367.32,1
2026-08-07 15:05:00,1320.18,1
2026-08-07 15:10:00,1181.66,1
2026-08-07 15:15:00,1207.7,1
2026-08-07 15:20:00,1289.74,1
2026-08-07 15:25:00,1063.47,1
2026-08-07 15:30:00,1106.12,1
2026-08-07 15:35:00,808.24,1
2026-08-07 15:40:00,882.21,1
2026-08-07 15:45:00,841.93,1
2026-08-07 15:50:00,256.41,0
2026-08-07 15:55:00,315.4,0
2026-08-07 16:00:00,301.1,0
2026-08-07 16:05:00,201.16,0
2026-08-07 16:10:00,311.85,0
2026-08-07 16:15:00,251.98,0
2026-08-07 16:20:00,322.58,0
2026-08-07 16:25:00,232.87,0
2026-08-07 16:30:00,292.54,0
2026-08-07 16:35:00,274.25,0
2026-08-07 16:40:00,302.21,0
2026-08-07 16:45:00,290.13,0
2026-08-07 16:50:00,268.56,0
2026-08-07 16:55:00,211.33,0
2026-08-07 17:00:00,211.61,0
2026-08-07 17:05:00,246.17,0
2026-08-07 17:10:00,270.41,0
2026-08-07 17:15:00,240.34,0
2026-08-07 17:20:00,297.08,0
2026-08-07 17:25:00,249.87,0
2026-08-07 17:30:00,218.56,0
2026-08-07 17:35:00,244.72,0
2026-08-07 17:40:00,265.09,0
2026-08-07 17:45:00,266.93,0
2026-08-07 17:50:00,349.16,0
2026-08-07 17:55:00,218.29,0
2026-08-07 18:00:00,240.24,0
2026-08-07 18:05:00,259.84,0
2026-08-07 18:10:00,236.88,0
2026-08-07 18:15:00,214.85,0
2026-08-07 18:20:00,175.8,0
2026-08-07 18:25:00,209.42,0
2026-08-07 18:30:00,186.98,0
2026-08-07 18:35:00,164.24,0
2026-08-07 18:40:00,191.85,0
2026-08-07 18:45:00,181.13,0
2026-08-07 18:50:00,239.95,0
2026-08-07 18:55:00,237.74,0
2026-08-07 19:00:00,179.08,0
2026-08-07 19:05:00,198.59,0
2026-08-07 19:10:00,147.1,0
2026-08-07 19:15:00,185.69,0
2026-08-07 19:20:00,215.37,0
2026-08-07 19:25:00,229.64,0
2026-08-07 19:30:00,171.94,0
2026-08-07 19:35:00,233.29,0
2026-08-07 19:40:00,145.13,0
2026-08-07 19:45:00,150.42,0
2026-08-07 19:50:00,211.3,0
2026-08-07 19:55:00,248.13,0
2026-08-07 20:00:00,198.27,0
2026-08-07 20:05:00,177.91,0
2026-08-07 20:10:00,119.25,0
2026-08-07 20:15:00,121.54,0
2026-08-07 20:20:00,176.89,0
2026-08-07 20:25:00,160.1,0
2026-08-07 20:30:00,138.29,0
2026-08-07 20:35:00,168.76,0
2026-08-07 20:40:00,168.31,0
2026-08-07 20:45:00,193.17,0
2026-08-07 20:50:00,165.14,0
2026-08-07 20:55:00,198.76,0
2026-08-07 21:00:00,157.81,0
2026-08-07 21:05:00,152.66,0
2026-08-07 21:10:00,186.75,0
2026-08-07 21:15:00,127.93,0
2026-08-07 21:20:00,250.57,0
2026-08-07 21:25:00,159.88,0
2026-08-07 21:30:00,158.43,0
2026-08-07 21:35:00,160.99,0
2026-08-07 21:40:00,203.36,0
2026-08-07 21:45:00,165.7,0
2026-08-07 21:50:00,106.62,0
2026-08-07 21:55:00,181.57,0
2026-08-07 22:00:00,131.45,0
2026-08-07 22:05:00,141.25,0
2026-08-07 22:10:00,109.12,0
2026-08-07 22:15:00,149.76,0
2026-08-07 22:20:00,120.17,0
2026-08-07 22:25:00,136.48,0
2026-08-07 22:30:00,126.38,0
2026-08-07 22:35:00,186.67,0
2026-08-07 22:40:00,187.22,0
2026-08-07 22:45:00,131.2,0
2026-08-07 22:50:00,130.7,0
2026-08-07 22:55:00,120.0,0
2026-08-07 23:00:00,155.59,0
2026-08-07 23:05:00,119.41,0
2026-08-07 23:10:00,116.73,0
2026-08-07 23:15:00,149.29,0
2026-08-07 23:20:00,112.97,0
2026-08-07 23:25:00,122.93,0
2026-08-07 23:30:00,92.61,0
2026-08-07 23:35:00,139.02,0
2026-08-07 23:40:00,172.82,0
2026-08-07 23:45:00,138.09,0
2026-08-07 23:50:00,157.05,0
2026-08-07 23:55:00,103.2,0
2026-08-08 00:00:00,86.46,0
2026-08-08 00:05:00,69.95,0
2026-08-08 00:10:00,79.59,0
2026-08-08 00:15:00,95.32,0
2026-08-08 00:20:00,84.52,0
2026-08-08 00:25:00,64.38,0
2026-08-08 00:30:00,65.55,0
2026-08-08 00:35:00,64.8,0
2026-08-08 00:40:00,90.83,0
2026-08-08 00:45:00,120.61,0
2026-08-08 00:50:00,106.37,0
2026-08-08 00:55:00,59.2,0
2026-08-08 01:00:00,107.63,0
2026-08-08 01:05:00,98.71,0
2026-08-08 01:10:00,63.19,0
2026-08-08 01:15:00,79.09,0
2026-08-08 01:20:00,101.82,0
2026-08-08 01:25:00,92.39,0
2026-08-08 01:30:00,66.17,0
2026-08-08 01:35:00,93.58,0
2026-08-08 01:40:00,57.12,0
2026-08-08 01:45:00,80.71,0
2026-08-08 01:50:00,103.24,0
2026-08-08 01:55:00,84.5,0
2026-08-08 02:00:00,77.09,0
2026-08-08 02:05:00,99.11,0
2026-08-08 02:10:00,100.8,0
2026-08-08 02:15:00,107.23,0
2026-08-08 02:20:00,99.31,0
2026-08-08 02:25:00,103.26,0
2026-08-08 02:30:00,97.15,0
2026-08-08 02:35:00,89.49,0
2026-08-08 02:40:00,86.87,0
2026-08-08 02:45:00,82.08,0
2026-08-08 02:50:00,69.02,0
2026-08-08 02:55:00,72.46,0
2026-08-08 03:00:00,81.99,0
2026-08-08 03:05:00,90.32,0
2026-08-08 03:10:00,112.39,0
2026-08-08 03:15:00,86.31,0
2026-08-08 03:20:00,104.48,0
2026-08-08 03:25:00,106.24,0
2026-08-08 03:30:00,84.18,0
2026-08-08 03:35:00,98.01,0
2026-08-08 03:40:00,84.58,0
2026-08-08 03:45:00,112.52,0
2026-08-08 03:50:00,99.82,0
2026-08-08 03:55:00,72.14,0
2026-08-08 04:00:00,92.4,0
2026-08-08 04:05:00,121.26,0
2026-08-08 04:10:00,87.63,0
2026-08-08 04:15:00,98.59,0
2026-08-08 04:20:00,100.83,0
2026-08-08 04:25:00,76.22,0
2026-08-08 04:30:00,101.22,0
2026-08-08 04:35:00,72.23,0
2026-08-08 04:40:00,83.4,0
2026-08-08 04:45:00,113.94,0
2026-08-08 04:50:00,100.71,0
2026-08-08 04:55:00,89.96,0
2026-08-08 05:00:00,103.63,0
2026-08-08 05:05:00,95.22,0
2026-08-08 05:10:00,97.12,0
2026-08-08 05:15:00,109.83,0
2026-08-08 05:20:00,86.22,0
2026-08-08 05:25:00,99.73,0
2026-08-08 05:30:00,94.3,0
2026-08-08 05:35:00,75.57,0
2026-08-08 05:40:00,85.86,0
2026-08-08 05:45:00,135.49,0
2026-08-08 05:50:00,110.41,0
2026-08-08 05:55:00,81.89,0
2026-08-08 06:00:00,79.45,0
2026-08-08 06:05:00,103.66,0
2026-08-08 06:10:00,141.39,0
2026-08-08 06:15:00,104.19,0
2026-08-08 06:20:00,137.64,0
2026-08-08 06:25:00,117.04,0
2026-08-08 06:30:00,120.77,0
2026-08-08 06:35:00,88.12,0
2026-08-08 06:40:00,134.05,0
2026-08-08 06:45:00,107.73,0
2026-08-08 06:50:00,135.08,0
2026-08-08 06:55:00,100.96,0
2026-08-08 07:00:00,122.01,0
2026-08-08 07:05:00,127.32,0
2026-08-08 07:10:00,117.54,0
2026-08-08 07:15:00,131.46,0
2026-08-08 07:20:00,117.85,0
2026-08-08 07:25:00,111.29,0
2026-08-08 07:30:00,168.97,0
2026-08-08 07:35:00,154.69,0
2026-08-08 07:40:00,113.02,0
2026-08-08 07:45:00,145.31,0
2026-08-08 07:50:00,116.16,0
2026-08-08 07:55:00,108.6,0
2026-08-08 08:00:00,163.9,0
2026-08-08 08:05:00,101.37,0
2026-08-08 08:10:00,164.8,0
2026-08-08 08:15:00,134.94,0
2026-08-08 08:20:00,137.65,0
2026-08-08 08:25:00,155.87,0
2026-08-08 08:30:00,162.78,0
2026-08-08 08:35:00,127.94,0
2026-08-08 08:40:00,171.07,0
2026-08-08 08:45:00,155.37,0
2026-08-08 08:50:00,122.95,0
2026-08-08 08:55:00,151.38,0
2026-08-08 09:00:00,202.65,0
2026-08-08 09:05:00,216.39,0
2026-08-08 09:10:00,184.34,0
2026-08-08 09:15:00,132.39,0
2026-08-08 09:20:00,181.38,0
2026-08-08 09:25:00,195.9,0
2026-08-08 09:30:00,193.87,0
2026-08-08 09:35:00,198.32,0
2026-08-08 09:40:00,186.03,0
2026-08-08 09:45:00,174.05,0
2026-08-08 09:50:00,159.9,0
2026-08-08 09:55:00,128.26,0
2026-08-08 10:00:00,194.09,0
2026-08-08 10:05:00,190.95,0
2026-08-08 10:10:00,206.46,0
2026-08-08 10:15:00,148.42,0
2026-08-08 10:20:00,214.4,0
2026-08-08 10:25:00,279.31,0
2026-08-08 10:30:00,197.79,0
2026-08-08 10:35:00,194.89,0
2026-08-08 10:40:00,210.48,0
2026-08-08 10:45:00,289.94,0
2026-08-08 10:50:00,168.93,0
2026-08-08 10:55:00,212.73,0
2026-08-08 11:00:00,179.29,0
2026-08-08 11:05:00,189.39,0
2026-08-08 11:10:00,209.02,0
2026-08-08 11:15:00,271.17,0
2026-08-08 11:20:00,296.8,0
2026-08-08 11:25:00,234.62,0
2026-08-08 11:30:00,203.92,0
2026-08-08 11:35:00,344.54,0
2026-08-08 11:40:00,205.26,0
2026-08-08 11:45:00,201.54,0
2026-08-08 11:50:00,163.46,0
2026-08-08 11:55:00,291.3,0
2026-08-08 12:00:00,271.54,0
2026-08-08 12:05:00,354.8,0
2026-08-08 12:10:00,179.92,0
2026-08-08 12:15:00,302.21,0
2026-08-08 12:20:00,236.75,0
2026-08-08 12:25:00,271.77,0
2026-08-08 12:30:00,175.65,0
2026-08-08 12:35:00,309.29,0
2026-08-08 12:40:00,274.87,0
2026-08-08 12:45:00,237.96,0
2026-08-08 12:50:00,270.26,0
2026-08-08 12:55:00,210.47,0
2026-08-08 13:00:00,218.41,0
2026-08-08 13:05:00,223.76,0
2026-08-08 13:10:00,174.78,0
2026-08-08 13:15:00,285.67,0
2026-08-08 13:20:00,303.89,0
2026-08-08 13:25:00,216.61,0
2026-08-08 13:30:00,262.14,0
2026-08-08 13:35:00,235.1,0
2026-08-08 13:40:00,261.96,0
2026-08-08 13:45:00,220.78,0
2026-08-08 13:50:00,210.99,0
2026-08-08 13:55:00,299.06,0
2026-08-08 14:00:00,244.67,0
2026-08-08 14:05:00,356.11,0
2026-08-08 14:10:00,249.43,0
2026-08-08 14:15:00,209.23,0
2026-08-08 14:20:00,307.95,0
2026-08-08 14:25:00,276.26,0
2026-08-08 14:30:00,280.63,0
2026-08-08 14:35:00,304.49,0
2026-08-08 14:40:00,218.04,0
2026-08-08 14:45:00,239.09,0
2026-08-08 14:50:00,236.54,0
2026-08-08 14:55:00,192.8,0
2026-08-08 15:00:00,231.19,0
2026-08-08 15:05:00,307.25,0
2026-08-08 15:10:00,251.13,0
2026-08-08 15:15:00,188.07,0
2026-08-08 15:20:00,180.31,0
2026-08-08 15:25:00,320.44,0
2026-08-08 15:30:00,232.49,0
2026-08-08 15:35:00,209.21,0
2026-08-08 15:40:00,222.53,0
2026-08-08 15:45:00,178.17,0
2026-08-08 15:50:00,298.5,0
2026-08-08 15:55:00,213.92,0
2026-08-08 16:00:00,291.77,0
2026-08-08 16:05:00,228.69,0
2026-08-08 16:10:00,291.01,0
2026-08-08 16:15:00,233.92,0
2026-08-08 16:20:00,258.49,0
2026-08-08 16:25:00,250.37,0
2026-08-08 16:30:00,244.13,0
2026-08-08 16:35:00,230.43,0
2026-08-08 16:40:00,205.81,0
2026-08-08 16:45:00,300.36,0
2026-08-08 16:50:00,179.13,0
2026-08-08 16:55:00,209.14,0
2026-08-08 17:00:00,207.6,0
2026-08-08 17:05:00,220.5,0
2026-08-08 17:10:00,188.0,0
2026-08-08 17:15:00,212.84,0
2026-08-08 17:20:00,193.14,0
2026-08-08 17:25:00,148.23,0
2026-08-08 17:30:00,195.36,0
2026-08-08 17:35:00,158.29,0
2026-08-08 17:40:00,139.71,0
2026-08-08 17:45:00,193.53,0
2026-08-08 17:50:00,203.89,0
2026-08-08 17:55:00,203.03,0
2026-08-08 18:00:00,202.2,0
2026-08-08 18:05:00,127.46,0
2026-08-08 18:10:00,139.64,0
2026-08-08 18:15:00,251.54,0
2026-08-08 18:20:00,144.32,0
2026-08-08 18:25:00,192.2,0
2026-08-08 18:30:00,150.34,0
2026-08-08 18:35:00,170.51,0
2026-08-08 18:40:00,148.16,0
2026-08-08 18:45:00,181.47,0
2026-08-08 18:50:00,166.05,0
2026-08-08 18:55:00,147.61,0
2026-08-08 19:00:00,130.82,0
2026-08-08 19:05:00,163.79,0
2026-08-08 19:10:00,123.92,0
2026-08-08 19:15:00,164.41,0
2026-08-08 19:20:00,241.2,0
2026-08-08 19:25:00,189.3,0
2026-08-08 19:30:00,166.85,0
2026-08-08 19:35:00,142.57,0
2026-08-08 19:40:00,100.87,0
2026-08-08 19:45:00,111.31,0
2026-08-08 19:50:00,175.7,0
2026-08-08 19:55:00,119.5,0
2026-08-08 20:00:00,119.98,0
2026-08-08 20:05:00,130.46,0
2026-08-08 20:10:00,109.67,0
2026-08-08 20:15:00,105.19,0
2026-08-08 20:20:00,128.44,0
2026-08-08 20:25:00,109.08,0
2026-08-08 20:30:00,110.76,0
2026-08-08 20:35:00,108.68,0
2026-08-08 20:40:00,135.83,0
2026-08-08 20:45:00,117.23,0
2026-08-08 20:50:00,117.03,0
2026-08-08 20:55:00,133.06,0
2026-08-08 21:00:00,115.2,0
2026-08-08 21:05:00,111.19,0
2026-08-08 21:10:00,125.87,0
2026-08-08 21:15:00,129.05,0
2026-08-08 21:20:00,110.28,0
2026-08-08 21:25:00,113.71,0
2026-08-08 21:30:00,96.39,0
2026-08-08 21:35:00,94.09,0
2026-08-08 21:40:00,124.94,0
2026-08-08 21:45:00,116.74,0
2026-08-08 21:50:00,115.87,0
2026-08-08 21:55:00,111.26,0
2026-08-08 22:00:00,105.71,0
2026-08-08 22:05:00,117.79,0
2026-08-08 22:10:00,121.91,0
2026-08-08 22:15:00,120.38,0
2026-08-08 22:20:00,99.52,0
2026-08-08 22:25:00,129.04,0
2026-08-08 22:30:00,103.94,0
2026-08-08 22:35:00,110.94,0
2026-08-08 22:40:00,103.4,0
2026-08-08 22:45:00,102.02,0
2026-08-08 22:50:00,84.88,0
2026-08-08 22:55:00,109.21,0
2026-08-08 23:00:00,159.59,0
2026-08-08 23:05:00,88.82,0
2026-08-08 23:10:00,95.66,0
2026-08-08 23:15:00,86.64,0
2026-08-08 23:20:00,85.5,0
2026-08-08 23:25:00,122.58,0
2026-08-08 23:30:00,81.8,0
2026-08-08 23:35:00,84.34,0
2026-08-08 23:40:00,68.68,0
2026-08-08 23:45:00,79.36,0
2026-08-08 23:50:00,66.57,0
2026-08-08 23:55:00,100.99,0
2026-08-09 00:00:00,137.15,0
2026-08-09 00:05:00,77.59,0
2026-08-09 00:10:00,61.43,0
2026-08-09 00:15:00,97.54,0
2026-08-09 00:20:00,72.8,0
2026-08-09 00:25:00,104.89,0
2026-08-09 00:30:00,78.94,0
2026-08-09 00:35:00,74.16,0
2026-08-09 00:40:00,80.52,0
2026-08-09 00:45:00,95.34,0
2026-08-09 00:50:00,79.89,0
2026-08-09 00:55:00,76.16,0
2026-08-09 01:00:00,80.41,0
2026-08-09 01:05:00,66.33,0
2026-08-09 01:10:00,89.64,0
2026-08-09 01:15:00,60.55,0
2026-08-09 01:20:00,77.17,0
2026-08-09 01:25:00,95.93,0
2026-08-09 01:30:00,88.45,0
2026-08-09 01:35:00,93.23,0
2026-08-09 01:40:00,82.95,0
2026-08-09 01:45:00,103.71,0
2026-08-09 01:50:00,99.35,0
2026-08-09 01:55:00,91.26,0
2026-08-09 02:00:00,99.66,0
2026-08-09 02:05:00,96.66,0
2026-08-09 02:10:00,78.14,0
2026-08-09 02:15:00,66.51,0
2026-08-09 02:20:00,91.51,0
2026-08-09 02:25:00,93.77,0
2026-08-09 02:30:00,103.61,0
2026-08-09 02:35:00,72.08,0
2026-08-09 02:40:00,72.61,0
2026-08-09 02:45:00,93.05,0
2026-08-09 02:50:00,84.76,0
2026-08-09 02:55:00,61.28,0
2026-08-09 03:00:00,92.29,0
2026-08-09 03:05:00,61.96,0
2026-08-09 03:10:00,73.15,0
2026-08-09 03:15:00,110.91,0
2026-08-09 03:20:00,121.13,0
2026-08-09 03:25:00,70.29,0
2026-08-09 03:30:00,82.71,0
2026-08-09 03:35:00,88.74,0
2026-08-09 03:40:00,121.77,0
2026-08-09 03:45:00,81.16,0
2026-08-09 03:50:00,81.7,0
2026-08-09 03:55:00,118.12,0
2026-08-09 04:00:00,83.89,0
2026-08-09 04:05:00,102.65,0
2026-08-09 04:10:00,69.4,0
2026-08-09 04:15:00,88.2,0
2026-08-09 04:20:00,67.8,0
2026-08-09 04:25:00,75.96,0
2026-08-09 04:30:00,107.39,0
2026-08-09 04:35:00,92.0,0
2026-08-09 04:40:00,88.13,0
2026-08-09 04:45:00,82.05,0
2026-08-09 04:50:00,90.76,0
2026-08-09 04:55:00,100.32,0
2026-08-09 05:00:00,114.14,0
2026-08-09 05:05:00,60.01,0
2026-08-09 05:10:00,83.43,0
2026-08-09 05:15:00,100.41,0
2026-08-09 05:20:00,96.55,0
2026-08-09 05:25:00,106.46,0
2026-08-09 05:30:00,104.68,0
2026-08-09 05:35:00,95.16,0
2026-08-09 05:40:00,92.17,0
2026-08-09 05:45:00,97.75,0
2026-08-09 05:50:00,126.69,0
2026-08-09 05:55:00,91.09,0
2026-08-09 06:00:00,103.65,0
2026-08-09 06:05:00,109.32,0
2026-08-09 06:10:00,141.37,0
2026-08-09 06:15:00,102.08,0
2026-08-09 06:20:00,129.28,0
2026-08-09 06:25:00,137.13,0
2026-08-09 06:30:00,109.68,0
2026-08-09 06:35:00,107.91,0
2026-08-09 06:40:00,106.72,0
2026-08-09 06:45:00,109.27,0
2026-08-09 06:50:00,134.87,0
2026-08-09 06:55:00,121.86,0
2026-08-09 07:00:00,123.3,0
2026-08-09 07:05:00,97.59,0
2026-08-09 07:10:00,101.53,0
2026-08-09 07:15:00,179.78,0
2026-08-09 07:20:00,119.75,0
2026-08-09 07:25:00,108.8,0
2026-08-09 07:30:00,163.75,0
2026-08-09 07:35:00,134.73,0
2026-08-09 07:40:00,143.82,0
2026-08-09 07:45:00,127.96,0
2026-08-09 07:50:00,125.38,0
2026-08-09 07:55:00,130.37,0
2026-08-09 08:00:00,106.09,0
2026-08-09 08:05:00,135.59,0
2026-08-09 08:10:00,147.11,0
2026-08-09 08:15:00,197.04,0
2026-08-09 08:20:00,145.22,0
2026-08-09 08:25:00,95.12,0
2026-08-09 08:30:00,144.15,0
2026-08-09 08:35:00,243.09,0
2026-08-09 08:40:00,175.7,0
2026-08-09 08:45:00,131.56,0
2026-08-09 08:50:00,171.45,0
2026-08-09 08:55:00,136.57,0
2026-08-09 09:00:00,123.86,0
2026-08-09 09:05:00,150.29,0
2026-08-09 09:10:00,164.7,0
2026-08-09 09:15:00,117.1,0
2026-08-09 09:20:00,135.02,0
2026-08-09 09:25:00,168.4,0
2026-08-09 09:30:00,158.08,0
2026-08-09 09:35:00,184.87,0
2026-08-09 09:40:00,140.03,0
2026-08-09 09:45:00,200.52,0
2026-08-09 09:50:00,144.17,0
2026-08-09 09:55:00,242.59,0
2026-08-09 10:00:00,134.07,0
2026-08-09 10:05:00,151.69,0
2026-08-09 10:10:00,201.32,0
2026-08-09 10:15:00,254.77,0
2026-08-09 10:20:00,202.04,0
2026-08-09 10:25:00,213.54,0
2026-08-09 10:30:00,195.64,0
2026-08-09 10:35:00,163.82,0
2026-08-09 10:40:00,182.28,0
2026-08-09 10:45:00,161.7,0
2026-08-09 10:50:00,161.35,0
2026-08-09 10:55:00,220.47,0
2026-08-09 11:00:00,169.15,0
2026-08-09 11:05:00,221.36,0
2026-08-09 11:10:00,166.84,0
2026-08-09 11:15:00,224.43,0
2026-08-09 11:20:00,196.55,0
2026-08-09 11:25:00,278.8,0
2026-08-09 11:30:00,231.32,0
2026-08-09 11:35:00,274.77,0
2026-08-09 11:40:00,193.49,0
2026-08-09 11:45:00,225.63,0
2026-08-09 11:50:00,188.56,0
2026-08-09 11:55:00,210.32,0
2026-08-09 12:00:00,217.6,0
2026-08-09 12:05:00,201.48,0
2026-08-09 12:10:00,185.65,0
2026-08-09 12:15:00,180.22,0
2026-08-09 12:20:00,153.43,0
2026-08-09 12:25:00,194.36,0
2026-08-09 12:30:00,264.55,0
2026-08-09 12:35:00,178.09,0
2026-08-09 12:40:00,186.5,0
2026-08-09 12:45:00,330.79,0
2026-08-09 12:50:00,214.58,0
2026-08-09 12:55:00,255.93,0
2026-08-09 13:00:00,272.14,0
2026-08-09 13:05:00,274.03,0
2026-08-09 13:10:00,185.49,0
2026-08-09 13:15:00,234.66,0
2026-08-09 13:20:00,183.26,0
2026-08-09 13:25:00,381.71,0
2026-08-09 13:30:00,184.77,0
2026-08-09 13:35:00,204.22,0
2026-08-09 13:40:00,204.75,0
2026-08-09 13:45:00,188.8,0
2026-08-09 13:50:00,315.54,0
2026-08-09 13:55:00,382.72,0
2026-08-09 14:00:00,227.19,0
2026-08-09 14:05:00,195.12,0
2026-08-09 14:10:00,165.37,0
2026-08-09 14:15:00,236.55,0
2026-08-09 14:20:00,233.26,0
2026-08-09 14:25:00,219.33,0
2026-08-09 14:30:00,256.23,0
2026-08-09 14:35:00,263.87,0
2026-08-09 14:40:00,259.91,0
2026-08-09 14:45:00,231.09,0
2026-08-09 14:50:00,200.08,0
2026-08-09 14:55:00,274.19,0
2026-08-09 15:00:00,242.97,0
2026-08-09 15:05:00,283.44,0
2026-08-09 15:10:00,277.4,0
2026-08-09 15:15:00,185.53,0
2026-08-09 15:20:00,184.3,0
2026-08-09 15:25:00,207.27,0
2026-08-09 15:30:00,195.38,0
2026-08-09 15:35:00,269.3,0
2026-08-09 15:40:00,249.04,0
2026-08-09 15:45:00,283.3,0
2026-08-09 15:50:00,248.14,0
2026-08-09 15:55:00,238.39,0
2026-08-09 16:00:00,283.1,0
2026-08-09 16:05:00,246.56,0
2026-08-09 16:10:00,227.76,0
2026-08-09 16:15:00,291.56,0
2026-08-09 16:20:00,226.33,0
2026-08-09 16:25:00,208.25,0
2026-08-09 16:30:00,187.68,0
2026-08-09 16:35:00,245.64,0
2026-08-09 16:40:00,268.15,0
2026-08-09 16:45:00,210.84,0
2026-08-09 16:50:00,266.87,0
2026-08-09 16:55:00,146.59,0
2026-08-09 17:00:00,204.99,0
2026-08-09 17:05:00,203.62,0
2026-08-09 17:10:00,178.2,0
2026-08-09 17:15:00,308.88,0
2026-08-09 17:20:00,196.74,0
2026-08-09 17:25:00,183.12,0
2026-08-09 17:30:00,195.93,0
2026-08-09 17:35:00,134.56,0
2026-08-09 17:40:00,166.49,0
2026-08-09 17:45:00,225.38,0
2026-08-09 17:50:00,166.76,0
2026-08-09 17:55:00,159.07,0
2026-08-09 18:00:00,231.11,0
2026-08-09 18:05:00,229.74,0
2026-08-09 18:10:00,195.81,0
2026-08-09 18:15:00,162.46,0
2026-08-09 18:20:00,166.9,0
2026-08-09 18:25:00,148.99,0
2026-08-09 18:30:00,142.24,0
2026-08-09 18:35:00,139.28,0
2026-08-09 18:40:00,148.56,0
2026-08-09 18:45:00,136.15,0
2026-08-09 18:50:00,122.27,0
2026-08-09 18:55:00,166.46,0
2026-08-09 19:00:00,164.86,0
2026-08-09 19:05:00,211.99,0
2026-08-09 19:10:00,136.67,0
2026-08-09 19:15:00,160.56,0
2026-08-09 19:20:00,159.04,0
2026-08-09 19:25:00,141.83,0
2026-08-09 19:30:00,167.63,0
2026-08-09 19:35:00,166.47,0
2026-08-09 19:40:00,151.67,0
2026-08-09 19:45:00,134.87,0
2026-08-09 19:50:00,130.78,0
2026-08-09 19:55:00,107.69,0
2026-08-09 20:00:00,117.69,0
2026-08-09 20:05:00,120.17,0
2026-08-09 20:10:00,108.46,0
2026-08-09 20:15:00,141.99,0
2026-08-09 20:20:00,160.76,0
2026-08-09 20:25:00,108.76,0
2026-08-09 20:30:00,133.19,0
2026-08-09 20:35:00,103.84,0
2026-08-09 20:40:00,117.04,0
2026-08-09 20:45:00,107.95,0
2026-08-09 20:50:00,134.68,0
2026-08-09 20:55:00,105.76,0
2026-08-09 21:00:00,141.79,0
2026-08-09 21:05:00,111.84,0
2026-08-09 21:10:00,102.88,0
2026-08-09 21:15:00,91.32,0
2026-08-09 21:20:00,118.51,0
2026-08-09 21:25:00,131.67,0
2026-08-09 21:30:00,116.54,0
2026-08-09 21:35:00,164.37,0
2026-08-09 21:40:00,140.72,0
2026-08-09 21:45:00,101.95,0
2026-08-09 21:50:00,100.81,0
2026-08-09 21:55:00,115.11,0
2026-08-09 22:00:00,90.15,0
2026-08-09 22:05:00,128.19,0
2026-08-09 22:10:00,109.96,0
2026-08-09 22:15:00,106.99,0
2026-08-09 22:20:00,114.67,0
2026-08-09 22:25:00,137.08,0
2026-08-09 22:30:00,102.87,0
2026-08-09 22:35:00,97.01,0
2026-08-09 22:40:00,128.95,0
2026-08-09 22:45:00,116.14,0
2026-08-09 22:50:00,91.46,0
2026-08-09 22:55:00,96.34,0
2026-08-09 23:00:00,99.05,0
2026-08-09 23:05:00,101.42,0
2026-08-09 23:10:00,309.45,1
2026-08-09 23:15:00,688.85,1
2026-08-09 23:20:00,940.08,1
2026-08-09 23:25:00,1445.08,1
2026-08-09 23:30:00,1528.66,1
2026-08-09 23:35:00,1197.67,1
2026-08-09 23:40:00,1314.28,1
2026-08-09 23:45:00,1296.06,1
2026-08-09 23:50:00,1317.03,1
2026-08-09 23:55:00,1068.85,1
2026-08-10 00:00:00,1184.88,1
2026-08-10 00:05:00,1269.12,1
2026-08-10 00:10:00,1125.36,1
2026-08-10 00:15:00,1168.73,1
2026-08-10 00:20:00,1069.97,1
2026-08-10 00:25:00,1131.56,1
2026-08-10 00:30:00,857.2,1
2026-08-10 00:35:00,837.81,1
2026-08-10 00:40:00,914.85,1
2026-08-10 00:45:00,859.45,1
2026-08-10 00:50:00,861.26,1
2026-08-10 00:55:00,713.83,1
2026-08-10 01:00:00,686.88,1
2026-08-10 01:05:00,763.17,1
2026-08-10 01:10:00,644.47,1
2026-08-10 01:15:00,672.06,1
2026-08-10 01:20:00,626.79,1
2026-08-10 01:25:00,515.83,1
2026-08-10 01:30:00,131.05,0
2026-08-10 01:35:00,109.8,0
2026-08-10 01:40:00,120.23,0
2026-08-10 01:45:00,101.62,0
2026-08-10 01:50:00,124.32,0
2026-08-10 01:55:00,120.15,0
2026-08-10 02:00:00,131.41,0
2026-08-10 02:05:00,128.03,0
2026-08-10 02:10:00,125.37,0
2026-08-10 02:15:00,110.96,0
2026-08-10 02:20:00,118.23,0
2026-08-10 02:25:00,137.23,0
2026-08-10 02:30:00,100.96,0
2026-08-10 02:35:00,101.58,0
2026-08-10 02:40:00,117.76,0
2026-08-10 02:45:00,123.08,0
2026-08-10 02:50:00,98.69,0
2026-08-10 02:55:00,113.2,0
2026-08-10 03:00:00,113.09,0
2026-08-10 03:05:00,77.39,0
2026-08-10 03:10:00,111.14,0
2026-08-10 03:15:00,112.71,0
2026-08-10 03:20:00,112.98,0
2026-08-10 03:25:00,150.5,0
2026-08-10 03:30:00,94.02,0
2026-08-10 03:35:00,101.21,0
2026-08-10 03:40:00,73.62,0
2026-08-10 03:45:00,108.45,0
2026-08-10 03:50:00,110.54,0
2026-08-10 03:55:00,108.72,0
2026-08-10 04:00:00,146.07,0
2026-08-10 04:05:00,140.32,0
2026-08-10 04:10:00,122.42,0
2026-08-10 04:15:00,113.45,0
2026-08-10 04:20:00,146.59,0
2026-08-10 04:25:00,122.04,0
2026-08-10 04:30:00,106.25,0
2026-08-10 04:35:00,90.88,0
2026-08-10 04:40:00,114.96,0
2026-08-10 04:45:00,143.39,0
2026-08-10 04:50:00,189.7,0
2026-08-10 04:55:00,128.11,0
2026-08-10 05:00:00,111.09,0
2026-08-10 05:05:00,103.69,0
2026-08-10 05:10:00,142.7,0
2026-08-10 05:15:00,94.7,0
2026-08-10 05:20:00,144.69,0
2026-08-10 05:25:00,152.94,0
2026-08-10 05:30:00,143.87,0
2026-08-10 05:35:00,128.85,0
2026-08-10 05:40:00,149.58,0
2026-08-10 05:45:00,140.48,0
2026-08-10 05:50:00,119.42,0
2026-08-10 05:55:00,193.32,0
2026-08-10 06:00:00,131.2,0
2026-08-10 06:05:00,162.17,0
2026-08-10 06:10:00,92.09,0
2026-08-10 06:15:00,180.78,0
2026-08-10 06:20:00,188.95,0
2026-08-10 06:25:00,147.26,0
2026-08-10 06:30:00,163.59,0
2026-08-10 06:35:00,165.24,0
2026-08-10 06:40:00,134.48,0
2026-08-10 06:45:00,168.36,0
2026-08-10 06:50:00,133.31,0
2026-08-10 06:55:00,139.69,0
2026-08-10 07:00:00,193.02,0
2026-08-10 07:05:00,189.89,0
2026-08-10 07:10:00,141.89,0
2026-08-10 07:15:00,142.81,0
2026-08-10 07:20:00,146.77,0
2026-08-10 07:25:00,190.29,0
2026-08-10 07:30:00,140.95,0
2026-08-10 07:35:00,182.09,0
2026-08-10 07:40:00,197.68,0
2026-08-10 07:45:00,172.15,0
2026-08-10 07:50:00,212.34,0
2026-08-10 07:55:00,169.66,0
2026-08-10 08:00:00,174.57,0
2026-08-10 08:05:00,154.05,0
2026-08-10 08:10:00,223.33,0
2026-08-10 08:15:00,164.02,0
2026-08-10 08:20:00,203.04,0
2026-08-10 08:25:00,190.59,0
2026-08-10 08:30:00,161.74,0
2026-08-10 08:35:00,177.39,0
2026-08-10 08:40:00,257.1,0
2026-08-10 08:45:00,210.47,0
2026-08-10 08:50:00,171.39,0
2026-08-10 08:55:00,219.87,0
2026-08-10 09:00:00,205.25,0
2026-08-10 09:05:00,397.3,0
2026-08-10 09:10:00,227.39,0
2026-08-10 09:15:00,204.21,0
2026-08-10 09:20:00,285.87,0
2026-08-10 09:25:00,160.89,0
2026-08-10 09:30:00,230.73,0
2026-08-10 09:35:00,328.74,0
2026-08-10 09:40:00,227.53,0
2026-08-10 09:45:00,172.1,0
2026-08-10 09:50:00,221.52,0
2026-08-10 09:55:00,312.68,0
2026-08-10 10:00:00,260.49,0
2026-08-10 10:05:00,211.71,0
2026-08-10 10:10:00,220.1,0
2026-08-10 10:15:00,227.64,0
2026-08-10 10:20:00,271.63,0
2026-08-10 10:25:00,327.36,0
2026-08-10 10:30:00,314.26,0
2026-08-10 10:35:00,285.23,0
2026-08-10 10:40:00,208.88,0
2026-08-10 10:45:00,211.14,0
2026-08-10 10:50:00,298.1,0
2026-08-10 10:55:00,214.64,0
2026-08-10 11:00:00,265.08,0
2026-08-10 11:05:00,294.32,0
2026-08-10 11:10:00,229.12,0
2026-08-10 11:15:00,235.93,0
2026-08-10 11:20:00,281.35,0
2026-08-10 11:25:00,315.97,0
2026-08-10 11:30:00,352.23,0
2026-08-10 11:35:00,327.16,0
2026-08-10 11:40:00,299.53,0
2026-08-10 11:45:00,260.38,0
2026-08-10 11:50:00,247.39,0
2026-08-10 11:55:00,275.55,0
2026-08-10 12:00:00,327.44,0
2026-08-10 12:05:00,325.26,0
2026-08-10 12:10:00,211.1,0
2026-08-10 12:15:00,269.05,0
2026-08-10 12:20:00,387.18,0
2026-08-10 12:25:00,317.92,0
2026-08-10 12:30:00,244.13,0
2026-08-10 12:35:00,483.85,0
2026-08-10 12:40:00,316.46,0
2026-08-10 12:45:00,342.4,0
2026-08-10 12:50:00,344.76,0
2026-08-10 12:55:00,301.46,0
2026-08-10 13:00:00,283.55,0
2026-08-10 13:05:00,475.12,0
2026-08-10 13:10:00,389.65,0
2026-08-10 13:15:00,378.17,0
2026-08-10 13:20:00,362.7,0
2026-08-10 13:25:00,273.53,0
2026-08-10 13:30:00,413.16,0
2026-08-10 13:35:00,282.51,0
2026-08-10 13:40:00,346.46,0
2026-08-10 13:45:00,245.35,0
2026-08-10 13:50:00,228.41,0
2026-08-10 13:55:00,349.41,0
2026-08-10 14:00:00,285.28,0
2026-08-10 14:05:00,230.65,0
2026-08-10 14:10:00,363.52,0
2026-08-10 14:15:00,482.7,0
2026-08-10 14:20:00,422.8,0
2026-08-10 14:25:00,313.93,0
2026-08-10 14:30:00,328.81,0
2026-08-10 14:35:00,384.45,0
2026-08-10 14:40:00,400.15,0
2026-08-10 14:45:00,306.61,0
2026-08-10 14:50:00,327.28,0
2026-08-10 14:55:00,342.33,0
2026-08-10 15:00:00,357.12,0
2026-08-10 15:05:00,314.45,0
2026-08-10 15:10:00,313.98,0
2026-08-10 15:15:00,409.6,0
2026-08-10 15:20:00,395.49,0
2026-08-10 15:25:00,345.04,0
2026-08-10 15:30:00,429.32,0
2026-08-10 15:35:00,292.36,0
2026-08-10 15:40:00,417.47,0
2026-08-10 15:45:00,341.71,0
2026-08-10 15:50:00,555.07,0
2026-08-10 15:55:00,247.0,0
2026-08-10 16:00:00,268.66,0
2026-08-10 16:05:00,325.75,0
2026-08-10 16:10:00,322.22,0
2026-08-10 16:15:00,423.04,0
2026-08-10 16:20:00,262.08,0
2026-08-10 16:25:00,345.18,0
2026-08-10 16:30:00,358.69,0
2026-08-10 16:35:00,327.61,0
2026-08-10 16:40:00,240.71,0
2026-08-10 16:45:00,365.51,0
2026-08-10 16:50:00,350.83,0
2026-08-10 16:55:00,310.4,0
2026-08-10 17:00:00,286.41,0
2026-08-10 17:05:00,284.81,0
2026-08-10 17:10:00,267.0,0
2026-08-10 17:15:00,300.93,0
2026-08-10 17:20:00,266.95,0
2026-08-10 17:25:00,225.54,0
2026-08-10 17:30:00,215.3,0
2026-08-10 17:35:00,224.71,0
2026-08-10 17:40:00,264.91,0
2026-08-10 17:45:00,250.55,0
2026-08-10 17:50:00,258.83,0
2026-08-10 17:55:00,269.44,0
2026-08-10 18:00:00,217.44,0
2026-08-10 18:05:00,313.31,0
2026-08-10 18:10:00,226.69,0
2026-08-10 18:15:00,217.46,0
2026-08-10 18:20:00,253.42,0
2026-08-10 18:25:00,164.96,0
2026-08-10 18:30:00,196.75,0
2026-08-10 18:35:00,267.4,0
2026-08-10 18:40:00,161.94,0
2026-08-10 18:45:00,267.43,0
2026-08-10 18:50:00,283.54,0
2026-08-10 18:55:00,199.63,0
2026-08-10 19:00:00,222.09,0
2026-08-10 19:05:00,254.55,0
2026-08-10 19:10:00,188.97,0
2026-08-10 19:15:00,237.29,0
2026-08-10 19:20:00,177.64,0
2026-08-10 19:25:00,181.64,0
2026-08-10 19:30:00,169.29,0
2026-08-10 19:35:00,205.33,0
2026-08-10 19:40:00,234.84,0
2026-08-10 19:45:00,182.15,0
2026-08-10 19:50:00,147.93,0
2026-08-10 19:55:00,151.15,0
2026-08-10 20:00:00,194.78,0
2026-08-10 20:05:00,249.76,0
2026-08-10 20:10:00,190.04,0
2026-08-10 20:15:00,163.14,0
2026-08-10 20:20:00,198.37,0
2026-08-10 20:25:00,163.56,0
2026-08-10 20:30:00,157.64,0
2026-08-10 20:35:00,140.35,0
2026-08-10 20:40:00,212.43,0
2026-08-10 20:45:00,103.19,0
2026-08-10 20:50:00,186.02,0
2026-08-10 20:55:00,146.57,0
2026-08-10 21:00:00,146.36,0
2026-08-10 21:05:00,211.37,0
2026-08-10 21:10:00,135.59,0
2026-08-10 21:15:00,134.99,0
2026-08-10 21:20:00,147.48,0
2026-08-10 21:25:00,160.99,0
2026-08-10 21:30:00,136.62,0
2026-08-10 21:35:00,110.34,0
2026-08-10 21:40:00,124.12,0
2026-08-10 21:45:00,180.94,0
2026-08-10 21:50:00,144.26,0
2026-08-10 21:55:00,152.96,0
2026-08-10 22:00:00,133.35,0
2026-08-10 22:05:00,123.04,0
2026-08-10 22:10:00,185.79,0
2026-08-10 22:15:00,131.69,0
2026-08-10 22:20:00,124.75,0
2026-08-10 22:25:00,163.28,0
2026-08-10 22:30:00,116.79,0
2026-08-10 22:35:00,118.6,0
2026-08-10 22:40:00,131.28,0
2026-08-10 22:45:00,130.11,0
2026-08-10 22:50:00,135.39,0
2026-08-10 22:55:00,187.01,0
2026-08-10 23:00:00,135.46,0
2026-08-10 23:05:00,82.58,0
2026-08-10 23:10:00,133.54,0
2026-08-10 23:15:00,126.03,0
2026-08-10 23:20:00,125.44,0
2026-08-10 23:25:00,129.37,0
2026-08-10 23:30:00,122.48,0
2026-08-10 23:35:00,121.32,0
2026-08-10 23:40:00,136.08,0
2026-08-10 23:45:00,110.0,0
2026-08-10 23:50:00,101.79,0
2026-08-10 23:55:00,207.12,0
2026-08-11 00:00:00,97.12,0
2026-08-11 00:05:00,112.53,0
2026-08-11 00:10:00,84.46,0
2026-08-11 00:15:00,112.94,0
2026-08-11 00:20:00,93.53,0
2026-08-11 00:25:00,102.22,0
2026-08-11 00:30:00,133.66,0
2026-08-11 00:35:00,120.62,0
2026-08-11 00:40:00,122.79,0
2026-08-11 00:45:00,80.63,0
2026-08-11 00:50:00,154.46,0
2026-08-11 00:55:00,89.6,0
2026-08-11 01:00:00,146.31,0
2026-08-11 01:05:00,133.64,0
2026-08-11 01:10:00,123.47,0
2026-08-11 01:15:00,95.48,0
2026-08-11 01:20:00,114.55,0
2026-08-11 01:25:00,102.49,0
2026-08-11 01:30:00,112.25,0
2026-08-11 01:35:00,106.86,0
2026-08-11 01:40:00,77.53,0
2026-08-11 01:45:00,137.09,0
2026-08-11 01:50:00,110.53,0
2026-08-11 01:55:00,102.91,0
2026-08-11 02:00:00,101.66,0
2026-08-11 02:05:00,120.11,0
2026-08-11 02:10:00,96.01,0
2026-08-11 02:15:00,75.26,0
2026-08-11 02:20:00,121.73,0
2026-08-11 02:25:00,124.42,0
2026-08-11 02:30:00,109.52,0
2026-08-11 02:35:00,92.51,0
2026-08-11 02:40:00,115.81,0
2026-08-11 02:45:00,87.75,0
2026-08-11 02:50:00,95.14,0
2026-08-11 02:55:00,100.23,0
2026-08-11 03:00:00,133.88,0
2026-08-11 03:05:00,108.02,0
2026-08-11 03:10:00,106.66,0
2026-08-11 03:15:00,164.84,0
2026-08-11 03:20:00,123.9,0
2026-08-11 03:25:00,123.98,0
2026-08-11 03:30:00,109.48,0
2026-08-11 03:35:00,105.46,0
2026-08-11 03:40:00,79.49,0
2026-08-11 03:45:00,140.78,0
2026-08-11 03:50:00,128.68,0
2026-08-11 03:55:00,115.39,0
2026-08-11 04:00:00,116.75,0
2026-08-11 04:05:00,137.21,0
2026-08-11 04:10:00,91.25,0
2026-08-11 04:15:00,109.06,0
2026-08-11 04:20:00,99.32,0
2026-08-11 04:25:00,168.47,0
2026-08-11 04:30:00,144.13,0
2026-08-11 04:35:00,83.26,0
2026-08-11 04:40:00,94.78,0
2026-08-11 04:45:00,122.23,0
2026-08-11 04:50:00,115.66,0
2026-08-11 04:55:00,99.82,0
2026-08-11 05:00:00,180.95,0
2026-08-11 05:05:00,135.77,0
2026-08-11 05:10:00,140.74,0
2026-08-11 05:15:00,114.87,0
2026-08-11 05:20:00,149.23,0
2026-08-11 05:25:00,123.27,0
2026-08-11 05:30:00,126.39,0
2026-08-11 05:35:00,149.63,0
2026-08-11 05:40:00,100.78,0
2026-08-11 05:45:00,181.59,0
2026-08-11 05:50:00,141.95,0
2026-08-11 05:55:00,174.48,0
2026-08-11 06:00:00,115.17,0
2026-08-11 06:05:00,119.44,0
2026-08-11 06:10:00,115.47,0
2026-08-11 06:15:00,150.29,0
2026-08-11 06:20:00,146.78,0
2026-08-11 06:25:00,134.73,0
2026-08-11 06:30:00,123.25,0
2026-08-11 06:35:00,118.97,0
2026-08-11 06:40:00,149.67,0
2026-08-11 06:45:00,140.3,0
2026-08-11 06:50:00,136.29,0
2026-08-11 06:55:00,205.92,0
2026-08-11 07:00:00,155.26,0
2026-08-11 07:05:00,200.26,0
2026-08-11 07:10:00,146.39,0
2026-08-11 07:15:00,170.32,0
2026-08-11 07:20:00,163.22,0
2026-08-11 07:25:00,122.87,0
2026-08-11 07:30:00,218.23,0
2026-08-11 07:35:00,166.66,0
2026-08-11 07:40:00,197.66,0
2026-08-11 07:45:00,152.76,0
2026-08-11 07:50:00,171.86,0
2026-08-11 07:55:00,153.32,0
2026-08-11 08:00:00,226.63,0
2026-08-11 08:05:00,194.26,0
2026-08-11 08:10:00,198.67,0
2026-08-11 08:15:00,240.44,0
2026-08-11 08:20:00,234.77,0
2026-08-11 08:25:00,221.56,0
2026-08-11 08:30:00,151.34,0
2026-08-11 08:35:00,174.65,0
2026-08-11 08:40:00,167.31,0
2026-08-11 08:45:00,231.37,0
2026-08-11 08:50:00,211.94,0
2026-08-11 08:55:00,162.03,0
2026-08-11 09:00:00,203.68,0
2026-08-11 09:05:00,163.05,0
2026-08-11 09:10:00,213.96,0
2026-08-11 09:15:00,162.34,0
2026-08-11 09:20:00,243.5,0
2026-08-11 09:25:00,239.89,0
2026-08-11 09:30:00,319.8,0
2026-08-11 09:35:00,267.44,0
2026-08-11 09:40:00,215.31,0
2026-08-11 09:45:00,272.41,0
2026-08-11 09:50:00,184.97,0
2026-08-11 09:55:00,202.38,0
2026-08-11 10:00:00,258.48,0
2026-08-11 10:05:00,166.96,0
2026-08-11 10:10:00,247.33,0
2026-08-11 10:15:00,209.53,0
2026-08-11 10:20:00,259.21,0
2026-08-11 10:25:00,211.92,0
2026-08-11 10:30:00,280.66,0
2026-08-11 10:35:00,263.67,0
2026-08-11 10:40:00,341.57,0
2026-08-11 10:45:00,268.48,0
2026-08-11 10:50:00,235.82,0
2026-08-11 10:55:00,261.57,0
2026-08-11 11:00:00,216.73,0
2026-08-11 11:05:00,299.78,0
2026-08-11 11:10:00,312.68,0
2026-08-11 11:15:00,442.46,0
2026-08-11 11:20:00,255.86,0
2026-08-11 11:25:00,275.01,0
2026-08-11 11:30:00,262.32,0
2026-08-11 11:35:00,304.71,0
2026-08-11 11:40:00,316.6,0
2026-08-11 11:45:00,294.96,0
2026-08-11 11:50:00,364.77,0
2026-08-11 11:55:00,270.34,0
2026-08-11 12:00:00,363.23,0
2026-08-11 12:05:00,337.3,0
2026-08-11 12:10:00,307.4,0
2026-08-11 12:15:00,292.84,0
2026-08-11 12:20:00,482.45,0
2026-08-11 12:25:00,270.56,0
2026-08-11 12:30:00,332.42,0
2026-08-11 12:35:00,276.63,0
2026-08-11 12:40:00,438.7,0
2026-08-11 12:45:00,374.82,0
2026-08-11 12:50:00,283.96,0
2026-08-11 12:55:00,353.21,0
2026-08-11 13:00:00,338.58,0
2026-08-11 13:05:00,295.5,0
2026-08-11 13:10:00,372.84,0
2026-08-11 13:15:00,349.84,0
2026-08-11 13:20:00,339.91,0
2026-08-11 13:25:00,325.21,0
2026-08-11 13:30:00,354.77,0
2026-08-11 13:35:00,342.67,0
2026-08-11 13:40:00,332.76,0
2026-08-11 13:45:00,293.66,0
2026-08-11 13:50:00,447.37,0
2026-08-11 13:55:00,273.11,0
2026-08-11 14:00:00,356.4,0
2026-08-11 14:05:00,311.47,0
2026-08-11 14:10:00,452.7,0
2026-08-11 14:15:00,280.1,0
2026-08-11 14:20:00,288.42,0
2026-08-11 14:25:00,276.14,0
2026-08-11 14:30:00,347.97,0
2026-08-11 14:35:00,255.92,0
2026-08-11 14:40:00,299.98,0
2026-08-11 14:45:00,221.4,0
2026-08-11 14:50:00,339.66,0
2026-08-11 14:55:00,296.37,0
2026-08-11 15:00:00,247.28,0
2026-08-11 15:05:00,391.58,0
2026-08-11 15:10:00,253.55,0
2026-08-11 15:15:00,368.8,0
2026-08-11 15:20:00,280.4,0
2026-08-11 15:25:00,422.42,0
2026-08-11 15:30:00,360.57,0
2026-08-11 15:35:00,261.41,0
2026-08-11 15:40:00,264.28,0
2026-08-11 15:45:00,345.61,0
2026-08-11 15:50:00,293.85,0
2026-08-11 15:55:00,296.95,0
2026-08-11 16:00:00,382.42,0
2026-08-11 16:05:00,264.01,0
2026-08-11 16:10:00,304.95,0
2026-08-11 16:15:00,353.64,0
2026-08-11 16:20:00,341.92,0
2026-08-11 16:25:00,284.99,0
2026-08-11 16:30:00,276.22,0
2026-08-11 16:35:00,211.03,0
2026-08-11 16:40:00,236.62,0
2026-08-11 16:45:00,300.43,0
2026-08-11 16:50:00,274.29,0
2026-08-11 16:55:00,282.43,0
2026-08-11 17:00:00,332.85,0
2026-08-11 17:05:00,220.84,0
2026-08-11 17:10:00,259.54,0
2026-08-11 17:15:00,277.42,0
2026-08-11 17:20:00,233.86,0
2026-08-11 17:25:00,339.98,0
2026-08-11 17:30:00,306.23,0
2026-08-11 17:35:00,271.08,0
2026-08-11 17:40:00,351.56,0
2026-08-11 17:45:00,192.23,0
2026-08-11 17:50:00,248.65,0
2026-08-11 17:55:00,263.0,0
2026-08-11 18:00:00,206.49,0
2026-08-11 18:05:00,254.04,0
2026-08-11 18:10:00,194.92,0
2026-08-11 18:15:00,266.23,0
2026-08-11 18:20:00,281.07,0
2026-08-11 18:25:00,241.12,0
2026-08-11 18:30:00,162.51,0
2026-08-11 18:35:00,188.31,0
2026-08-11 18:40:00,245.08,0
2026-08-11 18:45:00,219.53,0
2026-08-11 18:50:00,133.01,0
2026-08-11 18:55:00,266.85,0
2026-08-11 19:00:00,215.97,0
2026-08-11 19:05:00,179.58,0
2026-08-11 19:10:00,245.84,0
2026-08-11 19:15:00,179.67,0
2026-08-11 19:20:00,177.08,0
2026-08-11 19:25:00,211.14,0
2026-08-11 19:30:00,269.36,0
2026-08-11 19:35:00,258.58,0
2026-08-11 19:40:00,203.41,0
2026-08-11 19:45:00,204.63,0
2026-08-11 19:50:00,214.44,0
2026-08-11 19:55:00,146.48,0
2026-08-11 20:00:00,203.73,0
2026-08-11 20:05:00,157.03,0
2026-08-11 20:10:00,187.48,0
2026-08-11 20:15:00,167.89,0
2026-08-11 20:20:00,189.13,0
2026-08-11 20:25:00,174.43,0
2026-08-11 20:30:00,97.06,0
2026-08-11 20:35:00,172.24,0
2026-08-11 20:40:00,185.06,0
2026-08-11 20:45:00,176.59,0
2026-08-11 20:50:00,158.18,0
2026-08-11 20:55:00,214.13,0
2026-08-11 21:00:00,166.66,0
2026-08-11 21:05:00,168.64,0
2026-08-11 21:10:00,186.09,0
2026-08-11 21:15:00,162.86,0
2026-08-11 21:20:00,128.45,0
2026-08-11 21:25:00,96.35,0
2026-08-11 21:30:00,135.76,0
2026-08-11 21:35:00,167.97,0
2026-08-11 21:40:00,136.12,0
2026-08-11 21:45:00,165.96,0
2026-08-11 21:50:00,146.2,0
2026-08-11 21:55:00,177.83,0
2026-08-11 22:00:00,132.54,0
2026-08-11 22:05:00,150.72,0
2026-08-11 22:10:00,150.47,0
2026-08-11 22:15:00,178.5,0
2026-08-11 22:20:00,99.38,0
2026-08-11 22:25:00,123.43,0
2026-08-11 22:30:00,154.96,0
2026-08-11 22:35:00,174.36,0
2026-08-11 22:40:00,136.83,0
2026-08-11 22:45:00,123.43,0
2026-08-11 22:50:00,148.07,0
2026-08-11 22:55:00,150.06,0
2026-08-11 23:00:00,119.51,0
2026-08-11 23:05:00,134.46,0
2026-08-11 23:10:00,155.74,0
2026-08-11 23:15:00,175.92,0
2026-08-11 23:20:00,142.26,0
2026-08-11 23:25:00,124.76,0
2026-08-11 23:30:00,121.92,0
2026-08-11 23:35:00,135.4,0
2026-08-11 23:40:00,119.35,0
2026-08-11 23:45:00,125.49,0
2026-08-11 23:50:00,99.79,0
2026-08-11 23:55:00,151.79,0
2026-08-12 00:00:00,89.98,0
2026-08-12 00:05:00,102.25,0
2026-08-12 00:10:00,112.52,0
2026-08-12 00:15:00,158.27,0
2026-08-12 00:20:00,102.54,0
2026-08-12 00:25:00,98.18,0
2026-08-12 00:30:00,100.29,0
2026-08-12 00:35:00,149.35,0
2026-08-12 00:40:00,66.82,0
2026-08-12 00:45:00,92.6,0
2026-08-12 00:50:00,181.44,0
2026-08-12 00:55:00,123.51,0
2026-08-12 01:00:00,91.06,0
2026-08-12 01:05:00,110.36,0
2026-08-12 01:10:00,112.64,0
2026-08-12 01:15:00,129.69,0
2026-08-12 01:20:00,155.21,0
2026-08-12 01:25:00,119.64,0
2026-08-12 01:30:00,101.33,0
2026-08-12 01:35:00,128.79,0
2026-08-12 01:40:00,98.68,0
2026-08-12 01:45:00,93.01,0
2026-08-12 01:50:00,81.7,0
2026-08-12 01:55:00,84.72,0
2026-08-12 02:00:00,95.69,0
2026-08-12 02:05:00,91.09,0
2026-08-12 02:10:00,119.31,0
2026-08-12 02:15:00,91.01,0
2026-08-12 02:20:00,64.24,0
2026-08-12 02:25:00,93.91,0
2026-08-12 02:30:00,104.28,0
2026-08-12 02:35:00,102.0,0
2026-08-12 02:40:00,149.83,0
2026-08-12 02:45:00,102.27,0
2026-08-12 02:50:00,134.14,0
2026-08-12 02:55:00,114.34,0
2026-08-12 03:00:00,114.14,0
2026-08-12 03:05:00,99.21,0
2026-08-12 03:10:00,114.4,0
2026-08-12 03:15:00,101.03,0
2026-08-12 03:20:00,119.9,0
2026-08-12 03:25:00,111.79,0
2026-08-12 03:30:00,98.72,0
2026-08-12 03:35:00,140.36,0
2026-08-12 03:40:00,127.23,0
2026-08-12 03:45:00,109.09,0
2026-08-12 03:50:00,121.85,0
2026-08-12 03:55:00,117.39,0
2026-08-12 04:00:00,102.36,0
2026-08-12 04:05:00,121.72,0
2026-08-12 04:10:00,107.95,0
2026-08-12 04:15:00,102.31,0
2026-08-12 04:20:00,91.0,0
2026-08-12 04:25:00,114.82,0
2026-08-12 04:30:00,136.34,0
2026-08-12 04:35:00,109.22,0
2026-08-12 04:40:00,195.92,0
2026-08-12 04:45:00,146.81,0
2026-08-12 04:50:00,159.25,0
2026-08-12 04:55:00,146.2,0
2026-08-12 05:00:00,177.98,0
2026-08-12 05:05:00,111.39,0
2026-08-12 05:10:00,81.49,0
2026-08-12 05:15:00,120.07,0
2026-08-12 05:20:00,144.89,0
2026-08-12 05:25:00,135.66,0
2026-08-12 05:30:00,139.77,0
2026-08-12 05:35:00,170.02,0
2026-08-12 05:40:00,144.73,0
2026-08-12 05:45:00,157.29,0
2026-08-12 05:50:00,116.0,0
2026-08-12 05:55:00,113.76,0
2026-08-12 06:00:00,186.9,0
2026-08-12 06:05:00,143.62,0
2026-08-12 06:10:00,127.23,0
2026-08-12 06:15:00,128.47,0
2026-08-12 06:20:00,129.06,0
2026-08-12 06:25:00,128.92,0
2026-08-12 06:30:00,117.42,0
2026-08-12 06:35:00,114.07,0
2026-08-12 06:40:00,145.77,0
2026-08-12 06:45:00,137.12,0
2026-08-12 06:50:00,188.2,0
2026-08-12 06:55:00,164.31,0
2026-08-12 07:00:00,165.29,0
2026-08-12 07:05:00,139.39,0
2026-08-12 07:10:00,157.66,0
2026-08-12 07:15:00,173.92,0
2026-08-12 07:20:00,187.54,0
2026-08-12 07:25:00,163.99,0
2026-08-12 07:30:00,204.93,0
2026-08-12 07:35:00,171.01,0
2026-08-12 07:40:00,199.32,0
2026-08-12 07:45:00,160.14,0
2026-08-12 07:50:00,127.75,0
2026-08-12 07:55:00,188.08,0
2026-08-12 08:00:00,206.73,0
2026-08-12 08:05:00,203.72,0
2026-08-12 08:10:00,200.65,0
2026-08-12 08:15:00,176.84,0
2026-08-12 08:20:00,164.88,0
2026-08-12 08:25:00,213.21,0
2026-08-12 08:30:00,211.08,0
2026-08-12 08:35:00,178.94,0
2026-08-12 08:40:00,244.75,0
2026-08-12 08:45:00,173.15,0
2026-08-12 08:50:00,185.04,0
2026-08-12 08:55:00,279.4,0
2026-08-12 09:00:00,246.38,0
2026-08-12 09:05:00,200.04,0
2026-08-12 09:10:00,227.48,0
2026-08-12 09:15:00,224.87,0
2026-08-12 09:20:00,135.06,0
2026-08-12 09:25:00,190.37,0
2026-08-12 09:30:00,224.77,0
2026-08-12 09:35:00,215.31,0
2026-08-12 09:40:00,242.91,0
2026-08-12 09:45:00,288.11,0
2026-08-12 09:50:00,224.5,0
2026-08-12 09:55:00,198.94,0
2026-08-12 10:00:00,258.1,0
2026-08-12 10:05:00,232.16,0
2026-08-12 10:10:00,242.1,0
2026-08-12 10:15:00,238.88,0
2026-08-12 10:20:00,381.06,0
2026-08-12 10:25:00,171.89,0
2026-08-12 10:30:00,242.47,0
2026-08-12 10:35:00,262.58,0
2026-08-12 10:40:00,230.64,0
2026-08-12 10:45:00,315.3,0
2026-08-12 10:50:00,313.51,0
2026-08-12 10:55:00,271.11,0
2026-08-12 11:00:00,262.94,0
2026-08-12 11:05:00,273.08,0
2026-08-12 11:10:00,275.93,0
2026-08-12 11:15:00,279.72,0
2026-08-12 11:20:00,276.64,0
2026-08-12 11:25:00,302.0,0
2026-08-12 11:30:00,333.22,0
2026-08-12 11:35:00,235.04,0
2026-08-12 11:40:00,244.65,0
2026-08-12 11:45:00,217.4,0
2026-08-12 11:50:00,350.61,0
2026-08-12 11:55:00,316.02,0
2026-08-12 12:00:00,333.11,0
2026-08-12 12:05:00,236.69,0
2026-08-12 12:10:00,424.79,0
2026-08-12 12:15:00,277.75,0
2026-08-12 12:20:00,321.29,0
2026-08-12 12:25:00,365.53,0
2026-08-12 12:30:00,263.78,0
2026-08-12 12:35:00,286.97,0
2026-08-12 12:40:00,328.54,0
2026-08-12 12:45:00,534.4,0
2026-08-12 12:50:00,338.71,0
2026-08-12 12:55:00,430.07,0
2026-08-12 13:00:00,401.57,0
2026-08-12 13:05:00,346.51,0
2026-08-12 13:10:00,272.22,0
2026-08-12 13:15:00,394.71,0
2026-08-12 13:20:00,249.68,0
2026-08-12 13:25:00,437.11,0
2026-08-12 13:30:00,340.32,0
2026-08-12 13:35:00,204.07,0
2026-08-12 13:40:00,309.66,0
2026-08-12 13:45:00,370.74,0
2026-08-12 13:50:00,316.03,0
2026-08-12 13:55:00,375.27,0
2026-08-12 14:00:00,283.18,0
2026-08-12 14:05:00,260.83,0
2026-08-12 14:10:00,325.59,0
2026-08-12 14:15:00,331.45,0
2026-08-12 14:20:00,309.23,0
2026-08-12 14:25:00,410.1,0
2026-08-12 14:30:00,281.7,0
2026-08-12 14:35:00,346.67,0
2026-08-12 14:40:00,330.99,0
2026-08-12 14:45:00,246.46,0
2026-08-12 14:50:00,256.53,0
2026-08-12 14:55:00,324.99,0
2026-08-12 15:00:00,461.73,0
2026-08-12 15:05:00,357.47,0
2026-08-12 15:10:00,235.17,0
2026-08-12 15:15:00,182.53,0
2026-08-12 15:20:00,362.98,0
2026-08-12 15:25:00,311.19,0
2026-08-12 15:30:00,386.91,0
2026-08-12 15:35:00,267.47,0
2026-08-12 15:40:00,331.99,0
2026-08-12 15:45:00,360.91,0
2026-08-12 15:50:00,284.22,0
2026-08-12 15:55:00,283.54,0
2026-08-12 16:00:00,305.54,0
2026-08-12 16:05:00,333.09,0
2026-08-12 16:10:00,299.21,0
2026-08-12 16:15:00,354.88,0
2026-08-12 16:20:00,272.0,0
2026-08-12 16:25:00,230.92,0
2026-08-12 16:30:00,415.33,0
2026-08-12 16:35:00,258.83,0
2026-08-12 16:40:00,258.33,0
2026-08-12 16:45:00,280.35,0
2026-08-12 16:50:00,284.61,0
2026-08-12 16:55:00,259.91,0
2026-08-12 17:00:00,275.2,0
2026-08-12 17:05:00,271.5,0
2026-08-12 17:10:00,279.47,0
2026-08-12 17:15:00,175.42,0
2026-08-12 17:20:00,372.42,0
2026-08-12 17:25:00,255.88,0
2026-08-12 17:30:00,288.67,0
2026-08-12 17:35:00,200.76,0
2026-08-12 17:40:00,233.84,0
2026-08-12 17:45:00,223.07,0
2026-08-12 17:50:00,324.4,0
2026-08-12 17:55:00,221.58,0
2026-08-12 18:00:00,279.03,0
2026-08-12 18:05:00,214.07,0
2026-08-12 18:10:00,219.27,0
2026-08-12 18:15:00,224.94,0
2026-08-12 18:20:00,292.75,0
2026-08-12 18:25:00,163.38,0
2026-08-12 18:30:00,179.01,0
2026-08-12 18:35:00,157.85,0
2026-08-12 18:40:00,182.03,0
2026-08-12 18:45:00,188.97,0
2026-08-12 18:50:00,228.9,1
2026-08-12 18:55:00,346.83,1
2026-08-12 19:00:00,413.01,1
2026-08-12 19:05:00,498.62,1
2026-08-12 19:10:00,625.25,1
2026-08-12 19:15:00,577.06,1
2026-08-12 19:20:00,614.2,1
2026-08-12 19:25:00,571.83,1
2026-08-12 19:30:00,560.09,1
2026-08-12 19:35:00,557.67,1
2026-08-12 19:40:00,519.87,1
2026-08-12 19:45:00,568.61,1
2026-08-12 19:50:00,507.93,1
2026-08-12 19:55:00,485.87,1
2026-08-12 20:00:00,428.5,1
2026-08-12 20:05:00,518.34,1
2026-08-12 20:10:00,427.2,1
2026-08-12 20:15:00,448.08,1
2026-08-12 20:20:00,515.28,1
2026-08-12 20:25:00,372.45,1
2026-08-12 20:30:00,416.99,1
2026-08-12 20:35:00,414.06,1
2026-08-12 20:40:00,351.57,1
2026-08-12 20:45:00,367.59,1
2026-08-12 20:50:00,380.32,1
2026-08-12 20:55:00,370.22,1
2026-08-12 21:00:00,334.03,1
2026-08-12 21:05:00,352.39,1
2026-08-12 21:10:00,331.14,1
2026-08-12 21:15:00,329.01,1
2026-08-12 21:20:00,308.2,1
2026-08-12 21:25:00,286.87,1
2026-08-12 21:30:00,250.58,1
2026-08-12 21:35:00,137.96,0
2026-08-12 21:40:00,213.73,0
2026-08-12 21:45:00,146.17,0
2026-08-12 21:50:00,114.94,0
2026-08-12 21:55:00,145.69,0
2026-08-12 22:00:00,109.59,0
2026-08-12 22:05:00,111.66,0
2026-08-12 22:10:00,113.89,0
2026-08-12 22:15:00,125.75,0
2026-08-12 22:20:00,159.94,0
2026-08-12 22:25:00,148.75,0
2026-08-12 22:30:00,146.14,0
2026-08-12 22:35:00,108.31,0
2026-08-12 22:40:00,118.87,0
2026-08-12 22:45:00,136.64,0
2026-08-12 22:50:00,115.39,0
2026-08-12 22:55:00,122.07,0
2026-08-12 23:00:00,138.05,0
2026-08-12 23:05:00,118.99,0
2026-08-12 23:10:00,131.15,0
2026-08-12 23:15:00,166.74,0
2026-08-12 23:20:00,120.67,0
2026-08-12 23:25:00,153.04,0
2026-08-12 23:30:00,136.15,0
2026-08-12 23:35:00,94.05,0
2026-08-12 23:40:00,99.93,0
2026-08-12 23:45:00,104.38,0
2026-08-12 23:50:00,103.5,0
2026-08-12 23:55:00,118.24,0
2026-08-13 00:00:00,123.41,0
2026-08-13 00:05:00,138.53,0
2026-08-13 00:10:00,116.86,0
2026-08-13 00:15:00,102.07,0
2026-08-13 00:20:00,76.06,0
2026-08-13 00:25:00,112.1,0
2026-08-13 00:30:00,111.25,0
2026-08-13 00:35:00,114.5,0
2026-08-13 00:40:00,161.95,0
2026-08-13 00:45:00,138.66,0
2026-08-13 00:50:00,127.82,0
2026-08-13 00:55:00,93.39,0
2026-08-13 01:00:00,101.32,0
2026-08-13 01:05:00,109.31,0
2026-08-13 01:10:00,96.78,0
2026-08-13 01:15:00,121.87,0
2026-08-13 01:20:00,118.86,0
2026-08-13 01:25:00,91.71,0
2026-08-13 01:30:00,138.51,0
2026-08-13 01:35:00,113.86,0
2026-08-13 01:40:00,81.97,0
2026-08-13 01:45:00,110.99,0
2026-08-13 01:50:00,117.98,0
2026-08-13 01:55:00,133.79,0
2026-08-13 02:00:00,105.82,0
2026-08-13 02:05:00,130.7,0
2026-08-13 02:10:00,116.63,0
2026-08-13 02:15:00,89.14,0
2026-08-13 02:20:00,87.69,0
2026-08-13 02:25:00,138.7,0
2026-08-13 02:30:00,140.8,0
2026-08-13 02:35:00,120.55,0
2026-08-13 02:40:00,149.19,0
2026-08-13 02:45:00,138.14,0
2026-08-13 02:50:00,129.46,0
2026-08-13 02:55:00,97.38,0
2026-08-13 03:00:00,157.07,0
2026-08-13 03:05:00,127.0,0
2026-08-13 03:10:00,107.86,0
2026-08-13 03:15:00,102.8,0
2026-08-13 03:20:00,121.79,0
2026-08-13 03:25:00,86.34,0
2026-08-13 03:30:00,132.72,0
2026-08-13 03:35:00,98.89,0
2026-08-13 03:40:00,125.95,0
2026-08-13 03:45:00,107.65,0
2026-08-13 03:50:00,113.19,0
2026-08-13 03:55:00,103.99,0
2026-08-13 04:00:00,116.24,0
2026-08-13 04:05:00,168.86,0
2026-08-13 04:10:00,154.9,0
2026-08-13 04:15:00,129.27,0
2026-08-13 04:20:00,121.31,0
2026-08-13 04:25:00,142.57,0
2026-08-13 04:30:00,150.88,0
2026-08-13 04:35:00,106.6,0
2026-08-13 04:40:00,122.74,0
2026-08-13 04:45:00,90.18,0
2026-08-13 04:50:00,154.13,0
2026-08-13 04:55:00,183.74,0
2026-08-13 05:00:00,129.35,0
2026-08-13 05:05:00,87.55,0
2026-08-13 05:10:00,144.17,0
2026-08-13 05:15:00,110.57,0
2026-08-13 05:20:00,116.29,0
2026-08-13 05:25:00,147.77,0
2026-08-13 05:30:00,139.24,0
2026-08-13 05:35:00,122.77,0
2026-08-13 05:40:00,120.21,0
2026-08-13 05:45:00,139.34,0
2026-08-13 05:50:00,127.61,0
2026-08-13 05:55:00,113.48,0
2026-08-13 06:00:00,131.65,0
2026-08-13 06:05:00,149.92,0
2026-08-13 06:10:00,137.84,0
2026-08-13 06:15:00,111.4,0
2026-08-13 06:20:00,173.32,0
2026-08-13 06:25:00,89.46,0
2026-08-13 06:30:00,136.51,0
2026-08-13 06:35:00,133.65,0
2026-08-13 06:40:00,155.06,0
2026-08-13 06:45:00,168.8,0
2026-08-13 06:50:00,188.86,0
2026-08-13 06:55:00,137.11,0
2026-08-13 07:00:00,175.13,0
2026-08-13 07:05:00,165.05,0
2026-08-13 07:10:00,118.41,0
2026-08-13 07:15:00,229.45,0
2026-08-13 07:20:00,127.24,0
2026-08-13 07:25:00,179.86,0
2026-08-13 07:30:00,181.02,0
2026-08-13 07:35:00,179.45,0
2026-08-13 07:40:00,158.09,0
2026-08-13 07:45:00,202.99,0
2026-08-13 07:50:00,133.69,0
2026-08-13 07:55:00,177.1,0
2026-08-13 08:00:00,163.91,0
2026-08-13 08:05:00,162.59,0
2026-08-13 08:10:00,200.88,0
2026-08-13 08:15:00,228.59,0
2026-08-13 08:20:00,179.23,0
2026-08-13 08:25:00,222.18,0
2026-08-13 08:30:00,197.24,0
2026-08-13 08:35:00,168.56,0
2026-08-13 08:40:00,191.35,0
2026-08-13 08:45:00,192.32,0
2026-08-13 08:50:00,181.31,0
2026-08-13 08:55:00,224.8,0
2026-08-13 09:00:00,219.81,0
2026-08-13 09:05:00,160.24,0
2026-08-13 09:10:00,160.47,0
2026-08-13 09:15:00,236.07,0
2026-08-13 09:20:00,191.18,0
2026-08-13 09:25:00,236.63,0
2026-08-13 09:30:00,261.08,0
2026-08-13 09:35:00,182.64,0
2026-08-13 09:40:00,180.21,0
2026-08-13 09:45:00,317.81,0
2026-08-13 09:50:00,253.42,0
2026-08-13 09:55:00,223.16,0
2026-08-13 10:00:00,205.77,0
2026-08-13 10:05:00,224.6,0
2026-08-13 10:10:00,200.96,0
2026-08-13 10:15:00,295.16,0
2026-08-13 10:20:00,221.32,0
2026-08-13 10:25:00,313.26,0
2026-08-13 10:30:00,241.94,0
2026-08-13 10:35:00,217.76,0
2026-08-13 10:40:00,245.85,0
2026-08-13 10:45:00,167.2,0
2026-08-13 10:50:00,264.99,0
2026-08-13 10:55:00,265.21,0
2026-08-13 11:00:00,320.25,0
2026-08-13 11:05:00,198.42,0
2026-08-13 11:10:00,346.6,0
2026-08-13 11:15:00,328.85,0
2026-08-13 11:20:00,358.5,0
2026-08-13 11:25:00,285.86,0
2026-08-13 11:30:00,349.22,0
2026-08-13 11:35:00,225.06,0
2026-08-13 11:40:00,336.06,0
2026-08-13 11:45:00,259.21,0
2026-08-13 11:50:00,222.84,0
2026-08-13 11:55:00,246.76,0
2026-08-13 12:00:00,304.45,0
2026-08-13 12:05:00,263.93,0
2026-08-13 12:10:00,329.64,0
2026-08-13 12:15:00,223.82,0
2026-08-13 12:20:00,212.55,0
2026-08-13 12:25:00,401.25,0
2026-08-13 12:30:00,370.72,0
2026-08-13 12:35:00,262.13,0
2026-08-13 12:40:00,317.94,0
2026-08-13 12:45:00,383.88,0
2026-08-13 12:50:00,345.98,0
2026-08-13 12:55:00,330.79,0
2026-08-13 13:00:00,393.66,0
2026-08-13 13:05:00,284.33,0
2026-08-13 13:10:00,327.11,0
2026-08-13 13:15:00,325.12,0
2026-08-13 13:20:00,311.3,0
2026-08-13 13:25:00,305.47,0
2026-08-13 13:30:00,332.62,0
2026-08-13 13:35:00,330.85,0
2026-08-13 13:40:00,272.62,0
2026-08-13 13:45:00,380.74,0
2026-08-13 13:50:00,276.65,0
2026-08-13 13:55:00,317.24,0
2026-08-13 14:00:00,312.92,0
2026-08-13 14:05:00,351.92,0
2026-08-13 14:10:00,225.22,0
2026-08-13 14:15:00,386.9,0
2026-08-13 14:20:00,291.47,0
2026-08-13 14:25:00,409.56,0
2026-08-13 14:30:00,301.21,0
2026-08-13 14:35:00,324.8,0
2026-08-13 14:40:00,461.43,0
2026-08-13 14:45:00,310.28,0
2026-08-13 14:50:00,406.54,0
2026-08-13 14:55:00,326.59,0
2026-08-13 15:00:00,348.33,0
2026-08-13 15:05:00,326.16,0
2026-08-13 15:10:00,373.74,0
2026-08-13 15:15:00,282.42,0
2026-08-13 15:20:00,266.47,0
2026-08-13 15:25:00,282.25,0
2026-08-13 15:30:00,320.77,0
2026-08-13 15:35:00,301.21,0
2026-08-13 15:40:00,354.22,0
2026-08-13 15:45:00,391.96,0
2026-08-13 15:50:00,258.44,0
2026-08-13 15:55:00,268.25,0
2026-08-13 16:00:00,234.86,0
2026-08-13 16:05:00,435.38,0
2026-08-13 16:10:00,316.89,0
2026-08-13 16:15:00,324.67,0
2026-08-13 16:20:00,232.22,0
2026-08-13 16:25:00,293.24,0
2026-08-13 16:30:00,318.9,0
2026-08-13 16:35:00,275.75,0
2026-08-13 16:40:00,347.3,0
2026-08-13 16:45:00,430.1,0
2026-08-13 16:50:00,237.12,0
2026-08-13 16:55:00,231.82,0
2026-08-13 17:00:00,235.72,0
2026-08-13 17:05:00,365.13,0
2026-08-13 17:10:00,326.71,0
2026-08-13 17:15:00,261.69,0
2026-08-13 17:20:00,267.22,0
2026-08-13 17:25:00,226.84,0
2026-08-13 17:30:00,305.21,0
2026-08-13 17:35:00,240.28,0
2026-08-13 17:40:00,242.89,0
2026-08-13 17:45:00,280.92,0
2026-08-13 17:50:00,240.71,0
2026-08-13 17:55:00,236.02,0
2026-08-13 18:00:00,243.9,0
2026-08-13 18:05:00,277.7,0
2026-08-13 18:10:00,319.94,0
2026-08-13 18:15:00,261.24,0
2026-08-13 18:20:00,268.49,0
2026-08-13 18:25:00,221.47,0
2026-08-13 18:30:00,199.71,0
2026-08-13 18:35:00,252.11,0
2026-08-13 18:40:00,228.32,0
2026-08-13 18:45:00,169.29,0
2026-08-13 18:50:00,203.63,0
2026-08-13 18:55:00,210.2,0
2026-08-13 19:00:00,192.22,0
2026-08-13 19:05:00,271.73,0
2026-08-13 19:10:00,224.07,0
2026-08-13 19:15:00,259.89,0
2026-08-13 19:20:00,210.18,0
2026-08-13 19:25:00,200.87,0
2026-08-13 19:30:00,165.16,0
2026-08-13 19:35:00,193.47,0
2026-08-13 19:40:00,191.1,0
2026-08-13 19:45:00,147.22,0
2026-08-13 19:50:00,168.75,0
2026-08-13 19:55:00,173.29,0
2026-08-13 20:00:00,195.44,0
2026-08-13 20:05:00,194.73,0
2026-08-13 20:10:00,159.45,0
2026-08-13 20:15:00,190.31,0
2026-08-13 20:20:00,167.24,0
2026-08-13 20:25:00,101.87,0
2026-08-13 20:30:00,154.65,0
2026-08-13 20:35:00,202.54,0
2026-08-13 20:40:00,121.8,0
2026-08-13 20:45:00,166.31,0
2026-08-13 20:50:00,214.34,0
2026-08-13 20:55:00,138.95,0
2026-08-13 21:00:00,157.64,0
2026-08-13 21:05:00,123.26,0
2026-08-13 21:10:00,206.67,0
2026-08-13 21:15:00,150.29,0
2026-08-13 21:20:00,152.25,0
2026-08-13 21:25:00,190.69,0
2026-08-13 21:30:00,166.64,0
2026-08-13 21:35:00,125.11,0
2026-08-13 21:40:00,129.1,0
2026-08-13 21:45:00,157.06,0
2026-08-13 21:50:00,127.21,0
2026-08-13 21:55:00,96.34,0
2026-08-13 22:00:00,138.44,0
2026-08-13 22:05:00,106.15,0
2026-08-13 22:10:00,183.76,0
2026-08-13 22:15:00,140.63,0
2026-08-13 22:20:00,114.8,0
2026-08-13 22:25:00,118.2,0
2026-08-13 22:30:00,94.66,0
2026-08-13 22:35:00,108.3,0
2026-08-13 22:40:00,157.34,0
2026-08-13 22:45:00,194.43,0
2026-08-13 22:50:00,147.25,0
2026-08-13 22:55:00,126.23,0
2026-08-13 23:00:00,117.96,0
2026-08-13 23:05:00,106.66,0
2026-08-13 23:10:00,182.44,0
2026-08-13 23:15:00,121.0,0
2026-08-13 23:20:00,182.14,0
2026-08-13 23:25:00,159.06,0
2026-08-13 23:30:00,89.99,0
2026-08-13 23:35:00,108.64,0
2026-08-13 23:40:00,108.04,0
2026-08-13 23:45:00,119.55,0
2026-08-13 23:50:00,119.41,0
2026-08-13 23:55:00,206.09,0
2026-08-14 00:00:00,91.01,0
2026-08-14 00:05:00,115.17,0
2026-08-14 00:10:00,123.53,0
2026-08-14 00:15:00,110.57,0
2026-08-14 00:20:00,112.86,0
2026-08-14 00:25:00,91.71,0
2026-08-14 00:30:00,112.88,0
2026-08-14 00:35:00,121.48,0
2026-08-14 00:40:00,117.58,0
2026-08-14 00:45:00,122.9,0
2026-08-14 00:50:00,143.11,0
2026-08-14 00:55:00,131.45,0
2026-08-14 01:00:00,112.55,0
2026-08-14 01:05:00,90.05,0
2026-08-14 01:10:00,99.89,0
2026-08-14 01:15:00,107.05,0
2026-08-14 01:20:00,116.64,0
2026-08-14 01:25:00,102.36,0
2026-08-14 01:30:00,94.36,0
2026-08-14 01:35:00,90.26,0
2026-08-14 01:40:00,83.13,0
2026-08-14 01:45:00,107.38,0
2026-08-14 01:50:00,86.09,0
2026-08-14 01:55:00,93.79,0
2026-08-14 02:00:00,104.75,0
2026-08-14 02:05:00,88.53,0
2026-08-14 02:10:00,120.74,0
2026-08-14 02:15:00,129.04,0
2026-08-14 02:20:00,102.47,0
2026-08-14 02:25:00,104.75,0
2026-08-14 02:30:00,125.06,0
2026-08-14 02:35:00,100.03,0
2026-08-14 02:40:00,99.0,0
2026-08-14 02:45:00,141.66,0
2026-08-14 02:50:00,134.22,0
2026-08-14 02:55:00,127.86,0
2026-08-14 03:00:00,135.87,0
2026-08-14 03:05:00,80.78,0
2026-08-14 03:10:00,147.52,0
2026-08-14 03:15:00,124.42,0
2026-08-14 03:20:00,139.49,0
2026-08-14 03:25:00,125.06,0
2026-08-14 03:30:00,118.05,0
2026-08-14 03:35:00,111.73,0
2026-08-14 03:40:00,125.87,0
2026-08-14 03:45:00,111.8,0
2026-08-14 03:50:00,138.77,0
2026-08-14 03:55:00,89.57,0
2026-08-14 04:00:00,108.55,0
2026-08-14 04:05:00,173.65,0
2026-08-14 04:10:00,107.85,0
2026-08-14 04:15:00,116.18,0
2026-08-14 04:20:00,103.96,0
2026-08-14 04:25:00,130.11,0
2026-08-14 04:30:00,107.83,0
2026-08-14 04:35:00,119.7,0
2026-08-14 04:40:00,145.01,0
2026-08-14 04:45:00,110.38,0
2026-08-14 04:50:00,145.13,0
2026-08-14 04:55:00,146.91,0
2026-08-14 05:00:00,154.17,0
2026-08-14 05:05:00,131.63,0
2026-08-14 05:10:00,231.56,0
2026-08-14 05:15:00,157.3,0
2026-08-14 05:20:00,138.93,0
2026-08-14 05:25:00,112.75,0
2026-08-14 05:30:00,130.7,0
2026-08-14 05:35:00,173.28,0
2026-08-14 05:40:00,183.8,0
2026-08-14 05:45:00,177.75,0
2026-08-14 05:50:00,158.22,0
2026-08-14 05:55:00,110.52,0
2026-08-14 06:00:00,152.58,0
2026-08-14 06:05:00,112.79,0
2026-08-14 06:10:00,108.9,0
2026-08-14 06:15:00,149.99,0
2026-08-14 06:20:00,159.38,0
2026-08-14 06:25:00,172.33,0
2026-08-14 06:30:00,161.78,0
2026-08-14 06:35:00,164.44,0
2026-08-14 06:40:00,126.46,0
2026-08-14 06:45:00,149.71,0
2026-08-14 06:50:00,117.56,0
2026-08-14 06:55:00,108.68,0
2026-08-14 07:00:00,180.05,0
2026-08-14 07:05:00,139.13,0
2026-08-14 07:10:00,188.53,0
2026-08-14 07:15:00,198.96,0
2026-08-14 07:20:00,147.47,0
2026-08-14 07:25:00,185.48,0
2026-08-14 07:30:00,149.82,0
2026-08-14 07:35:00,122.49,0
2026-08-14 07:40:00,176.69,0
2026-08-14 07:45:00,160.69,0
2026-08-14 07:50:00,163.55,0
2026-08-14 07:55:00,255.73,0
2026-08-14 08:00:00,137.85,0
2026-08-14 08:05:00,196.78,0
2026-08-14 08:10:00,155.48,0
2026-08-14 08:15:00,221.73,0
2026-08-14 08:20:00,201.17,0
2026-08-14 08:25:00,206.69,0
2026-08-14 08:30:00,164.91,0
2026-08-14 08:35:00,172.47,0
2026-08-14 08:40:00,236.85,0
2026-08-14 08:45:00,279.17,0
2026-08-14 08:50:00,224.09,0
2026-08-14 08:55:00,177.07,0
2026-08-14 09:00:00,223.98,0
2026-08-14 09:05:00,330.27,0
2026-08-14 09:10:00,220.04,0
2026-08-14 09:15:00,284.52,0
2026-08-14 09:20:00,193.77,0
2026-08-14 09:25:00,222.42,0
2026-08-14 09:30:00,253.6,0
2026-08-14 09:35:00,246.61,0
2026-08-14 09:40:00,202.4,0
2026-08-14 09:45:00,203.23,0
2026-08-14 09:50:00,284.19,0
2026-08-14 09:55:00,298.23,0
2026-08-14 10:00:00,319.59,0
2026-08-14 10:05:00,340.67,0
2026-08-14 10:10:00,255.1,0
2026-08-14 10:15:00,238.05,0
2026-08-14 10:20:00,324.6,0
2026-08-14 10:25:00,292.52,0
2026-08-14 10:30:00,217.88,0
2026-08-14 10:35:00,218.15,0
2026-08-14 10:40:00,290.04,0
2026-08-14 10:45:00,259.73,0
2026-08-14 10:50:00,269.53,0
2026-08-14 10:55:00,331.69,0
2026-08-14 11:00:00,316.48,0
2026-08-14 11:05:00,354.0,0
2026-08-14 11:10:00,198.61,0
2026-08-14 11:15:00,296.93,0
2026-08-14 11:20:00,324.28,0
2026-08-14 11:25:00,219.25,0
2026-08-14 11:30:00,258.61,0
2026-08-14 11:35:00,252.12,0
2026-08-14 11:40:00,296.74,0
2026-08-14 11:45:00,399.2,0
2026-08-14 11:50:00,431.72,0
2026-08-14 11:55:00,260.91,0
2026-08-14 12:00:00,334.39,0
2026-08-14 12:05:00,338.53,0
2026-08-14 12:10:00,330.33,0
2026-08-14 12:15:00,333.0,0
2026-08-14 12:20:00,329.22,0
2026-08-14 12:25:00,424.67,0
2026-08-14 12:30:00,384.22,0
2026-08-14 12:35:00,261.62,0
2026-08-14 12:40:00,367.1,0
2026-08-14 12:45:00,375.19,0
2026-08-14 12:50:00,339.55,0
2026-08-14 12:55:00,394.83,0
2026-08-14 13:00:00,334.36,0
2026-08-14 13:05:00,336.21,0
2026-08-14 13:10:00,332.45,0
2026-08-14 13:15:00,226.81,0
2026-08-14 13:20:00,322.27,0
2026-08-14 13:25:00,290.54,0
2026-08-14 13:30:00,265.16,0
2026-08-14 13:35:00,425.64,0
2026-08-14 13:40:00,360.52,0
2026-08-14 13:45:00,327.81,0
2026-08-14 13:50:00,297.93,0
2026-08-14 13:55:00,348.02,0
2026-08-14 14:00:00,394.47,0
2026-08-14 14:05:00,284.32,0
2026-08-14 14:10:00,329.52,0
2026-08-14 14:15:00,385.31,0
2026-08-14 14:20:00,232.36,0
2026-08-14 14:25:00,325.42,0
2026-08-14 14:30:00,303.88,0
2026-08-14 14:35:00,319.87,0
2026-08-14 14:40:00,298.74,0
2026-08-14 14:45:00,334.35,0
2026-08-14 14:50:00,459.86,0
2026-08-14 14:55:00,305.93,0
2026-08-14 15:00:00,340.66,0
2026-08-14 15:05:00,461.21,0
2026-08-14 15:10:00,368.44,1
2026-08-14 15:15:00,662.34,1
2026-08-14 15:20:00,630.68,1
2026-08-14 15:25:00,870.32,1
2026-08-14 15:30:00,795.42,1
2026-08-14 15:35:00,813.31,1
2026-08-14 15:40:00,679.62,1
2026-08-14 15:45:00,707.7,1
2026-08-14 15:50:00,640.89,1
2026-08-14 15:55:00,747.73,1
2026-08-14 16:00:00,681.2,1
2026-08-14 16:05:00,660.84,1
2026-08-14 16:10:00,666.39,1
2026-08-14 16:15:00,705.1,1
2026-08-14 16:20:00,702.29,1
2026-08-14 16:25:00,537.72,1
2026-08-14 16:30:00,587.94,1
2026-08-14 16:35:00,581.54,1
2026-08-14 16:40:00,633.09,1
2026-08-14 16:45:00,599.41,1
2026-08-14 16:50:00,455.18,1
2026-08-14 16:55:00,498.06,1
2026-08-14 17:00:00,437.55,1
2026-08-14 17:05:00,446.3,1
2026-08-14 17:10:00,574.89,1
2026-08-14 17:15:00,407.1,1
2026-08-14 17:20:00,362.71,1
2026-08-14 17:25:00,399.7,1
2026-08-14 17:30:00,273.83,0
2026-08-14 17:35:00,287.7,0
2026-08-14 17:40:00,275.38,0
2026-08-14 17:45:00,311.1,0
2026-08-14 17:50:00,181.29,0
2026-08-14 17:55:00,304.94,0
2026-08-14 18:00:00,230.14,0
2026-08-14 18:05:00,274.53,0
2026-08-14 18:10:00,187.46,0
2026-08-14 18:15:00,235.32,0
2026-08-14 18:20:00,242.44,0
2026-08-14 18:25:00,282.68,0
2026-08-14 18:30:00,170.53,0
2026-08-14 18:35:00,225.35,0
2026-08-14 18:40:00,182.11,0
2026-08-14 18:45:00,239.53,0
2026-08-14 18:50:00,248.45,0
2026-08-14 18:55:00,268.99,0
2026-08-14 19:00:00,191.38,0
2026-08-14 19:05:00,245.91,0
2026-08-14 19:10:00,262.58,0
2026-08-14 19:15:00,151.0,0
2026-08-14 19:20:00,223.8,0
2026-08-14 19:25:00,235.22,0
2026-08-14 19:30:00,186.59,0
2026-08-14 19:35:00,155.25,0
2026-08-14 19:40:00,225.92,0
2026-08-14 19:45:00,151.73,0
2026-08-14 19:50:00,180.09,0
2026-08-14 19:55:00,182.35,0
2026-08-14 20:00:00,206.36,0
2026-08-14 20:05:00,160.1,0
2026-08-14 20:10:00,156.51,0
2026-08-14 20:15:00,178.05,0
2026-08-14 20:20:00,207.13,0
2026-08-14 20:25:00,257.75,0
2026-08-14 20:30:00,128.65,0
2026-08-14 20:35:00,176.52,0
2026-08-14 20:40:00,135.57,0
2026-08-14 20:45:00,195.78,0
2026-08-14 20:50:00,136.09,0
2026-08-14 20:55:00,141.11,0
2026-08-14 21:00:00,141.72,0
2026-08-14 21:05:00,153.74,0
2026-08-14 21:10:00,163.43,0
2026-08-14 21:15:00,166.44,0
2026-08-14 21:20:00,150.82,0
2026-08-14 21:25:00,117.62,0
2026-08-14 21:30:00,168.64,0
2026-08-14 21:35:00,145.08,0
2026-08-14 21:40:00,178.79,0
2026-08-14 21:45:00,126.49,0
2026-08-14 21:50:00,106.67,0
2026-08-14 21:55:00,140.17,0
2026-08-14 22:00:00,176.5,0
2026-08-14 22:05:00,142.62,0
2026-08-14 22:10:00,132.52,0
2026-08-14 22:15:00,116.47,0
2026-08-14 22:20:00,185.4,0
2026-08-14 22:25:00,111.37,0
2026-08-14 22:30:00,116.73,0
2026-08-14 22:35:00,146.27,0
2026-08-14 22:40:00,93.82,0
2026-08-14 22:45:00,163.66,0
2026-08-14 22:50:00,144.57,0
2026-08-14 22:55:00,150.89,0
2026-08-14 23:00:00,140.98,0
2026-08-14 23:05:00,123.08,0
2026-08-14 23:10:00,103.99,0
2026-08-14 23:15:00,122.06,0
2026-08-14 23:20:00,104.42,0
2026-08-14 23:25:00,135.09,0
2026-08-14 23:30:00,142.35,0
2026-08-14 23:35:00,159.77,0
2026-08-14 23:40:00,130.3,0
2026-08-14 23:45:00,143.24,0
2026-08-14 23:50:00,114.43,0
2026-08-14 23:55:00,110.27,0
2026-08-15 00:00:00,90.24,0
2026-08-15 00:05:00,77.32,0
2026-08-15 00:10:00,87.03,0
2026-08-15 00:15:00,68.53,0
2026-08-15 00:20:00,70.8,0
2026-08-15 00:25:00,93.08,0
2026-08-15 00:30:00,97.43,0
2026-08-15 00:35:00,69.59,0
2026-08-15 00:40:00,93.8,0
2026-08-15 00:45:00,75.58,0
2026-08-15 00:50:00,83.48,0
2026-08-15 00:55:00,107.48,0
2026-08-15 01:00:00,96.38,0
2026-08-15 01:05:00,96.24,0
2026-08-15 01:10:00,117.68,0
2026-08-15 01:15:00,73.59,0
2026-08-15 01:20:00,70.0,0
2026-08-15 01:25:00,73.47,0
2026-08-15 01:30:00,80.0,0
2026-08-15 01:35:00,54.87,0
2026-08-15 01:40:00,80.85,0
2026-08-15 01:45:00,76.17,0
2026-08-15 01:50:00,96.86,0
2026-08-15 01:55:00,89.74,0
2026-08-15 02:00:00,75.69,0
2026-08-15 02:05:00,93.91,0
2026-08-15 02:10:00,96.33,0
2026-08-15 02:15:00,73.76,0
2026-08-15 02:20:00,77.64,0
2026-08-15 02:25:00,56.94,0
2026-08-15 02:30:00,69.97,0
2026-08-15 02:35:00,74.64,0
2026-08-15 02:40:00,86.63,0
2026-08-15 02:45:00,72.26,0
2026-08-15 02:50:00,78.27,0
2026-08-15 02:55:00,69.02,0
2026-08-15 03:00:00,88.96,0
2026-08-15 03:05:00,93.37,0
2026-08-15 03:10:00,93.23,0
2026-08-15 03:15:00,87.15,0
2026-08-15 03:20:00,66.09,0
2026-08-15 03:25:00,78.24,0
2026-08-15 03:30:00,81.56,0
2026-08-15 03:35:00,81.89,0
2026-08-15 03:40:00,89.57,0
2026-08-15 03:45:00,114.63,0
2026-08-15 03:50:00,103.04,0
2026-08-15 03:55:00,74.82,0
2026-08-15 04:00:00,101.41,0
2026-08-15 04:05:00,101.15,0
2026-08-15 04:10:00,78.31,0
2026-08-15 04:15:00,105.98,0
2026-08-15 04:20:00,88.8,0
2026-08-15 04:25:00,71.27,0
2026-08-15 04:30:00,100.22,0
2026-08-15 04:35:00,96.53,0
2026-08-15 04:40:00,89.6,0
2026-08-15 04:45:00,93.25,0
2026-08-15 04:50:00,82.98,0
2026-08-15 04:55:00,106.05,0
2026-08-15 05:00:00,94.88,0
2026-08-15 05:05:00,99.18,0
2026-08-15 05:10:00,103.34,0
2026-08-15 05:15:00,79.27,0
2026-08-15 05:20:00,83.67,0
2026-08-15 05:25:00,66.51,0
2026-08-15 05:30:00,110.43,0
2026-08-15 05:35:00,80.82,0
2026-08-15 05:40:00,103.78,0
2026-08-15 05:45:00,109.22,0
2026-08-15 05:50:00,114.83,0
2026-08-15 05:55:00,83.67,0
2026-08-15 06:00:00,103.61,0
2026-08-15 06:05:00,142.87,0
2026-08-15 06:10:00,145.34,0
2026-08-15 06:15:00,128.71,0
2026-08-15 06:20:00,115.6,0
2026-08-15 06:25:00,91.67,0
2026-08-15 06:30:00,126.27,0
2026-08-15 06:35:00,108.93,0
2026-08-15 06:40:00,125.26,0
2026-08-15 06:45:00,102.1,0
2026-08-15 06:50:00,112.1,0
2026-08-15 06:55:00,120.4,0
2026-08-15 07:00:00,123.54,0
2026-08-15 07:05:00,130.61,0
2026-08-15 07:10:00,108.88,0
2026-08-15 07:15:00,95.98,0
2026-08-15 07:20:00,165.65,0
2026-08-15 07:25:00,195.8,0
2026-08-15 07:30:00,137.18,0
2026-08-15 07:35:00,100.91,0
2026-08-15 07:40:00,112.77,0
2026-08-15 07:45:00,143.77,0
2026-08-15 07:50:00,169.03,0
2026-08-15 07:55:00,108.05,0
2026-08-15 08:00:00,133.06,0
2026-08-15 08:05:00,142.7,0
2026-08-15 08:10:00,162.96,0
2026-08-15 08:15:00,132.75,0
2026-08-15 08:20:00,107.91,0
2026-08-15 08:25:00,161.92,0
2026-08-15 08:30:00,179.51,0
2026-08-15 08:35:00,146.27,0
2026-08-15 08:40:00,161.71,0
2026-08-15 08:45:00,139.77,0
2026-08-15 08:50:00,132.38,0
2026-08-15 08:55:00,187.76,0
2026-08-15 09:00:00,169.46,0
2026-08-15 09:05:00,174.79,0
2026-08-15 09:10:00,212.31,0
2026-08-15 09:15:00,135.66,0
2026-08-15 09:20:00,150.34,0
2026-08-15 09:25:00,172.93,0
2026-08-15 09:30:00,153.7,0
2026-08-15 09:35:00,198.26,0
2026-08-15 09:40:00,168.48,0
2026-08-15 09:45:00,147.48,0
2026-08-15 09:50:00,180.53,0
2026-08-15 09:55:00,186.11,0
2026-08-15 10:00:00,216.03,0
2026-08-15 10:05:00,198.2,0
2026-08-15 10:10:00,202.91,0
2026-08-15 10:15:00,200.03,0
2026-08-15 10:20:00,184.54,0
2026-08-15 10:25:00,169.62,0
2026-08-15 10:30:00,205.43,0
2026-08-15 10:35:00,185.6,0
2026-08-15 10:40:00,269.88,0
2026-08-15 10:45:00,256.07,0
2026-08-15 10:50:00,227.62,0
2026-08-15 10:55:00,219.55,0
2026-08-15 11:00:00,203.8,0
2026-08-15 11:05:00,166.54,0
2026-08-15 11:10:00,202.84,0
2026-08-15 11:15:00,216.69,0
2026-08-15 11:20:00,223.67,0
2026-08-15 11:25:00,235.53,0
2026-08-15 11:30:00,257.59,0
2026-08-15 11:35:00,194.21,0
2026-08-15 11:40:00,196.04,0
2026-08-15 11:45:00,290.01,0
2026-08-15 11:50:00,258.48,0
2026-08-15 11:55:00,211.18,0
2026-08-15 12:00:00,223.75,0
2026-08-15 12:05:00,225.4,0
2026-08-15 12:10:00,232.37,0
2026-08-15 12:15:00,253.08,0
2026-08-15 12:20:00,368.96,0
2026-08-15 12:25:00,243.23,0
2026-08-15 12:30:00,266.23,0
2026-08-15 12:35:00,175.3,0
2026-08-15 12:40:00,218.64,0
2026-08-15 12:45:00,298.96,0
2026-08-15 12:50:00,258.7,0
2026-08-15 12:55:00,109.63,0
2026-08-15 13:00:00,273.69,0
2026-08-15 13:05:00,343.52,0
2026-08-15 13:10:00,170.33,0
2026-08-15 13:15:00,321.57,0
2026-08-15 13:20:00,148.89,0
2026-08-15 13:25:00,290.96,0
2026-08-15 13:30:00,245.83,0
2026-08-15 13:35:00,161.55,0
2026-08-15 13:40:00,267.58,0
2026-08-15 13:45:00,304.07,0
2026-08-15 13:50:00,264.1,0
2026-08-15 13:55:00,274.94,0
2026-08-15 14:00:00,229.82,0
2026-08-15 14:05:00,177.01,0
2026-08-15 14:10:00,280.16,0
2026-08-15 14:15:00,338.68,0
2026-08-15 14:20:00,302.6,0
2026-08-15 14:25:00,172.43,0
2026-08-15 14:30:00,187.45,0
2026-08-15 14:35:00,211.04,0
2026-08-15 14:40:00,184.09,0
2026-08-15 14:45:00,246.58,0
2026-08-15 14:50:00,261.86,0
2026-08-15 14:55:00,188.02,0
2026-08-15 15:00:00,278.82,0
2026-08-15 15:05:00,269.16,0
2026-08-15 15:10:00,218.02,0
2026-08-15 15:15:00,232.31,0
2026-08-15 15:20:00,167.96,0
2026-08-15 15:25:00,223.68,0
2026-08-15 15:30:00,236.61,0
2026-08-15 15:35:00,242.32,0
2026-08-15 15:40:00,250.28,0
2026-08-15 15:45:00,242.89,0
2026-08-15 15:50:00,220.31,0
2026-08-15 15:55:00,241.74,0
2026-08-15 16:00:00,273.2,0
2026-08-15 16:05:00,222.71,0
2026-08-15 16:10:00,238.22,0
2026-08-15 16:15:00,216.0,0
2026-08-15 16:20:00,197.32,0
2026-08-15 16:25:00,241.68,0
2026-08-15 16:30:00,197.47,0
2026-08-15 16:35:00,232.02,0
2026-08-15 16:40:00,215.72,0
2026-08-15 16:45:00,201.44,0
2026-08-15 16:50:00,198.79,0
2026-08-15 16:55:00,190.72,0
2026-08-15 17:00:00,153.96,0
2026-08-15 17:05:00,219.72,0
2026-08-15 17:10:00,211.76,0
2026-08-15 17:15:00,234.35,0
2026-08-15 17:20:00,180.93,0
2026-08-15 17:25:00,277.19,0
2026-08-15 17:30:00,182.14,0
2026-08-15 17:35:00,164.84,0
2026-08-15 17:40:00,159.63,0
2026-08-15 17:45:00,138.2,0
2026-08-15 17:50:00,246.07,0
2026-08-15 17:55:00,236.35,0
2026-08-15 18:00:00,203.43,0
2026-08-15 18:05:00,153.61,0
2026-08-15 18:10:00,247.18,0
2026-08-15 18:15:00,165.51,0
2026-08-15 18:20:00,166.02,0
2026-08-15 18:25:00,223.03,0
2026-08-15 18:30:00,191.55,0
2026-08-15 18:35:00,249.8,0
2026-08-15 18:40:00,173.65,0
2026-08-15 18:45:00,152.71,0
2026-08-15 18:50:00,145.12,0
2026-08-15 18:55:00,114.76,0
2026-08-15 19:00:00,150.31,0
2026-08-15 19:05:00,191.79,0
2026-08-15 19:10:00,171.69,0
2026-08-15 19:15:00,152.79,0
2026-08-15 19:20:00,125.68,0
2026-08-15 19:25:00,154.65,0
2026-08-15 19:30:00,175.93,0
2026-08-15 19:35:00,156.46,0
2026-08-15 19:40:00,147.35,0
2026-08-15 19:45:00,122.35,0
2026-08-15 19:50:00,163.03,0
2026-08-15 19:55:00,78.39,0
2026-08-15 20:00:00,145.78,0
2026-08-15 20:05:00,213.48,0
2026-08-15 20:10:00,101.21,0
2026-08-15 20:15:00,125.6,0
2026-08-15 20:20:00,129.43,0
2026-08-15 20:25:00,117.84,0
2026-08-15 20:30:00,152.52,0
2026-08-15 20:35:00,136.19,0
2026-08-15 20:40:00,127.08,0
2026-08-15 20:45:00,141.09,0
2026-08-15 20:50:00,121.21,0
2026-08-15 20:55:00,211.81,0
2026-08-15 21:00:00,121.45,0
2026-08-15 21:05:00,121.08,0
2026-08-15 21:10:00,85.0,0
2026-08-15 21:15:00,103.76,0
2026-08-15 21:20:00,139.21,0
2026-08-15 21:25:00,88.13,0
2026-08-15 21:30:00,75.24,0
2026-08-15 21:35:00,110.49,0
2026-08-15 21:40:00,139.23,0
2026-08-15 21:45:00,108.58,0
2026-08-15 21:50:00,100.48,0
2026-08-15 21:55:00,75.7,0
2026-08-15 22:00:00,113.72,0
2026-08-15 22:05:00,117.05,0
2026-08-15 22:10:00,74.76,0
2026-08-15 22:15:00,125.32,0
2026-08-15 22:20:00,116.31,0
2026-08-15 22:25:00,123.26,0
2026-08-15 22:30:00,110.8,0
2026-08-15 22:35:00,111.37,0
2026-08-15 22:40:00,107.94,0
2026-08-15 22:45:00,114.09,0
2026-08-15 22:50:00,69.85,0
2026-08-15 22:55:00,73.46,0
2026-08-15 23:00:00,83.76,0
2026-08-15 23:05:00,92.83,0
2026-08-15 23:10:00,101.28,0
2026-08-15 23:15:00,99.53,0
2026-08-15 23:20:00,114.14,0
2026-08-15 23:25:00,114.15,0
2026-08-15 23:30:00,78.91,0
2026-08-15 23:35:00,95.89,0
2026-08-15 23:40:00,78.46,0
2026-08-15 23:45:00,87.93,0
2026-08-15 23:50:00,95.94,0
2026-08-15 23:55:00,48.8,0
2026-08-16 00:00:00,127.89,0
2026-08-16 00:05:00,91.78,0
2026-08-16 00:10:00,74.49,0
2026-08-16 00:15:00,117.35,0
2026-08-16 00:20:00,77.95,0
2026-08-16 00:25:00,85.02,0
2026-08-16 00:30:00,76.08,0
2026-08-16 00:35:00,111.87,0
2026-08-16 00:40:00,81.58,0
2026-08-16 00:45:00,85.45,0
2026-08-16 00:50:00,103.37,0
2026-08-16 00:55:00,92.53,0
2026-08-16 01:00:00,82.53,0
2026-08-16 01:05:00,101.85,0
2026-08-16 01:10:00,131.8,0
2026-08-16 01:15:00,88.44,0
2026-08-16 01:20:00,85.37,0
2026-08-16 01:25:00,86.28,0
2026-08-16 01:30:00,106.03,0
2026-08-16 01:35:00,75.26,0
2026-08-16 01:40:00,79.82,0
2026-08-16 01:45:00,63.71,0
2026-08-16 01:50:00,67.97,0
2026-08-16 01:55:00,76.73,0
2026-08-16 02:00:00,83.49,0
2026-08-16 02:05:00,116.12,0
2026-08-16 02:10:00,93.14,0
2026-08-16 02:15:00,71.88,0
2026-08-16 02:20:00,74.43,0
2026-08-16 02:25:00,108.85,0
2026-08-16 02:30:00,104.29,0
2026-08-16 02:35:00,85.74,0
2026-08-16 02:40:00,78.94,0
2026-08-16 02:45:00,104.89,0
2026-08-16 02:50:00,71.79,0
2026-08-16 02:55:00,92.34,0
2026-08-16 03:00:00,129.86,0
2026-08-16 03:05:00,89.74,0
2026-08-16 03:10:00,75.41,0
2026-08-16 03:15:00,93.62,0
2026-08-16 03:20:00,80.14,0
2026-08-16 03:25:00,68.07,0
2026-08-16 03:30:00,99.57,0
2026-08-16 03:35:00,107.68,0
2026-08-16 03:40:00,83.56,0
2026-08-16 03:45:00,82.87,0
2026-08-16 03:50:00,74.88,0
2026-08-16 03:55:00,87.0,0
2026-08-16 04:00:00,81.11,0
2026-08-16 04:05:00,75.14,0
2026-08-16 04:10:00,127.28,0
2026-08-16 04:15:00,98.93,0
2026-08-16 04:20:00,101.32,0
2026-08-16 04:25:00,107.69,0
2026-08-16 04:30:00,106.08,0
2026-08-16 04:35:00,86.18,0
2026-08-16 04:40:00,98.04,0
2026-08-16 04:45:00,89.44,0
2026-08-16 04:50:00,102.2,0
2026-08-16 04:55:00,101.05,0
2026-08-16 05:00:00,89.26,0
2026-08-16 05:05:00,75.77,0
2026-08-16 05:10:00,99.49,0
2026-08-16 05:15:00,94.06,0
2026-08-16 05:20:00,69.93,0
2026-08-16 05:25:00,108.48,0
2026-08-16 05:30:00,118.69,0
2026-08-16 05:35:00,158.47,0
2026-08-16 05:40:00,94.45,0
2026-08-16 05:45:00,92.73,0
2026-08-16 05:50:00,84.38,0
2026-08-16 05:55:00,107.89,0
2026-08-16 06:00:00,108.72,0
2026-08-16 06:05:00,91.4,0
2026-08-16 06:10:00,103.44,0
2026-08-16 06:15:00,75.47,0
2026-08-16 06:20:00,128.53,0
2026-08-16 06:25:00,95.62,0
2026-08-16 06:30:00,110.26,0
2026-08-16 06:35:00,86.69,0
2026-08-16 06:40:00,101.97,0
2026-08-16 06:45:00,108.81,0
2026-08-16 06:50:00,115.41,0
2026-08-16 06:55:00,127.44,0
2026-08-16 07:00:00,153.13,0
2026-08-16 07:05:00,136.35,0
2026-08-16 07:10:00,143.7,0
2026-08-16 07:15:00,158.57,0
2026-08-16 07:20:00,137.0,0
2026-08-16 07:25:00,124.26,0
2026-08-16 07:30:00,151.77,0
2026-08-16 07:35:00,155.36,0
2026-08-16 07:40:00,145.66,0
2026-08-16 07:45:00,100.96,0
2026-08-16 07:50:00,114.12,0
2026-08-16 07:55:00,127.92,0
2026-08-16 08:00:00,156.57,0
2026-08-16 08:05:00,137.23,0
2026-08-16 08:10:00,171.14,0
2026-08-16 08:15:00,178.94,0
2026-08-16 08:20:00,177.44,0
2026-08-16 08:25:00,179.88,0
2026-08-16 08:30:00,121.65,0
2026-08-16 08:35:00,161.94,0
2026-08-16 08:40:00,134.76,0
2026-08-16 08:45:00,113.13,0
2026-08-16 08:50:00,146.37,0
2026-08-16 08:55:00,198.12,0
2026-08-16 09:00:00,171.71,0
2026-08-16 09:05:00,230.1,0
2026-08-16 09:10:00,167.26,0
2026-08-16 09:15:00,254.83,0
2026-08-16 09:20:00,171.44,0
2026-08-16 09:25:00,168.76,0
2026-08-16 09:30:00,135.14,0
2026-08-16 09:35:00,210.29,0
2026-08-16 09:40:00,159.2,0
2026-08-16 09:45:00,156.94,0
2026-08-16 09:50:00,224.69,0
2026-08-16 09:55:00,222.33,0
2026-08-16 10:00:00,223.84,0
2026-08-16 10:05:00,173.01,0
2026-08-16 10:10:00,185.04,0
2026-08-16 10:15:00,186.8,0
2026-08-16 10:20:00,219.77,0
2026-08-16 10:25:00,255.22,0
2026-08-16 10:30:00,208.38,0
2026-08-16 10:35:00,281.19,0
2026-08-16 10:40:00,233.99,0
2026-08-16 10:45:00,192.79,0
2026-08-16 10:50:00,235.79,0
2026-08-16 10:55:00,278.81,0
2026-08-16 11:00:00,296.68,0
2026-08-16 11:05:00,258.76,0
2026-08-16 11:10:00,211.87,0
2026-08-16 11:15:00,204.63,0
2026-08-16 11:20:00,238.07,0
2026-08-16 11:25:00,292.55,0
2026-08-16 11:30:00,235.95,0
2026-08-16 11:35:00,238.73,0
2026-08-16 11:40:00,223.75,0
2026-08-16 11:45:00,210.56,0
2026-08-16 11:50:00,218.51,0
2026-08-16 11:55:00,232.16,0
2026-08-16 12:00:00,310.78,0
2026-08-16 12:05:00,219.91,0
2026-08-16 12:10:00,233.25,0
2026-08-16 12:15:00,198.91,0
2026-08-16 12:20:00,265.97,0
2026-08-16 12:25:00,300.63,0
2026-08-16 12:30:00,316.56,0
2026-08-16 12:35:00,246.32,0
2026-08-16 12:40:00,264.57,0
2026-08-16 12:45:00,233.1,0
2026-08-16 12:50:00,264.62,0
2026-08-16 12:55:00,255.6,0
2026-08-16 13:00:00,244.98,0
2026-08-16 13:05:00,249.33,0
2026-08-16 13:10:00,264.63,0
2026-08-16 13:15:00,232.01,0
2026-08-16 13:20:00,234.75,0
2026-08-16 13:25:00,334.17,0
2026-08-16 13:30:00,401.06,0
2026-08-16 13:35:00,198.54,0
2026-08-16 13:40:00,196.84,0
2026-08-16 13:45:00,208.06,0
2026-08-16 13:50:00,242.8,0
2026-08-16 13:55:00,290.76,0
2026-08-16 14:00:00,275.29,0
2026-08-16 14:05:00,255.25,0
2026-08-16 14:10:00,272.06,0
2026-08-16 14:15:00,218.23,0
2026-08-16 14:20:00,236.31,0
2026-08-16 14:25:00,245.72,0
2026-08-16 14:30:00,185.13,0
2026-08-16 14:35:00,199.4,0
2026-08-16 14:40:00,200.4,0
2026-08-16 14:45:00,280.69,0
2026-08-16 14:50:00,254.97,0
2026-08-16 14:55:00,271.5,0
2026-08-16 15:00:00,174.09,0
2026-08-16 15:05:00,184.95,0
2026-08-16 15:10:00,271.14,0
2026-08-16 15:15:00,145.32,0
2026-08-16 15:20:00,297.42,0
2026-08-16 15:25:00,171.03,0
2026-08-16 15:30:00,275.03,0
2026-08-16 15:35:00,200.32,0
2026-08-16 15:40:00,282.36,0
2026-08-16 15:45:00,414.1,0
2026-08-16 15:50:00,153.46,0
2026-08-16 15:55:00,260.22,0
2026-08-16 16:00:00,164.74,0
2026-08-16 16:05:00,244.66,0
2026-08-16 16:10:00,216.77,0
2026-08-16 16:15:00,228.64,0
2026-08-16 16:20:00,188.13,0
2026-08-16 16:25:00,253.16,0
2026-08-16 16:30:00,168.14,0
2026-08-16 16:35:00,270.65,0
2026-08-16 16:40:00,199.38,0
2026-08-16 16:45:00,165.3,0
2026-08-16 16:50:00,281.02,0
2026-08-16 16:55:00,206.46,0
2026-08-16 17:00:00,291.88,0
2026-08-16 17:05:00,255.52,0
2026-08-16 17:10:00,175.93,0
2026-08-16 17:15:00,198.06,0
2026-08-16 17:20:00,203.48,0
2026-08-16 17:25:00,259.37,0
2026-08-16 17:30:00,211.0,0
2026-08-16 17:35:00,199.19,0
2026-08-16 17:40:00,184.15,0
2026-08-16 17:45:00,187.11,0
2026-08-16 17:50:00,236.17,0
2026-08-16 17:55:00,184.79,0
2026-08-16 18:00:00,170.05,0
2026-08-16 18:05:00,163.05,0
2026-08-16 18:10:00,161.48,0
2026-08-16 18:15:00,137.0,0
2026-08-16 18:20:00,152.24,0
2026-08-16 18:25:00,225.5,0
2026-08-16 18:30:00,163.92,0
2026-08-16 18:35:00,190.8,0
2026-08-16 18:40:00,106.28,0
2026-08-16 18:45:00,181.69,0
2026-08-16 18:50:00,157.37,0
2026-08-16 18:55:00,146.74,0
2026-08-16 19:00:00,163.28,0
2026-08-16 19:05:00,142.76,0
2026-08-16 19:10:00,105.17,0
2026-08-16 19:15:00,179.72,0
2026-08-16 19:20:00,157.06,0
2026-08-16 19:25:00,140.3,0
2026-08-16 19:30:00,123.21,0
2026-08-16 19:35:00,111.13,0
2026-08-16 19:40:00,148.87,0
2026-08-16 19:45:00,188.81,0
2026-08-16 19:50:00,144.67,0
2026-08-16 19:55:00,107.4,0
2026-08-16 20:00:00,141.69,0
2026-08-16 20:05:00,133.12,0
2026-08-16 20:10:00,155.12,0
2026-08-16 20:15:00,146.32,0
2026-08-16 20:20:00,75.72,0
2026-08-16 20:25:00,141.28,0
2026-08-16 20:30:00,105.65,0
2026-08-16 20:35:00,96.84,0
2026-08-16 20:40:00,119.52,0
2026-08-16 20:45:00,131.62,0
2026-08-16 20:50:00,89.95,0
2026-08-16 20:55:00,135.66,0
2026-08-16 21:00:00,135.59,0
2026-08-16 21:05:00,117.89,0
2026-08-16 21:10:00,98.92,0
2026-08-16 21:15:00,95.93,0
2026-08-16 21:20:00,136.2,0
2026-08-16 21:25:00,85.38,0
2026-08-16 21:30:00,134.38,0
2026-08-16 21:35:00,106.64,0
2026-08-16 21:40:00,106.93,0
2026-08-16 21:45:00,79.23,0
2026-08-16 21:50:00,103.97,0
2026-08-16 21:55:00,118.13,0
2026-08-16 22:00:00,82.42,0
2026-08-16 22:05:00,113.67,0
2026-08-16 22:10:00,104.69,0
2026-08-16 22:15:00,90.99,0
2026-08-16 22:20:00,118.19,0
2026-08-16 22:25:00,67.63,0
2026-08-16 22:30:00,106.18,0
2026-08-16 22:35:00,132.51,0
2026-08-16 22:40:00,127.36,0
2026-08-16 22:45:00,104.67,0
2026-08-16 22:50:00,91.78,0
2026-08-16 22:55:00,85.85,0
2026-08-16 23:00:00,90.55,0
2026-08-16 23:05:00,104.8,0
2026-08-16 23:10:00,81.67,0
2026-08-16 23:15:00,107.6,0
2026-08-16 23:20:00,137.04,0
2026-08-16 23:25:00,91.8,0
2026-08-16 23:30:00,72.49,0
2026-08-16 23:35:00,72.11,0
2026-08-16 23:40:00,105.11,0
2026-08-16 23:45:00,89.99,0
2026-08-16 23:50:00,106.02,0
2026-08-16 23:55:00,81.88,0
2026-08-17 00:00:00,128.3,0
2026-08-17 00:05:00,107.41,0
2026-08-17 00:10:00,96.9,0
2026-08-17 00:15:00,102.9,0
2026-08-17 00:20:00,89.2,0
2026-08-17 00:25:00,158.35,0
2026-08-17 00:30:00,108.83,0
2026-08-17 00:35:00,124.42,0
2026-08-17 00:40:00,100.64,0
2026-08-17 00:45:00,91.78,0
2026-08-17 00:50:00,106.4,0
2026-08-17 00:55:00,135.39,0
2026-08-17 01:00:00,101.18,0
2026-08-17 01:05:00,95.07,0
2026-08-17 01:10:00,114.44,0
2026-08-17 01:15:00,121.83,0
2026-08-17 01:20:00,149.81,0
2026-08-17 01:25:00,118.9,0
2026-08-17 01:30:00,125.39,0
2026-08-17 01:35:00,127.23,0
2026-08-17 01:40:00,90.92,0
2026-08-17 01:45:00,94.19,0
2026-08-17 01:50:00,92.28,0
2026-08-17 01:55:00,88.35,0
2026-08-17 02:00:00,129.75,0
2026-08-17 02:05:00,118.64,0
2026-08-17 02:10:00,114.39,0
2026-08-17 02:15:00,70.82,0
2026-08-17 02:20:00,163.78,0
2026-08-17 02:25:00,96.47,0
2026-08-17 02:30:00,164.25,0
2026-08-17 02:35:00,87.63,0
2026-08-17 02:40:00,98.47,0
2026-08-17 02:45:00,76.83,0
2026-08-17 02:50:00,122.18,0
2026-08-17 02:55:00,94.1,0
2026-08-17 03:00:00,94.81,0
2026-08-17 03:05:00,90.07,0
2026-08-17 03:10:00,132.98,0
2026-08-17 03:15:00,131.78,0
2026-08-17 03:20:00,161.13,0
2026-08-17 03:25:00,103.1,0
2026-08-17 03:30:00,121.72,0
2026-08-17 03:35:00,93.09,0
2026-08-17 03:40:00,110.93,0
2026-08-17 03:45:00,107.71,0
2026-08-17 03:50:00,129.05,0
2026-08-17 03:55:00,143.11,0
2026-08-17 04:00:00,143.04,0
2026-08-17 04:05:00,103.26,0
2026-08-17 04:10:00,144.49,0
2026-08-17 04:15:00,120.32,0
2026-08-17 04:20:00,114.95,0
2026-08-17 04:25:00,107.81,0
2026-08-17 04:30:00,111.31,0
2026-08-17 04:35:00,169.36,0
2026-08-17 04:40:00,131.54,0
2026-08-17 04:45:00,129.17,0
2026-08-17 04:50:00,120.12,0
2026-08-17 04:55:00,196.78,0
2026-08-17 05:00:00,161.26,0
2026-08-17 05:05:00,112.72,0
2026-08-17 05:10:00,123.0,0
2026-08-17 05:15:00,125.18,0
2026-08-17 05:20:00,134.53,0
2026-08-17 05:25:00,116.35,0
2026-08-17 05:30:00,143.94,0
2026-08-17 05:35:00,174.08,0
2026-08-17 05:40:00,106.66,0
2026-08-17 05:45:00,111.19,0
2026-08-17 05:50:00,125.93,0
2026-08-17 05:55:00,128.08,0
2026-08-17 06:00:00,200.29,0
2026-08-17 06:05:00,168.9,0
2026-08-17 06:10:00,168.7,0
2026-08-17 06:15:00,137.0,0
2026-08-17 06:20:00,137.77,0
2026-08-17 06:25:00,112.79,0
2026-08-17 06:30:00,170.28,0
2026-08-17 06:35:00,163.25,0
2026-08-17 06:40:00,190.3,0
2026-08-17 06:45:00,146.88,0
2026-08-17 06:50:00,150.31,0
2026-08-17 06:55:00,160.71,0
2026-08-17 07:00:00,185.02,0
2026-08-17 07:05:00,122.29,0
2026-08-17 07:10:00,183.96,0
2026-08-17 07:15:00,162.37,0
2026-08-17 07:20:00,136.25,0
2026-08-17 07:25:00,114.6,0
2026-08-17 07:30:00,164.66,0
2026-08-17 07:35:00,221.6,0
2026-08-17 07:40:00,233.61,0
2026-08-17 07:45:00,186.46,0
2026-08-17 07:50:00,252.02,0
2026-08-17 07:55:00,177.83,0
2026-08-17 08:00:00,215.39,0
2026-08-17 08:05:00,169.35,0
2026-08-17 08:10:00,169.51,0
2026-08-17 08:15:00,166.67,0
2026-08-17 08:20:00,131.57,0
2026-08-17 08:25:00,243.38,0
2026-08-17 08:30:00,174.16,0
2026-08-17 08:35:00,171.36,0
2026-08-17 08:40:00,162.09,0
2026-08-17 08:45:00,195.64,0
2026-08-17 08:50:00,282.31,0
2026-08-17 08:55:00,303.37,0
2026-08-17 09:00:00,156.27,0
2026-08-17 09:05:00,200.17,0
2026-08-17 09:10:00,179.32,0
2026-08-17 09:15:00,261.28,0
2026-08-17 09:20:00,233.11,0
2026-08-17 09:25:00,199.85,0
2026-08-17 09:30:00,229.82,0
2026-08-17 09:35:00,210.68,0
2026-08-17 09:40:00,310.68,0
2026-08-17 09:45:00,259.43,0
2026-08-17 09:50:00,268.36,0
2026-08-17 09:55:00,148.91,0
2026-08-17 10:00:00,240.53,0
2026-08-17 10:05:00,358.23,0
2026-08-17 10:10:00,316.12,0
2026-08-17 10:15:00,180.55,0
2026-08-17 10:20:00,240.57,0
2026-08-17 10:25:00,207.25,0
2026-08-17 10:30:00,353.82,0
2026-08-17 10:35:00,274.56,0
2026-08-17 10:40:00,231.2,0
2026-08-17 10:45:00,269.8,0
2026-08-17 10:50:00,169.37,0
2026-08-17 10:55:00,224.94,0
2026-08-17 11:00:00,277.88,0
2026-08-17 11:05:00,324.46,0
2026-08-17 11:10:00,198.26,0
2026-08-17 11:15:00,264.88,0
2026-08-17 11:20:00,343.2,0
2026-08-17 11:25:00,222.24,0
2026-08-17 11:30:00,303.22,0
2026-08-17 11:35:00,296.8,0
2026-08-17 11:40:00,402.43,0
2026-08-17 11:45:00,285.72,0
2026-08-17 11:50:00,290.86,0
2026-08-17 11:55:00,352.35,0
2026-08-17 12:00:00,239.55,0
2026-08-17 12:05:00,294.21,0
2026-08-17 12:10:00,283.8,0
2026-08-17 12:15:00,302.27,0
2026-08-17 12:20:00,363.14,0
2026-08-17 12:25:00,346.3,0
2026-08-17 12:30:00,275.34,0
2026-08-17 12:35:00,324.51,0
2026-08-17 12:40:00,416.0,0
2026-08-17 12:45:00,275.11,0
2026-08-17 12:50:00,329.33,0
2026-08-17 12:55:00,311.07,0
2026-08-17 13:00:00,319.59,0
2026-08-17 13:05:00,241.81,0
2026-08-17 13:10:00,419.31,0
2026-08-17 13:15:00,283.73,0
2026-08-17 13:20:00,393.29,0
2026-08-17 13:25:00,293.0,0
2026-08-17 13:30:00,293.33,0
2026-08-17 13:35:00,409.05,0
2026-08-17 13:40:00,393.74,0
2026-08-17 13:45:00,342.18,0
2026-08-17 13:50:00,378.24,0
2026-08-17 13:55:00,313.25,0
2026-08-17 14:00:00,329.5,0
2026-08-17 14:05:00,292.91,0
2026-08-17 14:10:00,388.09,0
2026-08-17 14:15:00,290.9,0
2026-08-17 14:20:00,430.14,0
2026-08-17 14:25:00,310.64,0
2026-08-17 14:30:00,329.5,0
2026-08-17 14:35:00,375.62,0
2026-08-17 14:40:00,328.37,0
2026-08-17 14:45:00,309.14,0
2026-08-17 14:50:00,323.52,0
2026-08-17 14:55:00,380.91,0
2026-08-17 15:00:00,286.88,0
2026-08-17 15:05:00,314.84,0
2026-08-17 15:10:00,321.43,0
2026-08-17 15:15:00,373.32,0
2026-08-17 15:20:00,312.45,0
2026-08-17 15:25:00,438.44,0
2026-08-17 15:30:00,306.31,0
2026-08-17 15:35:00,300.3,0
2026-08-17 15:40:00,302.26,0
2026-08-17 15:45:00,244.53,0
2026-08-17 15:50:00,255.62,0
2026-08-17 15:55:00,278.25,0
2026-08-17 16:00:00,373.15,0
2026-08-17 16:05:00,300.3,0
2026-08-17 16:10:00,274.92,0
2026-08-17 16:15:00,371.38,0
2026-08-17 16:20:00,390.78,0
2026-08-17 16:25:00,367.66,0
2026-08-17 16:30:00,249.55,0
2026-08-17 16:35:00,263.97,0
2026-08-17 16:40:00,396.64,0
2026-08-17 16:45:00,296.28,0
2026-08-17 16:50:00,267.96,0
2026-08-17 16:55:00,317.11,0
2026-08-17 17:00:00,330.94,0
2026-08-17 17:05:00,246.73,0
2026-08-17 17:10:00,281.73,0
2026-08-17 17:15:00,316.82,0
2026-08-17 17:20:00,215.43,0
2026-08-17 17:25:00,263.34,0
2026-08-17 17:30:00,212.77,0
2026-08-17 17:35:00,215.54,0
2026-08-17 17:40:00,230.0,0
2026-08-17 17:45:00,274.34,0
2026-08-17 17:50:00,234.97,0
2026-08-17 17:55:00,219.09,0
2026-08-17 18:00:00,245.71,0
2026-08-17 18:05:00,195.77,0
2026-08-17 18:10:00,256.97,0
2026-08-17 18:15:00,288.21,0
2026-08-17 18:20:00,229.05,0
2026-08-17 18:25:00,221.36,0
2026-08-17 18:30:00,242.61,0
2026-08-17 18:35:00,155.56,0
2026-08-17 18:40:00,243.85,0
2026-08-17 18:45:00,382.23,0
2026-08-17 18:50:00,211.3,0
2026-08-17 18:55:00,208.83,0
2026-08-17 19:00:00,240.9,0
2026-08-17 19:05:00,279.85,0
2026-08-17 19:10:00,244.96,0
2026-08-17 19:15:00,137.7,0
2026-08-17 19:20:00,221.84,0
2026-08-17 19:25:00,314.49,0
2026-08-17 19:30:00,218.66,0
2026-08-17 19:35:00,156.82,0
2026-08-17 19:40:00,200.57,0
2026-08-17 19:45:00,149.52,0
2026-08-17 19:50:00,232.17,0
2026-08-17 19:55:00,154.64,0
2026-08-17 20:00:00,183.86,0
2026-08-17 20:05:00,153.57,0
2026-08-17 20:10:00,160.45,0
2026-08-17 20:15:00,228.55,0
2026-08-17 20:20:00,176.06,0
2026-08-17 20:25:00,154.41,0
2026-08-17 20:30:00,137.32,0
2026-08-17 20:35:00,119.08,0
2026-08-17 20:40:00,131.61,0
2026-08-17 20:45:00,166.29,0
2026-08-17 20:50:00,192.23,0
2026-08-17 20:55:00,144.05,0
2026-08-17 21:00:00,209.06,0
2026-08-17 21:05:00,136.98,0
2026-08-17 21:10:00,147.73,0
2026-08-17 21:15:00,125.62,0
2026-08-17 21:20:00,180.45,0
2026-08-17 21:25:00,217.98,0
2026-08-17 21:30:00,107.73,0
2026-08-17 21:35:00,137.62,0
2026-08-17 21:40:00,182.14,0
2026-08-17 21:45:00,110.73,0
2026-08-17 21:50:00,157.62,0
2026-08-17 21:55:00,175.72,0
2026-08-17 22:00:00,141.76,0
2026-08-17 22:05:00,152.98,0
2026-08-17 22:10:00,188.6,0
2026-08-17 22:15:00,193.45,0
2026-08-17 22:20:00,133.62,0
2026-08-17 22:25:00,121.79,0
2026-08-17 22:30:00,112.71,0
2026-08-17 22:35:00,157.39,0
2026-08-17 22:40:00,102.37,0
2026-08-17 22:45:00,124.32,0
2026-08-17 22:50:00,131.62,0
2026-08-17 22:55:00,117.23,0
2026-08-17 23:00:00,134.09,0
2026-08-17 23:05:00,201.02,0
2026-08-17 23:10:00,123.2,0
2026-08-17 23:15:00,115.74,0
2026-08-17 23:20:00,149.42,0
2026-08-17 23:25:00,129.23,0
2026-08-17 23:30:00,159.52,0
2026-08-17 23:35:00,126.16,0
2026-08-17 23:40:00,116.53,0
2026-08-17 23:45:00,87.97,0
2026-08-17 23:50:00,90.19,0
2026-08-17 23:55:00,86.36,0
2026-08-18 00:00:00,118.29,0
2026-08-18 00:05:00,86.48,0
2026-08-18 00:10:00,138.59,0
2026-08-18 00:15:00,111.2,0
2026-08-18 00:20:00,423.09,1
2026-08-18 00:25:00,753.22,1
2026-08-18 00:30:00,1015.04,1
2026-08-18 00:35:00,1281.99,1
2026-08-18 00:40:00,1427.38,1
2026-08-18 00:45:00,1876.15,1
2026-08-18 00:50:00,1486.51,1
2026-08-18 00:55:00,1558.35,1
2026-08-18 01:00:00,1379.65,1
2026-08-18 01:05:00,1555.96,1
2026-08-18 01:10:00,1423.27,1
2026-08-18 01:15:00,1514.33,1
2026-08-18 01:20:00,1450.04,1
2026-08-18 01:25:00,1204.42,1
2026-08-18 01:30:00,1177.22,1
2026-08-18 01:35:00,1178.16,1
2026-08-18 01:40:00,1341.57,1
2026-08-18 01:45:00,1336.63,1
2026-08-18 01:50:00,1152.11,1
2026-08-18 01:55:00,1137.14,1
2026-08-18 02:00:00,1053.04,1
2026-08-18 02:05:00,1225.12,1
2026-08-18 02:10:00,1159.79,1
2026-08-18 02:15:00,1068.92,1
2026-08-18 02:20:00,850.3,1
2026-08-18 02:25:00,908.14,1
2026-08-18 02:30:00,1051.18,1
2026-08-18 02:35:00,780.62,1
2026-08-18 02:40:00,843.41,1
2026-08-18 02:45:00,916.95,1
2026-08-18 02:50:00,820.59,1
2026-08-18 02:55:00,792.44,1
2026-08-18 03:00:00,676.43,1
2026-08-18 03:05:00,720.46,1
2026-08-18 03:10:00,102.66,0
2026-08-18 03:15:00,118.97,0
2026-08-18 03:20:00,84.5,0
2026-08-18 03:25:00,131.95,0
2026-08-18 03:30:00,124.03,0
2026-08-18 03:35:00,116.2,0
2026-08-18 03:40:00,109.83,0
2026-08-18 03:45:00,100.66,0
2026-08-18 03:50:00,135.32,0
2026-08-18 03:55:00,96.52,0
2026-08-18 04:00:00,131.22,0
2026-08-18 04:05:00,174.58,0
2026-08-18 04:10:00,157.72,0
2026-08-18 04:15:00,92.5,0
2026-08-18 04:20:00,110.64,0
2026-08-18 04:25:00,132.13,0
2026-08-18 04:30:00,121.56,0
2026-08-18 04:35:00,96.21,0
2026-08-18 04:40:00,133.4,0
2026-08-18 04:45:00,124.95,0
2026-08-18 04:50:00,177.73,0
2026-08-18 04:55:00,121.05,0
2026-08-18 05:00:00,157.34,0
2026-08-18 05:05:00,102.17,0
2026-08-18 05:10:00,107.38,0
2026-08-18 05:15:00,148.15,0
2026-08-18 05:20:00,159.27,0
2026-08-18 05:25:00,111.11,0
2026-08-18 05:30:00,133.59,0
2026-08-18 05:35:00,104.53,0
2026-08-18 05:40:00,130.78,0
2026-08-18 05:45:00,158.37,0
2026-08-18 05:50:00,127.02,0
2026-08-18 05:55:00,132.48,0
2026-08-18 06:00:00,114.05,0
2026-08-18 06:05:00,125.5,0
2026-08-18 06:10:00,195.32,0
2026-08-18 06:15:00,145.57,0
2026-08-18 06:20:00,121.11,0
2026-08-18 06:25:00,138.4,0
2026-08-18 06:30:00,110.97,0
2026-08-18 06:35:00,124.5,0
2026-08-18 06:40:00,192.87,0
2026-08-18 06:45:00,148.7,0
2026-08-18 06:50:00,216.71,0
2026-08-18 06:55:00,153.21,0
2026-08-18 07:00:00,156.56,0
2026-08-18 07:05:00,178.82,0
2026-08-18 07:10:00,99.6,0
2026-08-18 07:15:00,169.1,0
2026-08-18 07:20:00,163.41,0
2026-08-18 07:25:00,217.93,0
2026-08-18 07:30:00,200.75,0
2026-08-18 07:35:00,139.24,0
2026-08-18 07:40:00,216.11,0
2026-08-18 07:45:00,166.84,0
2026-08-18 07:50:00,150.44,0
2026-08-18 07:55:00,185.68,0
2026-08-18 08:00:00,174.92,0
2026-08-18 08:05:00,242.28,0
2026-08-18 08:10:00,197.72,0
2026-08-18 08:15:00,195.39,0
2026-08-18 08:20:00,224.21,0
2026-08-18 08:25:00,235.02,0
2026-08-18 08:30:00,225.09,0
2026-08-18 08:35:00,255.57,0
2026-08-18 08:40:00,223.65,0
2026-08-18 08:45:00,209.19,0
2026-08-18 08:50:00,256.89,0
2026-08-18 08:55:00,204.74,0
2026-08-18 09:00:00,211.99,0
2026-08-18 09:05:00,290.86,0
2026-08-18 09:10:00,289.25,0
2026-08-18 09:15:00,218.37,0
2026-08-18 09:20:00,204.04,0
2026-08-18 09:25:00,291.64,0
2026-08-18 09:30:00,261.99,0
2026-08-18 09:35:00,243.01,0
2026-08-18 09:40:00,219.26,0
2026-08-18 09:45:00,249.57,0
2026-08-18 09:50:00,236.95,0
2026-08-18 09:55:00,213.53,0
2026-08-18 10:00:00,249.16,0
2026-08-18 10:05:00,258.27,0
2026-08-18 10:10:00,232.72,0
2026-08-18 10:15:00,296.24,0
2026-08-18 10:20:00,320.99,0
2026-08-18 10:25:00,306.36,0
2026-08-18 10:30:00,247.41,0
2026-08-18 10:35:00,301.05,0
2026-08-18 10:40:00,269.21,0
2026-08-18 10:45:00,214.67,0
2026-08-18 10:50:00,305.68,0
2026-08-18 10:55:00,280.74,0
2026-08-18 11:00:00,440.31,0
2026-08-18 11:05:00,362.22,0
2026-08-18 11:10:00,319.59,0
2026-08-18 11:15:00,296.71,0
2026-08-18 11:20:00,294.72,0
2026-08-18 11:25:00,240.89,0
2026-08-18 11:30:00,212.77,0
2026-08-18 11:35:00,250.67,0
2026-08-18 11:40:00,293.05,0
2026-08-18 11:45:00,203.86,0
2026-08-18 11:50:00,271.98,0
2026-08-18 11:55:00,288.93,0
2026-08-18 12:00:00,292.58,0
2026-08-18 12:05:00,271.76,0
2026-08-18 12:10:00,289.7,0
2026-08-18 12:15:00,422.68,0
2026-08-18 12:20:00,351.16,0
2026-08-18 12:25:00,283.35,0
2026-08-18 12:30:00,311.21,0
2026-08-18 12:35:00,315.02,0
2026-08-18 12:40:00,277.04,0
2026-08-18 12:45:00,278.21,0
2026-08-18 12:50:00,384.84,0
2026-08-18 12:55:00,298.64,0
2026-08-18 13:00:00,265.42,0
2026-08-18 13:05:00,321.79,0
2026-08-18 13:10:00,332.26,0
2026-08-18 13:15:00,228.68,0
2026-08-18 13:20:00,324.58,0
2026-08-18 13:25:00,383.08,0
2026-08-18 13:30:00,356.06,0
2026-08-18 13:35:00,491.2,0
2026-08-18 13:40:00,412.39,0
2026-08-18 13:45:00,427.78,0
2026-08-18 13:50:00,545.95,0
2026-08-18 13:55:00,378.2,0
2026-08-18 14:00:00,339.83,0
2026-08-18 14:05:00,393.16,0
2026-08-18 14:10:00,298.23,0
2026-08-18 14:15:00,336.02,0
2026-08-18 14:20:00,293.0,0
2026-08-18 14:25:00,353.23,0
2026-08-18 14:30:00,291.94,0
2026-08-18 14:35:00,289.56,0
2026-08-18 14:40:00,352.23,0
2026-08-18 14:45:00,318.18,0
2026-08-18 14:50:00,229.92,0
2026-08-18 14:55:00,249.55,0
2026-08-18 15:00:00,262.92,0
2026-08-18 15:05:00,274.75,0
2026-08-18 15:10:00,345.69,0
2026-08-18 15:15:00,332.36,0
2026-08-18 15:20:00,385.35,0
2026-08-18 15:25:00,362.57,0
2026-08-18 15:30:00,382.11,0
2026-08-18 15:35:00,349.7,0
2026-08-18 15:40:00,323.7,0
2026-08-18 15:45:00,377.74,0
2026-08-18 15:50:00,363.51,0
2026-08-18 15:55:00,327.58,0
2026-08-18 16:00:00,382.34,0
2026-08-18 16:05:00,198.05,0
2026-08-18 16:10:00,284.7,0
2026-08-18 16:15:00,281.86,0
2026-08-18 16:20:00,363.73,0
2026-08-18 16:25:00,389.18,0
2026-08-18 16:30:00,224.12,0
2026-08-18 16:35:00,372.04,0
2026-08-18 16:40:00,231.76,0
2026-08-18 16:45:00,231.01,0
2026-08-18 16:50:00,269.58,0
2026-08-18 16:55:00,263.13,0
2026-08-18 17:00:00,208.54,0
2026-08-18 17:05:00,307.39,0
2026-08-18 17:10:00,306.04,0
2026-08-18 17:15:00,324.17,0
2026-08-18 17:20:00,245.54,0
2026-08-18 17:25:00,260.89,0
2026-08-18 17:30:00,258.61,0
2026-08-18 17:35:00,348.63,0
2026-08-18 17:40:00,152.82,0
2026-08-18 17:45:00,211.93,0
2026-08-18 17:50:00,249.24,0
2026-08-18 17:55:00,202.51,0
2026-08-18 18:00:00,232.38,0
2026-08-18 18:05:00,235.26,0
2026-08-18 18:10:00,211.32,0
2026-08-18 18:15:00,237.85,0
2026-08-18 18:20:00,260.16,0
2026-08-18 18:25:00,220.03,0
2026-08-18 18:30:00,209.07,0
2026-08-18 18:35:00,217.52,0
2026-08-18 18:40:00,221.1,0
2026-08-18 18:45:00,159.88,0
2026-08-18 18:50:00,234.73,0
2026-08-18 18:55:00,196.72,0
2026-08-18 19:00:00,264.44,0
2026-08-18 19:05:00,231.47,0
2026-08-18 19:10:00,253.71,0
2026-08-18 19:15:00,169.2,0
2026-08-18 19:20:00,187.48,0
2026-08-18 19:25:00,158.28,0
2026-08-18 19:30:00,172.18,0
2026-08-18 19:35:00,241.85,0
2026-08-18 19:40:00,249.19,0
2026-08-18 19:45:00,153.14,0
2026-08-18 19:50:00,171.24,0
2026-08-18 19:55:00,181.17,0
2026-08-18 20:00:00,201.59,0
2026-08-18 20:05:00,130.56,0
2026-08-18 20:10:00,132.66,0
2026-08-18 20:15:00,191.02,0
2026-08-18 20:20:00,121.68,0
2026-08-18 20:25:00,157.57,0
2026-08-18 20:30:00,173.75,0
2026-08-18 20:35:00,179.74,0
2026-08-18 20:40:00,160.71,0
2026-08-18 20:45:00,152.59,0
2026-08-18 20:50:00,187.59,0
2026-08-18 20:55:00,167.73,0
2026-08-18 21:00:00,140.25,0
2026-08-18 21:05:00,156.93,0
2026-08-18 21:10:00,165.2,0
2026-08-18 21:15:00,207.86,0
2026-08-18 21:20:00,173.94,0
2026-08-18 21:25:00,185.95,0
2026-08-18 21:30:00,132.54,0
2026-08-18 21:35:00,133.28,0
2026-08-18 21:40:00,139.03,0
2026-08-18 21:45:00,140.01,0
2026-08-18 21:50:00,118.72,0
2026-08-18 21:55:00,177.13,0
2026-08-18 22:00:00,163.86,0
2026-08-18 22:05:00,131.13,0
2026-08-18 22:10:00,154.19,0
2026-08-18 22:15:00,141.8,0
2026-08-18 22:20:00,153.81,0
2026-08-18 22:25:00,105.23,0
2026-08-18 22:30:00,129.57,0
2026-08-18 22:35:00,130.63,0
2026-08-18 22:40:00,146.61,0
2026-08-18 22:45:00,116.19,0
2026-08-18 22:50:00,82.39,0
2026-08-18 22:55:00,105.63,0
2026-08-18 23:00:00,126.11,0
2026-08-18 23:05:00,128.16,0
2026-08-18 23:10:00,170.5,0
2026-08-18 23:15:00,139.02,0
2026-08-18 23:20:00,126.3,0
2026-08-18 23:25:00,123.05,0
2026-08-18 23:30:00,150.18,0
2026-08-18 23:35:00,110.13,0
2026-08-18 23:40:00,118.83,0
2026-08-18 23:45:00,99.69,0
2026-08-18 23:50:00,155.84,0
2026-08-18 23:55:00,128.98,0
2026-08-19 00:00:00,97.27,0
2026-08-19 00:05:00,108.26,0
2026-08-19 00:10:00,121.18,0
2026-08-19 00:15:00,105.72,0
2026-08-19 00:20:00,100.49,0
2026-08-19 00:25:00,98.39,0
2026-08-19 00:30:00,117.71,0
2026-08-19 00:35:00,103.88,0
2026-08-19 00:40:00,102.16,0
2026-08-19 00:45:00,87.2,0
2026-08-19 00:50:00,112.54,0
2026-08-19 00:55:00,107.48,0
2026-08-19 01:00:00,104.87,0
2026-08-19 01:05:00,115.25,0
2026-08-19 01:10:00,127.32,0
2026-08-19 01:15:00,126.36,0
2026-08-19 01:20:00,123.12,0
2026-08-19 01:25:00,106.83,0
2026-08-19 01:30:00,100.83,0
2026-08-19 01:35:00,92.63,0
2026-08-19 01:40:00,100.57,0
2026-08-19 01:45:00,112.42,0
2026-08-19 01:50:00,97.35,0
2026-08-19 01:55:00,114.25,0
2026-08-19 02:00:00,94.51,0
2026-08-19 02:05:00,83.5,0
2026-08-19 02:10:00,130.69,0
2026-08-19 02:15:00,103.7,0
2026-08-19 02:20:00,97.3,0
2026-08-19 02:25:00,93.07,0
2026-08-19 02:30:00,122.51,0
2026-08-19 02:35:00,145.68,0
2026-08-19 02:40:00,106.0,0
2026-08-19 02:45:00,109.87,0
2026-08-19 02:50:00,138.82,0
2026-08-19 02:55:00,82.83,0
2026-08-19 03:00:00,163.87,0
2026-08-19 03:05:00,179.03,0
2026-08-19 03:10:00,71.03,0
2026-08-19 03:15:00,113.93,0
2026-08-19 03:20:00,102.17,0
2026-08-19 03:25:00,111.21,0
2026-08-19 03:30:00,108.53,0
2026-08-19 03:35:00,135.88,0
2026-08-19 03:40:00,115.46,0
2026-08-19 03:45:00,100.37,0
2026-08-19 03:50:00,115.08,0
2026-08-19 03:55:00,130.74,0
2026-08-19 04:00:00,96.7,0
2026-08-19 04:05:00,89.36,0
2026-08-19 04:10:00,172.8,0
2026-08-19 04:15:00,108.03,0
2026-08-19 04:20:00,118.89,0
2026-08-19 04:25:00,114.01,0
2026-08-19 04:30:00,135.87,0
2026-08-19 04:35:00,170.3,0
2026-08-19 04:40:00,138.15,0
2026-08-19 04:45:00,95.24,0
2026-08-19 04:50:00,98.15,0
2026-08-19 04:55:00,117.92,0
2026-08-19 05:00:00,121.49,0
2026-08-19 05:05:00,94.13,0
2026-08-19 05:10:00,149.74,0
2026-08-19 05:15:00,107.0,0
2026-08-19 05:20:00,171.45,0
2026-08-19 05:25:00,183.2,0
2026-08-19 05:30:00,127.19,0
2026-08-19 05:35:00,145.06,0
2026-08-19 05:40:00,108.24,0
2026-08-19 05:45:00,152.41,0
2026-08-19 05:50:00,125.59,0
2026-08-19 05:55:00,113.93,0
2026-08-19 06:00:00,132.68,0
2026-08-19 06:05:00,129.69,0
2026-08-19 06:10:00,134.24,0
2026-08-19 06:15:00,170.46,0
2026-08-19 06:20:00,125.93,0
2026-08-19 06:25:00,200.16,0
2026-08-19 06:30:00,116.54,0
2026-08-19 06:35:00,199.86,0
2026-08-19 06:40:00,125.73,0
2026-08-19 06:45:00,152.54,0
2026-08-19 06:50:00,141.17,0
2026-08-19 06:55:00,146.51,0
2026-08-19 07:00:00,182.03,0
2026-08-19 07:05:00,208.72,0
2026-08-19 07:10:00,199.64,0
2026-08-19 07:15:00,151.52,0
2026-08-19 07:20:00,170.42,0
2026-08-19 07:25:00,144.88,0
2026-08-19 07:30:00,141.17,0
2026-08-19 07:35:00,138.92,0
2026-08-19 07:40:00,159.72,0
2026-08-19 07:45:00,182.94,0
2026-08-19 07:50:00,125.49,0
2026-08-19 07:55:00,177.72,0
2026-08-19 08:00:00,238.34,0
2026-08-19 08:05:00,224.78,0
2026-08-19 08:10:00,167.37,0
2026-08-19 08:15:00,146.43,0
2026-08-19 08:20:00,207.1,0
2026-08-19 08:25:00,127.21,0
2026-08-19 08:30:00,238.72,0
2026-08-19 08:35:00,190.48,0
2026-08-19 08:40:00,278.71,0
2026-08-19 08:45:00,148.74,0
2026-08-19 08:50:00,242.46,0
2026-08-19 08:55:00,204.38,0
2026-08-19 09:00:00,198.53,0
2026-08-19 09:05:00,166.73,0
2026-08-19 09:10:00,240.47,0
2026-08-19 09:15:00,247.0,0
2026-08-19 09:20:00,305.29,0
2026-08-19 09:25:00,268.7,0
2026-08-19 09:30:00,203.84,0
2026-08-19 09:35:00,191.63,0
2026-08-19 09:40:00,181.61,0
2026-08-19 09:45:00,306.5,0
2026-08-19 09:50:00,206.79,0
2026-08-19 09:55:00,314.13,0
2026-08-19 10:00:00,267.57,0
2026-08-19 10:05:00,261.28,0
2026-08-19 10:10:00,235.61,0
2026-08-19 10:15:00,283.56,0
2026-08-19 10:20:00,253.82,0
2026-08-19 10:25:00,240.74,0
2026-08-19 10:30:00,294.73,0
2026-08-19 10:35:00,256.03,0
2026-08-19 10:40:00,229.93,0
2026-08-19 10:45:00,298.72,0
2026-08-19 10:50:00,267.71,0
2026-08-19 10:55:00,298.61,0
2026-08-19 11:00:00,254.41,0
2026-08-19 11:05:00,224.14,0
2026-08-19 11:10:00,384.27,0
2026-08-19 11:15:00,374.76,0
2026-08-19 11:20:00,335.51,0
2026-08-19 11:25:00,269.13,0
2026-08-19 11:30:00,275.66,0
2026-08-19 11:35:00,376.16,0
2026-08-19 11:40:00,277.34,0
2026-08-19 11:45:00,265.76,0
2026-08-19 11:50:00,420.2,0
2026-08-19 11:55:00,299.51,0
2026-08-19 12:00:00,418.15,0
2026-08-19 12:05:00,238.01,0
2026-08-19 12:10:00,338.18,0
2026-08-19 12:15:00,449.94,0
2026-08-19 12:20:00,313.38,0
2026-08-19 12:25:00,298.88,0
2026-08-19 12:30:00,255.33,0
2026-08-19 12:35:00,384.73,0
2026-08-19 12:40:00,276.93,0
2026-08-19 12:45:00,314.11,0
2026-08-19 12:50:00,256.91,0
2026-08-19 12:55:00,426.25,0
2026-08-19 13:00:00,397.92,0
2026-08-19 13:05:00,322.46,0
2026-08-19 13:10:00,264.26,0
2026-08-19 13:15:00,430.04,0
2026-08-19 13:20:00,306.12,0
2026-08-19 13:25:00,268.56,0
2026-08-19 13:30:00,239.06,0
2026-08-19 13:35:00,292.72,0
2026-08-19 13:40:00,253.39,0
2026-08-19 13:45:00,294.62,0
2026-08-19 13:50:00,377.1,0
2026-08-19 13:55:00,308.39,0
2026-08-19 14:00:00,351.82,0
2026-08-19 14:05:00,289.67,0
2026-08-19 14:10:00,333.7,0
2026-08-19 14:15:00,465.71,0
2026-08-19 14:20:00,309.22,0
2026-08-19 14:25:00,352.37,0
2026-08-19 14:30:00,247.67,0
2026-08-19 14:35:00,430.8,0
2026-08-19 14:40:00,300.05,0
2026-08-19 14:45:00,394.06,0
2026-08-19 14:50:00,318.14,0
2026-08-19 14:55:00,362.04,0
2026-08-19 15:00:00,364.73,0
2026-08-19 15:05:00,296.89,0
2026-08-19 15:10:00,390.52,0
2026-08-19 15:15:00,278.71,0
2026-08-19 15:20:00,365.93,0
2026-08-19 15:25:00,295.15,0
2026-08-19 15:30:00,335.52,0
2026-08-19 15:35:00,288.41,0
2026-08-19 15:40:00,314.52,0
2026-08-19 15:45:00,255.41,0
2026-08-19 15:50:00,322.1,0
2026-08-19 15:55:00,308.58,0
2026-08-19 16:00:00,275.97,0
2026-08-19 16:05:00,299.12,0
2026-08-19 16:10:00,307.31,0
2026-08-19 16:15:00,266.54,0
2026-08-19 16:20:00,288.81,0
2026-08-19 16:25:00,244.74,0
2026-08-19 16:30:00,443.83,0
2026-08-19 16:35:00,349.2,0
2026-08-19 16:40:00,300.58,0
2026-08-19 16:45:00,350.33,0
2026-08-19 16:50:00,196.91,0
2026-08-19 16:55:00,175.84,0
2026-08-19 17:00:00,256.92,0
2026-08-19 17:05:00,213.36,0
2026-08-19 17:10:00,259.52,0
2026-08-19 17:15:00,278.26,0
2026-08-19 17:20:00,313.3,0
2026-08-19 17:25:00,214.08,0
2026-08-19 17:30:00,279.42,0
2026-08-19 17:35:00,257.95,0
2026-08-19 17:40:00,270.96,0
2026-08-19 17:45:00,229.28,0
2026-08-19 17:50:00,319.38,0
2026-08-19 17:55:00,241.67,0
2026-08-19 18:00:00,335.03,0
2026-08-19 18:05:00,208.74,0
2026-08-19 18:10:00,271.91,0
2026-08-19 18:15:00,232.6,0
2026-08-19 18:20:00,219.03,0
2026-08-19 18:25:00,257.26,0
2026-08-19 18:30:00,214.95,0
2026-08-19 18:35:00,138.79,0
2026-08-19 18:40:00,127.57,0
2026-08-19 18:45:00,274.98,0
2026-08-19 18:50:00,269.56,0
2026-08-19 18:55:00,299.67,0
2026-08-19 19:00:00,210.06,0
2026-08-19 19:05:00,164.91,0
2026-08-19 19:10:00,190.58,0
2026-08-19 19:15:00,203.39,0
2026-08-19 19:20:00,167.21,0
2026-08-19 19:25:00,266.33,0
2026-08-19 19:30:00,292.53,0
2026-08-19 19:35:00,210.41,0
2026-08-19 19:40:00,190.28,0
2026-08-19 19:45:00,149.14,0
2026-08-19 19:50:00,245.65,0
2026-08-19 19:55:00,186.21,0
2026-08-19 20:00:00,172.22,0
2026-08-19 20:05:00,195.42,0
2026-08-19 20:10:00,159.32,0
2026-08-19 20:15:00,179.59,0
2026-08-19 20:20:00,133.29,0
2026-08-19 20:25:00,207.67,0
2026-08-19 20:30:00,165.61,0
2026-08-19 20:35:00,205.47,0
2026-08-19 20:40:00,159.0,0
2026-08-19 20:45:00,159.03,0
2026-08-19 20:50:00,129.54,0
2026-08-19 20:55:00,182.68,0
2026-08-19 21:00:00,134.6,0
2026-08-19 21:05:00,142.8,0
2026-08-19 21:10:00,154.22,0
2026-08-19 21:15:00,155.93,0
2026-08-19 21:20:00,111.06,0
2026-08-19 21:25:00,143.35,0
2026-08-19 21:30:00,170.7,0
2026-08-19 21:35:00,136.83,0
2026-08-19 21:40:00,139.3,0
2026-08-19 21:45:00,147.93,0
2026-08-19 21:50:00,139.14,0
2026-08-19 21:55:00,117.16,0
2026-08-19 22:00:00,138.86,0
2026-08-19 22:05:00,165.7,0
2026-08-19 22:10:00,113.69,0
2026-08-19 22:15:00,127.34,0
2026-08-19 22:20:00,105.37,0
2026-08-19 22:25:00,158.79,0
2026-08-19 22:30:00,130.81,0
2026-08-19 22:35:00,113.27,0
2026-08-19 22:40:00,133.23,0
2026-08-19 22:45:00,104.76,0
2026-08-19 22:50:00,107.27,0
2026-08-19 22:55:00,98.68,0
2026-08-19 23:00:00,105.23,0
2026-08-19 23:05:00,161.76,0
2026-08-19 23:10:00,110.36,0
2026-08-19 23:15:00,136.14,0
2026-08-19 23:20:00,107.07,0
2026-08-19 23:25:00,141.9,0
2026-08-19 23:30:00,102.35,0
2026-08-19 23:35:00,123.34,0
2026-08-19 23:40:00,123.03,0
2026-08-19 23:45:00,184.4,0
2026-08-19 23:50:00,135.22,0
2026-08-19 23:55:00,108.02,0
2026-08-20 00:00:00,124.98,0
2026-08-20 00:05:00,162.4,0
2026-08-20 00:10:00,82.45,0
2026-08-20 00:15:00,95.04,0
2026-08-20 00:20:00,106.02,0
2026-08-20 00:25:00,102.68,0
2026-08-20 00:30:00,104.3,0
2026-08-20 00:35:00,87.61,0
2026-08-20 00:40:00,142.72,0
2026-08-20 00:45:00,85.86,0
2026-08-20 00:50:00,107.05,0
2026-08-20 00:55:00,134.05,0
2026-08-20 01:00:00,110.52,0
2026-08-20 01:05:00,93.22,0
2026-08-20 01:10:00,87.29,0
2026-08-20 01:15:00,106.85,0
2026-08-20 01:20:00,97.26,0
2026-08-20 01:25:00,115.76,0
2026-08-20 01:30:00,86.77,0
2026-08-20 01:35:00,129.39,0
2026-08-20 01:40:00,114.25,0
2026-08-20 01:45:00,115.92,0
2026-08-20 01:50:00,145.37,0
2026-08-20 01:55:00,103.79,0
2026-08-20 02:00:00,98.67,0
2026-08-20 02:05:00,102.03,0
2026-08-20 02:10:00,108.93,0
2026-08-20 02:15:00,111.11,0
2026-08-20 02:20:00,97.42,0
2026-08-20 02:25:00,78.73,0
2026-08-20 02:30:00,102.63,0
2026-08-20 02:35:00,121.36,0
2026-08-20 02:40:00,116.8,0
2026-08-20 02:45:00,141.74,0
2026-08-20 02:50:00,162.76,0
2026-08-20 02:55:00,131.54,0
2026-08-20 03:00:00,147.51,0
2026-08-20 03:05:00,132.37,0
2026-08-20 03:10:00,157.29,0
2026-08-20 03:15:00,161.78,0
2026-08-20 03:20:00,138.0,0
2026-08-20 03:25:00,132.46,0
2026-08-20 03:30:00,112.77,0
2026-08-20 03:35:00,116.54,0
2026-08-20 03:40:00,110.87,0
2026-08-20 03:45:00,132.24,0
2026-08-20 03:50:00,104.27,0
2026-08-20 03:55:00,115.14,0
2026-08-20 04:00:00,78.32,0
2026-08-20 04:05:00,163.88,0
2026-08-20 04:10:00,116.02,0
2026-08-20 04:15:00,131.64,0
2026-08-20 04:20:00,158.43,0
2026-08-20 04:25:00,129.28,0
2026-08-20 04:30:00,159.66,0
2026-08-20 04:35:00,98.98,0
2026-08-20 04:40:00,191.62,0
2026-08-20 04:45:00,152.23,0
2026-08-20 04:50:00,130.76,0
2026-08-20 04:55:00,163.75,0
2026-08-20 05:00:00,103.32,0
2026-08-20 05:05:00,121.84,0
2026-08-20 05:10:00,167.57,0
2026-08-20 05:15:00,92.97,0
2026-08-20 05:20:00,144.95,0
2026-08-20 05:25:00,145.28,0
2026-08-20 05:30:00,189.59,0
2026-08-20 05:35:00,100.81,0
2026-08-20 05:40:00,180.52,0
2026-08-20 05:45:00,123.17,0
2026-08-20 05:50:00,126.75,0
2026-08-20 05:55:00,111.2,0
2026-08-20 06:00:00,114.92,0
2026-08-20 06:05:00,151.66,0
2026-08-20 06:10:00,116.51,0
2026-08-20 06:15:00,164.15,0
2026-08-20 06:20:00,128.73,0
2026-08-20 06:25:00,117.74,0
2026-08-20 06:30:00,134.53,0
2026-08-20 06:35:00,158.77,0
2026-08-20 06:40:00,143.63,0
2026-08-20 06:45:00,153.51,0
2026-08-20 06:50:00,174.78,0
2026-08-20 06:55:00,189.39,0
2026-08-20 07:00:00,149.02,0
2026-08-20 07:05:00,132.03,0
2026-08-20 07:10:00,163.36,0
2026-08-20 07:15:00,177.38,0
2026-08-20 07:20:00,126.74,0
2026-08-20 07:25:00,142.08,0
2026-08-20 07:30:00,148.26,0
2026-08-20 07:35:00,164.49,0
2026-08-20 07:40:00,150.69,0
2026-08-20 07:45:00,198.64,0
2026-08-20 07:50:00,132.61,0
2026-08-20 07:55:00,134.86,0
2026-08-20 08:00:00,170.84,0
2026-08-20 08:05:00,177.96,0
2026-08-20 08:10:00,143.12,0
2026-08-20 08:15:00,168.81,0
2026-08-20 08:20:00,177.38,0
2026-08-20 08:25:00,179.86,0
2026-08-20 08:30:00,200.9,0
2026-08-20 08:35:00,175.72,0
2026-08-20 08:40:00,261.53,0
2026-08-20 08:45:00,221.62,0
2026-08-20 08:50:00,177.74,0
2026-08-20 08:55:00,211.68,0
2026-08-20 09:00:00,215.48,0
2026-08-20 09:05:00,265.5,0
2026-08-20 09:10:00,193.89,0
2026-08-20 09:15:00,251.09,0
2026-08-20 09:20:00,223.07,0
2026-08-20 09:25:00,293.13,0
2026-08-20 09:30:00,286.18,0
2026-08-20 09:35:00,237.87,0
2026-08-20 09:40:00,221.63,0
2026-08-20 09:45:00,257.55,0
2026-08-20 09:50:00,230.28,0
2026-08-20 09:55:00,325.65,0
2026-08-20 10:00:00,246.9,0
2026-08-20 10:05:00,228.88,0
2026-08-20 10:10:00,229.22,0
2026-08-20 10:15:00,202.38,0
2026-08-20 10:20:00,281.35,0
2026-08-20 10:25:00,221.98,0
2026-08-20 10:30:00,316.86,0
2026-08-20 10:35:00,208.2,0
2026-08-20 10:40:00,271.61,0
2026-08-20 10:45:00,329.83,0
2026-08-20 10:50:00,183.83,0
2026-08-20 10:55:00,393.24,0
2026-08-20 11:00:00,255.72,0
2026-08-20 11:05:00,285.81,0
2026-08-20 11:10:00,311.65,0
2026-08-20 11:15:00,323.31,0
2026-08-20 11:20:00,300.62,0
2026-08-20 11:25:00,345.34,0
2026-08-20 11:30:00,319.46,0
2026-08-20 11:35:00,402.68,0
2026-08-20 11:40:00,324.72,0
2026-08-20 11:45:00,424.15,0
2026-08-20 11:50:00,352.8,0
2026-08-20 11:55:00,218.26,0
2026-08-20 12:00:00,486.64,0
2026-08-20 12:05:00,276.07,0
2026-08-20 12:10:00,403.23,0
2026-08-20 12:15:00,311.42,0
2026-08-20 12:20:00,377.31,0
2026-08-20 12:25:00,276.89,0
2026-08-20 12:30:00,352.63,0
2026-08-20 12:35:00,302.52,0
2026-08-20 12:40:00,422.68,0
2026-08-20 12:45:00,345.77,0
2026-08-20 12:50:00,379.71,0
2026-08-20 12:55:00,218.17,0
2026-08-20 13:00:00,318.29,0
2026-08-20 13:05:00,349.17,0
2026-08-20 13:10:00,338.64,0
2026-08-20 13:15:00,387.77,0
2026-08-20 13:20:00,306.12,0
2026-08-20 13:25:00,330.56,0
2026-08-20 13:30:00,406.06,0
2026-08-20 13:35:00,218.18,0
2026-08-20 13:40:00,366.08,0
2026-08-20 13:45:00,310.35,0
2026-08-20 13:50:00,279.86,0
2026-08-20 13:55:00,350.56,0
2026-08-20 14:00:00,411.59,0
2026-08-20 14:05:00,397.82,0
2026-08-20 14:10:00,321.88,0
2026-08-20 14:15:00,385.84,0
2026-08-20 14:20:00,384.92,0
2026-08-20 14:25:00,323.68,0
2026-08-20 14:30:00,289.78,0
2026-08-20 14:35:00,292.27,0
2026-08-20 14:40:00,380.19,0
2026-08-20 14:45:00,323.7,0
2026-08-20 14:50:00,269.45,0
2026-08-20 14:55:00,239.46,0
2026-08-20 15:00:00,375.44,0
2026-08-20 15:05:00,291.89,0
2026-08-20 15:10:00,340.5,0
2026-08-20 15:15:00,399.4,0
2026-08-20 15:20:00,251.34,0
2026-08-20 15:25:00,314.06,0
2026-08-20 15:30:00,305.53,0
2026-08-20 15:35:00,335.6,0
2026-08-20 15:40:00,389.6,0
2026-08-20 15:45:00,243.96,0
2026-08-20 15:50:00,341.34,0
2026-08-20 15:55:00,368.6,0
2026-08-20 16:00:00,294.12,0
2026-08-20 16:05:00,294.71,0
2026-08-20 16:10:00,323.45,0
2026-08-20 16:15:00,316.88,0
2026-08-20 16:20:00,328.25,0
2026-08-20 16:25:00,324.48,0
2026-08-20 16:30:00,243.83,0
2026-08-20 16:35:00,344.9,0
2026-08-20 16:40:00,353.04,0
2026-08-20 16:45:00,293.36,0
2026-08-20 16:50:00,214.88,0
2026-08-20 16:55:00,272.95,0
2026-08-20 17:00:00,285.9,0
2026-08-20 17:05:00,222.54,0
2026-08-20 17:10:00,253.82,0
2026-08-20 17:15:00,208.07,0
2026-08-20 17:20:00,296.13,0
2026-08-20 17:25:00,270.72,0
2026-08-20 17:30:00,193.36,0
2026-08-20 17:35:00,274.09,0
2026-08-20 17:40:00,251.95,0
2026-08-20 17:45:00,276.29,0
2026-08-20 17:50:00,232.05,0
2026-08-20 17:55:00,213.14,0
2026-08-20 18:00:00,211.9,0
2026-08-20 18:05:00,218.44,0
2026-08-20 18:10:00,238.69,0
2026-08-20 18:15:00,241.45,0
2026-08-20 18:20:00,224.5,0
2026-08-20 18:25:00,212.74,0
2026-08-20 18:30:00,212.94,0
2026-08-20 18:35:00,351.96,0
2026-08-20 18:40:00,192.72,0
2026-08-20 18:45:00,197.8,0
2026-08-20 18:50:00,390.82,0
2026-08-20 18:55:00,230.16,0
2026-08-20 19:00:00,164.37,0
2026-08-20 19:05:00,242.2,0
2026-08-20 19:10:00,174.47,0
2026-08-20 19:15:00,239.06,0
2026-08-20 19:20:00,192.98,0
2026-08-20 19:25:00,182.88,0
2026-08-20 19:30:00,261.16,0
2026-08-20 19:35:00,213.77,0
2026-08-20 19:40:00,227.15,0
2026-08-20 19:45:00,203.62,0
2026-08-20 19:50:00,171.67,0
2026-08-20 19:55:00,205.04,0
2026-08-20 20:00:00,225.54,0
2026-08-20 20:05:00,183.61,0
2026-08-20 20:10:00,244.85,0
2026-08-20 20:15:00,203.84,0
2026-08-20 20:20:00,179.53,0
2026-08-20 20:25:00,178.67,0
2026-08-20 20:30:00,172.97,0
2026-08-20 20:35:00,133.15,0
2026-08-20 20:40:00,162.21,0
2026-08-20 20:45:00,169.59,0
2026-08-20 20:50:00,149.51,0
2026-08-20 20:55:00,169.32,0
2026-08-20 21:00:00,158.18,0
2026-08-20 21:05:00,179.16,0
2026-08-20 21:10:00,173.74,0
2026-08-20 21:15:00,157.23,0
2026-08-20 21:20:00,118.04,0
2026-08-20 21:25:00,206.27,0
2026-08-20 21:30:00,144.2,0
2026-08-20 21:35:00,144.35,0
2026-08-20 21:40:00,136.38,0
2026-08-20 21:45:00,131.58,0
2026-08-20 21:50:00,187.94,0
2026-08-20 21:55:00,181.0,0
2026-08-20 22:00:00,151.41,0
2026-08-20 22:05:00,135.9,0
2026-08-20 22:10:00,153.56,0
2026-08-20 22:15:00,138.05,0
2026-08-20 22:20:00,130.57,0
2026-08-20 22:25:00,142.45,0
2026-08-20 22:30:00,122.85,0
2026-08-20 22:35:00,138.14,0
2026-08-20 22:40:00,135.95,0
2026-08-20 22:45:00,145.02,0
2026-08-20 22:50:00,115.58,0
2026-08-20 22:55:00,145.84,0
2026-08-20 23:00:00,108.31,0
2026-08-20 23:05:00,114.29,0
2026-08-20 23:10:00,114.49,0
2026-08-20 23:15:00,103.21,0
2026-08-20 23:20:00,149.43,0
2026-08-20 23:25:00,103.96,0
2026-08-20 23:30:00,108.56,0
2026-08-20 23:35:00,153.53,0
2026-08-20 23:40:00,109.97,0
2026-08-20 23:45:00,117.24,0
2026-08-20 23:50:00,100.61,0
2026-08-20 23:55:00,139.62,0
2026-08-21 00:00:00,128.67,0
2026-08-21 00:05:00,126.24,0
2026-08-21 00:10:00,121.79,0
2026-08-21 00:15:00,112.07,0
2026-08-21 00:20:00,100.68,0
2026-08-21 00:25:00,95.59,0
2026-08-21 00:30:00,139.68,0
2026-08-21 00:35:00,127.15,0
2026-08-21 00:40:00,97.85,0
2026-08-21 00:45:00,111.71,0
2026-08-21 00:50:00,105.14,0
2026-08-21 00:55:00,90.64,0
2026-08-21 01:00:00,114.73,0
2026-08-21 01:05:00,103.18,0
2026-08-21 01:10:00,93.75,0
2026-08-21 01:15:00,85.34,0
2026-08-21 01:20:00,84.12,0
2026-08-21 01:25:00,104.35,0
2026-08-21 01:30:00,109.97,0
2026-08-21 01:35:00,95.48,0
2026-08-21 01:40:00,125.8,0
2026-08-21 01:45:00,110.71,0
2026-08-21 01:50:00,124.43,0
2026-08-21 01:55:00,108.66,0
2026-08-21 02:00:00,97.59,0
2026-08-21 02:05:00,114.94,0
2026-08-21 02:10:00,89.84,0
2026-08-21 02:15:00,124.46,0
2026-08-21 02:20:00,95.57,0
2026-08-21 02:25:00,133.69,0
2026-08-21 02:30:00,106.82,0
2026-08-21 02:35:00,137.72,0
2026-08-21 02:40:00,93.12,0
2026-08-21 02:45:00,101.1,0
2026-08-21 02:50:00,122.59,0
2026-08-21 02:55:00,141.64,0
2026-08-21 03:00:00,155.25,0
2026-08-21 03:05:00,116.17,0
2026-08-21 03:10:00,160.95,0
2026-08-21 03:15:00,110.05,0
2026-08-21 03:20:00,141.71,0
2026-08-21 03:25:00,98.45,0
2026-08-21 03:30:00,126.21,0
2026-08-21 03:35:00,77.03,0
2026-08-21 03:40:00,96.28,0
2026-08-21 03:45:00,128.61,0
2026-08-21 03:50:00,93.73,0
2026-08-21 03:55:00,128.69,0
2026-08-21 04:00:00,140.87,0
2026-08-21 04:05:00,109.81,0
2026-08-21 04:10:00,101.4,0
2026-08-21 04:15:00,111.36,0
2026-08-21 04:20:00,102.42,0
2026-08-21 04:25:00,120.26,0
2026-08-21 04:30:00,125.39,0
2026-08-21 04:35:00,117.14,0
2026-08-21 04:40:00,168.24,0
2026-08-21 04:45:00,109.97,0
2026-08-21 04:50:00,161.76,0
2026-08-21 04:55:00,105.04,0
2026-08-21 05:00:00,129.18,0
2026-08-21 05:05:00,158.8,0
2026-08-21 05:10:00,158.39,0
2026-08-21 05:15:00,120.63,0
2026-08-21 05:20:00,144.81,0
2026-08-21 05:25:00,142.4,0
2026-08-21 05:30:00,120.69,0
2026-08-21 05:35:00,149.76,0
2026-08-21 05:40:00,188.93,0
2026-08-21 05:45:00,148.3,0
2026-08-21 05:50:00,152.11,0
2026-08-21 05:55:00,156.37,0
2026-08-21 06:00:00,107.45,0
2026-08-21 06:05:00,153.21,0
2026-08-21 06:10:00,118.53,0
2026-08-21 06:15:00,129.2,0
2026-08-21 06:20:00,214.06,0
2026-08-21 06:25:00,139.94,0
2026-08-21 06:30:00,129.48,0
2026-08-21 06:35:00,183.89,0
2026-08-21 06:40:00,127.3,0
2026-08-21 06:45:00,140.76,0
2026-08-21 06:50:00,193.07,0
2026-08-21 06:55:00,157.07,0
2026-08-21 07:00:00,118.97,0
2026-08-21 07:05:00,175.73,0
2026-08-21 07:10:00,150.03,0
2026-08-21 07:15:00,215.03,0
2026-08-21 07:20:00,147.82,0
2026-08-21 07:25:00,201.53,0
2026-08-21 07:30:00,232.31,0
2026-08-21 07:35:00,146.51,0
2026-08-21 07:40:00,166.91,0
2026-08-21 07:45:00,187.58,0
2026-08-21 07:50:00,151.72,0
2026-08-21 07:55:00,188.15,0
2026-08-21 08:00:00,174.23,0
2026-08-21 08:05:00,175.75,0
2026-08-21 08:10:00,187.61,0
2026-08-21 08:15:00,190.72,0
2026-08-21 08:20:00,196.36,0
2026-08-21 08:25:00,173.32,0
2026-08-21 08:30:00,176.89,0
2026-08-21 08:35:00,193.77,0
2026-08-21 08:40:00,198.84,0
2026-08-21 08:45:00,187.56,0
2026-08-21 08:50:00,217.87,0
2026-08-21 08:55:00,150.12,0
2026-08-21 09:00:00,184.76,0
2026-08-21 09:05:00,202.87,0
2026-08-21 09:10:00,185.17,0
2026-08-21 09:15:00,293.22,0
2026-08-21 09:20:00,222.15,0
2026-08-21 09:25:00,231.36,0
2026-08-21 09:30:00,207.94,0
2026-08-21 09:35:00,228.93,0
2026-08-21 09:40:00,186.69,0
2026-08-21 09:45:00,228.03,0
2026-08-21 09:50:00,200.96,0
2026-08-21 09:55:00,228.94,0
2026-08-21 10:00:00,153.56,0
2026-08-21 10:05:00,200.97,0
2026-08-21 10:10:00,324.06,0
2026-08-21 10:15:00,292.36,0
2026-08-21 10:20:00,322.74,0
2026-08-21 10:25:00,330.29,0
2026-08-21 10:30:00,293.51,0
2026-08-21 10:35:00,242.18,0
2026-08-21 10:40:00,220.25,0
2026-08-21 10:45:00,329.63,0
2026-08-21 10:50:00,273.98,0
2026-08-21 10:55:00,428.4,0
2026-08-21 11:00:00,258.51,0
2026-08-21 11:05:00,397.44,0
2026-08-21 11:10:00,273.36,0
2026-08-21 11:15:00,360.82,0
2026-08-21 11:20:00,388.37,0
2026-08-21 11:25:00,240.05,0
2026-08-21 11:30:00,266.64,0
2026-08-21 11:35:00,243.53,0
2026-08-21 11:40:00,236.88,0
2026-08-21 11:45:00,335.8,0
2026-08-21 11:50:00,289.55,0
2026-08-21 11:55:00,304.96,0
2026-08-21 12:00:00,336.18,0
2026-08-21 12:05:00,219.14,0
2026-08-21 12:10:00,388.36,0
2026-08-21 12:15:00,291.05,0
2026-08-21 12:20:00,343.06,0
2026-08-21 12:25:00,350.47,0
2026-08-21 12:30:00,403.23,0
2026-08-21 12:35:00,310.71,0
2026-08-21 12:40:00,217.05,0
2026-08-21 12:45:00,322.82,0
2026-08-21 12:50:00,332.64,0
2026-08-21 12:55:00,267.37,0
2026-08-21 13:00:00,331.93,0
2026-08-21 13:05:00,303.89,0
2026-08-21 13:10:00,255.44,0
2026-08-21 13:15:00,368.07,0
2026-08-21 13:20:00,295.42,0
2026-08-21 13:25:00,304.56,0
2026-08-21 13:30:00,302.06,0
2026-08-21 13:35:00,410.7,0
2026-08-21 13:40:00,326.82,0
2026-08-21 13:45:00,334.3,0
2026-08-21 13:50:00,304.66,0
2026-08-21 13:55:00,358.62,0
2026-08-21 14:00:00,420.72,0
2026-08-21 14:05:00,370.76,0
2026-08-21 14:10:00,373.21,0
2026-08-21 14:15:00,367.57,0
2026-08-21 14:20:00,256.81,0
2026-08-21 14:25:00,280.84,0
2026-08-21 14:30:00,316.4,0
2026-08-21 14:35:00,287.54,0
2026-08-21 14:40:00,269.95,0
2026-08-21 14:45:00,232.86,0
2026-08-21 14:50:00,255.27,0
2026-08-21 14:55:00,309.66,0
2026-08-21 15:00:00,319.22,0
2026-08-21 15:05:00,279.23,0
2026-08-21 15:10:00,325.43,0
2026-08-21 15:15:00,295.51,0
2026-08-21 15:20:00,387.11,0
2026-08-21 15:25:00,307.55,0
2026-08-21 15:30:00,357.13,0
2026-08-21 15:35:00,325.1,0
2026-08-21 15:40:00,242.18,0
2026-08-21 15:45:00,304.91,0
2026-08-21 15:50:00,246.63,0
2026-08-21 15:55:00,300.24,0
2026-08-21 16:00:00,265.97,0
2026-08-21 16:05:00,323.6,0
2026-08-21 16:10:00,235.59,0
2026-08-21 16:15:00,298.6,0
2026-08-21 16:20:00,327.66,0
2026-08-21 16:25:00,345.35,0
2026-08-21 16:30:00,253.58,0
2026-08-21 16:35:00,289.51,0
2026-08-21 16:40:00,295.81,0
2026-08-21 16:45:00,374.8,0
2026-08-21 16:50:00,215.38,0
2026-08-21 16:55:00,236.5,0
2026-08-21 17:00:00,457.35,0
2026-08-21 17:05:00,260.34,0
2026-08-21 17:10:00,192.69,0
2026-08-21 17:15:00,241.46,0
2026-08-21 17:20:00,161.27,0
2026-08-21 17:25:00,274.4,0
2026-08-21 17:30:00,300.83,0
2026-08-21 17:35:00,218.35,0
2026-08-21 17:40:00,233.85,0
2026-08-21 17:45:00,297.3,0
2026-08-21 17:50:00,181.71,0
2026-08-21 17:55:00,194.09,0
2026-08-21 18:00:00,233.64,0
2026-08-21 18:05:00,210.18,0
2026-08-21 18:10:00,225.62,0
2026-08-21 18:15:00,187.27,0
2026-08-21 18:20:00,241.48,0
2026-08-21 18:25:00,223.5,0
2026-08-21 18:30:00,250.41,0
2026-08-21 18:35:00,232.34,0
2026-08-21 18:40:00,229.79,0
2026-08-21 18:45:00,168.57,0
2026-08-21 18:50:00,236.04,0
2026-08-21 18:55:00,201.02,0
2026-08-21 19:00:00,204.5,0
2026-08-21 19:05:00,251.33,0
2026-08-21 19:10:00,180.56,0
2026-08-21 19:15:00,258.86,0
2026-08-21 19:20:00,259.96,0
2026-08-21 19:25:00,226.67,0
2026-08-21 19:30:00,163.85,0
2026-08-21 19:35:00,130.25,0
2026-08-21 19:40:00,231.52,0
2026-08-21 19:45:00,192.1,0
2026-08-21 19:50:00,162.62,0
2026-08-21 19:55:00,226.88,0
2026-08-21 20:00:00,155.36,0
2026-08-21 20:05:00,166.04,0
2026-08-21 20:10:00,194.58,0
2026-08-21 20:15:00,143.14,0
2026-08-21 20:20:00,169.44,0
2026-08-21 20:25:00,207.74,0
2026-08-21 20:30:00,175.29,0
2026-08-21 20:35:00,208.77,0
2026-08-21 20:40:00,202.17,0
2026-08-21 20:45:00,163.2,0
2026-08-21 20:50:00,105.81,0
2026-08-21 20:55:00,130.58,0
2026-08-21 21:00:00,180.79,0
2026-08-21 21:05:00,117.91,0
2026-08-21 21:10:00,145.39,0
2026-08-21 21:15:00,162.15,0
2026-08-21 21:20:00,196.7,0
2026-08-21 21:25:00,134.74,0
2026-08-21 21:30:00,131.75,0
2026-08-21 21:35:00,145.1,0
2026-08-21 21:40:00,154.51,0
2026-08-21 21:45:00,139.74,0
2026-08-21 21:50:00,171.92,0
2026-08-21 21:55:00,122.14,0
2026-08-21 22:00:00,142.83,0
2026-08-21 22:05:00,150.11,0
2026-08-21 22:10:00,127.82,0
2026-08-21 22:15:00,158.45,0
2026-08-21 22:20:00,138.79,0
2026-08-21 22:25:00,154.49,0
2026-08-21 22:30:00,137.74,0
2026-08-21 22:35:00,141.26,0
2026-08-21 22:40:00,116.94,0
2026-08-21 22:45:00,116.14,0
2026-08-21 22:50:00,161.06,0
2026-08-21 22:55:00,143.89,0
2026-08-21 23:00:00,106.06,0
2026-08-21 23:05:00,130.89,0
2026-08-21 23:10:00,82.14,0
2026-08-21 23:15:00,112.89,0
2026-08-21 23:20:00,147.96,0
2026-08-21 23:25:00,121.01,0
2026-08-21 23:30:00,125.75,0
2026-08-21 23:35:00,71.16,0
2026-08-21 23:40:00,113.56,0
2026-08-21 23:45:00,128.89,0
2026-08-21 23:50:00,131.26,0
2026-08-21 23:55:00,142.91,0
2026-08-22 00:00:00,79.78,0
2026-08-22 00:05:00,80.45,0
2026-08-22 00:10:00,65.24,0
2026-08-22 00:15:00,79.95,0
2026-08-22 00:20:00,66.12,0
2026-08-22 00:25:00,59.53,0
2026-08-22 00:30:00,68.32,0
2026-08-22 00:35:00,109.02,0
2026-08-22 00:40:00,79.19,0
2026-08-22 00:45:00,86.54,0
2026-08-22 00:50:00,75.88,0
2026-08-22 00:55:00,60.34,0
2026-08-22 01:00:00,98.63,0
2026-08-22 01:05:00,56.41,0
2026-08-22 01:10:00,75.53,0
2026-08-22 01:15:00,82.71,0
2026-08-22 01:20:00,87.14,0
2026-08-22 01:25:00,73.41,0
2026-08-22 01:30:00,60.16,0
2026-08-22 01:35:00,72.58,0
2026-08-22 01:40:00,73.34,0
2026-08-22 01:45:00,73.1,0
2026-08-22 01:50:00,100.16,0
2026-08-22 01:55:00,67.69,0
2026-08-22 02:00:00,89.03,0
2026-08-22 02:05:00,86.89,0
2026-08-22 02:10:00,100.54,0
2026-08-22 02:15:00,82.7,0
2026-08-22 02:20:00,97.83,0
2026-08-22 02:25:00,82.4,0
2026-08-22 02:30:00,92.07,0
2026-08-22 02:35:00,65.09,0
2026-08-22 02:40:00,53.16,0
2026-08-22 02:45:00,91.68,0
2026-08-22 02:50:00,92.78,0
2026-08-22 02:55:00,93.74,0
2026-08-22 03:00:00,78.48,0
2026-08-22 03:05:00,113.08,0
2026-08-22 03:10:00,79.83,0
2026-08-22 03:15:00,93.8,0
2026-08-22 03:20:00,97.07,0
2026-08-22 03:25:00,119.2,0
2026-08-22 03:30:00,82.89,0
2026-08-22 03:35:00,78.29,0
2026-08-22 03:40:00,67.48,0
2026-08-22 03:45:00,117.28,0
2026-08-22 03:50:00,96.04,0
2026-08-22 03:55:00,96.97,0
2026-08-22 04:00:00,157.28,0
2026-08-22 04:05:00,95.57,0
2026-08-22 04:10:00,71.62,0
2026-08-22 04:15:00,87.81,0
2026-08-22 04:20:00,76.69,0
2026-08-22 04:25:00,85.54,0
2026-08-22 04:30:00,85.88,0
2026-08-22 04:35:00,83.52,0
2026-08-22 04:40:00,72.64,0
2026-08-22 04:45:00,125.05,0
2026-08-22 04:50:00,99.66,0
2026-08-22 04:55:00,91.24,0
2026-08-22 05:00:00,109.6,0
2026-08-22 05:05:00,104.77,0
2026-08-22 05:10:00,101.84,0
2026-08-22 05:15:00,110.38,0
2026-08-22 05:20:00,100.68,0
2026-08-22 05:25:00,111.7,0
2026-08-22 05:30:00,114.24,0
2026-08-22 05:35:00,103.52,0
2026-08-22 05:40:00,97.4,0
2026-08-22 05:45:00,134.57,0
2026-08-22 05:50:00,94.53,0
2026-08-22 05:55:00,111.5,0
2026-08-22 06:00:00,112.94,0
2026-08-22 06:05:00,94.78,0
2026-08-22 06:10:00,92.3,0
2026-08-22 06:15:00,101.1,0
2026-08-22 06:20:00,99.56,0
2026-08-22 06:25:00,84.49,0
2026-08-22 06:30:00,98.67,0
2026-08-22 06:35:00,117.58,0
2026-08-22 06:40:00,142.21,0
2026-08-22 06:45:00,126.43,0
2026-08-22 06:50:00,72.43,0
2026-08-22 06:55:00,131.2,0
2026-08-22 07:00:00,106.89,0
2026-08-22 07:05:00,129.65,0
2026-08-22 07:10:00,120.54,0
2026-08-22 07:15:00,118.06,0
2026-08-22 07:20:00,121.39,0
2026-08-22 07:25:00,124.58,0
2026-08-22 07:30:00,161.21,0
2026-08-22 07:35:00,127.62,0
2026-08-22 07:40:00,157.58,0
2026-08-22 07:45:00,155.36,0
2026-08-22 07:50:00,149.72,0
2026-08-22 07:55:00,97.45,0
2026-08-22 08:00:00,166.36,0
2026-08-22 08:05:00,126.86,0
2026-08-22 08:10:00,158.65,0
2026-08-22 08:15:00,118.54,0
2026-08-22 08:20:00,115.52,0
2026-08-22 08:25:00,206.65,0
2026-08-22 08:30:00,123.41,0
2026-08-22 08:35:00,182.48,0
2026-08-22 08:40:00,153.57,0
2026-08-22 08:45:00,141.14,0
2026-08-22 08:50:00,152.91,0
2026-08-22 08:55:00,123.5,0
2026-08-22 09:00:00,157.65,0
2026-08-22 09:05:00,131.68,0
2026-08-22 09:10:00,150.88,0
2026-08-22 09:15:00,193.75,0
2026-08-22 09:20:00,173.82,0
2026-08-22 09:25:00,128.72,0
2026-08-22 09:30:00,198.31,0
2026-08-22 09:35:00,171.97,0
2026-08-22 09:40:00,158.05,0
2026-08-22 09:45:00,201.7,0
2026-08-22 09:50:00,173.12,0
2026-08-22 09:55:00,146.33,0
2026-08-22 10:00:00,254.62,0
2026-08-22 10:05:00,184.09,0
2026-08-22 10:10:00,184.03,0
2026-08-22 10:15:00,175.55,0
2026-08-22 10:20:00,236.07,0
2026-08-22 10:25:00,175.57,0
2026-08-22 10:30:00,147.67,0
2026-08-22 10:35:00,174.4,0
2026-08-22 10:40:00,252.8,0
2026-08-22 10:45:00,233.61,0
2026-08-22 10:50:00,194.0,0
2026-08-22 10:55:00,262.6,0
2026-08-22 11:00:00,236.89,0
2026-08-22 11:05:00,199.19,0
2026-08-22 11:10:00,204.69,0
2026-08-22 11:15:00,225.76,0
2026-08-22 11:20:00,184.77,0
2026-08-22 11:25:00,216.62,0
2026-08-22 11:30:00,230.69,0
2026-08-22 11:35:00,162.37,0
2026-08-22 11:40:00,214.26,0
2026-08-22 11:45:00,211.5,0
2026-08-22 11:50:00,270.72,0
2026-08-22 11:55:00,162.56,0
2026-08-22 12:00:00,212.97,0
2026-08-22 12:05:00,210.53,0
2026-08-22 12:10:00,274.63,0
2026-08-22 12:15:00,230.63,0
2026-08-22 12:20:00,323.01,0
2026-08-22 12:25:00,264.82,0
2026-08-22 12:30:00,219.48,0
2026-08-22 12:35:00,247.94,0
2026-08-22 12:40:00,223.85,0
2026-08-22 12:45:00,279.73,0
2026-08-22 12:50:00,189.32,0
2026-08-22 12:55:00,208.27,0
2026-08-22 13:00:00,263.15,0
2026-08-22 13:05:00,303.27,0
2026-08-22 13:10:00,164.13,0
2026-08-22 13:15:00,313.29,0
2026-08-22 13:20:00,239.12,0
2026-08-22 13:25:00,175.08,0
2026-08-22 13:30:00,143.44,0
2026-08-22 13:35:00,187.26,0
2026-08-22 13:40:00,246.05,0
2026-08-22 13:45:00,244.26,0
2026-08-22 13:50:00,277.22,0
2026-08-22 13:55:00,224.16,0
2026-08-22 14:00:00,202.75,0
2026-08-22 14:05:00,229.73,0
2026-08-22 14:10:00,248.86,0
2026-08-22 14:15:00,257.66,0
2026-08-22 14:20:00,214.23,0
2026-08-22 14:25:00,290.05,0
2026-08-22 14:30:00,220.16,0
2026-08-22 14:35:00,210.14,0
2026-08-22 14:40:00,222.41,0
2026-08-22 14:45:00,296.84,0
2026-08-22 14:50:00,238.2,0
2026-08-22 14:55:00,214.64,0
2026-08-22 15:00:00,286.4,0
2026-08-22 15:05:00,355.24,0
2026-08-22 15:10:00,249.88,0
2026-08-22 15:15:00,299.23,0
2026-08-22 15:20:00,287.5,0
2026-08-22 15:25:00,212.94,0
2026-08-22 15:30:00,237.43,0
2026-08-22 15:35:00,186.61,0
2026-08-22 15:40:00,225.31,0
2026-08-22 15:45:00,207.66,0
2026-08-22 15:50:00,214.89,0
2026-08-22 15:55:00,200.61,0
2026-08-22 16:00:00,216.62,0
2026-08-22 16:05:00,249.35,0
2026-08-22 16:10:00,220.2,0
2026-08-22 16:15:00,159.68,0
2026-08-22 16:20:00,193.83,0
2026-08-22 16:25:00,167.34,0
2026-08-22 16:30:00,228.03,0
2026-08-22 16:35:00,236.97,0
2026-08-22 16:40:00,224.77,0
2026-08-22 16:45:00,184.65,0
2026-08-22 16:50:00,220.47,0
2026-08-22 16:55:00,192.03,0
2026-08-22 17:00:00,168.69,0
2026-08-22 17:05:00,234.39,0
2026-08-22 17:10:00,235.33,0
2026-08-22 17:15:00,238.57,0
2026-08-22 17:20:00,178.45,0
2026-08-22 17:25:00,243.67,0
2026-08-22 17:30:00,178.44,0
2026-08-22 17:35:00,217.05,0
2026-08-22 17:40:00,174.12,0
2026-08-22 17:45:00,181.36,0
2026-08-22 17:50:00,120.78,0
2026-08-22 17:55:00,174.89,0
2026-08-22 18:00:00,185.6,0
2026-08-22 18:05:00,167.65,0
2026-08-22 18:10:00,244.74,0
2026-08-22 18:15:00,143.04,0
2026-08-22 18:20:00,157.45,0
2026-08-22 18:25:00,146.31,0
2026-08-22 18:30:00,153.71,0
2026-08-22 18:35:00,202.37,0
2026-08-22 18:40:00,216.66,0
2026-08-22 18:45:00,144.58,0
2026-08-22 18:50:00,142.24,0
2026-08-22 18:55:00,129.93,0
2026-08-22 19:00:00,199.94,0
2026-08-22 19:05:00,190.98,0
2026-08-22 19:10:00,151.23,0
2026-08-22 19:15:00,118.4,0
2026-08-22 19:20:00,118.83,0
2026-08-22 19:25:00,153.09,0
2026-08-22 19:30:00,161.85,0
2026-08-22 19:35:00,99.82,0
2026-08-22 19:40:00,134.95,0
2026-08-22 19:45:00,188.97,0
2026-08-22 19:50:00,134.12,0
2026-08-22 19:55:00,180.12,0
2026-08-22 20:00:00,152.93,0
2026-08-22 20:05:00,110.58,0
2026-08-22 20:10:00,125.96,0
2026-08-22 20:15:00,128.17,0
2026-08-22 20:20:00,109.19,0
2026-08-22 20:25:00,107.56,0
2026-08-22 20:30:00,166.0,0
2026-08-22 20:35:00,104.91,0
2026-08-22 20:40:00,150.13,0
2026-08-22 20:45:00,112.99,0
2026-08-22 20:50:00,120.29,0
2026-08-22 20:55:00,132.22,0
2026-08-22 21:00:00,106.11,0
2026-08-22 21:05:00,129.48,0
2026-08-22 21:10:00,80.01,0
2026-08-22 21:15:00,123.85,0
2026-08-22 21:20:00,72.61,0
2026-08-22 21:25:00,107.59,0
2026-08-22 21:30:00,129.39,0
2026-08-22 21:35:00,122.87,0
2026-08-22 21:40:00,86.12,0
2026-08-22 21:45:00,87.3,0
2026-08-22 21:50:00,94.3,0
2026-08-22 21:55:00,109.38,0
2026-08-22 22:00:00,72.72,0
2026-08-22 22:05:00,103.67,0
2026-08-22 22:10:00,108.97,0
2026-08-22 22:15:00,97.09,0
2026-08-22 22:20:00,111.39,0
2026-08-22 22:25:00,104.66,0
2026-08-22 22:30:00,90.49,0
2026-08-22 22:35:00,69.87,0
2026-08-22 22:40:00,100.67,0
2026-08-22 22:45:00,82.2,0
2026-08-22 22:50:00,87.32,0
2026-08-22 22:55:00,104.92,0
2026-08-22 23:00:00,123.42,0
2026-08-22 23:05:00,94.37,0
2026-08-22 23:10:00,104.35,0
2026-08-22 23:15:00,72.39,0
2026-08-22 23:20:00,97.56,0
2026-08-22 23:25:00,91.83,0
2026-08-22 23:30:00,115.2,0
2026-08-22 23:35:00,83.34,0
2026-08-22 23:40:00,87.51,0
2026-08-22 23:45:00,110.06,0
2026-08-22 23:50:00,89.05,0
2026-08-22 23:55:00,73.83,0
2026-08-23 00:00:00,131.17,0
2026-08-23 00:05:00,68.26,0
2026-08-23 00:10:00,81.96,0
2026-08-23 00:15:00,88.29,0
2026-08-23 00:20:00,87.08,0
2026-08-23 00:25:00,80.23,0
2026-08-23 00:30:00,80.34,0
2026-08-23 00:35:00,79.65,0
2026-08-23 00:40:00,68.01,0
2026-08-23 00:45:00,122.5,0
2026-08-23 00:50:00,80.0,0
2026-08-23 00:55:00,92.73,0
2026-08-23 01:00:00,78.47,0
2026-08-23 01:05:00,78.24,0
2026-08-23 01:10:00,76.89,0
2026-08-23 01:15:00,63.19,0
2026-08-23 01:20:00,81.21,0
2026-08-23 01:25:00,77.76,0
2026-08-23 01:30:00,103.41,0
2026-08-23 01:35:00,67.59,0
2026-08-23 01:40:00,75.64,0
2026-08-23 01:45:00,71.47,0
2026-08-23 01:50:00,109.06,0
2026-08-23 01:55:00,72.02,0
2026-08-23 02:00:00,93.32,0
2026-08-23 02:05:00,100.56,0
2026-08-23 02:10:00,82.38,0
2026-08-23 02:15:00,66.11,0
2026-08-23 02:20:00,66.37,0
2026-08-23 02:25:00,99.22,0
2026-08-23 02:30:00,67.86,0
2026-08-23 02:35:00,91.55,0
2026-08-23 02:40:00,87.26,0
2026-08-23 02:45:00,91.68,0
2026-08-23 02:50:00,93.46,0
2026-08-23 02:55:00,72.74,0
2026-08-23 03:00:00,72.37,0
2026-08-23 03:05:00,98.36,0
2026-08-23 03:10:00,77.43,0
2026-08-23 03:15:00,53.01,0
2026-08-23 03:20:00,98.02,0
2026-08-23 03:25:00,72.6,0
2026-08-23 03:30:00,95.46,0
2026-08-23 03:35:00,113.15,0
2026-08-23 03:40:00,88.63,0
2026-08-23 03:45:00,106.1,0
2026-08-23 03:50:00,91.53,0
2026-08-23 03:55:00,118.94,0
2026-08-23 04:00:00,74.13,0
2026-08-23 04:05:00,90.0,0
2026-08-23 04:10:00,102.2,0
2026-08-23 04:15:00,87.89,0
2026-08-23 04:20:00,112.46,0
2026-08-23 04:25:00,84.98,0
2026-08-23 04:30:00,134.0,0
2026-08-23 04:35:00,136.01,0
2026-08-23 04:40:00,98.21,0
2026-08-23 04:45:00,103.7,0
2026-08-23 04:50:00,117.04,0
2026-08-23 04:55:00,76.74,0
2026-08-23 05:00:00,75.51,0
2026-08-23 05:05:00,120.68,0
2026-08-23 05:10:00,101.8,0
2026-08-23 05:15:00,93.68,0
2026-08-23 05:20:00,98.48,0
2026-08-23 05:25:00,64.44,0
2026-08-23 05:30:00,96.39,0
2026-08-23 05:35:00,87.79,0
2026-08-23 05:40:00,119.55,0
2026-08-23 05:45:00,122.21,0
2026-08-23 05:50:00,114.3,0
2026-08-23 05:55:00,111.58,0
2026-08-23 06:00:00,80.06,0
2026-08-23 06:05:00,117.64,0
2026-08-23 06:10:00,119.56,0
2026-08-23 06:15:00,134.83,0
2026-08-23 06:20:00,159.28,0
2026-08-23 06:25:00,81.0,0
2026-08-23 06:30:00,103.46,0
2026-08-23 06:35:00,98.06,0
2026-08-23 06:40:00,116.81,0
2026-08-23 06:45:00,114.7,0
2026-08-23 06:50:00,110.87,0
2026-08-23 06:55:00,140.65,0
2026-08-23 07:00:00,96.93,0
2026-08-23 07:05:00,99.08,0
2026-08-23 07:10:00,100.5,0
2026-08-23 07:15:00,114.55,0
2026-08-23 07:20:00,99.11,0
2026-08-23 07:25:00,124.0,0
2026-08-23 07:30:00,122.85,0
2026-08-23 07:35:00,111.16,0
2026-08-23 07:40:00,151.68,0
2026-08-23 07:45:00,129.78,0
2026-08-23 07:50:00,160.77,0
2026-08-23 07:55:00,129.77,0
2026-08-23 08:00:00,135.48,0
2026-08-23 08:05:00,124.48,0
2026-08-23 08:10:00,139.3,0
2026-08-23 08:15:00,160.53,0
2026-08-23 08:20:00,132.79,0
2026-08-23 08:25:00,158.95,0
2026-08-23 08:30:00,126.66,0
2026-08-23 08:35:00,170.2,0
2026-08-23 08:40:00,135.43,0
2026-08-23 08:45:00,177.45,0
2026-08-23 08:50:00,155.85,0
2026-08-23 08:55:00,205.24,0
2026-08-23 09:00:00,128.4,0
2026-08-23 09:05:00,122.68,0
2026-08-23 09:10:00,145.0,0
2026-08-23 09:15:00,127.84,0
2026-08-23 09:20:00,129.46,0
2026-08-23 09:25:00,187.98,0
2026-08-23 09:30:00,170.0,0
2026-08-23 09:35:00,157.95,0
2026-08-23 09:40:00,162.53,0
2026-08-23 09:45:00,158.36,0
2026-08-23 09:50:00,240.12,0
2026-08-23 09:55:00,158.11,0
2026-08-23 10:00:00,143.91,0
2026-08-23 10:05:00,213.11,0
2026-08-23 10:10:00,179.63,0
2026-08-23 10:15:00,272.54,0
2026-08-23 10:20:00,173.65,0
2026-08-23 10:25:00,224.7,0
2026-08-23 10:30:00,236.96,0
2026-08-23 10:35:00,179.41,0
2026-08-23 10:40:00,174.18,0
2026-08-23 10:45:00,229.82,0
2026-08-23 10:50:00,225.26,0
2026-08-23 10:55:00,159.1,0
2026-08-23 11:00:00,168.99,0
2026-08-23 11:05:00,132.38,0
2026-08-23 11:10:00,234.75,0
2026-08-23 11:15:00,202.98,0
2026-08-23 11:20:00,208.45,0
2026-08-23 11:25:00,159.63,0
2026-08-23 11:30:00,179.09,0
2026-08-23 11:35:00,201.84,0
2026-08-23 11:40:00,196.42,0
2026-08-23 11:45:00,228.14,0
2026-08-23 11:50:00,249.9,0
2026-08-23 11:55:00,340.9,0
2026-08-23 12:00:00,227.29,0
2026-08-23 12:05:00,280.66,0
2026-08-23 12:10:00,198.99,0
2026-08-23 12:15:00,171.94,0
2026-08-23 12:20:00,219.42,0
2026-08-23 12:25:00,176.32,0
2026-08-23 12:30:00,236.92,0
2026-08-23 12:35:00,206.35,0
2026-08-23 12:40:00,167.83,0
2026-08-23 12:45:00,327.54,0
2026-08-23 12:50:00,218.44,0
2026-08-23 12:55:00,179.89,0
2026-08-23 13:00:00,284.96,0
2026-08-23 13:05:00,213.33,0
2026-08-23 13:10:00,296.85,0
2026-08-23 13:15:00,214.37,0
2026-08-23 13:20:00,222.47,0
2026-08-23 13:25:00,261.49,0
2026-08-23 13:30:00,273.96,0
2026-08-23 13:35:00,283.19,0
2026-08-23 13:40:00,242.97,0
2026-08-23 13:45:00,271.85,0
2026-08-23 13:50:00,282.89,0
2026-08-23 13:55:00,256.56,0
2026-08-23 14:00:00,241.23,0
2026-08-23 14:05:00,190.78,0
2026-08-23 14:10:00,275.53,0
2026-08-23 14:15:00,249.06,0
2026-08-23 14:20:00,229.21,0
2026-08-23 14:25:00,310.38,0
2026-08-23 14:30:00,190.41,0
2026-08-23 14:35:00,330.39,0
2026-08-23 14:40:00,244.24,0
2026-08-23 14:45:00,259.01,0
2026-08-23 14:50:00,227.21,0
2026-08-23 14:55:00,180.17,0
2026-08-23 15:00:00,236.41,0
2026-08-23 15:05:00,256.56,0
2026-08-23 15:10:00,271.78,0
2026-08-23 15:15:00,231.25,0
2026-08-23 15:20:00,160.78,0
2026-08-23 15:25:00,179.93,0
2026-08-23 15:30:00,341.88,0
2026-08-23 15:35:00,193.1,0
2026-08-23 15:40:00,302.25,0
2026-08-23 15:45:00,196.47,0
2026-08-23 15:50:00,223.58,0
2026-08-23 15:55:00,256.95,0
2026-08-23 16:00:00,196.8,0
2026-08-23 16:05:00,301.77,0
2026-08-23 16:10:00,228.07,0
2026-08-23 16:15:00,242.67,0
2026-08-23 16:20:00,211.26,0
2026-08-23 16:25:00,247.67,0
2026-08-23 16:30:00,289.95,0
2026-08-23 16:35:00,211.39,0
2026-08-23 16:40:00,293.02,0
2026-08-23 16:45:00,190.59,0
2026-08-23 16:50:00,241.99,0
2026-08-23 16:55:00,228.22,0
2026-08-23 17:00:00,170.82,0
2026-08-23 17:05:00,213.14,0
2026-08-23 17:10:00,203.38,0
2026-08-23 17:15:00,172.48,0
2026-08-23 17:20:00,212.35,0
2026-08-23 17:25:00,202.32,0
2026-08-23 17:30:00,192.49,0
2026-08-23 17:35:00,190.6,0
2026-08-23 17:40:00,187.83,0
2026-08-23 17:45:00,176.73,0
2026-08-23 17:50:00,191.51,0
2026-08-23 17:55:00,164.45,0
2026-08-23 18:00:00,294.54,0
2026-08-23 18:05:00,140.05,0
2026-08-23 18:10:00,160.59,0
2026-08-23 18:15:00,160.99,0
2026-08-23 18:20:00,251.59,0
2026-08-23 18:25:00,135.77,0
2026-08-23 18:30:00,183.69,0
2026-08-23 18:35:00,175.77,0
2026-08-23 18:40:00,176.32,0
2026-08-23 18:45:00,204.9,0
2026-08-23 18:50:00,201.65,0
2026-08-23 18:55:00,147.54,0
2026-08-23 19:00:00,163.66,0
2026-08-23 19:05:00,111.59,0
2026-08-23 19:10:00,156.92,0
2026-08-23 19:15:00,131.96,0
2026-08-23 19:20:00,145.37,0
2026-08-23 19:25:00,109.61,0
2026-08-23 19:30:00,157.7,0
2026-08-23 19:35:00,106.69,0
2026-08-23 19:40:00,146.86,0
2026-08-23 19:45:00,113.24,0
2026-08-23 19:50:00,119.69,0
2026-08-23 19:55:00,169.58,0
2026-08-23 20:00:00,151.26,0
2026-08-23 20:05:00,165.3,0
2026-08-23 20:10:00,175.82,0
2026-08-23 20:15:00,114.14,0
2026-08-23 20:20:00,169.75,0
2026-08-23 20:25:00,98.38,0
2026-08-23 20:30:00,144.75,0
2026-08-23 20:35:00,114.46,0
2026-08-23 20:40:00,104.58,0
2026-08-23 20:45:00,136.53,0
2026-08-23 20:50:00,143.26,0
2026-08-23 20:55:00,140.9,0
2026-08-23 21:00:00,122.84,0
2026-08-23 21:05:00,119.71,0
2026-08-23 21:10:00,127.15,0
2026-08-23 21:15:00,120.85,0
2026-08-23 21:20:00,124.82,0
2026-08-23 21:25:00,116.27,0
2026-08-23 21:30:00,129.12,0
2026-08-23 21:35:00,81.96,0
2026-08-23 21:40:00,106.25,0
2026-08-23 21:45:00,84.0,0
2026-08-23 21:50:00,112.2,0
2026-08-23 21:55:00,142.15,0
2026-08-23 22:00:00,96.26,0
2026-08-23 22:05:00,106.32,0
2026-08-23 22:10:00,118.06,0
2026-08-23 22:15:00,70.42,0
2026-08-23 22:20:00,92.25,0
2026-08-23 22:25:00,107.35,0
2026-08-23 22:30:00,59.22,0
2026-08-23 22:35:00,83.04,0
2026-08-23 22:40:00,119.82,0
2026-08-23 22:45:00,116.89,0
2026-08-23 22:50:00,103.66,0
2026-08-23 22:55:00,112.82,0
2026-08-23 23:00:00,99.4,0
2026-08-23 23:05:00,105.01,0
2026-08-23 23:10:00,89.23,0
2026-08-23 23:15:00,95.86,0
2026-08-23 23:20:00,83.3,0
2026-08-23 23:25:00,116.53,0
2026-08-23 23:30:00,121.42,0
2026-08-23 23:35:00,117.75,0
2026-08-23 23:40:00,84.92,0
2026-08-23 23:45:00,76.61,0
2026-08-23 23:50:00,113.94,0
2026-08-23 23:55:00,99.41,0
2026-08-24 00:00:00,117.21,0
2026-08-24 00:05:00,98.6,0
2026-08-24 00:10:00,119.36,0
2026-08-24 00:15:00,90.97,0
2026-08-24 00:20:00,124.02,0
2026-08-24 00:25:00,141.87,0
2026-08-24 00:30:00,148.53,0
2026-08-24 00:35:00,125.86,0
2026-08-24 00:40:00,86.44,0
2026-08-24 00:45:00,114.92,0
2026-08-24 00:50:00,163.12,0
2026-08-24 00:55:00,94.97,0
2026-08-24 01:00:00,109.94,0
2026-08-24 01:05:00,143.41,0
2026-08-24 01:10:00,124.35,0
2026-08-24 01:15:00,174.04,0
2026-08-24 01:20:00,97.69,0
2026-08-24 01:25:00,93.36,0
2026-08-24 01:30:00,139.19,0
2026-08-24 01:35:00,90.13,0
2026-08-24 01:40:00,108.0,0
2026-08-24 01:45:00,110.71,0
2026-08-24 01:50:00,135.15,0
2026-08-24 01:55:00,125.42,0
2026-08-24 02:00:00,122.09,0
2026-08-24 02:05:00,104.73,0
2026-08-24 02:10:00,140.33,0
2026-08-24 02:15:00,233.11,0
2026-08-24 02:20:00,128.12,0
2026-08-24 02:25:00,115.37,0
2026-08-24 02:30:00,89.88,0
2026-08-24 02:35:00,101.41,0
2026-08-24 02:40:00,109.67,0
2026-08-24 02:45:00,103.74,0
2026-08-24 02:50:00,114.14,0
2026-08-24 02:55:00,158.01,0
2026-08-24 03:00:00,143.96,0
2026-08-24 03:05:00,112.06,0
2026-08-24 03:10:00,93.02,0
2026-08-24 03:15:00,147.5,0
2026-08-24 03:20:00,115.26,0
2026-08-24 03:25:00,85.48,0
2026-08-24 03:30:00,133.03,0
2026-08-24 03:35:00,141.22,0
2026-08-24 03:40:00,76.13,0
2026-08-24 03:45:00,101.94,0
2026-08-24 03:50:00,116.37,0
2026-08-24 03:55:00,136.02,0
2026-08-24 04:00:00,109.06,0
2026-08-24 04:05:00,103.46,0
2026-08-24 04:10:00,137.6,0
2026-08-24 04:15:00,111.47,0
2026-08-24 04:20:00,134.35,0
2026-08-24 04:25:00,100.27,0
2026-08-24 04:30:00,96.51,0
2026-08-24 04:35:00,141.8,0
2026-08-24 04:40:00,130.25,0
2026-08-24 04:45:00,147.79,0
2026-08-24 04:50:00,114.41,0
2026-08-24 04:55:00,109.8,0
2026-08-24 05:00:00,162.89,0
2026-08-24 05:05:00,97.57,0
2026-08-24 05:10:00,161.85,0
2026-08-24 05:15:00,165.02,0
2026-08-24 05:20:00,152.98,0
2026-08-24 05:25:00,116.63,0
2026-08-24 05:30:00,114.83,0
2026-08-24 05:35:00,129.07,0
2026-08-24 05:40:00,107.02,0
2026-08-24 05:45:00,114.57,0
2026-08-24 05:50:00,154.27,0
2026-08-24 05:55:00,155.73,0
2026-08-24 06:00:00,115.71,0
2026-08-24 06:05:00,159.29,0
2026-08-24 06:10:00,154.46,0
2026-08-24 06:15:00,188.54,0
2026-08-24 06:20:00,160.7,0
2026-08-24 06:25:00,177.22,0
2026-08-24 06:30:00,161.2,0
2026-08-24 06:35:00,178.26,0
2026-08-24 06:40:00,119.76,0
2026-08-24 06:45:00,149.26,0
2026-08-24 06:50:00,153.12,0
2026-08-24 06:55:00,149.17,0
2026-08-24 07:00:00,170.69,0
2026-08-24 07:05:00,178.61,0
2026-08-24 07:10:00,172.92,0
2026-08-24 07:15:00,157.86,0
2026-08-24 07:20:00,144.41,0
2026-08-24 07:25:00,203.2,0
2026-08-24 07:30:00,179.72,0
2026-08-24 07:35:00,142.15,0
2026-08-24 07:40:00,166.89,0
2026-08-24 07:45:00,127.8,0
2026-08-24 07:50:00,178.17,0
2026-08-24 07:55:00,172.92,0
2026-08-24 08:00:00,163.6,0
2026-08-24 08:05:00,244.3,0
2026-08-24 08:10:00,151.02,0
2026-08-24 08:15:00,213.82,0
2026-08-24 08:20:00,282.61,0
2026-08-24 08:25:00,234.36,0
2026-08-24 08:30:00,194.38,0
2026-08-24 08:35:00,161.4,0
2026-08-24 08:40:00,156.86,0
2026-08-24 08:45:00,188.48,0
2026-08-24 08:50:00,181.62,0
2026-08-24 08:55:00,182.83,0
2026-08-24 09:00:00,198.7,0
2026-08-24 09:05:00,209.47,0
2026-08-24 09:10:00,235.73,0
2026-08-24 09:15:00,175.02,0
2026-08-24 09:20:00,195.81,0
2026-08-24 09:25:00,217.76,0
2026-08-24 09:30:00,219.0,0
2026-08-24 09:35:00,319.52,0
2026-08-24 09:40:00,242.26,0
2026-08-24 09:45:00,175.84,0
2026-08-24 09:50:00,256.48,0
2026-08-24 09:55:00,265.49,0
2026-08-24 10:00:00,238.02,0
2026-08-24 10:05:00,197.91,0
2026-08-24 10:10:00,341.68,0
2026-08-24 10:15:00,207.66,0
2026-08-24 10:20:00,286.68,0
2026-08-24 10:25:00,266.72,0
2026-08-24 10:30:00,289.72,0
2026-08-24 10:35:00,357.26,0
2026-08-24 10:40:00,293.7,0
2026-08-24 10:45:00,242.5,0
2026-08-24 10:50:00,330.47,0
2026-08-24 10:55:00,244.09,0
2026-08-24 11:00:00,284.31,0
2026-08-24 11:05:00,220.78,0
2026-08-24 11:10:00,233.46,0
2026-08-24 11:15:00,286.33,0
2026-08-24 11:20:00,305.76,0
2026-08-24 11:25:00,212.42,0
2026-08-24 11:30:00,318.21,0
2026-08-24 11:35:00,253.08,0
2026-08-24 11:40:00,372.15,0
2026-08-24 11:45:00,279.53,0
2026-08-24 11:50:00,245.05,0
2026-08-24 11:55:00,306.25,0
2026-08-24 12:00:00,257.91,0
2026-08-24 12:05:00,384.7,0
2026-08-24 12:10:00,308.09,0
2026-08-24 12:15:00,301.57,0
2026-08-24 12:20:00,346.75,0
2026-08-24 12:25:00,261.56,0
2026-08-24 12:30:00,249.82,0
2026-08-24 12:35:00,340.78,0
2026-08-24 12:40:00,260.98,0
2026-08-24 12:45:00,262.12,0
2026-08-24 12:50:00,372.99,0
2026-08-24 12:55:00,354.0,0
2026-08-24 13:00:00,257.93,0
2026-08-24 13:05:00,290.1,0
2026-08-24 13:10:00,276.44,0
2026-08-24 13:15:00,449.06,0
2026-08-24 13:20:00,384.88,0
2026-08-24 13:25:00,303.77,0
2026-08-24 13:30:00,364.16,0
2026-08-24 13:35:00,257.59,0
2026-08-24 13:40:00,291.69,0
2026-08-24 13:45:00,335.85,0
2026-08-24 13:50:00,357.78,0
2026-08-24 13:55:00,324.21,0
2026-08-24 14:00:00,345.07,0
2026-08-24 14:05:00,334.64,0
2026-08-24 14:10:00,320.24,0
2026-08-24 14:15:00,312.46,0
2026-08-24 14:20:00,304.92,0
2026-08-24 14:25:00,342.83,0
2026-08-24 14:30:00,353.48,0
2026-08-24 14:35:00,339.58,0
2026-08-24 14:40:00,264.46,0
2026-08-24 14:45:00,272.49,0
2026-08-24 14:50:00,349.49,0
2026-08-24 14:55:00,422.66,0
2026-08-24 15:00:00,332.22,0
2026-08-24 15:05:00,299.07,0
2026-08-24 15:10:00,334.06,0
2026-08-24 15:15:00,260.39,0
2026-08-24 15:20:00,402.63,0
2026-08-24 15:25:00,327.44,0
2026-08-24 15:30:00,279.3,0
2026-08-24 15:35:00,304.15,0
2026-08-24 15:40:00,283.5,0
2026-08-24 15:45:00,392.45,0
2026-08-24 15:50:00,297.05,0
2026-08-24 15:55:00,314.82,0
2026-08-24 16:00:00,337.24,0
2026-08-24 16:05:00,264.38,0
2026-08-24 16:10:00,310.63,0
2026-08-24 16:15:00,312.89,0
2026-08-24 16:20:00,223.45,0
2026-08-24 16:25:00,306.95,0
2026-08-24 16:30:00,288.58,0
2026-08-24 16:35:00,295.42,0
2026-08-24 16:40:00,288.0,0
2026-08-24 16:45:00,297.24,0
2026-08-24 16:50:00,357.72,0
2026-08-24 16:55:00,225.34,0
2026-08-24 17:00:00,259.58,0
2026-08-24 17:05:00,308.32,0
2026-08-24 17:10:00,295.3,0
2026-08-24 17:15:00,291.27,0
2026-08-24 17:20:00,435.77,0
2026-08-24 17:25:00,293.47,0
2026-08-24 17:30:00,318.73,0
2026-08-24 17:35:00,243.45,0
2026-08-24 17:40:00,212.87,0
2026-08-24 17:45:00,237.92,0
2026-08-24 17:50:00,283.04,0
2026-08-24 17:55:00,264.92,0
2026-08-24 18:00:00,261.76,0
2026-08-24 18:05:00,231.55,0
2026-08-24 18:10:00,222.4,0
2026-08-24 18:15:00,227.62,0
2026-08-24 18:20:00,264.71,0
2026-08-24 18:25:00,267.1,0
2026-08-24 18:30:00,189.26,0
2026-08-24 18:35:00,257.07,0
2026-08-24 18:40:00,196.92,0
2026-08-24 18:45:00,237.96,0
2026-08-24 18:50:00,208.68,0
2026-08-24 18:55:00,282.82,0
2026-08-24 19:00:00,195.45,0
2026-08-24 19:05:00,214.91,0
2026-08-24 19:10:00,229.24,0
2026-08-24 19:15:00,173.43,0
2026-08-24 19:20:00,197.83,0
2026-08-24 19:25:00,188.67,0
2026-08-24 19:30:00,178.21,0
2026-08-24 19:35:00,178.36,0
2026-08-24 19:40:00,232.9,0
2026-08-24 19:45:00,169.06,0
2026-08-24 19:50:00,205.92,0
2026-08-24 19:55:00,194.38,0
2026-08-24 20:00:00,141.09,0
2026-08-24 20:05:00,196.77,0
2026-08-24 20:10:00,137.27,0
2026-08-24 20:15:00,195.84,0
2026-08-24 20:20:00,157.73,0
2026-08-24 20:25:00,171.02,0
2026-08-24 20:30:00,133.68,0
2026-08-24 20:35:00,170.5,0
2026-08-24 20:40:00,194.79,0
2026-08-24 20:45:00,140.94,0
2026-08-24 20:50:00,144.45,0
2026-08-24 20:55:00,172.92,0
2026-08-24 21:00:00,171.79,0
2026-08-24 21:05:00,100.57,0
2026-08-24 21:10:00,221.62,0
2026-08-24 21:15:00,167.79,0
2026-08-24 21:20:00,171.16,0
2026-08-24 21:25:00,145.62,0
2026-08-24 21:30:00,105.93,0
2026-08-24 21:35:00,165.39,0
2026-08-24 21:40:00,131.02,0
2026-08-24 21:45:00,158.45,0
2026-08-24 21:50:00,136.84,0
2026-08-24 21:55:00,147.21,0
2026-08-24 22:00:00,121.57,0
2026-08-24 22:05:00,161.88,0
2026-08-24 22:10:00,110.92,0
2026-08-24 22:15:00,204.08,0
2026-08-24 22:20:00,202.14,0
2026-08-24 22:25:00,179.84,0
2026-08-24 22:30:00,167.33,0
2026-08-24 22:35:00,130.01,0
2026-08-24 22:40:00,161.66,0
2026-08-24 22:45:00,127.87,0
2026-08-24 22:50:00,97.69,0
2026-08-24 22:55:00,168.22,0
2026-08-24 23:00:00,156.23,0
2026-08-24 23:05:00,125.99,0
2026-08-24 23:10:00,101.0,0
2026-08-24 23:15:00,112.64,0
2026-08-24 23:20:00,89.67,0
2026-08-24 23:25:00,146.72,0
2026-08-24 23:30:00,92.25,0
2026-08-24 23:35:00,128.96,0
2026-08-24 23:40:00,104.69,0
2026-08-24 23:45:00,93.81,0
2026-08-24 23:50:00,126.01,0
2026-08-24 23:55:00,113.17,0
2026-08-25 00:00:00,128.47,0
2026-08-25 00:05:00,87.97,0
2026-08-25 00:10:00,96.47,0
2026-08-25 00:15:00,71.96,0
2026-08-25 00:20:00,74.67,0
2026-08-25 00:25:00,152.99,0
2026-08-25 00:30:00,161.13,0
2026-08-25 00:35:00,112.66,0
2026-08-25 00:40:00,95.57,0
2026-08-25 00:45:00,105.11,0
2026-08-25 00:50:00,129.87,0
2026-08-25 00:55:00,101.23,0
2026-08-25 01:00:00,115.98,0
2026-08-25 01:05:00,110.94,0
2026-08-25 01:10:00,100.45,0
2026-08-25 01:15:00,101.3,0
2026-08-25 01:20:00,117.5,0
2026-08-25 01:25:00,93.57,0
2026-08-25 01:30:00,121.13,0
2026-08-25 01:35:00,102.68,0
2026-08-25 01:40:00,114.49,0
2026-08-25 01:45:00,143.71,0
2026-08-25 01:50:00,108.81,0
2026-08-25 01:55:00,132.52,0
2026-08-25 02:00:00,81.44,0
2026-08-25 02:05:00,103.46,0
2026-08-25 02:10:00,113.33,0
2026-08-25 02:15:00,159.66,0
2026-08-25 02:20:00,79.5,0
2026-08-25 02:25:00,111.38,0
2026-08-25 02:30:00,147.56,0
2026-08-25 02:35:00,98.76,0
2026-08-25 02:40:00,109.69,0
2026-08-25 02:45:00,121.24,0
2026-08-25 02:50:00,118.33,0
2026-08-25 02:55:00,152.09,0
2026-08-25 03:00:00,124.68,0
2026-08-25 03:05:00,146.44,0
2026-08-25 03:10:00,108.36,0
2026-08-25 03:15:00,101.47,0
2026-08-25 03:20:00,111.65,0
2026-08-25 03:25:00,94.68,0
2026-08-25 03:30:00,127.66,0
2026-08-25 03:35:00,109.53,0
2026-08-25 03:40:00,104.4,0
2026-08-25 03:45:00,129.36,0
2026-08-25 03:50:00,96.62,0
2026-08-25 03:55:00,136.9,0
2026-08-25 04:00:00,109.79,0
2026-08-25 04:05:00,148.06,0
2026-08-25 04:10:00,112.48,0
2026-08-25 04:15:00,135.89,0
2026-08-25 04:20:00,125.87,0
2026-08-25 04:25:00,140.02,0
2026-08-25 04:30:00,125.57,0
2026-08-25 04:35:00,91.75,0
2026-08-25 04:40:00,149.24,0
2026-08-25 04:45:00,123.22,0
2026-08-25 04:50:00,145.15,0
2026-08-25 04:55:00,143.46,0
2026-08-25 05:00:00,110.94,0
2026-08-25 05:05:00,108.85,0
2026-08-25 05:10:00,145.38,0
2026-08-25 05:15:00,123.2,0
2026-08-25 05:20:00,155.1,0
2026-08-25 05:25:00,127.84,0
2026-08-25 05:30:00,159.91,0
2026-08-25 05:35:00,144.66,0
2026-08-25 05:40:00,142.3,0
2026-08-25 05:45:00,127.35,0
2026-08-25 05:50:00,143.24,0
2026-08-25 05:55:00,171.74,0
2026-08-25 06:00:00,138.42,0
2026-08-25 06:05:00,155.18,0
2026-08-25 06:10:00,143.53,0
2026-08-25 06:15:00,146.93,0
2026-08-25 06:20:00,197.81,0
2026-08-25 06:25:00,181.84,0
2026-08-25 06:30:00,150.06,0
2026-08-25 06:35:00,155.32,0
2026-08-25 06:40:00,133.06,0
2026-08-25 06:45:00,147.89,0
2026-08-25 06:50:00,163.03,0
2026-08-25 06:55:00,181.65,0
2026-08-25 07:00:00,180.33,0
2026-08-25 07:05:00,130.5,0
2026-08-25 07:10:00,192.11,0
2026-08-25 07:15:00,160.39,0
2026-08-25 07:20:00,138.02,0
2026-08-25 07:25:00,212.14,0
2026-08-25 07:30:00,219.6,0
2026-08-25 07:35:00,179.06,0
2026-08-25 07:40:00,196.33,0
2026-08-25 07:45:00,200.81,0
2026-08-25 07:50:00,227.6,0
2026-08-25 07:55:00,204.31,0
2026-08-25 08:00:00,142.86,0
2026-08-25 08:05:00,263.73,0
2026-08-25 08:10:00,225.29,0
2026-08-25 08:15:00,171.79,0
2026-08-25 08:20:00,158.4,0
2026-08-25 08:25:00,211.41,0
2026-08-25 08:30:00,185.93,0
2026-08-25 08:35:00,210.06,0
2026-08-25 08:40:00,229.14,0
2026-08-25 08:45:00,183.3,0
2026-08-25 08:50:00,168.12,0
2026-08-25 08:55:00,223.08,0
2026-08-25 09:00:00,191.43,0
2026-08-25 09:05:00,515.02,1
2026-08-25 09:10:00,1146.09,1
2026-08-25 09:15:00,1908.59,1
2026-08-25 09:20:00,1785.9,1
2026-08-25 09:25:00,1608.73,1
2026-08-25 09:30:00,1383.0,1
2026-08-25 09:35:00,1607.38,1
2026-08-25 09:40:00,1508.54,1
2026-08-25 09:45:00,1337.95,1
2026-08-25 09:50:00,1469.49,1
2026-08-25 09:55:00,1368.1,1
2026-08-25 10:00:00,1317.03,1
2026-08-25 10:05:00,1229.16,1
2026-08-25 10:10:00,1183.64,1
2026-08-25 10:15:00,1010.16,1
2026-08-25 10:20:00,853.78,1
2026-08-25 10:25:00,1057.23,1
2026-08-25 10:30:00,742.89,1
2026-08-25 10:35:00,264.16,0
2026-08-25 10:40:00,254.86,0
2026-08-25 10:45:00,272.82,0
2026-08-25 10:50:00,280.45,0
2026-08-25 10:55:00,335.74,0
2026-08-25 11:00:00,280.31,0
2026-08-25 11:05:00,350.67,0
2026-08-25 11:10:00,275.3,0
2026-08-25 11:15:00,266.37,0
2026-08-25 11:20:00,253.69,0
2026-08-25 11:25:00,208.08,0
2026-08-25 11:30:00,305.78,0
2026-08-25 11:35:00,424.5,0
2026-08-25 11:40:00,320.99,0
2026-08-25 11:45:00,336.99,0
2026-08-25 11:50:00,278.49,0
2026-08-25 11:55:00,289.1,0
2026-08-25 12:00:00,363.13,0
2026-08-25 12:05:00,439.49,0
2026-08-25 12:10:00,402.68,0
2026-08-25 12:15:00,358.26,0
2026-08-25 12:20:00,313.69,0
2026-08-25 12:25:00,325.48,0
2026-08-25 12:30:00,275.1,0
2026-08-25 12:35:00,243.97,0
2026-08-25 12:40:00,259.71,0
2026-08-25 12:45:00,322.39,0
2026-08-25 12:50:00,304.41,0
2026-08-25 12:55:00,247.22,0
2026-08-25 13:00:00,321.07,0
2026-08-25 13:05:00,306.23,0
2026-08-25 13:10:00,263.37,0
2026-08-25 13:15:00,305.14,0
2026-08-25 13:20:00,308.61,0
2026-08-25 13:25:00,293.25,0
2026-08-25 13:30:00,387.88,0
2026-08-25 13:35:00,233.45,0
2026-08-25 13:40:00,230.29,0
2026-08-25 13:45:00,329.77,0
2026-08-25 13:50:00,335.57,0
2026-08-25 13:55:00,354.85,0
2026-08-25 14:00:00,299.49,0
2026-08-25 14:05:00,279.7,0
2026-08-25 14:10:00,329.38,0
2026-08-25 14:15:00,304.39,0
2026-08-25 14:20:00,435.27,0
2026-08-25 14:25:00,310.17,0
2026-08-25 14:30:00,325.16,0
2026-08-25 14:35:00,511.62,0
2026-08-25 14:40:00,315.7,0
2026-08-25 14:45:00,360.51,0
2026-08-25 14:50:00,365.41,0
2026-08-25 14:55:00,369.93,0
2026-08-25 15:00:00,340.52,0
2026-08-25 15:05:00,333.51,0
2026-08-25 15:10:00,326.69,0
2026-08-25 15:15:00,288.05,0
2026-08-25 15:20:00,337.31,0
2026-08-25 15:25:00,456.18,0
2026-08-25 15:30:00,391.78,0
2026-08-25 15:35:00,331.05,0
2026-08-25 15:40:00,363.62,0
2026-08-25 15:45:00,265.04,0
2026-08-25 15:50:00,293.95,0
2026-08-25 15:55:00,363.09,0
2026-08-25 16:00:00,397.51,0
2026-08-25 16:05:00,262.96,0
2026-08-25 16:10:00,274.97,0
2026-08-25 16:15:00,441.02,0
2026-08-25 16:20:00,300.75,0
2026-08-25 16:25:00,407.24,0
2026-08-25 16:30:00,302.01,0
2026-08-25 16:35:00,301.66,0
2026-08-25 16:40:00,270.85,0
2026-08-25 16:45:00,336.15,0
2026-08-25 16:50:00,359.04,0
2026-08-25 16:55:00,231.28,0
2026-08-25 17:00:00,259.09,0
2026-08-25 17:05:00,322.42,0
2026-08-25 17:10:00,264.57,0
2026-08-25 17:15:00,245.36,0
2026-08-25 17:20:00,318.36,0
2026-08-25 17:25:00,320.49,0
2026-08-25 17:30:00,239.81,0
2026-08-25 17:35:00,267.31,0
2026-08-25 17:40:00,204.77,0
2026-08-25 17:45:00,214.29,0
2026-08-25 17:50:00,254.62,0
2026-08-25 17:55:00,247.61,0
2026-08-25 18:00:00,204.55,0
2026-08-25 18:05:00,211.56,0
2026-08-25 18:10:00,196.38,0
2026-08-25 18:15:00,255.18,0
2026-08-25 18:20:00,163.05,0
2026-08-25 18:25:00,191.37,0
2026-08-25 18:30:00,162.21,0
2026-08-25 18:35:00,241.67,0
2026-08-25 18:40:00,160.04,0
2026-08-25 18:45:00,219.95,0
2026-08-25 18:50:00,290.17,0
2026-08-25 18:55:00,288.35,0
2026-08-25 19:00:00,152.24,0
2026-08-25 19:05:00,219.6,0
2026-08-25 19:10:00,172.01,0
2026-08-25 19:15:00,163.74,0
2026-08-25 19:20:00,196.39,0
2026-08-25 19:25:00,246.93,0
2026-08-25 19:30:00,217.76,0
2026-08-25 19:35:00,169.73,0
2026-08-25 19:40:00,216.45,0
2026-08-25 19:45:00,125.73,0
2026-08-25 19:50:00,162.39,0
2026-08-25 19:55:00,158.36,0
2026-08-25 20:00:00,184.0,0
2026-08-25 20:05:00,172.79,0
2026-08-25 20:10:00,172.59,0
2026-08-25 20:15:00,169.49,0
2026-08-25 20:20:00,173.51,0
2026-08-25 20:25:00,188.2,0
2026-08-25 20:30:00,173.35,0
2026-08-25 20:35:00,158.46,0
2026-08-25 20:40:00,177.22,0
2026-08-25 20:45:00,189.1,0
2026-08-25 20:50:00,145.79,0
2026-08-25 20:55:00,157.64,0
2026-08-25 21:00:00,194.23,0
2026-08-25 21:05:00,127.8,0
2026-08-25 21:10:00,213.38,0
2026-08-25 21:15:00,119.89,0
2026-08-25 21:20:00,141.88,0
2026-08-25 21:25:00,125.94,0
2026-08-25 21:30:00,219.33,0
2026-08-25 21:35:00,133.78,0
2026-08-25 21:40:00,132.55,0
2026-08-25 21:45:00,134.4,0
2026-08-25 21:50:00,144.8,0
2026-08-25 21:55:00,132.94,0
2026-08-25 22:00:00,136.47,0
2026-08-25 22:05:00,73.4,0
2026-08-25 22:10:00,138.79,0
2026-08-25 22:15:00,136.66,0
2026-08-25 22:20:00,162.89,0
2026-08-25 22:25:00,169.66,0
2026-08-25 22:30:00,128.59,0
2026-08-25 22:35:00,152.9,0
2026-08-25 22:40:00,107.47,0
2026-08-25 22:45:00,149.38,0
2026-08-25 22:50:00,116.56,0
2026-08-25 22:55:00,103.69,0
2026-08-25 23:00:00,123.31,0
2026-08-25 23:05:00,163.02,0
2026-08-25 23:10:00,130.09,0
2026-08-25 23:15:00,163.87,0
2026-08-25 23:20:00,108.77,0
2026-08-25 23:25:00,149.46,0
2026-08-25 23:30:00,109.47,0
2026-08-25 23:35:00,127.54,0
2026-08-25 23:40:00,126.71,0
2026-08-25 23:45:00,136.61,0
2026-08-25 23:50:00,126.29,0
2026-08-25 23:55:00,105.21,0
2026-08-26 00:00:00,129.45,0
2026-08-26 00:05:00,150.94,0
2026-08-26 00:10:00,99.53,0
2026-08-26 00:15:00,79.48,0
2026-08-26 00:20:00,121.05,0
2026-08-26 00:25:00,104.28,0
2026-08-26 00:30:00,108.16,0
2026-08-26 00:35:00,122.46,0
2026-08-26 00:40:00,102.11,0
2026-08-26 00:45:00,105.67,0
2026-08-26 00:50:00,108.99,0
2026-08-26 00:55:00,144.68,0
2026-08-26 01:00:00,111.72,0
2026-08-26 01:05:00,89.02,0
2026-08-26 01:10:00,89.73,0
2026-08-26 01:15:00,114.19,0
2026-08-26 01:20:00,90.96,0
2026-08-26 01:25:00,84.21,0
2026-08-26 01:30:00,125.2,0
2026-08-26 01:35:00,126.43,0
2026-08-26 01:40:00,104.72,0
2026-08-26 01:45:00,118.1,0
2026-08-26 01:50:00,116.02,0
2026-08-26 01:55:00,125.16,0
2026-08-26 02:00:00,125.38,0
2026-08-26 02:05:00,70.44,0
2026-08-26 02:10:00,107.99,0
2026-08-26 02:15:00,123.98,0
2026-08-26 02:20:00,105.07,0
2026-08-26 02:25:00,114.06,0
2026-08-26 02:30:00,129.95,0
2026-08-26 02:35:00,115.41,0
2026-08-26 02:40:00,149.51,0
2026-08-26 02:45:00,139.9,0
2026-08-26 02:50:00,112.05,0
2026-08-26 02:55:00,110.72,0
2026-08-26 03:00:00,68.85,0
2026-08-26 03:05:00,108.73,0
2026-08-26 03:10:00,90.62,0
2026-08-26 03:15:00,120.65,0
2026-08-26 03:20:00,119.53,0
2026-08-26 03:25:00,132.21,0
2026-08-26 03:30:00,150.46,0
2026-08-26 03:35:00,116.86,0
2026-08-26 03:40:00,177.62,0
2026-08-26 03:45:00,123.3,0
2026-08-26 03:50:00,93.76,0
2026-08-26 03:55:00,107.71,0
2026-08-26 04:00:00,111.9,0
2026-08-26 04:05:00,133.7,0
2026-08-26 04:10:00,101.79,0
2026-08-26 04:15:00,114.95,0
2026-08-26 04:20:00,118.38,0
2026-08-26 04:25:00,112.98,0
2026-08-26 04:30:00,142.47,0
2026-08-26 04:35:00,138.92,0
2026-08-26 04:40:00,153.54,0
2026-08-26 04:45:00,117.94,0
2026-08-26 04:50:00,156.35,0
2026-08-26 04:55:00,99.12,0
2026-08-26 05:00:00,99.31,0
2026-08-26 05:05:00,103.15,0
2026-08-26 05:10:00,129.42,0
2026-08-26 05:15:00,161.54,0
2026-08-26 05:20:00,117.58,0
2026-08-26 05:25:00,121.15,0
2026-08-26 05:30:00,127.93,0
2026-08-26 05:35:00,148.6,0
2026-08-26 05:40:00,123.98,0
2026-08-26 05:45:00,123.75,0
2026-08-26 05:50:00,107.82,0
2026-08-26 05:55:00,125.0,0
2026-08-26 06:00:00,172.77,0
2026-08-26 06:05:00,143.36,0
2026-08-26 06:10:00,124.59,0
2026-08-26 06:15:00,179.48,0
2026-08-26 06:20:00,130.55,0
2026-08-26 06:25:00,189.13,0
2026-08-26 06:30:00,190.45,0
2026-08-26 06:35:00,150.95,0
2026-08-26 06:40:00,115.28,0
2026-08-26 06:45:00,230.37,0
2026-08-26 06:50:00,165.33,0
2026-08-26 06:55:00,147.04,0
2026-08-26 07:00:00,187.17,0
2026-08-26 07:05:00,180.8,0
2026-08-26 07:10:00,204.02,0
2026-08-26 07:15:00,144.66,0
2026-08-26 07:20:00,174.58,0
2026-08-26 07:25:00,134.73,0
2026-08-26 07:30:00,190.26,0
2026-08-26 07:35:00,170.06,0
2026-08-26 07:40:00,181.78,0
2026-08-26 07:45:00,170.36,0
2026-08-26 07:50:00,169.22,0
2026-08-26 07:55:00,153.28,0
2026-08-26 08:00:00,209.16,0
2026-08-26 08:05:00,240.16,0
2026-08-26 08:10:00,168.23,0
2026-08-26 08:15:00,208.02,0
2026-08-26 08:20:00,206.08,0
2026-08-26 08:25:00,193.33,0
2026-08-26 08:30:00,148.51,0
2026-08-26 08:35:00,156.6,0
2026-08-26 08:40:00,174.16,0
2026-08-26 08:45:00,138.11,0
2026-08-26 08:50:00,264.81,0
2026-08-26 08:55:00,222.35,0
2026-08-26 09:00:00,209.59,0
2026-08-26 09:05:00,143.84,0
2026-08-26 09:10:00,155.56,0
2026-08-26 09:15:00,218.6,0
2026-08-26 09:20:00,315.65,0
2026-08-26 09:25:00,197.63,0
2026-08-26 09:30:00,265.0,0
2026-08-26 09:35:00,210.59,0
2026-08-26 09:40:00,234.66,0
2026-08-26 09:45:00,292.56,0
2026-08-26 09:50:00,223.52,0
2026-08-26 09:55:00,212.55,0
2026-08-26 10:00:00,314.23,0
2026-08-26 10:05:00,248.24,0
2026-08-26 10:10:00,303.03,0
2026-08-26 10:15:00,222.55,0
2026-08-26 10:20:00,327.87,0
2026-08-26 10:25:00,270.27,0
2026-08-26 10:30:00,281.19,0
2026-08-26 10:35:00,269.05,0
2026-08-26 10:40:00,242.38,0
2026-08-26 10:45:00,268.07,0
2026-08-26 10:50:00,250.08,0
2026-08-26 10:55:00,325.01,0
2026-08-26 11:00:00,266.16,0
2026-08-26 11:05:00,212.84,0
2026-08-26 11:10:00,207.83,0
2026-08-26 11:15:00,207.91,0
2026-08-26 11:20:00,319.83,0
2026-08-26 11:25:00,234.56,0
2026-08-26 11:30:00,307.12,0
2026-08-26 11:35:00,300.6,0
2026-08-26 11:40:00,292.16,0
2026-08-26 11:45:00,322.26,0
2026-08-26 11:50:00,308.65,0
2026-08-26 11:55:00,185.49,0
2026-08-26 12:00:00,286.94,0
2026-08-26 12:05:00,330.48,0
2026-08-26 12:10:00,413.87,0
2026-08-26 12:15:00,419.84,0
2026-08-26 12:20:00,243.89,0
2026-08-26 12:25:00,294.3,0
2026-08-26 12:30:00,237.67,0
2026-08-26 12:35:00,416.26,0
2026-08-26 12:40:00,381.73,0
2026-08-26 12:45:00,340.33,0
2026-08-26 12:50:00,330.58,0
2026-08-26 12:55:00,412.94,0
2026-08-26 13:00:00,401.98,0
2026-08-26 13:05:00,399.46,0
2026-08-26 13:10:00,353.15,0
2026-08-26 13:15:00,306.29,0
2026-08-26 13:20:00,375.38,0
2026-08-26 13:25:00,379.52,0
2026-08-26 13:30:00,317.21,0
2026-08-26 13:35:00,308.66,0
2026-08-26 13:40:00,403.74,0
2026-08-26 13:45:00,444.67,0
2026-08-26 13:50:00,288.19,0
2026-08-26 13:55:00,314.67,0
2026-08-26 14:00:00,351.52,0
2026-08-26 14:05:00,360.16,0
2026-08-26 14:10:00,300.21,0
2026-08-26 14:15:00,462.58,0
2026-08-26 14:20:00,355.23,0
2026-08-26 14:25:00,361.81,0
2026-08-26 14:30:00,450.56,0
2026-08-26 14:35:00,302.23,0
2026-08-26 14:40:00,321.8,0
2026-08-26 14:45:00,260.29,0
2026-08-26 14:50:00,315.34,0
2026-08-26 14:55:00,248.06,0
2026-08-26 15:00:00,369.81,0
2026-08-26 15:05:00,347.37,0
2026-08-26 15:10:00,305.23,0
2026-08-26 15:15:00,313.79,0
2026-08-26 15:20:00,364.84,0
2026-08-26 15:25:00,258.08,0
2026-08-26 15:30:00,326.86,0
2026-08-26 15:35:00,355.48,0
2026-08-26 15:40:00,226.16,0
2026-08-26 15:45:00,350.59,0
2026-08-26 15:50:00,227.92,0
2026-08-26 15:55:00,299.73,0
2026-08-26 16:00:00,246.68,0
2026-08-26 16:05:00,390.87,0
2026-08-26 16:10:00,243.58,0
2026-08-26 16:15:00,221.28,0
2026-08-26 16:20:00,302.76,0
2026-08-26 16:25:00,272.25,0
2026-08-26 16:30:00,221.93,0
2026-08-26 16:35:00,317.24,0
2026-08-26 16:40:00,199.95,0
2026-08-26 16:45:00,235.42,0
2026-08-26 16:50:00,253.53,0
2026-08-26 16:55:00,321.93,0
2026-08-26 17:00:00,348.56,0
2026-08-26 17:05:00,333.5,0
2026-08-26 17:10:00,263.45,0
2026-08-26 17:15:00,173.23,0
2026-08-26 17:20:00,284.81,0
2026-08-26 17:25:00,342.38,0
2026-08-26 17:30:00,324.69,0
2026-08-26 17:35:00,279.64,0
2026-08-26 17:40:00,205.47,0
2026-08-26 17:45:00,229.05,0
2026-08-26 17:50:00,352.66,0
2026-08-26 17:55:00,190.79,0
2026-08-26 18:00:00,198.0,0
2026-08-26 18:05:00,285.15,0
2026-08-26 18:10:00,220.12,0
2026-08-26 18:15:00,190.06,0
2026-08-26 18:20:00,305.9,0
2026-08-26 18:25:00,249.45,0
2026-08-26 18:30:00,211.78,0
2026-08-26 18:35:00,182.34,0
2026-08-26 18:40:00,320.05,0
2026-08-26 18:45:00,217.73,0
2026-08-26 18:50:00,277.79,0
2026-08-26 18:55:00,250.59,0
2026-08-26 19:00:00,191.86,0
2026-08-26 19:05:00,189.76,0
2026-08-26 19:10:00,266.65,0
2026-08-26 19:15:00,264.1,0
2026-08-26 19:20:00,142.98,0
2026-08-26 19:25:00,218.54,0
2026-08-26 19:30:00,191.26,0
2026-08-26 19:35:00,160.29,0
2026-08-26 19:40:00,199.85,0
2026-08-26 19:45:00,147.68,0
2026-08-26 19:50:00,170.99,0
2026-08-26 19:55:00,159.09,0
2026-08-26 20:00:00,165.81,0
2026-08-26 20:05:00,176.92,0
2026-08-26 20:10:00,147.46,0
2026-08-26 20:15:00,232.16,0
2026-08-26 20:20:00,188.86,0
2026-08-26 20:25:00,235.87,0
2026-08-26 20:30:00,163.96,0
2026-08-26 20:35:00,151.1,0
2026-08-26 20:40:00,226.24,0
2026-08-26 20:45:00,146.87,0
2026-08-26 20:50:00,156.04,0
2026-08-26 20:55:00,181.38,0
2026-08-26 21:00:00,126.11,0
2026-08-26 21:05:00,177.15,0
2026-08-26 21:10:00,171.27,0
2026-08-26 21:15:00,191.73,0
2026-08-26 21:20:00,177.21,0
2026-08-26 21:25:00,188.83,0
2026-08-26 21:30:00,145.02,0
2026-08-26 21:35:00,125.41,0
2026-08-26 21:40:00,212.06,0
2026-08-26 21:45:00,109.15,0
2026-08-26 21:50:00,110.1,0
2026-08-26 21:55:00,156.14,0
2026-08-26 22:00:00,187.26,0
2026-08-26 22:05:00,143.36,0
2026-08-26 22:10:00,164.44,0
2026-08-26 22:15:00,95.11,0
2026-08-26 22:20:00,123.5,0
2026-08-26 22:25:00,95.67,0
2026-08-26 22:30:00,153.07,0
2026-08-26 22:35:00,99.92,0
2026-08-26 22:40:00,104.11,0
2026-08-26 22:45:00,142.72,0
2026-08-26 22:50:00,156.42,0
2026-08-26 22:55:00,124.72,0
2026-08-26 23:00:00,141.28,0
2026-08-26 23:05:00,139.58,0
2026-08-26 23:10:00,121.13,0
2026-08-26 23:15:00,102.79,0
2026-08-26 23:20:00,137.78,0
2026-08-26 23:25:00,138.21,0
2026-08-26 23:30:00,144.6,0
2026-08-26 23:35:00,129.55,0
2026-08-26 23:40:00,98.75,0
2026-08-26 23:45:00,137.33,0
2026-08-26 23:50:00,120.69,0
2026-08-26 23:55:00,110.18,0
2026-08-27 00:00:00,104.77,0
2026-08-27 00:05:00,97.6,0
2026-08-27 00:10:00,129.74,0
2026-08-27 00:15:00,85.68,0
2026-08-27 00:20:00,92.52,0
2026-08-27 00:25:00,104.33,0
2026-08-27 00:30:00,148.07,0
2026-08-27 00:35:00,133.95,0
2026-08-27 00:40:00,82.5,0
2026-08-27 00:45:00,141.45,0
2026-08-27 00:50:00,141.49,0
2026-08-27 00:55:00,89.89,0
2026-08-27 01:00:00,70.58,0
2026-08-27 01:05:00,109.76,0
2026-08-27 01:10:00,136.19,0
2026-08-27 01:15:00,148.3,0
2026-08-27 01:20:00,95.29,0
2026-08-27 01:25:00,152.92,0
2026-08-27 01:30:00,74.78,0
2026-08-27 01:35:00,104.61,0
2026-08-27 01:40:00,103.8,0
2026-08-27 01:45:00,137.84,0
2026-08-27 01:50:00,141.68,0
2026-08-27 01:55:00,133.34,0
2026-08-27 02:00:00,88.18,0
2026-08-27 02:05:00,131.52,0
2026-08-27 02:10:00,123.59,0
2026-08-27 02:15:00,83.6,0
2026-08-27 02:20:00,77.98,0
2026-08-27 02:25:00,136.6,0
2026-08-27 02:30:00,109.91,0
2026-08-27 02:35:00,90.25,0
2026-08-27 02:40:00,109.78,0
2026-08-27 02:45:00,121.95,0
2026-08-27 02:50:00,112.77,0
2026-08-27 02:55:00,86.77,0
2026-08-27 03:00:00,161.49,0
2026-08-27 03:05:00,138.16,0
2026-08-27 03:10:00,108.85,0
2026-08-27 03:15:00,109.95,0
2026-08-27 03:20:00,124.06,0
2026-08-27 03:25:00,95.18,0
2026-08-27 03:30:00,124.01,0
2026-08-27 03:35:00,92.4,0
2026-08-27 03:40:00,116.33,0
2026-08-27 03:45:00,95.82,0
2026-08-27 03:50:00,97.06,0
2026-08-27 03:55:00,160.26,0
2026-08-27 04:00:00,120.95,0
2026-08-27 04:05:00,124.75,0
2026-08-27 04:10:00,84.05,0
2026-08-27 04:15:00,108.92,0
2026-08-27 04:20:00,132.41,0
2026-08-27 04:25:00,126.83,0
2026-08-27 04:30:00,83.54,0
2026-08-27 04:35:00,128.47,0
2026-08-27 04:40:00,132.95,0
2026-08-27 04:45:00,157.72,0
2026-08-27 04:50:00,111.91,0
2026-08-27 04:55:00,84.63,0
2026-08-27 05:00:00,106.56,0
2026-08-27 05:05:00,105.34,0
2026-08-27 05:10:00,147.53,0
2026-08-27 05:15:00,79.79,0
2026-08-27 05:20:00,120.88,0
2026-08-27 05:25:00,170.63,0
2026-08-27 05:30:00,133.18,0
2026-08-27 05:35:00,157.51,0
2026-08-27 05:40:00,100.55,0
2026-08-27 05:45:00,102.1,0
2026-08-27 05:50:00,177.93,0
2026-08-27 05:55:00,141.1,0
2026-08-27 06:00:00,142.4,0
2026-08-27 06:05:00,115.32,0
2026-08-27 06:10:00,144.94,0
2026-08-27 06:15:00,116.89,0
2026-08-27 06:20:00,179.6,0
2026-08-27 06:25:00,239.33,0
2026-08-27 06:30:00,161.4,0
2026-08-27 06:35:00,133.3,0
2026-08-27 06:40:00,95.69,0
2026-08-27 06:45:00,112.66,0
2026-08-27 06:50:00,203.99,0
2026-08-27 06:55:00,129.51,0
2026-08-27 07:00:00,147.4,0
2026-08-27 07:05:00,179.28,0
2026-08-27 07:10:00,210.41,0
2026-08-27 07:15:00,157.22,0
2026-08-27 07:20:00,153.28,0
2026-08-27 07:25:00,168.95,0
2026-08-27 07:30:00,150.72,0
2026-08-27 07:35:00,154.0,0
2026-08-27 07:40:00,186.11,0
2026-08-27 07:45:00,180.84,0
2026-08-27 07:50:00,259.84,0
2026-08-27 07:55:00,193.94,0
2026-08-27 08:00:00,223.19,0
2026-08-27 08:05:00,151.46,0
2026-08-27 08:10:00,204.4,0
2026-08-27 08:15:00,165.31,0
2026-08-27 08:20:00,204.72,0
2026-08-27 08:25:00,218.52,0
2026-08-27 08:30:00,197.25,0
2026-08-27 08:35:00,305.31,0
2026-08-27 08:40:00,259.19,0
2026-08-27 08:45:00,250.88,0
2026-08-27 08:50:00,235.84,0
2026-08-27 08:55:00,285.86,0
2026-08-27 09:00:00,162.7,0
2026-08-27 09:05:00,273.04,0
2026-08-27 09:10:00,180.72,0
2026-08-27 09:15:00,197.57,0
2026-08-27 09:20:00,244.94,0
2026-08-27 09:25:00,279.81,0
2026-08-27 09:30:00,184.31,0
2026-08-27 09:35:00,209.35,0
2026-08-27 09:40:00,236.46,0
2026-08-27 09:45:00,227.35,0
2026-08-27 09:50:00,277.41,0
2026-08-27 09:55:00,446.68,0
2026-08-27 10:00:00,262.52,0
2026-08-27 10:05:00,215.7,0
2026-08-27 10:10:00,197.17,0
2026-08-27 10:15:00,237.45,0
2026-08-27 10:20:00,214.9,0
2026-08-27 10:25:00,279.87,0
2026-08-27 10:30:00,282.07,0
2026-08-27 10:35:00,241.74,0
2026-08-27 10:40:00,379.47,0
2026-08-27 10:45:00,234.9,0
2026-08-27 10:50:00,265.06,0
2026-08-27 10:55:00,306.8,0
2026-08-27 11:00:00,324.15,0
2026-08-27 11:05:00,350.69,0
2026-08-27 11:10:00,303.73,0
2026-08-27 11:15:00,342.77,0
2026-08-27 11:20:00,253.87,0
2026-08-27 11:25:00,340.44,0
2026-08-27 11:30:00,342.43,0
2026-08-27 11:35:00,385.1,0
2026-08-27 11:40:00,218.9,0
2026-08-27 11:45:00,252.94,0
2026-08-27 11:50:00,347.89,0
2026-08-27 11:55:00,187.45,0
2026-08-27 12:00:00,332.31,0
2026-08-27 12:05:00,370.48,0
2026-08-27 12:10:00,277.71,0
2026-08-27 12:15:00,286.83,0
2026-08-27 12:20:00,256.91,0
2026-08-27 12:25:00,285.34,0
2026-08-27 12:30:00,288.33,0
2026-08-27 12:35:00,280.01,0
2026-08-27 12:40:00,278.56,0
2026-08-27 12:45:00,304.3,0
2026-08-27 12:50:00,304.9,0
2026-08-27 12:55:00,451.3,0
2026-08-27 13:00:00,301.09,0
2026-08-27 13:05:00,345.02,0
2026-08-27 13:10:00,293.2,0
2026-08-27 13:15:00,293.32,0
2026-08-27 13:20:00,240.58,0
2026-08-27 13:25:00,246.95,0
2026-08-27 13:30:00,264.18,0
2026-08-27 13:35:00,339.86,0
2026-08-27 13:40:00,399.61,0
2026-08-27 13:45:00,238.93,0
2026-08-27 13:50:00,298.77,0
2026-08-27 13:55:00,257.99,0
2026-08-27 14:00:00,314.67,0
2026-08-27 14:05:00,400.45,0
2026-08-27 14:10:00,304.32,0
2026-08-27 14:15:00,326.76,0
2026-08-27 14:20:00,427.83,0
2026-08-27 14:25:00,357.06,0
2026-08-27 14:30:00,286.31,0
2026-08-27 14:35:00,337.18,0
2026-08-27 14:40:00,281.72,0
2026-08-27 14:45:00,351.81,0
2026-08-27 14:50:00,356.89,0
2026-08-27 14:55:00,253.55,0
2026-08-27 15:00:00,333.58,0
2026-08-27 15:05:00,315.33,0
2026-08-27 15:10:00,353.89,0
2026-08-27 15:15:00,371.09,0
2026-08-27 15:20:00,346.66,0
2026-08-27 15:25:00,299.81,0
2026-08-27 15:30:00,372.7,0
2026-08-27 15:35:00,267.84,0
2026-08-27 15:40:00,245.76,0
2026-08-27 15:45:00,174.37,0
2026-08-27 15:50:00,304.2,0
2026-08-27 15:55:00,264.06,0
2026-08-27 16:00:00,326.72,0
2026-08-27 16:05:00,211.86,0
2026-08-27 16:10:00,266.99,0
2026-08-27 16:15:00,324.12,0
2026-08-27 16:20:00,245.57,0
2026-08-27 16:25:00,315.72,0
2026-08-27 16:30:00,263.21,0
2026-08-27 16:35:00,286.89,0
2026-08-27 16:40:00,318.52,0
2026-08-27 16:45:00,336.77,0
2026-08-27 16:50:00,285.91,0
2026-08-27 16:55:00,240.67,0
2026-08-27 17:00:00,254.22,0
2026-08-27 17:05:00,306.67,0
2026-08-27 17:10:00,225.34,0
2026-08-27 17:15:00,259.69,0
2026-08-27 17:20:00,247.65,0
2026-08-27 17:25:00,257.91,0
2026-08-27 17:30:00,216.83,0
2026-08-27 17:35:00,184.35,0
2026-08-27 17:40:00,279.54,0
2026-08-27 17:45:00,299.48,0
2026-08-27 17:50:00,180.34,0
2026-08-27 17:55:00,263.12,0
2026-08-27 18:00:00,295.84,0
2026-08-27 18:05:00,267.91,0
2026-08-27 18:10:00,220.69,0
2026-08-27 18:15:00,198.39,0
2026-08-27 18:20:00,235.75,0
2026-08-27 18:25:00,240.06,0
2026-08-27 18:30:00,230.79,0
2026-08-27 18:35:00,216.96,0
2026-08-27 18:40:00,182.19,0
2026-08-27 18:45:00,235.98,0
2026-08-27 18:50:00,235.12,0
2026-08-27 18:55:00,221.21,0
2026-08-27 19:00:00,214.98,0
2026-08-27 19:05:00,281.56,0
2026-08-27 19:10:00,183.68,0
2026-08-27 19:15:00,255.63,0
2026-08-27 19:20:00,175.64,0
2026-08-27 19:25:00,241.68,0
2026-08-27 19:30:00,244.08,0
2026-08-27 19:35:00,183.13,0
2026-08-27 19:40:00,257.09,0
2026-08-27 19:45:00,204.88,0
2026-08-27 19:50:00,158.8,0
2026-08-27 19:55:00,171.71,0
2026-08-27 20:00:00,222.46,0
2026-08-27 20:05:00,211.6,0
2026-08-27 20:10:00,146.34,0
2026-08-27 20:15:00,170.58,0
2026-08-27 20:20:00,179.26,0
2026-08-27 20:25:00,155.85,0
2026-08-27 20:30:00,257.97,0
2026-08-27 20:35:00,173.95,0
2026-08-27 20:40:00,163.03,0
2026-08-27 20:45:00,201.93,0
2026-08-27 20:50:00,150.88,0
2026-08-27 20:55:00,191.01,0
2026-08-27 21:00:00,116.71,0
2026-08-27 21:05:00,143.64,0
2026-08-27 21:10:00,186.24,0
2026-08-27 21:15:00,202.4,0
2026-08-27 21:20:00,131.36,0
2026-08-27 21:25:00,127.32,0
2026-08-27 21:30:00,163.84,0
2026-08-27 21:35:00,130.93,0
2026-08-27 21:40:00,138.21,0
2026-08-27 21:45:00,168.22,0
2026-08-27 21:50:00,129.05,0
2026-08-27 21:55:00,99.01,0
2026-08-27 22:00:00,110.59,0
2026-08-27 22:05:00,138.8,0
2026-08-27 22:10:00,98.22,0
2026-08-27 22:15:00,129.13,0
2026-08-27 22:20:00,105.17,0
2026-08-27 22:25:00,180.07,0
2026-08-27 22:30:00,196.4,0
2026-08-27 22:35:00,109.11,0
2026-08-27 22:40:00,137.24,0
2026-08-27 22:45:00,109.45,0
2026-08-27 22:50:00,122.21,0
2026-08-27 22:55:00,177.56,0
2026-08-27 23:00:00,117.23,0
2026-08-27 23:05:00,120.34,0
2026-08-27 23:10:00,106.27,0
2026-08-27 23:15:00,153.86,0
2026-08-27 23:20:00,69.17,0
2026-08-27 23:25:00,114.29,0
2026-08-27 23:30:00,122.1,0
2026-08-27 23:35:00,108.73,0
2026-08-27 23:40:00,142.36,0
2026-08-27 23:45:00,150.57,0
2026-08-27 23:50:00,93.62,0
2026-08-27 23:55:00,175.18,0
2026-08-28 00:00:00,85.51,0
2026-08-28 00:05:00,139.37,0
2026-08-28 00:10:00,113.58,0
2026-08-28 00:15:00,101.01,0
2026-08-28 00:20:00,102.78,0
2026-08-28 00:25:00,110.02,0
2026-08-28 00:30:00,114.97,0
2026-08-28 00:35:00,93.88,0
2026-08-28 00:40:00,106.28,0
2026-08-28 00:45:00,96.55,0
2026-08-28 00:50:00,89.18,0
2026-08-28 00:55:00,95.85,0
2026-08-28 01:00:00,90.34,0
2026-08-28 01:05:00,103.1,0
2026-08-28 01:10:00,120.29,0
2026-08-28 01:15:00,113.81,0
2026-08-28 01:20:00,159.03,0
2026-08-28 01:25:00,74.94,0
2026-08-28 01:30:00,121.51,0
2026-08-28 01:35:00,111.91,0
2026-08-28 01:40:00,129.59,0
2026-08-28 01:45:00,127.44,0
2026-08-28 01:50:00,108.87,0
2026-08-28 01:55:00,115.84,0
2026-08-28 02:00:00,98.35,0
2026-08-28 02:05:00,125.75,0
2026-08-28 02:10:00,80.41,0
2026-08-28 02:15:00,129.89,0
2026-08-28 02:20:00,112.66,0
2026-08-28 02:25:00,103.81,0
2026-08-28 02:30:00,108.87,0
2026-08-28 02:35:00,110.53,0
2026-08-28 02:40:00,143.95,0
2026-08-28 02:45:00,204.41,0
2026-08-28 02:50:00,142.58,0
2026-08-28 02:55:00,103.63,0
2026-08-28 03:00:00,128.82,0
2026-08-28 03:05:00,130.17,0
2026-08-28 03:10:00,97.88,0
2026-08-28 03:15:00,92.4,0
2026-08-28 03:20:00,114.97,0
2026-08-28 03:25:00,134.89,0
2026-08-28 03:30:00,87.55,0
2026-08-28 03:35:00,103.12,0
2026-08-28 03:40:00,130.61,0
2026-08-28 03:45:00,119.14,0
2026-08-28 03:50:00,153.17,0
2026-08-28 03:55:00,92.44,0
2026-08-28 04:00:00,182.75,0
2026-08-28 04:05:00,91.12,0
2026-08-28 04:10:00,83.78,0
2026-08-28 04:15:00,120.0,0
2026-08-28 04:20:00,99.36,0
2026-08-28 04:25:00,121.62,0
2026-08-28 04:30:00,121.49,0
2026-08-28 04:35:00,119.49,0
2026-08-28 04:40:00,106.95,0
2026-08-28 04:45:00,135.32,0
2026-08-28 04:50:00,118.93,0
2026-08-28 04:55:00,154.54,0
2026-08-28 05:00:00,123.43,0
2026-08-28 05:05:00,107.88,0
2026-08-28 05:10:00,95.36,0
2026-08-28 05:15:00,126.14,0
2026-08-28 05:20:00,104.28,0
2026-08-28 05:25:00,103.53,0
2026-08-28 05:30:00,146.25,0
2026-08-28 05:35:00,97.34,0
2026-08-28 05:40:00,174.22,0
2026-08-28 05:45:00,140.2,0
2026-08-28 05:50:00,136.29,0
2026-08-28 05:55:00,115.01,0
2026-08-28 06:00:00,160.39,0
2026-08-28 06:05:00,140.96,0
2026-08-28 06:10:00,125.8,0
2026-08-28 06:15:00,148.93,0
2026-08-28 06:20:00,107.15,0
2026-08-28 06:25:00,109.12,0
2026-08-28 06:30:00,120.92,0
2026-08-28 06:35:00,159.14,0
2026-08-28 06:40:00,150.89,0
2026-08-28 06:45:00,184.27,0
2026-08-28 06:50:00,130.66,0
2026-08-28 06:55:00,172.85,0
2026-08-28 07:00:00,154.38,0
2026-08-28 07:05:00,134.46,0
2026-08-28 07:10:00,172.7,0
2026-08-28 07:15:00,161.05,0
2026-08-28 07:20:00,147.21,0
2026-08-28 07:25:00,168.05,0
2026-08-28 07:30:00,164.86,0
2026-08-28 07:35:00,166.1,0
2026-08-28 07:40:00,160.44,0
2026-08-28 07:45:00,138.29,0
2026-08-28 07:50:00,179.44,0
2026-08-28 07:55:00,155.1,0
2026-08-28 08:00:00,150.98,0
2026-08-28 08:05:00,175.89,0
2026-08-28 08:10:00,212.23,0
2026-08-28 08:15:00,194.69,0
2026-08-28 08:20:00,173.27,0
2026-08-28 08:25:00,174.18,0
2026-08-28 08:30:00,219.19,0
2026-08-28 08:35:00,128.59,0
2026-08-28 08:40:00,231.38,0
2026-08-28 08:45:00,144.86,0
2026-08-28 08:50:00,159.3,0
2026-08-28 08:55:00,189.71,0
2026-08-28 09:00:00,311.43,0
2026-08-28 09:05:00,288.56,0
2026-08-28 09:10:00,245.31,0
2026-08-28 09:15:00,233.19,0
2026-08-28 09:20:00,158.34,0
2026-08-28 09:25:00,230.52,0
2026-08-28 09:30:00,205.49,0
2026-08-28 09:35:00,198.2,0
2026-08-28 09:40:00,238.91,0
2026-08-28 09:45:00,215.99,0
2026-08-28 09:50:00,278.17,0
2026-08-28 09:55:00,169.85,0
2026-08-28 10:00:00,246.75,0
2026-08-28 10:05:00,210.18,0
2026-08-28 10:10:00,231.29,0
2026-08-28 10:15:00,265.96,0
2026-08-28 10:20:00,208.16,0
2026-08-28 10:25:00,265.0,0
2026-08-28 10:30:00,250.28,0
2026-08-28 10:35:00,233.3,0
2026-08-28 10:40:00,243.9,0
2026-08-28 10:45:00,260.79,0
2026-08-28 10:50:00,235.86,0
2026-08-28 10:55:00,273.8,0
2026-08-28 11:00:00,262.58,0
2026-08-28 11:05:00,249.61,0
2026-08-28 11:10:00,374.35,0
2026-08-28 11:15:00,305.71,0
2026-08-28 11:20:00,267.11,0
2026-08-28 11:25:00,296.26,0
2026-08-28 11:30:00,241.87,0
2026-08-28 11:35:00,271.12,0
2026-08-28 11:40:00,279.03,0
2026-08-28 11:45:00,237.94,0
2026-08-28 11:50:00,321.64,0
2026-08-28 11:55:00,275.82,0
2026-08-28 12:00:00,285.3,0
2026-08-28 12:05:00,276.35,0
2026-08-28 12:10:00,524.76,0
2026-08-28 12:15:00,275.08,0
2026-08-28 12:20:00,214.8,0
2026-08-28 12:25:00,235.0,0
2026-08-28 12:30:00,361.2,0
2026-08-28 12:35:00,402.74,0
2026-08-28 12:40:00,281.37,0
2026-08-28 12:45:00,402.23,0
2026-08-28 12:50:00,366.66,0
2026-08-28 12:55:00,311.28,0
2026-08-28 13:00:00,308.43,0
2026-08-28 13:05:00,335.03,0
2026-08-28 13:10:00,380.93,0
2026-08-28 13:15:00,350.35,0
2026-08-28 13:20:00,289.46,0
2026-08-28 13:25:00,317.56,0
2026-08-28 13:30:00,468.96,0
2026-08-28 13:35:00,344.02,0
2026-08-28 13:40:00,385.01,0
2026-08-28 13:45:00,363.21,0
2026-08-28 13:50:00,346.44,0
2026-08-28 13:55:00,336.47,0
2026-08-28 14:00:00,387.85,0
2026-08-28 14:05:00,375.52,0
2026-08-28 14:10:00,345.85,0
2026-08-28 14:15:00,290.88,0
2026-08-28 14:20:00,352.9,0
2026-08-28 14:25:00,324.87,0
2026-08-28 14:30:00,310.57,0
2026-08-28 14:35:00,530.7,0
2026-08-28 14:40:00,247.85,0
2026-08-28 14:45:00,387.59,0
2026-08-28 14:50:00,278.49,0
2026-08-28 14:55:00,332.05,0
2026-08-28 15:00:00,513.22,0
2026-08-28 15:05:00,270.85,0
2026-08-28 15:10:00,281.64,0
2026-08-28 15:15:00,318.51,0
2026-08-28 15:20:00,273.12,0
2026-08-28 15:25:00,371.24,0
2026-08-28 15:30:00,286.16,0
2026-08-28 15:35:00,352.58,0
2026-08-28 15:40:00,245.38,0
2026-08-28 15:45:00,223.88,0
2026-08-28 15:50:00,295.63,0
2026-08-28 15:55:00,230.84,0
2026-08-28 16:00:00,399.74,0
2026-08-28 16:05:00,229.38,0
2026-08-28 16:10:00,248.87,0
2026-08-28 16:15:00,320.83,0
2026-08-28 16:20:00,265.97,0
2026-08-28 16:25:00,223.16,0
2026-08-28 16:30:00,420.06,0
2026-08-28 16:35:00,240.98,0
2026-08-28 16:40:00,276.23,0
2026-08-28 16:45:00,273.21,0
2026-08-28 16:50:00,319.54,0
2026-08-28 16:55:00,302.83,0
2026-08-28 17:00:00,237.89,0
2026-08-28 17:05:00,257.88,0
2026-08-28 17:10:00,259.98,0
2026-08-28 17:15:00,306.85,0
2026-08-28 17:20:00,215.12,0
2026-08-28 17:25:00,377.84,0
2026-08-28 17:30:00,226.81,0
2026-08-28 17:35:00,256.88,0
2026-08-28 17:40:00,206.57,0
2026-08-28 17:45:00,199.3,0
2026-08-28 17:50:00,212.73,0
2026-08-28 17:55:00,206.75,0
2026-08-28 18:00:00,225.94,0
2026-08-28 18:05:00,201.78,0
2026-08-28 18:10:00,269.61,0
2026-08-28 18:15:00,204.2,0
2026-08-28 18:20:00,197.81,0
2026-08-28 18:25:00,213.91,0
2026-08-28 18:30:00,271.23,0
2026-08-28 18:35:00,232.95,0
2026-08-28 18:40:00,217.46,0
2026-08-28 18:45:00,168.97,0
2026-08-28 18:50:00,175.86,0
2026-08-28 18:55:00,169.5,0
2026-08-28 19:00:00,266.61,0
2026-08-28 19:05:00,228.97,0
2026-08-28 19:10:00,176.0,0
2026-08-28 19:15:00,183.37,0
2026-08-28 19:20:00,172.77,0
2026-08-28 19:25:00,168.77,0
2026-08-28 19:30:00,212.37,0
2026-08-28 19:35:00,183.31,0
2026-08-28 19:40:00,277.29,0
2026-08-28 19:45:00,235.82,0
2026-08-28 19:50:00,235.39,0
2026-08-28 19:55:00,207.27,0
2026-08-28 20:00:00,168.13,0
2026-08-28 20:05:00,199.57,0
2026-08-28 20:10:00,166.26,0
2026-08-28 20:15:00,234.56,0
2026-08-28 20:20:00,185.86,0
2026-08-28 20:25:00,179.02,0
2026-08-28 20:30:00,172.66,0
2026-08-28 20:35:00,228.14,0
2026-08-28 20:40:00,127.36,0
2026-08-28 20:45:00,226.89,0
2026-08-28 20:50:00,155.82,0
2026-08-28 20:55:00,123.7,0
2026-08-28 21:00:00,137.62,0
2026-08-28 21:05:00,115.8,0
2026-08-28 21:10:00,173.45,0
2026-08-28 21:15:00,126.56,0
2026-08-28 21:20:00,155.63,0
2026-08-28 21:25:00,183.28,0
2026-08-28 21:30:00,131.08,0
2026-08-28 21:35:00,139.57,0
2026-08-28 21:40:00,114.72,0
2026-08-28 21:45:00,133.97,0
2026-08-28 21:50:00,226.22,0
2026-08-28 21:55:00,162.23,0
2026-08-28 22:00:00,133.27,0
2026-08-28 22:05:00,124.11,0
2026-08-28 22:10:00,136.32,0
2026-08-28 22:15:00,139.45,0
2026-08-28 22:20:00,125.3,0
2026-08-28 22:25:00,147.46,0
2026-08-28 22:30:00,112.03,0
2026-08-28 22:35:00,111.09,0
2026-08-28 22:40:00,140.07,0
2026-08-28 22:45:00,105.42,0
2026-08-28 22:50:00,147.32,0
2026-08-28 22:55:00,128.01,0
2026-08-28 23:00:00,91.75,0
2026-08-28 23:05:00,129.22,0
2026-08-28 23:10:00,92.98,0
2026-08-28 23:15:00,141.82,0
2026-08-28 23:20:00,119.01,0
2026-08-28 23:25:00,172.71,0
2026-08-28 23:30:00,149.29,0
2026-08-28 23:35:00,101.19,0
2026-08-28 23:40:00,84.7,0
2026-08-28 23:45:00,105.87,0
2026-08-28 23:50:00,96.9,0
2026-08-28 23:55:00,166.94,0
2026-08-29 00:00:00,82.71,0
2026-08-29 00:05:00,98.05,0
2026-08-29 00:10:00,78.77,0
2026-08-29 00:15:00,80.31,0
2026-08-29 00:20:00,82.5,0
2026-08-29 00:25:00,101.31,0
2026-08-29 00:30:00,87.85,0
2026-08-29 00:35:00,68.69,0
2026-08-29 00:40:00,111.34,0
2026-08-29 00:45:00,78.91,0
2026-08-29 00:50:00,76.68,0
2026-08-29 00:55:00,50.05,0
2026-08-29 01:00:00,93.42,0
2026-08-29 01:05:00,84.93,0
2026-08-29 01:10:00,84.97,0
2026-08-29 01:15:00,77.68,0
2026-08-29 01:20:00,75.37,0
2026-08-29 01:25:00,78.29,0
2026-08-29 01:30:00,91.03,0
2026-08-29 01:35:00,94.05,0
2026-08-29 01:40:00,80.5,0
2026-08-29 01:45:00,99.67,0
2026-08-29 01:50:00,82.93,0
2026-08-29 01:55:00,76.91,0
2026-08-29 02:00:00,87.4,0
2026-08-29 02:05:00,66.12,0
2026-08-29 02:10:00,88.19,0
2026-08-29 02:15:00,64.17,0
2026-08-29 02:20:00,70.52,0
2026-08-29 02:25:00,59.1,0
2026-08-29 02:30:00,82.5,0
2026-08-29 02:35:00,113.98,0
2026-08-29 02:40:00,83.7,0
2026-08-29 02:45:00,96.18,0
2026-08-29 02:50:00,131.11,0
2026-08-29 02:55:00,92.54,0
2026-08-29 03:00:00,75.16,0
2026-08-29 03:05:00,77.24,0
2026-08-29 03:10:00,86.72,0
2026-08-29 03:15:00,77.59,0
2026-08-29 03:20:00,78.88,0
2026-08-29 03:25:00,104.46,0
2026-08-29 03:30:00,105.57,0
2026-08-29 03:35:00,65.47,0
2026-08-29 03:40:00,76.27,0
2026-08-29 03:45:00,81.58,0
2026-08-29 03:50:00,99.16,0
2026-08-29 03:55:00,109.8,0
2026-08-29 04:00:00,145.97,0
2026-08-29 04:05:00,82.89,0
2026-08-29 04:10:00,84.01,0
2026-08-29 04:15:00,101.12,0
2026-08-29 04:20:00,80.84,0
2026-08-29 04:25:00,89.55,0
2026-08-29 04:30:00,85.69,0
2026-08-29 04:35:00,57.91,0
2026-08-29 04:40:00,95.44,0
2026-08-29 04:45:00,90.85,0
2026-08-29 04:50:00,118.72,0
2026-08-29 04:55:00,95.12,0
2026-08-29 05:00:00,76.29,0
2026-08-29 05:05:00,91.88,0
2026-08-29 05:10:00,66.51,0
2026-08-29 05:15:00,78.47,0
2026-08-29 05:20:00,110.19,0
2026-08-29 05:25:00,94.69,0
2026-08-29 05:30:00,117.77,0
2026-08-29 05:35:00,70.56,0
2026-08-29 05:40:00,97.01,0
2026-08-29 05:45:00,93.79,0
2026-08-29 05:50:00,122.37,0
2026-08-29 05:55:00,117.29,0
2026-08-29 06:00:00,117.68,0
2026-08-29 06:05:00,139.6,0
2026-08-29 06:10:00,99.91,0
2026-08-29 06:15:00,137.03,0
2026-08-29 06:20:00,90.15,0
2026-08-29 06:25:00,90.43,0
2026-08-29 06:30:00,127.05,0
2026-08-29 06:35:00,85.48,0
2026-08-29 06:40:00,125.53,0
2026-08-29 06:45:00,116.53,0
2026-08-29 06:50:00,140.26,0
2026-08-29 06:55:00,115.65,0
2026-08-29 07:00:00,119.38,0
2026-08-29 07:05:00,130.97,0
2026-08-29 07:10:00,107.26,0
2026-08-29 07:15:00,107.64,0
2026-08-29 07:20:00,134.67,0
2026-08-29 07:25:00,124.43,0
2026-08-29 07:30:00,117.62,0
2026-08-29 07:35:00,126.18,0
2026-08-29 07:40:00,172.7,0
2026-08-29 07:45:00,121.12,0
2026-08-29 07:50:00,121.96,0
2026-08-29 07:55:00,98.84,0
2026-08-29 08:00:00,135.03,0
2026-08-29 08:05:00,155.05,0
2026-08-29 08:10:00,162.13,0
2026-08-29 08:15:00,144.0,0
2026-08-29 08:20:00,169.83,0
2026-08-29 08:25:00,165.16,0
2026-08-29 08:30:00,179.13,0
2026-08-29 08:35:00,177.24,0
2026-08-29 08:40:00,199.43,0
2026-08-29 08:45:00,147.65,0
2026-08-29 08:50:00,121.39,0
2026-08-29 08:55:00,175.89,0
2026-08-29 09:00:00,181.88,0
2026-08-29 09:05:00,212.28,0
2026-08-29 09:10:00,204.04,0
2026-08-29 09:15:00,232.8,0
2026-08-29 09:20:00,185.64,0
2026-08-29 09:25:00,175.15,0
2026-08-29 09:30:00,132.59,0
2026-08-29 09:35:00,182.01,0
2026-08-29 09:40:00,157.76,0
2026-08-29 09:45:00,183.17,0
2026-08-29 09:50:00,180.17,0
2026-08-29 09:55:00,196.49,0
2026-08-29 10:00:00,179.41,0
2026-08-29 10:05:00,218.51,0
2026-08-29 10:10:00,114.39,0
2026-08-29 10:15:00,195.39,0
2026-08-29 10:20:00,237.03,0
2026-08-29 10:25:00,270.19,0
2026-08-29 10:30:00,222.48,0
2026-08-29 10:35:00,266.88,0
2026-08-29 10:40:00,205.24,0
2026-08-29 10:45:00,201.22,0
2026-08-29 10:50:00,223.42,0
2026-08-29 10:55:00,204.97,0
2026-08-29 11:00:00,179.85,0
2026-08-29 11:05:00,190.47,0
2026-08-29 11:10:00,172.63,0
2026-08-29 11:15:00,234.0,0
2026-08-29 11:20:00,215.06,0
2026-08-29 11:25:00,202.85,0
2026-08-29 11:30:00,197.06,0
2026-08-29 11:35:00,240.91,0
2026-08-29 11:40:00,255.12,0
2026-08-29 11:45:00,182.23,0
2026-08-29 11:50:00,178.44,0
2026-08-29 11:55:00,269.04,0
2026-08-29 12:00:00,178.09,0
2026-08-29 12:05:00,253.38,0
2026-08-29 12:10:00,309.1,0
2026-08-29 12:15:00,311.1,0
2026-08-29 12:20:00,266.99,0
2026-08-29 12:25:00,267.06,0
2026-08-29 12:30:00,354.4,0
2026-08-29 12:35:00,156.0,0
2026-08-29 12:40:00,219.45,0
2026-08-29 12:45:00,279.18,0
2026-08-29 12:50:00,226.45,0
2026-08-29 12:55:00,301.95,0
2026-08-29 13:00:00,240.71,0
2026-08-29 13:05:00,249.06,0
2026-08-29 13:10:00,232.19,0
2026-08-29 13:15:00,222.67,0
2026-08-29 13:20:00,222.23,0
2026-08-29 13:25:00,258.05,0
2026-08-29 13:30:00,214.17,0
2026-08-29 13:35:00,292.77,0
2026-08-29 13:40:00,277.74,0
2026-08-29 13:45:00,301.27,0
2026-08-29 13:50:00,201.87,0
2026-08-29 13:55:00,182.25,0
2026-08-29 14:00:00,247.31,0
2026-08-29 14:05:00,416.98,0
2026-08-29 14:10:00,310.68,0
2026-08-29 14:15:00,223.7,0
2026-08-29 14:20:00,266.54,0
2026-08-29 14:25:00,281.11,0
2026-08-29 14:30:00,192.46,0
2026-08-29 14:35:00,379.74,1
2026-08-29 14:40:00,356.11,1
2026-08-29 14:45:00,433.39,1
2026-08-29 14:50:00,535.77,1
2026-08-29 14:55:00,680.64,1
2026-08-29 15:00:00,504.48,1
2026-08-29 15:05:00,484.47,1
2026-08-29 15:10:00,600.36,1
2026-08-29 15:15:00,465.38,1
2026-08-29 15:20:00,504.73,1
2026-08-29 15:25:00,560.17,1
2026-08-29 15:30:00,570.83,1
2026-08-29 15:35:00,580.11,1
2026-08-29 15:40:00,571.89,1
2026-08-29 15:45:00,615.92,1
2026-08-29 15:50:00,443.38,1
2026-08-29 15:55:00,526.03,1
2026-08-29 16:00:00,495.55,1
2026-08-29 16:05:00,499.46,1
2026-08-29 16:10:00,480.36,1
2026-08-29 16:15:00,546.41,1
2026-08-29 16:20:00,444.6,1
2026-08-29 16:25:00,487.06,1
2026-08-29 16:30:00,419.26,1
2026-08-29 16:35:00,385.57,1
2026-08-29 16:40:00,435.63,1
2026-08-29 16:45:00,418.69,1
2026-08-29 16:50:00,391.12,1
2026-08-29 16:55:00,340.6,1
2026-08-29 17:00:00,315.13,1
2026-08-29 17:05:00,341.83,1
2026-08-29 17:10:00,303.64,1
2026-08-29 17:15:00,358.64,1
2026-08-29 17:20:00,285.35,1
2026-08-29 17:25:00,189.49,0
2026-08-29 17:30:00,219.15,0
2026-08-29 17:35:00,224.44,0
2026-08-29 17:40:00,138.7,0
2026-08-29 17:45:00,185.73,0
2026-08-29 17:50:00,202.86,0
2026-08-29 17:55:00,186.4,0
2026-08-29 18:00:00,232.55,0
2026-08-29 18:05:00,155.67,0
2026-08-29 18:10:00,123.38,0
2026-08-29 18:15:00,204.02,0
2026-08-29 18:20:00,158.2,0
2026-08-29 18:25:00,125.47,0
2026-08-29 18:30:00,165.35,0
2026-08-29 18:35:00,209.76,0
2026-08-29 18:40:00,132.27,0
2026-08-29 18:45:00,249.75,0
2026-08-29 18:50:00,139.33,0
2026-08-29 18:55:00,162.54,0
2026-08-29 19:00:00,126.9,0
2026-08-29 19:05:00,157.26,0
2026-08-29 19:10:00,150.48,0
2026-08-29 19:15:00,116.43,0
2026-08-29 19:20:00,250.01,0
2026-08-29 19:25:00,135.8,0
2026-08-29 19:30:00,134.13,0
2026-08-29 19:35:00,172.38,0
2026-08-29 19:40:00,198.21,0
2026-08-29 19:45:00,172.96,0
2026-08-29 19:50:00,112.35,0
2026-08-29 19:55:00,143.16,0
2026-08-29 20:00:00,96.98,0
2026-08-29 20:05:00,158.09,0
2026-08-29 20:10:00,98.92,0
2026-08-29 20:15:00,113.52,0
2026-08-29 20:20:00,129.53,0
2026-08-29 20:25:00,138.75,0
2026-08-29 20:30:00,120.76,0
2026-08-29 20:35:00,164.42,0
2026-08-29 20:40:00,140.83,0
2026-08-29 20:45:00,137.27,0
2026-08-29 20:50:00,96.86,0
2026-08-29 20:55:00,162.26,0
2026-08-29 21:00:00,102.28,0
2026-08-29 21:05:00,159.82,0
2026-08-29 21:10:00,166.42,0
2026-08-29 21:15:00,125.49,0
2026-08-29 21:20:00,136.35,0
2026-08-29 21:25:00,64.34,0
2026-08-29 21:30:00,107.12,0
2026-08-29 21:35:00,133.96,0
2026-08-29 21:40:00,128.49,0
2026-08-29 21:45:00,86.51,0
2026-08-29 21:50:00,101.25,0
2026-08-29 21:55:00,67.01,0
2026-08-29 22:00:00,112.92,0
2026-08-29 22:05:00,74.04,0
2026-08-29 22:10:00,126.28,0
2026-08-29 22:15:00,126.41,0
2026-08-29 22:20:00,93.04,0
2026-08-29 22:25:00,110.42,0
2026-08-29 22:30:00,95.93,0
2026-08-29 22:35:00,103.41,0
2026-08-29 22:40:00,79.94,0
2026-08-29 22:45:00,109.15,0
2026-08-29 22:50:00,72.12,0
2026-08-29 22:55:00,69.24,0
2026-08-29 23:00:00,93.55,0
2026-08-29 23:05:00,91.48,0
2026-08-29 23:10:00,99.19,0
2026-08-29 23:15:00,83.52,0
2026-08-29 23:20:00,131.07,0
2026-08-29 23:25:00,95.55,0
2026-08-29 23:30:00,96.28,0
2026-08-29 23:35:00,95.17,0
2026-08-29 23:40:00,109.48,0
2026-08-29 23:45:00,100.9,0
2026-08-29 23:50:00,98.04,0
2026-08-29 23:55:00,102.9,0
2026-08-30 00:00:00,59.66,0
2026-08-30 00:05:00,60.09,0
2026-08-30 00:10:00,81.79,0
2026-08-30 00:15:00,80.05,0
2026-08-30 00:20:00,92.11,0
2026-08-30 00:25:00,83.32,0
2026-08-30 00:30:00,92.23,0
2026-08-30 00:35:00,66.41,0
2026-08-30 00:40:00,82.98,0
2026-08-30 00:45:00,65.34,0
2026-08-30 00:50:00,89.23,0
2026-08-30 00:55:00,59.39,0
2026-08-30 01:00:00,88.73,0
2026-08-30 01:05:00,64.02,0
2026-08-30 01:10:00,77.89,0
2026-08-30 01:15:00,98.13,0
2026-08-30 01:20:00,87.09,0
2026-08-30 01:25:00,62.22,0
2026-08-30 01:30:00,74.2,0
2026-08-30 01:35:00,63.98,0
2026-08-30 01:40:00,61.86,0
2026-08-30 01:45:00,85.82,0
2026-08-30 01:50:00,93.04,0
2026-08-30 01:55:00,91.17,0
2026-08-30 02:00:00,94.0,0
2026-08-30 02:05:00,84.27,0
2026-08-30 02:10:00,80.51,0
2026-08-30 02:15:00,69.83,0
2026-08-30 02:20:00,78.38,0
2026-08-30 02:25:00,67.0,0
2026-08-30 02:30:00,73.13,0
2026-08-30 02:35:00,86.69,0
2026-08-30 02:40:00,83.69,0
2026-08-30 02:45:00,148.72,0
2026-08-30 02:50:00,67.38,0
2026-08-30 02:55:00,84.13,0
2026-08-30 03:00:00,66.76,0
2026-08-30 03:05:00,80.65,0
2026-08-30 03:10:00,81.46,0
2026-08-30 03:15:00,101.24,0
2026-08-30 03:20:00,80.43,0
2026-08-30 03:25:00,84.52,0
2026-08-30 03:30:00,81.22,0
2026-08-30 03:35:00,68.43,0
2026-08-30 03:40:00,78.58,0
2026-08-30 03:45:00,82.8,0
2026-08-30 03:50:00,90.22,0
2026-08-30 03:55:00,98.84,0
2026-08-30 04:00:00,86.04,0
2026-08-30 04:05:00,86.14,0
2026-08-30 04:10:00,66.42,0
2026-08-30 04:15:00,100.24,0
2026-08-30 04:20:00,80.64,0
2026-08-30 04:25:00,105.08,0
2026-08-30 04:30:00,117.02,0
2026-08-30 04:35:00,89.74,0
2026-08-30 04:40:00,77.64,0
2026-08-30 04:45:00,93.6,0
2026-08-30 04:50:00,100.56,0
2026-08-30 04:55:00,89.78,0
2026-08-30 05:00:00,86.4,0
2026-08-30 05:05:00,106.53,0
2026-08-30 05:10:00,105.98,0
2026-08-30 05:15:00,91.68,0
2026-08-30 05:20:00,72.97,0
2026-08-30 05:25:00,107.48,0
2026-08-30 05:30:00,86.89,0
2026-08-30 05:35:00,104.49,0
2026-08-30 05:40:00,104.13,0
2026-08-30 05:45:00,72.72,0
2026-08-30 05:50:00,104.54,0
2026-08-30 05:55:00,114.0,0
2026-08-30 06:00:00,117.57,0
2026-08-30 06:05:00,108.03,0
2026-08-30 06:10:00,74.78,0
2026-08-30 06:15:00,135.6,0
2026-08-30 06:20:00,117.14,0
2026-08-30 06:25:00,88.46,0
2026-08-30 06:30:00,96.28,0
2026-08-30 06:35:00,116.84,0
2026-08-30 06:40:00,127.97,0
2026-08-30 06:45:00,104.8,0
2026-08-30 06:50:00,134.17,0
2026-08-30 06:55:00,84.66,0
2026-08-30 07:00:00,97.96,0
2026-08-30 07:05:00,82.41,0
2026-08-30 07:10:00,102.82,0
2026-08-30 07:15:00,160.35,0
2026-08-30 07:20:00,179.07,0
2026-08-30 07:25:00,130.48,0
2026-08-30 07:30:00,112.82,0
2026-08-30 07:35:00,123.06,0
2026-08-30 07:40:00,141.14,0
2026-08-30 07:45:00,99.01,0
2026-08-30 07:50:00,119.78,0
2026-08-30 07:55:00,174.02,0
2026-08-30 08:00:00,112.72,0
2026-08-30 08:05:00,120.38,0
2026-08-30 08:10:00,139.8,0
2026-08-30 08:15:00,148.6,0
2026-08-30 08:20:00,127.78,0
2026-08-30 08:25:00,146.81,0
2026-08-30 08:30:00,163.57,0
2026-08-30 08:35:00,211.32,0
2026-08-30 08:40:00,146.96,0
2026-08-30 08:45:00,151.1,0
2026-08-30 08:50:00,202.93,0
2026-08-30 08:55:00,141.39,0
2026-08-30 09:00:00,124.52,0
2026-08-30 09:05:00,167.39,0
2026-08-30 09:10:00,196.64,0
2026-08-30 09:15:00,175.04,0
2026-08-30 09:20:00,163.17,0
2026-08-30 09:25:00,129.51,0
2026-08-30 09:30:00,168.35,0
2026-08-30 09:35:00,214.98,0
2026-08-30 09:40:00,139.55,0
2026-08-30 09:45:00,168.73,0
2026-08-30 09:50:00,166.39,0
2026-08-30 09:55:00,159.19,0
2026-08-30 10:00:00,190.91,0
2026-08-30 10:05:00,200.0,0
2026-08-30 10:10:00,201.88,0
2026-08-30 10:15:00,158.38,0
2026-08-30 10:20:00,141.95,0
2026-08-30 10:25:00,202.3,0
2026-08-30 10:30:00,178.05,0
2026-08-30 10:35:00,274.36,0
2026-08-30 10:40:00,279.5,0
2026-08-30 10:45:00,287.78,0
2026-08-30 10:50:00,171.49,0
2026-08-30 10:55:00,227.22,0
2026-08-30 11:00:00,242.19,0
2026-08-30 11:05:00,239.55,0
2026-08-30 11:10:00,197.86,0
2026-08-30 11:15:00,267.86,0
2026-08-30 11:20:00,214.64,0
2026-08-30 11:25:00,221.49,0
2026-08-30 11:30:00,165.46,0
2026-08-30 11:35:00,247.04,0
2026-08-30 11:40:00,211.53,0
2026-08-30 11:45:00,242.85,0
2026-08-30 11:50:00,234.71,0
2026-08-30 11:55:00,234.07,0
2026-08-30 12:00:00,226.24,0
2026-08-30 12:05:00,264.53,0
2026-08-30 12:10:00,222.92,0
2026-08-30 12:15:00,178.88,0
2026-08-30 12:20:00,258.99,0
2026-08-30 12:25:00,203.21,0
2026-08-30 12:30:00,186.18,0
2026-08-30 12:35:00,197.56,0
2026-08-30 12:40:00,251.07,0
2026-08-30 12:45:00,235.51,0
2026-08-30 12:50:00,163.92,0
2026-08-30 12:55:00,225.44,0
2026-08-30 13:00:00,299.21,0
2026-08-30 13:05:00,224.25,0
2026-08-30 13:10:00,236.8,0
2026-08-30 13:15:00,295.14,0
2026-08-30 13:20:00,282.98,0
2026-08-30 13:25:00,295.38,0
2026-08-30 13:30:00,149.48,0
2026-08-30 13:35:00,336.92,0
2026-08-30 13:40:00,276.9,0
2026-08-30 13:45:00,384.97,0
2026-08-30 13:50:00,214.87,0
2026-08-30 13:55:00,180.16,0
2026-08-30 14:00:00,247.82,0
2026-08-30 14:05:00,235.5,0
2026-08-30 14:10:00,278.24,0
2026-08-30 14:15:00,299.94,0
2026-08-30 14:20:00,243.08,0
2026-08-30 14:25:00,236.15,0
2026-08-30 14:30:00,270.51,0
2026-08-30 14:35:00,234.67,0
2026-08-30 14:40:00,230.67,0
2026-08-30 14:45:00,294.83,0
2026-08-30 14:50:00,306.05,0
2026-08-30 14:55:00,295.63,0
2026-08-30 15:00:00,235.19,0
2026-08-30 15:05:00,164.34,0
2026-08-30 15:10:00,234.29,0
2026-08-30 15:15:00,209.07,0
2026-08-30 15:20:00,233.08,0
2026-08-30 15:25:00,210.45,0
2026-08-30 15:30:00,235.42,0
2026-08-30 15:35:00,194.96,0
2026-08-30 15:40:00,185.65,0
2026-08-30 15:45:00,289.66,0
2026-08-30 15:50:00,194.04,0
2026-08-30 15:55:00,229.62,0
2026-08-30 16:00:00,270.87,0
2026-08-30 16:05:00,267.1,0
2026-08-30 16:10:00,259.59,0
2026-08-30 16:15:00,235.87,0
2026-08-30 16:20:00,252.54,0
2026-08-30 16:25:00,281.65,0
2026-08-30 16:30:00,235.58,0
2026-08-30 16:35:00,155.5,0
2026-08-30 16:40:00,195.14,0
2026-08-30 16:45:00,241.18,0
2026-08-30 16:50:00,188.38,0
2026-08-30 16:55:00,279.74,0
2026-08-30 17:00:00,204.71,0
2026-08-30 17:05:00,208.26,0
2026-08-30 17:10:00,248.69,0
2026-08-30 17:15:00,194.6,0
2026-08-30 17:20:00,205.52,0
2026-08-30 17:25:00,231.68,0
2026-08-30 17:30:00,149.62,0
2026-08-30 17:35:00,183.3,0
2026-08-30 17:40:00,221.62,0
2026-08-30 17:45:00,191.07,0
2026-08-30 17:50:00,243.2,0
2026-08-30 17:55:00,139.05,0
2026-08-30 18:00:00,134.69,0
2026-08-30 18:05:00,207.31,0
2026-08-30 18:10:00,208.5,0
2026-08-30 18:15:00,170.3,0
2026-08-30 18:20:00,187.28,0
2026-08-30 18:25:00,196.91,0
2026-08-30 18:30:00,146.95,0
2026-08-30 18:35:00,148.0,0
2026-08-30 18:40:00,171.81,0
2026-08-30 18:45:00,193.01,0
2026-08-30 18:50:00,131.34,0
2026-08-30 18:55:00,154.42,0
2026-08-30 19:00:00,151.25,0
2026-08-30 19:05:00,168.28,0
2026-08-30 19:10:00,153.91,0
2026-08-30 19:15:00,137.98,0
2026-08-30 19:20:00,188.22,0
2026-08-30 19:25:00,134.73,0
2026-08-30 19:30:00,139.1,0
2026-08-30 19:35:00,108.72,0
2026-08-30 19:40:00,125.75,0
2026-08-30 19:45:00,154.96,0
2026-08-30 19:50:00,147.76,0
2026-08-30 19:55:00,153.45,0
2026-08-30 20:00:00,150.25,0
2026-08-30 20:05:00,195.72,0
2026-08-30 20:10:00,116.06,0
2026-08-30 20:15:00,98.01,0
2026-08-30 20:20:00,107.28,0
2026-08-30 20:25:00,112.84,0
2026-08-30 20:30:00,106.2,0
2026-08-30 20:35:00,127.21,0
2026-08-30 20:40:00,154.92,0
2026-08-30 20:45:00,161.26,0
2026-08-30 20:50:00,132.33,0
2026-08-30 20:55:00,175.7,0
2026-08-30 21:00:00,110.84,0
2026-08-30 21:05:00,87.13,0
2026-08-30 21:10:00,139.78,0
2026-08-30 21:15:00,82.18,0
2026-08-30 21:20:00,98.85,0
2026-08-30 21:25:00,123.08,0
2026-08-30 21:30:00,108.92,0
2026-08-30 21:35:00,106.14,0
2026-08-30 21:40:00,87.96,0
2026-08-30 21:45:00,107.54,0
2026-08-30 21:50:00,127.89,0
2026-08-30 21:55:00,106.16,0
2026-08-30 22:00:00,90.28,0
2026-08-30 22:05:00,83.01,0
2026-08-30 22:10:00,89.06,0
2026-08-30 22:15:00,109.64,0
2026-08-30 22:20:00,107.8,0
2026-08-30 22:25:00,87.04,0
2026-08-30 22:30:00,67.01,0
2026-08-30 22:35:00,106.78,0
2026-08-30 22:40:00,83.62,0
2026-08-30 22:45:00,110.47,0
2026-08-30 22:50:00,84.57,0
2026-08-30 22:55:00,80.57,0
2026-08-30 23:00:00,98.3,0
2026-08-30 23:05:00,145.26,0
2026-08-30 23:10:00,108.07,0
2026-08-30 23:15:00,96.21,0
2026-08-30 23:20:00,99.57,0
2026-08-30 23:25:00,67.73,0
2026-08-30 23:30:00,75.44,0
2026-08-30 23:35:00,58.45,0
2026-08-30 23:40:00,124.79,0
2026-08-30 23:45:00,119.74,0
2026-08-30 23:50:00,97.17,0
2026-08-30 23:55:00,92.35,0
2026-08-31 00:00:00,83.56,0
2026-08-31 00:05:00,106.24,0
2026-08-31 00:10:00,152.65,0
2026-08-31 00:15:00,113.25,0
2026-08-31 00:20:00,99.95,0
2026-08-31 00:25:00,80.66,0
2026-08-31 00:30:00,141.97,0
2026-08-31 00:35:00,109.4,0
2026-08-31 00:40:00,80.8,0
2026-08-31 00:45:00,93.91,0
2026-08-31 00:50:00,88.18,0
2026-08-31 00:55:00,108.44,0
2026-08-31 01:00:00,115.34,0
2026-08-31 01:05:00,101.57,0
2026-08-31 01:10:00,127.99,0
2026-08-31 01:15:00,112.96,0
2026-08-31 01:20:00,134.95,0
2026-08-31 01:25:00,104.61,0
2026-08-31 01:30:00,193.19,0
2026-08-31 01:35:00,100.98,0
2026-08-31 01:40:00,95.1,0
2026-08-31 01:45:00,93.13,0
2026-08-31 01:50:00,107.98,0
2026-08-31 01:55:00,82.4,0
2026-08-31 02:00:00,118.57,0
2026-08-31 02:05:00,79.91,0
2026-08-31 02:10:00,116.1,0
2026-08-31 02:15:00,88.56,0
2026-08-31 02:20:00,105.62,0
2026-08-31 02:25:00,126.35,0
2026-08-31 02:30:00,171.88,0
2026-08-31 02:35:00,93.68,0
2026-08-31 02:40:00,110.93,0
2026-08-31 02:45:00,100.26,0
2026-08-31 02:50:00,97.88,0
2026-08-31 02:55:00,100.88,0
2026-08-31 03:00:00,133.41,0
2026-08-31 03:05:00,105.61,0
2026-08-31 03:10:00,173.33,0
2026-08-31 03:15:00,124.96,0
2026-08-31 03:20:00,96.95,0
2026-08-31 03:25:00,109.19,0
2026-08-31 03:30:00,101.29,0
2026-08-31 03:35:00,135.6,0
2026-08-31 03:40:00,87.72,0
2026-08-31 03:45:00,92.89,0
2026-08-31 03:50:00,106.71,0
2026-08-31 03:55:00,134.76,0
2026-08-31 04:00:00,149.4,0
2026-08-31 04:05:00,154.08,0
2026-08-31 04:10:00,132.8,0
2026-08-31 04:15:00,119.48,0
2026-08-31 04:20:00,140.6,0
2026-08-31 04:25:00,99.67,0
2026-08-31 04:30:00,88.33,0
2026-08-31 04:35:00,133.89,0
2026-08-31 04:40:00,103.85,0
2026-08-31 04:45:00,123.71,0
2026-08-31 04:50:00,128.66,0
2026-08-31 04:55:00,132.48,0
2026-08-31 05:00:00,150.95,0
2026-08-31 05:05:00,149.07,0
2026-08-31 05:10:00,133.82,0
2026-08-31 05:15:00,120.16,0
2026-08-31 05:20:00,133.61,0
2026-08-31 05:25:00,118.57,0
2026-08-31 05:30:00,128.39,0
2026-08-31 05:35:00,214.74,0
2026-08-31 05:40:00,139.62,0
2026-08-31 05:45:00,147.72,0
2026-08-31 05:50:00,120.99,0
2026-08-31 05:55:00,166.48,0
2026-08-31 06:00:00,160.27,0
2026-08-31 06:05:00,161.92,0
2026-08-31 06:10:00,147.95,0
2026-08-31 06:15:00,173.07,0
2026-08-31 06:20:00,182.36,0
2026-08-31 06:25:00,154.13,0
2026-08-31 06:30:00,144.91,0
2026-08-31 06:35:00,175.54,0
2026-08-31 06:40:00,128.3,0
2026-08-31 06:45:00,134.07,0
2026-08-31 06:50:00,152.72,0
2026-08-31 06:55:00,113.93,0
2026-08-31 07:00:00,182.89,0
2026-08-31 07:05:00,133.98,0
2026-08-31 07:10:00,148.02,0
2026-08-31 07:15:00,156.84,0
2026-08-31 07:20:00,166.03,0
2026-08-31 07:25:00,156.78,0
2026-08-31 07:30:00,166.72,0
2026-08-31 07:35:00,168.94,0
2026-08-31 07:40:00,159.45,0
2026-08-31 07:45:00,152.18,0
2026-08-31 07:50:00,215.08,0
2026-08-31 07:55:00,122.7,0
2026-08-31 08:00:00,174.83,0
2026-08-31 08:05:00,168.81,0
2026-08-31 08:10:00,200.52,0
2026-08-31 08:15:00,144.92,0
2026-08-31 08:20:00,174.25,0
2026-08-31 08:25:00,189.53,0
2026-08-31 08:30:00,237.01,0
2026-08-31 08:35:00,210.14,0
2026-08-31 08:40:00,161.99,0
2026-08-31 08:45:00,185.92,0
2026-08-31 08:50:00,241.07,0
2026-08-31 08:55:00,167.66,0
2026-08-31 09:00:00,207.76,0
2026-08-31 09:05:00,213.01,0
2026-08-31 09:10:00,201.52,0
2026-08-31 09:15:00,355.28,0
2026-08-31 09:20:00,205.54,0
2026-08-31 09:25:00,243.01,0
2026-08-31 09:30:00,197.61,0
2026-08-31 09:35:00,252.46,0
2026-08-31 09:40:00,271.77,0
2026-08-31 09:45:00,211.5,0
2026-08-31 09:50:00,235.55,0
2026-08-31 09:55:00,204.84,0
2026-08-31 10:00:00,198.12,0
2026-08-31 10:05:00,296.73,0
2026-08-31 10:10:00,225.36,0
2026-08-31 10:15:00,163.05,0
2026-08-31 10:20:00,349.74,0
2026-08-31 10:25:00,222.7,0
2026-08-31 10:30:00,248.75,0
2026-08-31 10:35:00,353.04,0
2026-08-31 10:40:00,258.78,0
2026-08-31 10:45:00,260.38,0
2026-08-31 10:50:00,217.1,0
2026-08-31 10:55:00,203.74,0
2026-08-31 11:00:00,267.92,0
2026-08-31 11:05:00,297.45,0
2026-08-31 11:10:00,297.08,0
2026-08-31 11:15:00,260.15,0
2026-08-31 11:20:00,287.21,0
2026-08-31 11:25:00,207.33,0
2026-08-31 11:30:00,316.09,0
2026-08-31 11:35:00,301.95,0
2026-08-31 11:40:00,421.66,0
2026-08-31 11:45:00,298.21,0
2026-08-31 11:50:00,253.16,0
2026-08-31 11:55:00,299.35,0
2026-08-31 12:00:00,286.72,0
2026-08-31 12:05:00,331.06,0
2026-08-31 12:10:00,309.56,0
2026-08-31 12:15:00,247.03,0
2026-08-31 12:20:00,232.21,0
2026-08-31 12:25:00,328.61,0
2026-08-31 12:30:00,404.13,0
2026-08-31 12:35:00,321.18,0
2026-08-31 12:40:00,368.26,0
2026-08-31 12:45:00,383.41,0
2026-08-31 12:50:00,336.62,0
2026-08-31 12:55:00,278.16,0
2026-08-31 13:00:00,334.8,0
2026-08-31 13:05:00,403.0,0
2026-08-31 13:10:00,357.83,0
2026-08-31 13:15:00,373.19,0
2026-08-31 13:20:00,300.85,0
2026-08-31 13:25:00,315.95,0
2026-08-31 13:30:00,321.35,0
2026-08-31 13:35:00,325.79,0
2026-08-31 13:40:00,406.27,0
2026-08-31 13:45:00,216.0,0
2026-08-31 13:50:00,331.63,0
2026-08-31 13:55:00,325.26,0
2026-08-31 14:00:00,257.81,0
2026-08-31 14:05:00,372.36,0
2026-08-31 14:10:00,289.49,0
2026-08-31 14:15:00,309.06,0
2026-08-31 14:20:00,459.23,0
2026-08-31 14:25:00,394.36,0
2026-08-31 14:30:00,364.05,0
2026-08-31 14:35:00,350.92,0
2026-08-31 14:40:00,317.42,0
2026-08-31 14:45:00,467.45,0
2026-08-31 14:50:00,375.8,0
2026-08-31 14:55:00,283.37,0
2026-08-31 15:00:00,251.23,0
2026-08-31 15:05:00,356.67,0
2026-08-31 15:10:00,317.63,0
2026-08-31 15:15:00,247.05,0
2026-08-31 15:20:00,343.62,0
2026-08-31 15:25:00,301.66,0
2026-08-31 15:30:00,346.64,0
2026-08-31 15:35:00,339.36,0
2026-08-31 15:40:00,279.38,0
2026-08-31 15:45:00,347.31,0
2026-08-31 15:50:00,281.66,0
2026-08-31 15:55:00,283.19,0
2026-08-31 16:00:00,276.36,0
2026-08-31 16:05:00,370.3,0
2026-08-31 16:10:00,285.21,0
2026-08-31 16:15:00,381.26,0
2026-08-31 16:20:00,407.47,0
2026-08-31 16:25:00,256.78,0
2026-08-31 16:30:00,171.99,0
2026-08-31 16:35:00,348.28,0
2026-08-31 16:40:00,269.08,0
2026-08-31 16:45:00,242.74,0
2026-08-31 16:50:00,252.91,0
2026-08-31 16:55:00,258.6,0
2026-08-31 17:00:00,348.67,0
2026-08-31 17:05:00,281.44,0
2026-08-31 17:10:00,341.21,0
2026-08-31 17:15:00,293.1,0
2026-08-31 17:20:00,251.09,0
2026-08-31 17:25:00,244.93,0
2026-08-31 17:30:00,287.69,0
2026-08-31 17:35:00,298.23,0
2026-08-31 17:40:00,304.55,0
2026-08-31 17:45:00,240.19,0
2026-08-31 17:50:00,256.97,0
2026-08-31 17:55:00,273.51,0
2026-08-31 18:00:00,227.18,0
2026-08-31 18:05:00,196.19,0
2026-08-31 18:10:00,205.75,0
2026-08-31 18:15:00,225.13,0
2026-08-31 18:20:00,261.75,0
2026-08-31 18:25:00,287.98,0
2026-08-31 18:30:00,177.71,0
2026-08-31 18:35:00,201.26,0
2026-08-31 18:40:00,207.58,0
2026-08-31 18:45:00,252.33,0
2026-08-31 18:50:00,196.43,0
2026-08-31 18:55:00,197.48,0
2026-08-31 19:00:00,163.43,0
2026-08-31 19:05:00,227.03,0
2026-08-31 19:10:00,199.64,0
2026-08-31 19:15:00,180.43,0
2026-08-31 19:20:00,191.3,0
2026-08-31 19:25:00,242.47,0
2026-08-31 19:30:00,163.14,0
2026-08-31 19:35:00,165.91,0
2026-08-31 19:40:00,238.86,0
2026-08-31 19:45:00,190.88,0
2026-08-31 19:50:00,209.79,0
2026-08-31 19:55:00,197.45,0
2026-08-31 20:00:00,180.27,0
2026-08-31 20:05:00,168.32,0
2026-08-31 20:10:00,205.62,0
2026-08-31 20:15:00,215.61,0
2026-08-31 20:20:00,210.05,0
2026-08-31 20:25:00,137.95,0
2026-08-31 20:30:00,213.43,0
2026-08-31 20:35:00,156.38,0
2026-08-31 20:40:00,143.91,0
2026-08-31 20:45:00,158.08,0
2026-08-31 20:50:00,187.14,0
2026-08-31 20:55:00,175.61,0
2026-08-31 21:00:00,150.5,0
2026-08-31 21:05:00,181.23,0
2026-08-31 21:10:00,158.13,0
2026-08-31 21:15:00,137.62,0
2026-08-31 21:20:00,132.91,0
2026-08-31 21:25:00,160.89,0
2026-08-31 21:30:00,145.75,0
2026-08-31 21:35:00,114.35,0
2026-08-31 21:40:00,168.95,0
2026-08-31 21:45:00,131.77,0
2026-08-31 21:50:00,189.57,0
2026-08-31 21:55:00,109.56,0
2026-08-31 22:00:00,135.3,0
2026-08-31 22:05:00,122.15,0
2026-08-31 22:10:00,115.25,0
2026-08-31 22:15:00,124.8,0
2026-08-31 22:20:00,185.83,0
2026-08-31 22:25:00,137.55,0
2026-08-31 22:30:00,115.34,0
2026-08-31 22:35:00,94.98,0
2026-08-31 22:40:00,96.13,0
2026-08-31 22:45:00,118.13,0
2026-08-31 22:50:00,115.28,0
2026-08-31 22:55:00,123.27,0
2026-08-31 23:00:00,84.7,0
2026-08-31 23:05:00,124.62,0
2026-08-31 23:10:00,151.51,0
2026-08-31 23:15:00,167.64,0
2026-08-31 23:20:00,88.5,0
2026-08-31 23:25:00,107.15,0
2026-08-31 23:30:00,105.56,0
2026-08-31 23:35:00,125.73,0
2026-08-31 23:40:00,97.84,0
2026-08-31 23:45:00,164.17,0
2026-08-31 23:50:00,121.67,0
2026-08-31 23:55:00,117.55,0
2026-09-01 00:00:00,147.16,0
2026-09-01 00:05:00,110.2,0
2026-09-01 00:10:00,118.82,0
2026-09-01 00:15:00,96.62,0
2026-09-01 00:20:00,86.45,0
2026-09-01 00:25:00,99.17,0
2026-09-01 00:30:00,164.16,0
2026-09-01 00:35:00,124.16,0
2026-09-01 00:40:00,116.47,0
2026-09-01 00:45:00,93.04,0
2026-09-01 00:50:00,130.76,0
2026-09-01 00:55:00,86.97,0
2026-09-01 01:00:00,83.81,0
2026-09-01 01:05:00,100.55,0
2026-09-01 01:10:00,158.2,0
2026-09-01 01:15:00,156.72,0
2026-09-01 01:20:00,102.77,0
2026-09-01 01:25:00,98.81,0
2026-09-01 01:30:00,83.12,0
2026-09-01 01:35:00,113.36,0
2026-09-01 01:40:00,115.21,0
2026-09-01 01:45:00,129.13,0
2026-09-01 01:50:00,132.13,0
2026-09-01 01:55:00,108.37,0
2026-09-01 02:00:00,124.28,0
2026-09-01 02:05:00,99.26,0
2026-09-01 02:10:00,124.21,0
2026-09-01 02:15:00,103.09,0
2026-09-01 02:20:00,122.88,0
2026-09-01 02:25:00,121.31,0
2026-09-01 02:30:00,114.94,0
2026-09-01 02:35:00,131.23,0
2026-09-01 02:40:00,85.91,0
2026-09-01 02:45:00,94.29,0
2026-09-01 02:50:00,109.04,0
2026-09-01 02:55:00,88.49,0
2026-09-01 03:00:00,106.89,0
2026-09-01 03:05:00,107.79,0
2026-09-01 03:10:00,146.36,0
2026-09-01 03:15:00,118.96,0
2026-09-01 03:20:00,139.96,0
2026-09-01 03:25:00,123.15,0
2026-09-01 03:30:00,106.26,0
2026-09-01 03:35:00,120.27,0
2026-09-01 03:40:00,134.35,0
2026-09-01 03:45:00,146.59,0
2026-09-01 03:50:00,115.91,0
2026-09-01 03:55:00,88.59,0
2026-09-01 04:00:00,87.84,0
2026-09-01 04:05:00,113.32,0
2026-09-01 04:10:00,79.25,0
2026-09-01 04:15:00,167.54,0
2026-09-01 04:20:00,135.69,0
2026-09-01 04:25:00,109.23,0
2026-09-01 04:30:00,100.82,0
2026-09-01 04:35:00,148.93,0
2026-09-01 04:40:00,101.85,0
2026-09-01 04:45:00,104.21,0
2026-09-01 04:50:00,109.71,0
2026-09-01 04:55:00,129.33,0
2026-09-01 05:00:00,142.58,0
2026-09-01 05:05:00,159.07,0
2026-09-01 05:10:00,155.95,0
2026-09-01 05:15:00,130.12,0
2026-09-01 05:20:00,157.46,0
2026-09-01 05:25:00,116.99,0
2026-09-01 05:30:00,95.84,0
2026-09-01 05:35:00,118.79,0
2026-09-01 05:40:00,116.86,0
2026-09-01 05:45:00,121.58,0
2026-09-01 05:50:00,115.58,0
2026-09-01 05:55:00,127.52,0
2026-09-01 06:00:00,156.28,0
2026-09-01 06:05:00,192.05,0
2026-09-01 06:10:00,104.34,0
2026-09-01 06:15:00,113.95,0
2026-09-01 06:20:00,125.79,0
2026-09-01 06:25:00,168.12,0
2026-09-01 06:30:00,142.57,0
2026-09-01 06:35:00,131.17,0
2026-09-01 06:40:00,171.77,0
2026-09-01 06:45:00,181.23,0
2026-09-01 06:50:00,153.67,0
2026-09-01 06:55:00,134.57,0
2026-09-01 07:00:00,165.43,0
2026-09-01 07:05:00,152.78,0
2026-09-01 07:10:00,154.29,0
2026-09-01 07:15:00,148.61,0
2026-09-01 07:20:00,194.72,0
2026-09-01 07:25:00,174.46,0
2026-09-01 07:30:00,203.33,0
2026-09-01 07:35:00,217.2,0
2026-09-01 07:40:00,187.7,0
2026-09-01 07:45:00,159.66,0
2026-09-01 07:50:00,213.5,0
2026-09-01 07:55:00,194.88,0
2026-09-01 08:00:00,289.87,0
2026-09-01 08:05:00,194.22,0
2026-09-01 08:10:00,210.85,0
2026-09-01 08:15:00,198.4,0
2026-09-01 08:20:00,187.28,0
2026-09-01 08:25:00,184.26,0
2026-09-01 08:30:00,206.12,0
2026-09-01 08:35:00,217.42,0
2026-09-01 08:40:00,246.74,0
2026-09-01 08:45:00,214.58,0
2026-09-01 08:50:00,189.1,0
2026-09-01 08:55:00,196.22,0
2026-09-01 09:00:00,166.07,0
2026-09-01 09:05:00,287.72,0
2026-09-01 09:10:00,195.97,0
2026-09-01 09:15:00,260.3,0
2026-09-01 09:20:00,232.69,0
2026-09-01 09:25:00,236.7,0
2026-09-01 09:30:00,222.1,0
2026-09-01 09:35:00,199.23,0
2026-09-01 09:40:00,195.17,0
2026-09-01 09:45:00,320.91,0
2026-09-01 09:50:00,242.81,0
2026-09-01 09:55:00,294.69,0
2026-09-01 10:00:00,312.36,0
2026-09-01 10:05:00,228.66,0
2026-09-01 10:10:00,268.72,0
2026-09-01 10:15:00,253.81,0
2026-09-01 10:20:00,206.67,0
2026-09-01 10:25:00,248.84,0
2026-09-01 10:30:00,289.03,0
2026-09-01 10:35:00,240.18,0
2026-09-01 10:40:00,250.39,0
2026-09-01 10:45:00,259.91,0
2026-09-01 10:50:00,396.04,0
2026-09-01 10:55:00,196.57,0
2026-09-01 11:00:00,302.15,0
2026-09-01 11:05:00,266.22,0
2026-09-01 11:10:00,250.56,0
2026-09-01 11:15:00,269.85,0
2026-09-01 11:20:00,322.69,0
2026-09-01 11:25:00,328.79,0
2026-09-01 11:30:00,300.87,0
2026-09-01 11:35:00,357.05,0
2026-09-01 11:40:00,371.42,0
2026-09-01 11:45:00,344.95,0
2026-09-01 11:50:00,271.89,0
2026-09-01 11:55:00,330.21,0
2026-09-01 12:00:00,332.74,0
2026-09-01 12:05:00,264.34,0
2026-09-01 12:10:00,232.25,0
2026-09-01 12:15:00,215.34,0
2026-09-01 12:20:00,315.65,0
2026-09-01 12:25:00,330.7,0
2026-09-01 12:30:00,254.69,0
2026-09-01 12:35:00,382.22,0
2026-09-01 12:40:00,326.95,0
2026-09-01 12:45:00,407.36,0
2026-09-01 12:50:00,342.97,0
2026-09-01 12:55:00,265.83,0
2026-09-01 13:00:00,351.03,0
2026-09-01 13:05:00,365.87,0
2026-09-01 13:10:00,294.74,0
2026-09-01 13:15:00,251.6,0
2026-09-01 13:20:00,332.92,0
2026-09-01 13:25:00,273.65,0
2026-09-01 13:30:00,401.68,0
2026-09-01 13:35:00,305.57,0
2026-09-01 13:40:00,449.08,0
2026-09-01 13:45:00,224.85,0
2026-09-01 13:50:00,337.91,0
2026-09-01 13:55:00,426.77,0
2026-09-01 14:00:00,281.14,0
2026-09-01 14:05:00,320.63,0
2026-09-01 14:10:00,306.73,0
2026-09-01 14:15:00,291.4,0
2026-09-01 14:20:00,344.06,0
2026-09-01 14:25:00,260.42,0
2026-09-01 14:30:00,321.8,0
2026-09-01 14:35:00,359.57,0
2026-09-01 14:40:00,314.55,0
2026-09-01 14:45:00,272.43,0
2026-09-01 14:50:00,391.55,0
2026-09-01 14:55:00,369.85,0
2026-09-01 15:00:00,267.99,0
2026-09-01 15:05:00,255.15,0
2026-09-01 15:10:00,270.32,0
2026-09-01 15:15:00,352.47,0
2026-09-01 15:20:00,334.29,0
2026-09-01 15:25:00,365.01,0
2026-09-01 15:30:00,297.1,0
2026-09-01 15:35:00,265.36,0
2026-09-01 15:40:00,367.77,0
2026-09-01 15:45:00,280.53,0
2026-09-01 15:50:00,318.58,0
2026-09-01 15:55:00,231.61,0
2026-09-01 16:00:00,274.5,0
2026-09-01 16:05:00,362.29,0
2026-09-01 16:10:00,263.69,0
2026-09-01 16:15:00,344.83,0
2026-09-01 16:20:00,194.29,0
2026-09-01 16:25:00,265.2,0
2026-09-01 16:30:00,282.13,0
2026-09-01 16:35:00,394.91,0
2026-09-01 16:40:00,231.86,0
2026-09-01 16:45:00,320.11,0
2026-09-01 16:50:00,340.11,0
2026-09-01 16:55:00,244.71,0
2026-09-01 17:00:00,258.11,0
2026-09-01 17:05:00,280.52,0
2026-09-01 17:10:00,207.43,0
2026-09-01 17:15:00,247.06,0
2026-09-01 17:20:00,334.01,0
2026-09-01 17:25:00,288.67,0
2026-09-01 17:30:00,252.79,0
2026-09-01 17:35:00,262.58,0
2026-09-01 17:40:00,282.59,0
2026-09-01 17:45:00,289.32,0
2026-09-01 17:50:00,225.26,0
2026-09-01 17:55:00,324.56,0
2026-09-01 18:00:00,308.52,0
2026-09-01 18:05:00,271.86,0
2026-09-01 18:10:00,204.39,0
2026-09-01 18:15:00,195.66,0
2026-09-01 18:20:00,219.08,0
2026-09-01 18:25:00,232.11,0
2026-09-01 18:30:00,165.0,0
2026-09-01 18:35:00,244.98,0
2026-09-01 18:40:00,279.13,0
2026-09-01 18:45:00,242.61,0
2026-09-01 18:50:00,191.27,0
2026-09-01 18:55:00,184.93,0
2026-09-01 19:00:00,222.41,0
2026-09-01 19:05:00,202.45,0
2026-09-01 19:10:00,222.59,0
2026-09-01 19:15:00,226.19,0
2026-09-01 19:20:00,243.98,0
2026-09-01 19:25:00,161.45,0
2026-09-01 19:30:00,203.44,0
2026-09-01 19:35:00,180.82,0
2026-09-01 19:40:00,187.3,0
2026-09-01 19:45:00,219.99,0
2026-09-01 19:50:00,221.56,0
2026-09-01 19:55:00,236.25,0
2026-09-01 20:00:00,195.87,0
2026-09-01 20:05:00,175.7,0
2026-09-01 20:10:00,169.16,0
2026-09-01 20:15:00,127.99,0
2026-09-01 20:20:00,219.94,0
2026-09-01 20:25:00,161.15,0
2026-09-01 20:30:00,184.84,0
2026-09-01 20:35:00,188.47,0
2026-09-01 20:40:00,131.75,0
2026-09-01 20:45:00,138.02,0
2026-09-01 20:50:00,212.87,0
2026-09-01 20:55:00,167.89,0
2026-09-01 21:00:00,141.94,0
2026-09-01 21:05:00,152.36,0
2026-09-01 21:10:00,187.49,0
2026-09-01 21:15:00,180.51,0
2026-09-01 21:20:00,115.96,0
2026-09-01 21:25:00,200.54,0
2026-09-01 21:30:00,176.03,0
2026-09-01 21:35:00,142.51,0
2026-09-01 21:40:00,117.05,0
2026-09-01 21:45:00,173.69,0
2026-09-01 21:50:00,155.08,0
2026-09-01 21:55:00,108.48,0
2026-09-01 22:00:00,134.06,0
2026-09-01 22:05:00,243.22,0
2026-09-01 22:10:00,137.78,0
2026-09-01 22:15:00,119.19,0
2026-09-01 22:20:00,112.69,0
2026-09-01 22:25:00,184.41,0
2026-09-01 22:30:00,154.93,0
2026-09-01 22:35:00,170.07,0
2026-09-01 22:40:00,137.03,0
2026-09-01 22:45:00,163.05,0
2026-09-01 22:50:00,110.91,0
2026-09-01 22:55:00,132.15,0
2026-09-01 23:00:00,134.26,0
2026-09-01 23:05:00,162.49,0
2026-09-01 23:10:00,133.36,0
2026-09-01 23:15:00,111.85,0
2026-09-01 23:20:00,125.9,0
2026-09-01 23:25:00,91.53,0
2026-09-01 23:30:00,81.07,0
2026-09-01 23:35:00,142.24,0
2026-09-01 23:40:00,113.91,0
2026-09-01 23:45:00,115.7,0
2026-09-01 23:50:00,140.19,0
2026-09-01 23:55:00,154.54,0
2026-09-02 00:00:00,121.64,0
2026-09-02 00:05:00,156.37,0
2026-09-02 00:10:00,121.03,0
2026-09-02 00:15:00,116.78,0
2026-09-02 00:20:00,115.53,0
2026-09-02 00:25:00,87.82,0
2026-09-02 00:30:00,131.53,0
2026-09-02 00:35:00,71.34,0
2026-09-02 00:40:00,99.75,0
2026-09-02 00:45:00,111.37,0
2026-09-02 00:50:00,96.27,0
2026-09-02 00:55:00,102.37,0
2026-09-02 01:00:00,154.73,0
2026-09-02 01:05:00,135.64,0
2026-09-02 01:10:00,98.36,0
2026-09-02 01:15:00,102.34,0
2026-09-02 01:20:00,88.57,0
2026-09-02 01:25:00,126.66,0
2026-09-02 01:30:00,106.76,0
2026-09-02 01:35:00,78.46,0
2026-09-02 01:40:00,113.95,0
2026-09-02 01:45:00,121.23,0
2026-09-02 01:50:00,133.39,0
2026-09-02 01:55:00,110.82,0
2026-09-02 02:00:00,105.15,0
2026-09-02 02:05:00,161.0,0
2026-09-02 02:10:00,112.9,0
2026-09-02 02:15:00,128.56,0
2026-09-02 02:20:00,102.66,0
2026-09-02 02:25:00,128.31,0
2026-09-02 02:30:00,87.36,0
2026-09-02 02:35:00,104.67,0
2026-09-02 02:40:00,91.7,0
2026-09-02 02:45:00,102.43,0
2026-09-02 02:50:00,143.36,0
2026-09-02 02:55:00,102.76,0
2026-09-02 03:00:00,130.89,0
2026-09-02 03:05:00,151.52,0
2026-09-02 03:10:00,115.05,0
2026-09-02 03:15:00,138.65,0
2026-09-02 03:20:00,127.95,0
2026-09-02 03:25:00,119.11,0
2026-09-02 03:30:00,133.94,0
2026-09-02 03:35:00,163.51,0
2026-09-02 03:40:00,105.05,0
2026-09-02 03:45:00,99.5,0
2026-09-02 03:50:00,98.83,0
2026-09-02 03:55:00,142.53,0
2026-09-02 04:00:00,146.64,0
2026-09-02 04:05:00,109.11,0
2026-09-02 04:10:00,82.19,0
2026-09-02 04:15:00,107.41,0
2026-09-02 04:20:00,134.49,0
2026-09-02 04:25:00,121.01,0
2026-09-02 04:30:00,127.17,0
2026-09-02 04:35:00,112.64,0
2026-09-02 04:40:00,149.38,0
2026-09-02 04:45:00,133.15,0
2026-09-02 04:50:00,139.94,0
2026-09-02 04:55:00,130.38,0
2026-09-02 05:00:00,140.12,0
2026-09-02 05:05:00,139.38,0
2026-09-02 05:10:00,109.33,0
2026-09-02 05:15:00,139.14,0
2026-09-02 05:20:00,151.1,0
2026-09-02 05:25:00,162.52,0
2026-09-02 05:30:00,143.35,0
2026-09-02 05:35:00,112.67,0
2026-09-02 05:40:00,116.76,0
2026-09-02 05:45:00,125.96,0
2026-09-02 05:50:00,142.13,0
2026-09-02 05:55:00,135.54,0
2026-09-02 06:00:00,114.18,0
2026-09-02 06:05:00,115.08,0
2026-09-02 06:10:00,97.56,0
2026-09-02 06:15:00,81.94,0
2026-09-02 06:20:00,141.65,0
2026-09-02 06:25:00,222.4,0
2026-09-02 06:30:00,204.42,0
2026-09-02 06:35:00,125.31,0
2026-09-02 06:40:00,155.11,0
2026-09-02 06:45:00,117.21,0
2026-09-02 06:50:00,121.76,0
2026-09-02 06:55:00,125.64,0
2026-09-02 07:00:00,151.31,0
2026-09-02 07:05:00,154.19,0
2026-09-02 07:10:00,168.63,0
2026-09-02 07:15:00,183.64,0
2026-09-02 07:20:00,155.16,0
2026-09-02 07:25:00,167.87,0
2026-09-02 07:30:00,138.59,0
2026-09-02 07:35:00,134.06,0
2026-09-02 07:40:00,131.95,0
2026-09-02 07:45:00,196.59,0
2026-09-02 07:50:00,166.59,0
2026-09-02 07:55:00,127.97,0
2026-09-02 08:00:00,179.37,0
2026-09-02 08:05:00,146.7,0
2026-09-02 08:10:00,250.74,0
2026-09-02 08:15:00,169.66,0
2026-09-02 08:20:00,215.54,0
2026-09-02 08:25:00,234.85,0
2026-09-02 08:30:00,164.61,0
2026-09-02 08:35:00,200.68,0
2026-09-02 08:40:00,221.44,0
2026-09-02 08:45:00,207.24,0
2026-09-02 08:50:00,219.33,0
2026-09-02 08:55:00,163.82,0
2026-09-02 09:00:00,232.82,0
2026-09-02 09:05:00,195.48,0
2026-09-02 09:10:00,230.04,0
2026-09-02 09:15:00,258.08,0
2026-09-02 09:20:00,249.72,0
2026-09-02 09:25:00,238.63,0
2026-09-02 09:30:00,254.64,0
2026-09-02 09:35:00,259.87,0
2026-09-02 09:40:00,304.11,0
2026-09-02 09:45:00,233.67,0
2026-09-02 09:50:00,245.01,0
2026-09-02 09:55:00,284.62,0
2026-09-02 10:00:00,222.87,0
2026-09-02 10:05:00,193.61,0
2026-09-02 10:10:00,272.11,0
2026-09-02 10:15:00,242.6,0
2026-09-02 10:20:00,204.81,0
2026-09-02 10:25:00,281.54,0
2026-09-02 10:30:00,336.43,0
2026-09-02 10:35:00,195.95,0
2026-09-02 10:40:00,319.1,0
2026-09-02 10:45:00,169.84,0
2026-09-02 10:50:00,251.99,0
2026-09-02 10:55:00,380.86,0
2026-09-02 11:00:00,260.22,0
2026-09-02 11:05:00,283.19,0
2026-09-02 11:10:00,322.58,0
2026-09-02 11:15:00,208.29,0
2026-09-02 11:20:00,289.9,0
2026-09-02 11:25:00,291.94,0
2026-09-02 11:30:00,406.84,0
2026-09-02 11:35:00,234.81,0
2026-09-02 11:40:00,275.96,0
2026-09-02 11:45:00,251.98,0
2026-09-02 11:50:00,249.02,0
2026-09-02 11:55:00,370.06,0
2026-09-02 12:00:00,305.61,0
2026-09-02 12:05:00,277.01,0
2026-09-02 12:10:00,280.65,0
2026-09-02 12:15:00,280.04,0
2026-09-02 12:20:00,286.23,0
2026-09-02 12:25:00,249.62,0
2026-09-02 12:30:00,300.73,0
2026-09-02 12:35:00,296.8,0
2026-09-02 12:40:00,277.55,0
2026-09-02 12:45:00,328.56,0
2026-09-02 12:50:00,335.0,0
2026-09-02 12:55:00,291.37,0
2026-09-02 13:00:00,314.95,0
2026-09-02 13:05:00,478.29,0
2026-09-02 13:10:00,476.45,0
2026-09-02 13:15:00,269.8,0
2026-09-02 13:20:00,277.34,0
2026-09-02 13:25:00,270.78,0
2026-09-02 13:30:00,397.09,0
2026-09-02 13:35:00,306.05,0
2026-09-02 13:40:00,343.75,0
2026-09-02 13:45:00,472.13,0
2026-09-02 13:50:00,329.19,0
2026-09-02 13:55:00,374.68,0
2026-09-02 14:00:00,362.41,0
2026-09-02 14:05:00,296.8,0
2026-09-02 14:10:00,399.08,0
2026-09-02 14:15:00,282.83,0
2026-09-02 14:20:00,749.12,1
2026-09-02 14:25:00,841.98,1
2026-09-02 14:30:00,1249.66,1
2026-09-02 14:35:00,1595.16,1
2026-09-02 14:40:00,1971.35,1
2026-09-02 14:45:00,1843.32,1
2026-09-02 14:50:00,1533.4,1
2026-09-02 14:55:00,1767.06,1
2026-09-02 15:00:00,1760.71,1
2026-09-02 15:05:00,1639.8,1
2026-09-02 15:10:00,1861.05,1
2026-09-02 15:15:00,1468.16,1
2026-09-02 15:20:00,1704.92,1
2026-09-02 15:25:00,1498.17,1
2026-09-02 15:30:00,1421.02,1
2026-09-02 15:35:00,1437.65,1
2026-09-02 15:40:00,1434.39,1
2026-09-02 15:45:00,1455.63,1
2026-09-02 15:50:00,1296.55,1
2026-09-02 15:55:00,1213.21,1
2026-09-02 16:00:00,1418.9,1
2026-09-02 16:05:00,1342.4,1
2026-09-02 16:10:00,1208.07,1
2026-09-02 16:15:00,1436.7,1
2026-09-02 16:20:00,1035.11,1
2026-09-02 16:25:00,986.77,1
2026-09-02 16:30:00,1007.48,1
2026-09-02 16:35:00,1088.96,1
2026-09-02 16:40:00,994.1,1
2026-09-02 16:45:00,1069.15,1
2026-09-02 16:50:00,814.04,1
2026-09-02 16:55:00,979.3,1
2026-09-02 17:00:00,765.8,1
2026-09-02 17:05:00,745.55,1
2026-09-02 17:10:00,239.48,0
2026-09-02 17:15:00,332.16,0
2026-09-02 17:20:00,383.96,0
2026-09-02 17:25:00,215.15,0
2026-09-02 17:30:00,296.03,0
2026-09-02 17:35:00,153.27,0
2026-09-02 17:40:00,287.08,0
2026-09-02 17:45:00,179.8,0
2026-09-02 17:50:00,226.54,0
2026-09-02 17:55:00,194.39,0
2026-09-02 18:00:00,234.17,0
2026-09-02 18:05:00,279.88,0
2026-09-02 18:10:00,170.28,0
2026-09-02 18:15:00,220.38,0
2026-09-02 18:20:00,211.83,0
2026-09-02 18:25:00,305.17,0
2026-09-02 18:30:00,245.17,0
2026-09-02 18:35:00,181.32,0
2026-09-02 18:40:00,203.39,0
2026-09-02 18:45:00,289.39,0
2026-09-02 18:50:00,245.66,0
2026-09-02 18:55:00,180.85,0
2026-09-02 19:00:00,200.83,0
2026-09-02 19:05:00,199.49,0
2026-09-02 19:10:00,186.56,0
2026-09-02 19:15:00,149.19,0
2026-09-02 19:20:00,177.43,0
2026-09-02 19:25:00,254.18,0
2026-09-02 19:30:00,182.52,0
2026-09-02 19:35:00,189.5,0
2026-09-02 19:40:00,195.54,0
2026-09-02 19:45:00,280.69,0
2026-09-02 19:50:00,186.26,0
2026-09-02 19:55:00,223.65,0
2026-09-02 20:00:00,162.9,0
2026-09-02 20:05:00,171.04,0
2026-09-02 20:10:00,177.44,0
2026-09-02 20:15:00,152.15,0
2026-09-02 20:20:00,166.59,0
2026-09-02 20:25:00,200.36,0
2026-09-02 20:30:00,146.11,0
2026-09-02 20:35:00,166.79,0
2026-09-02 20:40:00,187.29,0
2026-09-02 20:45:00,140.5,0
2026-09-02 20:50:00,196.25,0
2026-09-02 20:55:00,161.44,0
2026-09-02 21:00:00,152.96,0
2026-09-02 21:05:00,108.58,0
2026-09-02 21:10:00,144.17,0
2026-09-02 21:15:00,163.12,0
2026-09-02 21:20:00,206.71,0
2026-09-02 21:25:00,165.52,0
2026-09-02 21:30:00,181.18,0
2026-09-02 21:35:00,117.82,0
2026-09-02 21:40:00,141.78,0
2026-09-02 21:45:00,178.98,0
2026-09-02 21:50:00,121.31,0
2026-09-02 21:55:00,167.79,0
2026-09-02 22:00:00,159.5,0
2026-09-02 22:05:00,145.58,0
2026-09-02 22:10:00,129.48,0
2026-09-02 22:15:00,114.06,0
2026-09-02 22:20:00,185.99,0
2026-09-02 22:25:00,150.19,0
2026-09-02 22:30:00,141.42,0
2026-09-02 22:35:00,122.55,0
2026-09-02 22:40:00,131.94,0
2026-09-02 22:45:00,134.02,0
2026-09-02 22:50:00,138.85,0
2026-09-02 22:55:00,146.48,0
2026-09-02 23:00:00,110.75,0
2026-09-02 23:05:00,97.3,0
2026-09-02 23:10:00,127.85,0
2026-09-02 23:15:00,91.4,0
2026-09-02 23:20:00,117.42,0
2026-09-02 23:25:00,112.93,0
2026-09-02 23:30:00,134.5,0
2026-09-02 23:35:00,175.0,0
2026-09-02 23:40:00,85.87,0
2026-09-02 23:45:00,182.63,0
2026-09-02 23:50:00,115.76,0
2026-09-02 23:55:00,127.95,0
2026-09-03 00:00:00,85.64,0
2026-09-03 00:05:00,132.24,0
2026-09-03 00:10:00,111.38,0
2026-09-03 00:15:00,109.38,0
2026-09-03 00:20:00,78.07,0
2026-09-03 00:25:00,112.17,0
2026-09-03 00:30:00,128.95,0
2026-09-03 00:35:00,106.18,0
2026-09-03 00:40:00,136.94,0
2026-09-03 00:45:00,136.0,0
2026-09-03 00:50:00,98.88,0
2026-09-03 00:55:00,147.98,0
2026-09-03 01:00:00,112.03,0
2026-09-03 01:05:00,112.2,0
2026-09-03 01:10:00,113.28,0
2026-09-03 01:15:00,112.77,0
2026-09-03 01:20:00,69.43,0
2026-09-03 01:25:00,107.9,0
2026-09-03 01:30:00,87.36,0
2026-09-03 01:35:00,149.79,0
2026-09-03 01:40:00,148.87,0
2026-09-03 01:45:00,130.59,0
2026-09-03 01:50:00,107.44,0
2026-09-03 01:55:00,93.66,0
2026-09-03 02:00:00,99.89,0
2026-09-03 02:05:00,159.74,0
2026-09-03 02:10:00,99.56,0
2026-09-03 02:15:00,73.91,0
2026-09-03 02:20:00,136.18,0
2026-09-03 02:25:00,148.46,0
2026-09-03 02:30:00,153.04,0
2026-09-03 02:35:00,137.12,0
2026-09-03 02:40:00,141.49,0
2026-09-03 02:45:00,115.31,0
2026-09-03 02:50:00,78.77,0
2026-09-03 02:55:00,115.31,0
2026-09-03 03:00:00,128.63,0
2026-09-03 03:05:00,112.54,0
2026-09-03 03:10:00,111.92,0
2026-09-03 03:15:00,97.47,0
2026-09-03 03:20:00,97.1,0
2026-09-03 03:25:00,162.39,0
2026-09-03 03:30:00,163.97,0
2026-09-03 03:35:00,117.35,0
2026-09-03 03:40:00,123.95,0
2026-09-03 03:45:00,99.11,0
2026-09-03 03:50:00,133.26,0
2026-09-03 03:55:00,163.58,0
2026-09-03 04:00:00,90.87,0
2026-09-03 04:05:00,130.65,0
2026-09-03 04:10:00,133.02,0
2026-09-03 04:15:00,133.36,0
2026-09-03 04:20:00,163.79,0
2026-09-03 04:25:00,176.69,0
2026-09-03 04:30:00,118.04,0
2026-09-03 04:35:00,139.72,0
2026-09-03 04:40:00,126.36,0
2026-09-03 04:45:00,111.71,0
2026-09-03 04:50:00,132.21,0
2026-09-03 04:55:00,142.98,0
2026-09-03 05:00:00,132.58,0
2026-09-03 05:05:00,109.52,0
2026-09-03 05:10:00,118.86,0
2026-09-03 05:15:00,119.86,0
2026-09-03 05:20:00,112.6,0
2026-09-03 05:25:00,139.67,0
2026-09-03 05:30:00,143.4,0
2026-09-03 05:35:00,159.89,0
2026-09-03 05:40:00,115.79,0
2026-09-03 05:45:00,122.78,0
2026-09-03 05:50:00,181.73,0
2026-09-03 05:55:00,134.51,0
2026-09-03 06:00:00,140.53,0
2026-09-03 06:05:00,136.66,0
2026-09-03 06:10:00,174.53,0
2026-09-03 06:15:00,177.41,0
2026-09-03 06:20:00,177.23,0
2026-09-03 06:25:00,147.17,0
2026-09-03 06:30:00,126.43,0
2026-09-03 06:35:00,211.33,0
2026-09-03 06:40:00,176.14,0
2026-09-03 06:45:00,140.53,0
2026-09-03 06:50:00,199.24,0
2026-09-03 06:55:00,141.54,0
2026-09-03 07:00:00,203.13,0
2026-09-03 07:05:00,207.91,0
2026-09-03 07:10:00,136.51,0
2026-09-03 07:15:00,180.97,0
2026-09-03 07:20:00,189.78,0
2026-09-03 07:25:00,267.03,0
2026-09-03 07:30:00,147.65,0
2026-09-03 07:35:00,220.99,0
2026-09-03 07:40:00,173.35,0
2026-09-03 07:45:00,139.88,0
2026-09-03 07:50:00,173.26,0
2026-09-03 07:55:00,179.29,0
2026-09-03 08:00:00,149.94,0
2026-09-03 08:05:00,194.29,0
2026-09-03 08:10:00,220.95,0
2026-09-03 08:15:00,196.54,0
2026-09-03 08:20:00,172.94,0
2026-09-03 08:25:00,187.96,0
2026-09-03 08:30:00,195.32,0
2026-09-03 08:35:00,205.84,0
2026-09-03 08:40:00,244.77,0
2026-09-03 08:45:00,213.15,0
2026-09-03 08:50:00,159.67,0
2026-09-03 08:55:00,188.08,0
2026-09-03 09:00:00,217.12,0
2026-09-03 09:05:00,261.21,0
2026-09-03 09:10:00,272.86,0
2026-09-03 09:15:00,301.0,0
2026-09-03 09:20:00,226.66,0
2026-09-03 09:25:00,257.12,0
2026-09-03 09:30:00,174.59,0
2026-09-03 09:35:00,248.06,0
2026-09-03 09:40:00,191.46,0
2026-09-03 09:45:00,232.48,0
2026-09-03 09:50:00,410.4,0
2026-09-03 09:55:00,254.17,0
2026-09-03 10:00:00,208.38,0
2026-09-03 10:05:00,264.97,0
2026-09-03 10:10:00,226.86,0
2026-09-03 10:15:00,211.78,0
2026-09-03 10:20:00,371.66,0
2026-09-03 10:25:00,311.75,0
2026-09-03 10:30:00,276.71,0
2026-09-03 10:35:00,244.86,0
2026-09-03 10:40:00,251.02,0
2026-09-03 10:45:00,353.96,0
2026-09-03 10:50:00,286.18,0
2026-09-03 10:55:00,157.0,0
2026-09-03 11:00:00,426.84,0
2026-09-03 11:05:00,287.98,0
2026-09-03 11:10:00,299.12,0
2026-09-03 11:15:00,344.99,0
2026-09-03 11:20:00,311.17,0
2026-09-03 11:25:00,330.11,0
2026-09-03 11:30:00,269.6,0
2026-09-03 11:35:00,235.06,0
2026-09-03 11:40:00,310.87,0
2026-09-03 11:45:00,385.35,0
2026-09-03 11:50:00,266.96,0
2026-09-03 11:55:00,264.99,0
2026-09-03 12:00:00,378.91,0
2026-09-03 12:05:00,281.95,0
2026-09-03 12:10:00,286.12,0
2026-09-03 12:15:00,289.79,0
2026-09-03 12:20:00,308.08,0
2026-09-03 12:25:00,236.11,0
2026-09-03 12:30:00,285.91,0
2026-09-03 12:35:00,330.03,0
2026-09-03 12:40:00,331.15,0
2026-09-03 12:45:00,393.56,0
2026-09-03 12:50:00,446.76,0
2026-09-03 12:55:00,422.86,0
2026-09-03 13:00:00,381.08,0
2026-09-03 13:05:00,315.73,0
2026-09-03 13:10:00,290.77,0
2026-09-03 13:15:00,327.22,0
2026-09-03 13:20:00,363.31,0
2026-09-03 13:25:00,379.92,0
2026-09-03 13:30:00,367.25,0
2026-09-03 13:35:00,321.72,0
2026-09-03 13:40:00,379.33,0
2026-09-03 13:45:00,413.54,0
2026-09-03 13:50:00,386.43,0
2026-09-03 13:55:00,328.06,0
2026-09-03 14:00:00,284.01,0
2026-09-03 14:05:00,282.76,0
2026-09-03 14:10:00,291.75,0
2026-09-03 14:15:00,345.18,0
2026-09-03 14:20:00,361.53,0
2026-09-03 14:25:00,254.9,0
2026-09-03 14:30:00,299.82,0
2026-09-03 14:35:00,342.34,0
2026-09-03 14:40:00,278.08,0
2026-09-03 14:45:00,352.66,0
2026-09-03 14:50:00,307.77,0
2026-09-03 14:55:00,284.7,0
2026-09-03 15:00:00,326.34,0
2026-09-03 15:05:00,345.64,0
2026-09-03 15:10:00,275.39,0
2026-09-03 15:15:00,305.86,0
2026-09-03 15:20:00,346.05,0
2026-09-03 15:25:00,276.04,0
2026-09-03 15:30:00,233.78,0
2026-09-03 15:35:00,237.69,0
2026-09-03 15:40:00,289.11,0
2026-09-03 15:45:00,244.45,0
2026-09-03 15:50:00,289.37,0
2026-09-03 15:55:00,413.12,0
2026-09-03 16:00:00,237.31,0
2026-09-03 16:05:00,287.11,0
2026-09-03 16:10:00,440.33,0
2026-09-03 16:15:00,320.51,0
2026-09-03 16:20:00,276.65,0
2026-09-03 16:25:00,285.13,0
2026-09-03 16:30:00,314.35,0
2026-09-03 16:35:00,391.6,0
2026-09-03 16:40:00,260.08,0
2026-09-03 16:45:00,247.53,0
2026-09-03 16:50:00,219.39,0
2026-09-03 16:55:00,283.86,0
2026-09-03 17:00:00,214.35,0
2026-09-03 17:05:00,251.55,0
2026-09-03 17:10:00,229.95,0
2026-09-03 17:15:00,325.35,0
2026-09-03 17:20:00,242.25,0
2026-09-03 17:25:00,282.21,0
2026-09-03 17:30:00,194.81,0
2026-09-03 17:35:00,263.45,0
2026-09-03 17:40:00,204.97,0
2026-09-03 17:45:00,233.2,0
2026-09-03 17:50:00,370.72,0
2026-09-03 17:55:00,291.2,0
2026-09-03 18:00:00,237.87,0
2026-09-03 18:05:00,428.03,0
2026-09-03 18:10:00,201.75,0
2026-09-03 18:15:00,289.97,0
2026-09-03 18:20:00,176.33,0
2026-09-03 18:25:00,219.72,0
2026-09-03 18:30:00,177.98,0
2026-09-03 18:35:00,234.73,0
2026-09-03 18:40:00,223.64,0
2026-09-03 18:45:00,206.91,0
2026-09-03 18:50:00,262.94,0
2026-09-03 18:55:00,192.65,0
2026-09-03 19:00:00,223.49,0
2026-09-03 19:05:00,241.24,0
2026-09-03 19:10:00,157.37,0
2026-09-03 19:15:00,177.39,0
2026-09-03 19:20:00,202.4,0
2026-09-03 19:25:00,221.72,0
2026-09-03 19:30:00,252.47,0
2026-09-03 19:35:00,185.69,0
2026-09-03 19:40:00,180.1,0
2026-09-03 19:45:00,160.92,0
2026-09-03 19:50:00,197.34,0
2026-09-03 19:55:00,174.11,0
2026-09-03 20:00:00,172.69,0
2026-09-03 20:05:00,176.21,0
2026-09-03 20:10:00,195.52,0
2026-09-03 20:15:00,158.03,0
2026-09-03 20:20:00,150.39,0
2026-09-03 20:25:00,184.56,0
2026-09-03 20:30:00,97.89,0
2026-09-03 20:35:00,149.61,0
2026-09-03 20:40:00,134.0,0
2026-09-03 20:45:00,202.39,0
2026-09-03 20:50:00,148.84,0
2026-09-03 20:55:00,144.04,0
2026-09-03 21:00:00,156.21,0
2026-09-03 21:05:00,140.03,0
2026-09-03 21:10:00,143.41,0
2026-09-03 21:15:00,155.26,0
2026-09-03 21:20:00,139.93,0
2026-09-03 21:25:00,138.32,0
2026-09-03 21:30:00,123.34,0
2026-09-03 21:35:00,119.0,0
2026-09-03 21:40:00,146.64,0
2026-09-03 21:45:00,151.82,0
2026-09-03 21:50:00,110.07,0
2026-09-03 21:55:00,161.71,0
2026-09-03 22:00:00,160.38,0
2026-09-03 22:05:00,165.12,0
2026-09-03 22:10:00,144.99,0
2026-09-03 22:15:00,152.78,0
2026-09-03 22:20:00,200.22,0
2026-09-03 22:25:00,126.96,0
2026-09-03 22:30:00,110.19,0
2026-09-03 22:35:00,100.15,0
2026-09-03 22:40:00,179.74,0
2026-09-03 22:45:00,178.88,0
2026-09-03 22:50:00,109.4,0
2026-09-03 22:55:00,112.59,0
2026-09-03 23:00:00,120.28,0
2026-09-03 23:05:00,157.93,0
2026-09-03 23:10:00,99.88,0
2026-09-03 23:15:00,87.86,0
2026-09-03 23:20:00,183.85,0
2026-09-03 23:25:00,130.93,0
2026-09-03 23:30:00,133.6,0
2026-09-03 23:35:00,118.03,0
2026-09-03 23:40:00,132.52,0
2026-09-03 23:45:00,92.35,0
2026-09-03 23:50:00,103.76,0
2026-09-03 23:55:00,122.48,0
2026-09-04 00:00:00,73.41,0
2026-09-04 00:05:00,104.66,0
2026-09-04 00:10:00,103.54,0
2026-09-04 00:15:00,104.73,0
2026-09-04 00:20:00,100.19,0
2026-09-04 00:25:00,92.52,0
2026-09-04 00:30:00,79.78,0
2026-09-04 00:35:00,113.72,0
2026-09-04 00:40:00,105.02,0
2026-09-04 00:45:00,86.59,0
2026-09-04 00:50:00,112.23,0
2026-09-04 00:55:00,105.3,0
2026-09-04 01:00:00,102.27,0
2026-09-04 01:05:00,75.42,0
2026-09-04 01:10:00,125.83,0
2026-09-04 01:15:00,89.2,0
2026-09-04 01:20:00,112.74,0
2026-09-04 01:25:00,96.46,0
2026-09-04 01:30:00,104.12,0
2026-09-04 01:35:00,137.54,0
2026-09-04 01:40:00,123.13,0
2026-09-04 01:45:00,137.29,0
2026-09-04 01:50:00,119.03,0
2026-09-04 01:55:00,120.6,0
2026-09-04 02:00:00,81.6,0
2026-09-04 02:05:00,106.35,0
2026-09-04 02:10:00,108.29,0
2026-09-04 02:15:00,140.77,0
2026-09-04 02:20:00,103.27,0
2026-09-04 02:25:00,118.86,0
2026-09-04 02:30:00,118.24,0
2026-09-04 02:35:00,140.1,0
2026-09-04 02:40:00,111.26,0
2026-09-04 02:45:00,132.57,0
2026-09-04 02:50:00,84.22,0
2026-09-04 02:55:00,85.81,0
2026-09-04 03:00:00,76.25,0
2026-09-04 03:05:00,132.83,0
2026-09-04 03:10:00,130.52,0
2026-09-04 03:15:00,136.26,0
2026-09-04 03:20:00,102.94,0
2026-09-04 03:25:00,105.39,0
2026-09-04 03:30:00,114.49,0
2026-09-04 03:35:00,152.25,0
2026-09-04 03:40:00,159.82,0
2026-09-04 03:45:00,136.41,0
2026-09-04 03:50:00,125.99,0
2026-09-04 03:55:00,151.56,0
2026-09-04 04:00:00,114.28,0
2026-09-04 04:05:00,112.01,0
2026-09-04 04:10:00,117.95,0
2026-09-04 04:15:00,101.69,0
2026-09-04 04:20:00,118.08,0
2026-09-04 04:25:00,100.16,0
2026-09-04 04:30:00,148.05,0
2026-09-04 04:35:00,136.5,0
2026-09-04 04:40:00,160.98,0
2026-09-04 04:45:00,93.36,0
2026-09-04 04:50:00,177.32,0
2026-09-04 04:55:00,95.47,0
2026-09-04 05:00:00,102.77,0
2026-09-04 05:05:00,114.77,0
2026-09-04 05:10:00,163.5,0
2026-09-04 05:15:00,135.5,0
2026-09-04 05:20:00,125.41,0
2026-09-04 05:25:00,114.45,0
2026-09-04 05:30:00,103.83,0
2026-09-04 05:35:00,164.36,0
2026-09-04 05:40:00,156.0,0
2026-09-04 05:45:00,173.77,0
2026-09-04 05:50:00,147.54,0
2026-09-04 05:55:00,86.11,0
2026-09-04 06:00:00,111.72,0
2026-09-04 06:05:00,153.34,0
2026-09-04 06:10:00,133.17,0
2026-09-04 06:15:00,129.92,0
2026-09-04 06:20:00,118.93,0
2026-09-04 06:25:00,173.71,0
2026-09-04 06:30:00,160.59,0
2026-09-04 06:35:00,163.54,0
2026-09-04 06:40:00,134.71,0
2026-09-04 06:45:00,157.48,0
2026-09-04 06:50:00,121.2,0
2026-09-04 06:55:00,152.26,0
2026-09-04 07:00:00,99.97,0
2026-09-04 07:05:00,120.15,0
2026-09-04 07:10:00,152.05,0
2026-09-04 07:15:00,249.91,0
2026-09-04 07:20:00,119.22,0
2026-09-04 07:25:00,133.33,0
2026-09-04 07:30:00,175.47,0
2026-09-04 07:35:00,234.81,0
2026-09-04 07:40:00,179.22,0
2026-09-04 07:45:00,198.47,0
2026-09-04 07:50:00,166.6,0
2026-09-04 07:55:00,163.47,0
2026-09-04 08:00:00,184.13,0
2026-09-04 08:05:00,163.15,0
2026-09-04 08:10:00,211.86,0
2026-09-04 08:15:00,141.01,0
2026-09-04 08:20:00,223.78,0
2026-09-04 08:25:00,194.42,0
2026-09-04 08:30:00,188.07,0
2026-09-04 08:35:00,147.27,0
2026-09-04 08:40:00,168.04,0
2026-09-04 08:45:00,251.85,0
2026-09-04 08:50:00,197.95,0
2026-09-04 08:55:00,218.81,0
2026-09-04 09:00:00,179.87,0
2026-09-04 09:05:00,212.25,0
2026-09-04 09:10:00,168.74,0
2026-09-04 09:15:00,222.66,0
2026-09-04 09:20:00,236.67,0
2026-09-04 09:25:00,237.42,0
2026-09-04 09:30:00,192.79,0
2026-09-04 09:35:00,215.88,0
2026-09-04 09:40:00,255.93,0
2026-09-04 09:45:00,226.33,0
2026-09-04 09:50:00,225.89,0
2026-09-04 09:55:00,339.0,0
2026-09-04 10:00:00,205.14,0
2026-09-04 10:05:00,299.07,0
2026-09-04 10:10:00,202.27,0
2026-09-04 10:15:00,283.26,0
2026-09-04 10:20:00,289.13,0
2026-09-04 10:25:00,234.7,0
2026-09-04 10:30:00,208.85,0
2026-09-04 10:35:00,184.3,0
2026-09-04 10:40:00,237.64,0
2026-09-04 10:45:00,294.79,0
2026-09-04 10:50:00,223.07,0
2026-09-04 10:55:00,278.27,0
2026-09-04 11:00:00,211.64,0
2026-09-04 11:05:00,267.16,0
2026-09-04 11:10:00,228.73,0
2026-09-04 11:15:00,279.74,0
2026-09-04 11:20:00,261.48,0
2026-09-04 11:25:00,232.93,0
2026-09-04 11:30:00,258.43,0
2026-09-04 11:35:00,247.9,0
2026-09-04 11:40:00,233.33,0
2026-09-04 11:45:00,361.89,0
2026-09-04 11:50:00,281.15,0
2026-09-04 11:55:00,203.23,0
2026-09-04 12:00:00,271.87,0
2026-09-04 12:05:00,360.93,0
2026-09-04 12:10:00,268.61,0
2026-09-04 12:15:00,405.82,0
2026-09-04 12:20:00,267.17,0
2026-09-04 12:25:00,343.15,0
2026-09-04 12:30:00,379.69,0
2026-09-04 12:35:00,343.35,0
2026-09-04 12:40:00,248.39,0
2026-09-04 12:45:00,269.66,0
2026-09-04 12:50:00,396.05,0
2026-09-04 12:55:00,278.65,0
2026-09-04 13:00:00,385.29,0
2026-09-04 13:05:00,300.13,0
2026-09-04 13:10:00,333.66,0
2026-09-04 13:15:00,254.15,0
2026-09-04 13:20:00,293.06,0
2026-09-04 13:25:00,279.91,0
2026-09-04 13:30:00,341.89,0
2026-09-04 13:35:00,334.37,0
2026-09-04 13:40:00,357.83,0
2026-09-04 13:45:00,301.72,0
2026-09-04 13:50:00,278.96,0
2026-09-04 13:55:00,340.99,0
2026-09-04 14:00:00,274.18,0
2026-09-04 14:05:00,400.64,0
2026-09-04 14:10:00,323.08,0
2026-09-04 14:15:00,310.78,0
2026-09-04 14:20:00,357.8,0
2026-09-04 14:25:00,324.32,0
2026-09-04 14:30:00,243.58,0
2026-09-04 14:35:00,270.69,0
2026-09-04 14:40:00,395.54,0
2026-09-04 14:45:00,331.13,0
2026-09-04 14:50:00,240.33,0
2026-09-04 14:55:00,345.52,0
2026-09-04 15:00:00,292.28,0
2026-09-04 15:05:00,275.17,0
2026-09-04 15:10:00,261.09,0
2026-09-04 15:15:00,382.53,0
2026-09-04 15:20:00,223.32,0
2026-09-04 15:25:00,272.32,0
2026-09-04 15:30:00,321.95,0
2026-09-04 15:35:00,416.4,0
2026-09-04 15:40:00,344.39,0
2026-09-04 15:45:00,266.14,0
2026-09-04 15:50:00,405.69,0
2026-09-04 15:55:00,239.88,0
2026-09-04 16:00:00,319.03,0
2026-09-04 16:05:00,329.82,0
2026-09-04 16:10:00,255.99,0
2026-09-04 16:15:00,337.65,0
2026-09-04 16:20:00,269.47,0
2026-09-04 16:25:00,332.39,0
2026-09-04 16:30:00,208.95,0
2026-09-04 16:35:00,306.52,0
2026-09-04 16:40:00,265.7,0
2026-09-04 16:45:00,348.92,0
2026-09-04 16:50:00,278.97,0
2026-09-04 16:55:00,348.9,0
2026-09-04 17:00:00,302.48,0
2026-09-04 17:05:00,267.25,0
2026-09-04 17:10:00,312.07,0
2026-09-04 17:15:00,309.35,0
2026-09-04 17:20:00,289.0,0
2026-09-04 17:25:00,173.92,0
2026-09-04 17:30:00,217.88,0
2026-09-04 17:35:00,330.08,0
2026-09-04 17:40:00,203.03,0
2026-09-04 17:45:00,295.11,0
2026-09-04 17:50:00,282.76,0
2026-09-04 17:55:00,216.06,0
2026-09-04 18:00:00,169.99,0
2026-09-04 18:05:00,217.23,0
2026-09-04 18:10:00,345.78,0
2026-09-04 18:15:00,201.27,0
2026-09-04 18:20:00,201.39,0
2026-09-04 18:25:00,191.85,0
2026-09-04 18:30:00,282.28,0
2026-09-04 18:35:00,214.52,0
2026-09-04 18:40:00,197.8,0
2026-09-04 18:45:00,282.06,0
2026-09-04 18:50:00,239.77,0
2026-09-04 18:55:00,180.82,0
2026-09-04 19:00:00,169.07,0
2026-09-04 19:05:00,256.35,0
2026-09-04 19:10:00,206.15,0
2026-09-04 19:15:00,153.58,0
2026-09-04 19:20:00,145.41,0
2026-09-04 19:25:00,161.92,0
2026-09-04 19:30:00,156.39,0
2026-09-04 19:35:00,133.57,0
2026-09-04 19:40:00,156.42,0
2026-09-04 19:45:00,159.58,0
2026-09-04 19:50:00,171.1,0
2026-09-04 19:55:00,249.11,0
2026-09-04 20:00:00,172.92,0
2026-09-04 20:05:00,173.89,0
2026-09-04 20:10:00,194.03,0
2026-09-04 20:15:00,167.59,0
2026-09-04 20:20:00,185.72,0
2026-09-04 20:25:00,179.61,0
2026-09-04 20:30:00,172.52,0
2026-09-04 20:35:00,274.42,0
2026-09-04 20:40:00,194.24,0
2026-09-04 20:45:00,134.14,0
2026-09-04 20:50:00,172.24,0
2026-09-04 20:55:00,138.17,0
2026-09-04 21:00:00,170.76,0
2026-09-04 21:05:00,121.69,0
2026-09-04 21:10:00,126.32,0
2026-09-04 21:15:00,162.31,0
2026-09-04 21:20:00,180.68,0
2026-09-04 21:25:00,163.59,0
2026-09-04 21:30:00,172.52,0
2026-09-04 21:35:00,156.67,0
2026-09-04 21:40:00,149.63,0
2026-09-04 21:45:00,131.22,0
2026-09-04 21:50:00,164.76,0
2026-09-04 21:55:00,169.61,0
2026-09-04 22:00:00,138.19,0
2026-09-04 22:05:00,135.67,0
2026-09-04 22:10:00,182.93,0
2026-09-04 22:15:00,135.72,0
2026-09-04 22:20:00,136.97,0
2026-09-04 22:25:00,146.25,0
2026-09-04 22:30:00,130.69,0
2026-09-04 22:35:00,113.88,0
2026-09-04 22:40:00,140.26,0
2026-09-04 22:45:00,129.2,0
2026-09-04 22:50:00,180.01,0
2026-09-04 22:55:00,147.91,0
2026-09-04 23:00:00,114.54,0
2026-09-04 23:05:00,144.46,0
2026-09-04 23:10:00,133.1,0
2026-09-04 23:15:00,158.45,0
2026-09-04 23:20:00,113.25,0
2026-09-04 23:25:00,128.05,0
2026-09-04 23:30:00,120.93,0
2026-09-04 23:35:00,123.77,0
2026-09-04 23:40:00,103.91,0
2026-09-04 23:45:00,134.53,0
2026-09-04 23:50:00,130.15,0
2026-09-04 23:55:00,151.46,0
2026-09-05 00:00:00,82.71,0
2026-09-05 00:05:00,76.97,0
2026-09-05 00:10:00,95.58,0
2026-09-05 00:15:00,71.9,0
2026-09-05 00:20:00,100.88,0
2026-09-05 00:25:00,100.88,0
2026-09-05 00:30:00,104.15,0
2026-09-05 00:35:00,88.92,0
2026-09-05 00:40:00,76.17,0
2026-09-05 00:45:00,84.83,0
2026-09-05 00:50:00,89.13,0
2026-09-05 00:55:00,75.3,0
2026-09-05 01:00:00,105.94,0
2026-09-05 01:05:00,92.58,0
2026-09-05 01:10:00,71.08,0
2026-09-05 01:15:00,117.22,0
2026-09-05 01:20:00,85.07,0
2026-09-05 01:25:00,68.71,0
2026-09-05 01:30:00,72.12,0
2026-09-05 01:35:00,109.58,0
2026-09-05 01:40:00,116.56,0
2026-09-05 01:45:00,100.76,0
2026-09-05 01:50:00,106.66,0
2026-09-05 01:55:00,104.84,0
2026-09-05 02:00:00,93.23,0
2026-09-05 02:05:00,89.6,0
2026-09-05 02:10:00,93.21,0
2026-09-05 02:15:00,96.71,0
2026-09-05 02:20:00,74.24,0
2026-09-05 02:25:00,96.96,0
2026-09-05 02:30:00,110.71,0
2026-09-05 02:35:00,82.2,0
2026-09-05 02:40:00,80.79,0
2026-09-05 02:45:00,93.33,0
2026-09-05 02:50:00,76.38,0
2026-09-05 02:55:00,67.89,0
2026-09-05 03:00:00,106.06,0
2026-09-05 03:05:00,79.74,0
2026-09-05 03:10:00,87.0,0
2026-09-05 03:15:00,77.91,0
2026-09-05 03:20:00,109.75,0
2026-09-05 03:25:00,102.0,0
2026-09-05 03:30:00,84.04,0
2026-09-05 03:35:00,71.21,0
2026-09-05 03:40:00,83.02,0
2026-09-05 03:45:00,98.27,0
2026-09-05 03:50:00,92.1,0
2026-09-05 03:55:00,91.15,0
2026-09-05 04:00:00,93.24,0
2026-09-05 04:05:00,103.33,0
2026-09-05 04:10:00,89.86,0
2026-09-05 04:15:00,98.63,0
2026-09-05 04:20:00,76.52,0
2026-09-05 04:25:00,145.46,0
2026-09-05 04:30:00,87.73,0
2026-09-05 04:35:00,96.29,0
2026-09-05 04:40:00,103.37,0
2026-09-05 04:45:00,87.19,0
2026-09-05 04:50:00,94.58,0
2026-09-05 04:55:00,94.95,0
2026-09-05 05:00:00,81.12,0
2026-09-05 05:05:00,104.16,0
2026-09-05 05:10:00,72.01,0
2026-09-05 05:15:00,133.78,0
2026-09-05 05:20:00,113.36,0
2026-09-05 05:25:00,111.08,0
2026-09-05 05:30:00,72.98,0
2026-09-05 05:35:00,87.17,0
2026-09-05 05:40:00,130.13,0
2026-09-05 05:45:00,215.69,0
2026-09-05 05:50:00,127.75,0
2026-09-05 05:55:00,125.24,0
2026-09-05 06:00:00,115.22,0
2026-09-05 06:05:00,90.81,0
2026-09-05 06:10:00,127.69,0
2026-09-05 06:15:00,88.38,0
2026-09-05 06:20:00,87.49,0
2026-09-05 06:25:00,87.35,0
2026-09-05 06:30:00,132.25,0
2026-09-05 06:35:00,110.92,0
2026-09-05 06:40:00,115.31,0
2026-09-05 06:45:00,114.11,0
2026-09-05 06:50:00,94.43,0
2026-09-05 06:55:00,103.6,0
2026-09-05 07:00:00,105.7,0
2026-09-05 07:05:00,92.79,0
2026-09-05 07:10:00,110.36,0
2026-09-05 07:15:00,100.61,0
2026-09-05 07:20:00,137.19,0
2026-09-05 07:25:00,140.89,0
2026-09-05 07:30:00,100.27,0
2026-09-05 07:35:00,121.41,0
2026-09-05 07:40:00,181.02,0
2026-09-05 07:45:00,109.95,0
2026-09-05 07:50:00,143.38,0
2026-09-05 07:55:00,136.99,0
2026-09-05 08:00:00,165.65,0
2026-09-05 08:05:00,145.28,0
2026-09-05 08:10:00,129.05,0
2026-09-05 08:15:00,142.93,0
2026-09-05 08:20:00,145.1,0
2026-09-05 08:25:00,142.42,0
2026-09-05 08:30:00,115.62,0
2026-09-05 08:35:00,185.69,0
2026-09-05 08:40:00,182.15,0
2026-09-05 08:45:00,126.15,0
2026-09-05 08:50:00,146.02,0
2026-09-05 08:55:00,149.89,0
2026-09-05 09:00:00,128.34,0
2026-09-05 09:05:00,114.35,0
2026-09-05 09:10:00,143.59,0
2026-09-05 09:15:00,153.83,0
2026-09-05 09:20:00,128.1,0
2026-09-05 09:25:00,173.52,0
2026-09-05 09:30:00,209.74,0
2026-09-05 09:35:00,200.37,0
2026-09-05 09:40:00,170.33,0
2026-09-05 09:45:00,126.61,0
2026-09-05 09:50:00,202.94,0
2026-09-05 09:55:00,185.31,0
2026-09-05 10:00:00,197.07,0
2026-09-05 10:05:00,261.65,0
2026-09-05 10:10:00,160.98,0
2026-09-05 10:15:00,112.54,0
2026-09-05 10:20:00,157.92,0
2026-09-05 10:25:00,210.61,0
2026-09-05 10:30:00,195.97,0
2026-09-05 10:35:00,158.34,0
2026-09-05 10:40:00,154.2,0
2026-09-05 10:45:00,188.68,0
2026-09-05 10:50:00,162.3,0
2026-09-05 10:55:00,225.24,0
2026-09-05 11:00:00,192.27,0
2026-09-05 11:05:00,186.67,0
2026-09-05 11:10:00,183.98,0
2026-09-05 11:15:00,223.09,0
2026-09-05 11:20:00,216.27,0
2026-09-05 11:25:00,224.45,0
2026-09-05 11:30:00,225.42,0
2026-09-05 11:35:00,217.13,0
2026-09-05 11:40:00,184.07,0
2026-09-05 11:45:00,195.84,0
2026-09-05 11:50:00,209.56,0
2026-09-05 11:55:00,328.59,0
2026-09-05 12:00:00,178.94,0
2026-09-05 12:05:00,212.93,0
2026-09-05 12:10:00,235.17,0
2026-09-05 12:15:00,220.09,0
2026-09-05 12:20:00,283.64,0
2026-09-05 12:25:00,222.37,0
2026-09-05 12:30:00,226.53,0
2026-09-05 12:35:00,274.97,0
2026-09-05 12:40:00,330.51,0
2026-09-05 12:45:00,308.73,0
2026-09-05 12:50:00,234.78,0
2026-09-05 12:55:00,239.41,0
2026-09-05 13:00:00,244.47,0
2026-09-05 13:05:00,249.75,0
2026-09-05 13:10:00,209.45,0
2026-09-05 13:15:00,289.55,0
2026-09-05 13:20:00,254.52,0
2026-09-05 13:25:00,243.78,0
2026-09-05 13:30:00,195.86,0
2026-09-05 13:35:00,249.39,0
2026-09-05 13:40:00,175.62,0
2026-09-05 13:45:00,222.61,0
2026-09-05 13:50:00,223.51,0
2026-09-05 13:55:00,260.58,0
2026-09-05 14:00:00,347.16,0
2026-09-05 14:05:00,274.3,0
2026-09-05 14:10:00,321.03,0
2026-09-05 14:15:00,277.62,0
2026-09-05 14:20:00,302.36,0
2026-09-05 14:25:00,344.5,0
2026-09-05 14:30:00,215.83,0
2026-09-05 14:35:00,212.91,0
2026-09-05 14:40:00,276.6,0
2026-09-05 14:45:00,244.46,0
2026-09-05 14:50:00,253.83,0
2026-09-05 14:55:00,232.58,0
2026-09-05 15:00:00,217.75,0
2026-09-05 15:05:00,323.39,0
2026-09-05 15:10:00,197.41,0
2026-09-05 15:15:00,271.15,0
2026-09-05 15:20:00,505.06,1
2026-09-05 15:25:00,1378.43,1
2026-09-05 15:30:00,1187.33,1
2026-09-05 15:35:00,838.19,1
2026-09-05 15:40:00,881.2,1
2026-09-05 15:45:00,588.73,1
2026-09-05 15:50:00,227.52,0
2026-09-05 15:55:00,176.62,0
2026-09-05 16:00:00,346.71,0
2026-09-05 16:05:00,229.49,0
2026-09-05 16:10:00,246.13,0
2026-09-05 16:15:00,202.65,0
2026-09-05 16:20:00,197.11,0
2026-09-05 16:25:00,310.38,0
2026-09-05 16:30:00,154.55,0
2026-09-05 16:35:00,227.57,0
2026-09-05 16:40:00,172.57,0
2026-09-05 16:45:00,197.81,0
2026-09-05 16:50:00,188.01,0
2026-09-05 16:55:00,175.0,0
2026-09-05 17:00:00,208.37,0
2026-09-05 17:05:00,129.18,0
2026-09-05 17:10:00,191.9,0
2026-09-05 17:15:00,197.87,0
2026-09-05 17:20:00,155.89,0
2026-09-05 17:25:00,258.76,0
2026-09-05 17:30:00,175.23,0
2026-09-05 17:35:00,184.89,0
2026-09-05 17:40:00,171.6,0
2026-09-05 17:45:00,186.07,0
2026-09-05 17:50:00,236.33,0
2026-09-05 17:55:00,288.2,0
2026-09-05 18:00:00,208.8,0
2026-09-05 18:05:00,219.54,0
2026-09-05 18:10:00,243.0,0
2026-09-05 18:15:00,184.41,0
2026-09-05 18:20:00,231.17,0
2026-09-05 18:25:00,198.59,0
2026-09-05 18:30:00,174.6,0
2026-09-05 18:35:00,179.02,0
2026-09-05 18:40:00,119.63,0
2026-09-05 18:45:00,172.88,0
2026-09-05 18:50:00,122.71,0
2026-09-05 18:55:00,119.43,0
2026-09-05 19:00:00,163.63,0
2026-09-05 19:05:00,127.72,0
2026-09-05 19:10:00,153.95,0
2026-09-05 19:15:00,156.07,0
2026-09-05 19:20:00,155.37,0
2026-09-05 19:25:00,126.16,0
2026-09-05 19:30:00,172.35,0
2026-09-05 19:35:00,142.48,0
2026-09-05 19:40:00,154.81,0
2026-09-05 19:45:00,113.86,0
2026-09-05 19:50:00,135.07,0
2026-09-05 19:55:00,167.84,0
2026-09-05 20:00:00,162.03,0
2026-09-05 20:05:00,116.44,0
2026-09-05 20:10:00,120.36,0
2026-09-05 20:15:00,109.79,0
2026-09-05 20:20:00,115.17,0
2026-09-05 20:25:00,99.56,0
2026-09-05 20:30:00,123.45,0
2026-09-05 20:35:00,140.19,0
2026-09-05 20:40:00,107.35,0
2026-09-05 20:45:00,120.25,0
2026-09-05 20:50:00,116.15,0
2026-09-05 20:55:00,144.49,0
2026-09-05 21:00:00,105.86,0
2026-09-05 21:05:00,105.4,0
2026-09-05 21:10:00,99.31,0
2026-09-05 21:15:00,93.24,0
2026-09-05 21:20:00,124.55,0
2026-09-05 21:25:00,109.38,0
2026-09-05 21:30:00,112.05,0
2026-09-05 21:35:00,138.18,0
2026-09-05 21:40:00,138.27,0
2026-09-05 21:45:00,80.12,0
2026-09-05 21:50:00,119.95,0
2026-09-05 21:55:00,110.16,0
2026-09-05 22:00:00,96.47,0
2026-09-05 22:05:00,110.23,0
2026-09-05 22:10:00,75.51,0
2026-09-05 22:15:00,132.94,0
2026-09-05 22:20:00,111.18,0
2026-09-05 22:25:00,86.03,0
2026-09-05 22:30:00,89.78,0
2026-09-05 22:35:00,72.86,0
2026-09-05 22:40:00,92.88,0
2026-09-05 22:45:00,89.46,0
2026-09-05 22:50:00,76.34,0
2026-09-05 22:55:00,110.7,0
2026-09-05 23:00:00,120.34,0
2026-09-05 23:05:00,94.56,0
2026-09-05 23:10:00,89.39,0
2026-09-05 23:15:00,101.53,0
2026-09-05 23:20:00,93.02,0
2026-09-05 23:25:00,76.4,0
2026-09-05 23:30:00,82.1,0
2026-09-05 23:35:00,87.08,0
2026-09-05 23:40:00,95.57,0
2026-09-05 23:45:00,91.11,0
2026-09-05 23:50:00,94.03,0
2026-09-05 23:55:00,68.5,0
2026-09-06 00:00:00,93.4,0
2026-09-06 00:05:00,82.94,0
2026-09-06 00:10:00,131.28,0
2026-09-06 00:15:00,77.36,0
2026-09-06 00:20:00,87.96,0
2026-09-06 00:25:00,138.14,0
2026-09-06 00:30:00,86.01,0
2026-09-06 00:35:00,82.09,0
2026-09-06 00:40:00,69.61,0
2026-09-06 00:45:00,109.52,0
2026-09-06 00:50:00,67.56,0
2026-09-06 00:55:00,89.94,0
2026-09-06 01:00:00,76.53,0
2026-09-06 01:05:00,80.6,0
2026-09-06 01:10:00,64.59,0
2026-09-06 01:15:00,106.37,0
2026-09-06 01:20:00,79.52,0
2026-09-06 01:25:00,67.23,0
2026-09-06 01:30:00,104.93,0
2026-09-06 01:35:00,76.56,0
2026-09-06 01:40:00,89.13,0
2026-09-06 01:45:00,97.76,0
2026-09-06 01:50:00,91.61,0
2026-09-06 01:55:00,56.72,0
2026-09-06 02:00:00,95.58,0
2026-09-06 02:05:00,82.94,0
2026-09-06 02:10:00,79.71,0
2026-09-06 02:15:00,83.06,0
2026-09-06 02:20:00,63.5,0
2026-09-06 02:25:00,87.98,0
2026-09-06 02:30:00,66.6,0
2026-09-06 02:35:00,81.03,0
2026-09-06 02:40:00,87.92,0
2026-09-06 02:45:00,103.93,0
2026-09-06 02:50:00,74.08,0
2026-09-06 02:55:00,111.75,0
2026-09-06 03:00:00,102.29,0
2026-09-06 03:05:00,80.05,0
2026-09-06 03:10:00,71.03,0
2026-09-06 03:15:00,67.06,0
2026-09-06 03:20:00,91.59,0
2026-09-06 03:25:00,76.61,0
2026-09-06 03:30:00,108.91,0
2026-09-06 03:35:00,77.92,0
2026-09-06 03:40:00,75.14,0
2026-09-06 03:45:00,92.5,0
2026-09-06 03:50:00,78.68,0
2026-09-06 03:55:00,89.52,0
2026-09-06 04:00:00,107.18,0
2026-09-06 04:05:00,92.06,0
2026-09-06 04:10:00,92.53,0
2026-09-06 04:15:00,94.38,0
2026-09-06 04:20:00,67.39,0
2026-09-06 04:25:00,98.57,0
2026-09-06 04:30:00,95.03,0
2026-09-06 04:35:00,109.01,0
2026-09-06 04:40:00,104.1,0
2026-09-06 04:45:00,90.53,0
2026-09-06 04:50:00,113.73,0
2026-09-06 04:55:00,90.15,0
2026-09-06 05:00:00,99.98,0
2026-09-06 05:05:00,91.01,0
2026-09-06 05:10:00,105.3,0
2026-09-06 05:15:00,91.19,0
2026-09-06 05:20:00,132.21,0
2026-09-06 05:25:00,142.35,0
2026-09-06 05:30:00,116.75,0
2026-09-06 05:35:00,132.68,0
2026-09-06 05:40:00,76.81,0
2026-09-06 05:45:00,79.1,0
2026-09-06 05:50:00,97.23,0
2026-09-06 05:55:00,104.69,0
2026-09-06 06:00:00,101.16,0
2026-09-06 06:05:00,78.71,0
2026-09-06 06:10:00,131.34,0
2026-09-06 06:15:00,158.79,0
2026-09-06 06:20:00,137.0,0
2026-09-06 06:25:00,133.56,0
2026-09-06 06:30:00,115.56,0
2026-09-06 06:35:00,96.3,0
2026-09-06 06:40:00,114.72,0
2026-09-06 06:45:00,167.15,0
2026-09-06 06:50:00,108.55,0
2026-09-06 06:55:00,107.71,0
2026-09-06 07:00:00,144.25,0
2026-09-06 07:05:00,147.61,0
2026-09-06 07:10:00,103.74,0
2026-09-06 07:15:00,116.61,0
2026-09-06 07:20:00,112.96,0
2026-09-06 07:25:00,126.67,0
2026-09-06 07:30:00,154.38,0
2026-09-06 07:35:00,110.81,0
2026-09-06 07:40:00,157.7,0
2026-09-06 07:45:00,133.6,0
2026-09-06 07:50:00,201.82,0
2026-09-06 07:55:00,142.35,0
2026-09-06 08:00:00,133.71,0
2026-09-06 08:05:00,152.77,0
2026-09-06 08:10:00,131.26,0
2026-09-06 08:15:00,102.22,0
2026-09-06 08:20:00,136.93,0
2026-09-06 08:25:00,138.26,0
2026-09-06 08:30:00,110.08,0
2026-09-06 08:35:00,146.52,0
2026-09-06 08:40:00,103.62,0
2026-09-06 08:45:00,142.99,0
2026-09-06 08:50:00,161.06,0
2026-09-06 08:55:00,158.83,0
2026-09-06 09:00:00,146.77,0
2026-09-06 09:05:00,157.57,0
2026-09-06 09:10:00,140.69,0
2026-09-06 09:15:00,164.34,0
2026-09-06 09:20:00,167.79,0
2026-09-06 09:25:00,142.94,0
2026-09-06 09:30:00,178.53,0
2026-09-06 09:35:00,180.49,0
2026-09-06 09:40:00,169.12,0
2026-09-06 09:45:00,272.64,0
2026-09-06 09:50:00,173.95,0
2026-09-06 09:55:00,171.65,0
2026-09-06 10:00:00,169.21,0
2026-09-06 10:05:00,155.05,0
2026-09-06 10:10:00,211.28,0
2026-09-06 10:15:00,166.88,0
2026-09-06 10:20:00,172.35,0
2026-09-06 10:25:00,175.15,0
2026-09-06 10:30:00,163.34,0
2026-09-06 10:35:00,143.79,0
2026-09-06 10:40:00,183.18,0
2026-09-06 10:45:00,235.35,0
2026-09-06 10:50:00,210.44,0
2026-09-06 10:55:00,271.61,0
2026-09-06 11:00:00,237.02,0
2026-09-06 11:05:00,229.65,0
2026-09-06 11:10:00,295.96,0
2026-09-06 11:15:00,209.08,0
2026-09-06 11:20:00,217.07,0
2026-09-06 11:25:00,215.99,0
2026-09-06 11:30:00,288.13,0
2026-09-06 11:35:00,220.07,0
2026-09-06 11:40:00,197.27,0
2026-09-06 11:45:00,248.28,0
2026-09-06 11:50:00,194.24,0
2026-09-06 11:55:00,249.41,0
2026-09-06 12:00:00,245.75,0
2026-09-06 12:05:00,221.91,0
2026-09-06 12:10:00,255.82,0
2026-09-06 12:15:00,177.83,0
2026-09-06 12:20:00,240.74,0
2026-09-06 12:25:00,216.28,0
2026-09-06 12:30:00,395.56,0
2026-09-06 12:35:00,244.22,0
2026-09-06 12:40:00,214.3,0
2026-09-06 12:45:00,186.99,0
2026-09-06 12:50:00,304.37,0
2026-09-06 12:55:00,226.81,0
2026-09-06 13:00:00,210.24,0
2026-09-06 13:05:00,258.4,0
2026-09-06 13:10:00,274.22,0
2026-09-06 13:15:00,274.19,0
2026-09-06 13:20:00,246.1,0
2026-09-06 13:25:00,252.9,0
2026-09-06 13:30:00,256.72,0
2026-09-06 13:35:00,262.0,0
2026-09-06 13:40:00,266.55,0
2026-09-06 13:45:00,301.0,0
2026-09-06 13:50:00,249.88,0
2026-09-06 13:55:00,213.63,0
2026-09-06 14:00:00,241.15,0
2026-09-06 14:05:00,283.42,0
2026-09-06 14:10:00,179.34,0
2026-09-06 14:15:00,179.39,0
2026-09-06 14:20:00,357.8,1
2026-09-06 14:25:00,693.99,1
2026-09-06 14:30:00,581.22,1
2026-09-06 14:35:00,542.76,1
2026-09-06 14:40:00,535.13,1
2026-09-06 14:45:00,531.12,1
2026-09-06 14:50:00,483.08,1
2026-09-06 14:55:00,394.27,1
2026-09-06 15:00:00,378.02,1
2026-09-06 15:05:00,398.63,1
2026-09-06 15:10:00,360.89,1
2026-09-06 15:15:00,195.67,0
2026-09-06 15:20:00,275.02,0
2026-09-06 15:25:00,220.28,0
2026-09-06 15:30:00,219.02,0
2026-09-06 15:35:00,247.34,0
2026-09-06 15:40:00,228.42,0
2026-09-06 15:45:00,270.26,0
2026-09-06 15:50:00,195.31,0
2026-09-06 15:55:00,178.54,0
2026-09-06 16:00:00,215.74,0
2026-09-06 16:05:00,229.04,0
2026-09-06 16:10:00,179.95,0
2026-09-06 16:15:00,529.31,1
2026-09-06 16:20:00,884.01,1
2026-09-06 16:25:00,1277.4,1
2026-09-06 16:30:00,1510.96,1
2026-09-06 16:35:00,2065.95,1
2026-09-06 16:40:00,1619.66,1
2026-09-06 16:45:00,1683.83,1
2026-09-06 16:50:00,1896.5,1
2026-09-06 16:55:00,1655.32,1
2026-09-06 17:00:00,1574.58,1
2026-09-06 17:05:00,1624.11,1
2026-09-06 17:10:00,1569.44,1
2026-09-06 17:15:00,1446.62,1
2026-09-06 17:20:00,1445.25,1
2026-09-06 17:25:00,1340.81,1
2026-09-06 17:30:00,1251.64,1
2026-09-06 17:35:00,1216.57,1
2026-09-06 17:40:00,1324.32,1
2026-09-06 17:45:00,1351.8,1
2026-09-06 17:50:00,1221.58,1
2026-09-06 17:55:00,1182.44,1
2026-09-06 18:00:00,1195.07,1
2026-09-06 18:05:00,1030.72,1
2026-09-06 18:10:00,1010.46,1
2026-09-06 18:15:00,1054.53,1
2026-09-06 18:20:00,970.84,1
2026-09-06 18:25:00,823.8,1
2026-09-06 18:30:00,904.18,1
2026-09-06 18:35:00,887.51,1
2026-09-06 18:40:00,880.72,1
2026-09-06 18:45:00,821.44,1
2026-09-06 18:50:00,741.59,1
2026-09-06 18:55:00,213.02,0
2026-09-06 19:00:00,152.35,0
2026-09-06 19:05:00,195.32,0
2026-09-06 19:10:00,106.9,0
2026-09-06 19:15:00,159.42,0
2026-09-06 19:20:00,135.83,0
2026-09-06 19:25:00,164.56,0
2026-09-06 19:30:00,155.22,0
2026-09-06 19:35:00,154.65,0
2026-09-06 19:40:00,118.17,0
2026-09-06 19:45:00,139.78,0
2026-09-06 19:50:00,135.02,0
2026-09-06 19:55:00,150.6,0
2026-09-06 20:00:00,162.59,0
2026-09-06 20:05:00,138.1,0
2026-09-06 20:10:00,105.53,0
2026-09-06 20:15:00,133.74,0
2026-09-06 20:20:00,207.37,0
2026-09-06 20:25:00,172.24,0
2026-09-06 20:30:00,74.1,0
2026-09-06 20:35:00,126.52,0
2026-09-06 20:40:00,146.23,0
2026-09-06 20:45:00,118.28,0
2026-09-06 20:50:00,111.24,0
2026-09-06 20:55:00,113.89,0
2026-09-06 21:00:00,130.53,0
2026-09-06 21:05:00,95.07,0
2026-09-06 21:10:00,143.24,0
2026-09-06 21:15:00,113.28,0
2026-09-06 21:20:00,95.69,0
2026-09-06 21:25:00,137.22,0
2026-09-06 21:30:00,84.01,0
2026-09-06 21:35:00,99.41,0
2026-09-06 21:40:00,98.15,0
2026-09-06 21:45:00,158.5,0
2026-09-06 21:50:00,94.37,0
2026-09-06 21:55:00,71.77,0
2026-09-06 22:00:00,94.41,0
2026-09-06 22:05:00,112.79,0
2026-09-06 22:10:00,118.64,0
2026-09-06 22:15:00,153.91,0
2026-09-06 22:20:00,130.54,0
2026-09-06 22:25:00,103.99,0
2026-09-06 22:30:00,84.97,0
2026-09-06 22:35:00,132.62,0
2026-09-06 22:40:00,91.97,0
2026-09-06 22:45:00,86.68,0
2026-09-06 22:50:00,89.9,0
2026-09-06 22:55:00,76.83,0
2026-09-06 23:00:00,87.95,0
2026-09-06 23:05:00,91.12,0
2026-09-06 23:10:00,107.72,0
2026-09-06 23:15:00,87.55,0
2026-09-06 23:20:00,74.3,0
2026-09-06 23:25:00,69.55,0
2026-09-06 23:30:00,95.88,0
2026-09-06 23:35:00,93.06,0
2026-09-06 23:40:00,82.72,0
2026-09-06 23:45:00,83.62,0
2026-09-06 23:50:00,97.1,0
2026-09-06 23:55:00,115.77,0
2026-09-07 00:00:00,96.01,0
2026-09-07 00:05:00,112.3,0
2026-09-07 00:10:00,131.37,0
2026-09-07 00:15:00,96.18,0
2026-09-07 00:20:00,110.33,0
2026-09-07 00:25:00,109.93,0
2026-09-07 00:30:00,87.46,0
2026-09-07 00:35:00,114.21,0
2026-09-07 00:40:00,111.48,0
2026-09-07 00:45:00,122.57,0
2026-09-07 00:50:00,89.63,0
2026-09-07 00:55:00,111.24,0
2026-09-07 01:00:00,142.5,0
2026-09-07 01:05:00,161.62,0
2026-09-07 01:10:00,140.12,0
2026-09-07 01:15:00,90.1,0
2026-09-07 01:20:00,120.89,0
2026-09-07 01:25:00,102.27,0
2026-09-07 01:30:00,117.52,0
2026-09-07 01:35:00,97.27,0
2026-09-07 01:40:00,82.2,0
2026-09-07 01:45:00,105.29,0
2026-09-07 01:50:00,127.73,0
2026-09-07 01:55:00,118.27,0
2026-09-07 02:00:00,120.9,0
2026-09-07 02:05:00,117.07,0
2026-09-07 02:10:00,121.28,0
2026-09-07 02:15:00,124.24,0
2026-09-07 02:20:00,107.67,0
2026-09-07 02:25:00,115.03,0
2026-09-07 02:30:00,155.37,0
2026-09-07 02:35:00,116.69,0
2026-09-07 02:40:00,114.85,0
2026-09-07 02:45:00,116.35,0
2026-09-07 02:50:00,110.07,0
2026-09-07 02:55:00,106.09,0
2026-09-07 03:00:00,119.42,0
2026-09-07 03:05:00,105.28,0
2026-09-07 03:10:00,112.63,0
2026-09-07 03:15:00,100.57,0
2026-09-07 03:20:00,118.57,0
2026-09-07 03:25:00,129.58,0
2026-09-07 03:30:00,112.64,0
2026-09-07 03:35:00,81.79,0
2026-09-07 03:40:00,131.03,0
2026-09-07 03:45:00,120.84,0
2026-09-07 03:50:00,99.27,0
2026-09-07 03:55:00,136.97,0
2026-09-07 04:00:00,93.04,0
2026-09-07 04:05:00,145.06,0
2026-09-07 04:10:00,119.48,0
2026-09-07 04:15:00,80.62,0
2026-09-07 04:20:00,125.84,0
2026-09-07 04:25:00,113.84,0
2026-09-07 04:30:00,111.37,0
2026-09-07 04:35:00,108.38,0
2026-09-07 04:40:00,121.64,0
2026-09-07 04:45:00,114.71,0
2026-09-07 04:50:00,90.15,0
2026-09-07 04:55:00,159.3,0
2026-09-07 05:00:00,122.02,0
2026-09-07 05:05:00,112.5,0
2026-09-07 05:10:00,105.46,0
2026-09-07 05:15:00,149.47,0
2026-09-07 05:20:00,103.73,0
2026-09-07 05:25:00,135.23,0
2026-09-07 05:30:00,119.74,0
2026-09-07 05:35:00,121.95,0
2026-09-07 05:40:00,110.77,0
2026-09-07 05:45:00,121.83,0
2026-09-07 05:50:00,137.59,0
2026-09-07 05:55:00,144.55,0
2026-09-07 06:00:00,121.34,0
2026-09-07 06:05:00,138.74,0
2026-09-07 06:10:00,167.02,0
2026-09-07 06:15:00,106.51,0
2026-09-07 06:20:00,144.89,0
2026-09-07 06:25:00,123.43,0
2026-09-07 06:30:00,122.4,0
2026-09-07 06:35:00,156.62,0
2026-09-07 06:40:00,136.87,0
2026-09-07 06:45:00,122.56,0
2026-09-07 06:50:00,195.7,0
2026-09-07 06:55:00,183.94,0
2026-09-07 07:00:00,111.29,0
2026-09-07 07:05:00,122.19,0
2026-09-07 07:10:00,179.3,0
2026-09-07 07:15:00,154.83,0
2026-09-07 07:20:00,215.98,0
2026-09-07 07:25:00,186.35,0
2026-09-07 07:30:00,178.1,0
2026-09-07 07:35:00,142.07,0
2026-09-07 07:40:00,188.8,0
2026-09-07 07:45:00,139.02,0
2026-09-07 07:50:00,223.92,0
2026-09-07 07:55:00,193.36,0
2026-09-07 08:00:00,156.39,0
2026-09-07 08:05:00,212.3,0
2026-09-07 08:10:00,278.39,0
2026-09-07 08:15:00,181.06,0
2026-09-07 08:20:00,210.51,0
2026-09-07 08:25:00,178.61,0
2026-09-07 08:30:00,198.51,0
2026-09-07 08:35:00,150.91,0
2026-09-07 08:40:00,200.43,0
2026-09-07 08:45:00,204.57,0
2026-09-07 08:50:00,284.12,0
2026-09-07 08:55:00,150.65,0
2026-09-07 09:00:00,200.33,0
2026-09-07 09:05:00,269.03,0
2026-09-07 09:10:00,206.82,0
2026-09-07 09:15:00,212.05,0
2026-09-07 09:20:00,190.56,0
2026-09-07 09:25:00,189.48,0
2026-09-07 09:30:00,163.3,0
2026-09-07 09:35:00,205.0,0
2026-09-07 09:40:00,194.44,0
2026-09-07 09:45:00,240.16,0
2026-09-07 09:50:00,206.44,0
2026-09-07 09:55:00,220.75,0
2026-09-07 10:00:00,224.41,0
2026-09-07 10:05:00,244.09,0
2026-09-07 10:10:00,226.4,0
2026-09-07 10:15:00,207.97,0
2026-09-07 10:20:00,258.49,0
2026-09-07 10:25:00,311.79,0
2026-09-07 10:30:00,266.11,0
2026-09-07 10:35:00,235.44,0
2026-09-07 10:40:00,259.64,0
2026-09-07 10:45:00,185.39,0
2026-09-07 10:50:00,264.1,0
2026-09-07 10:55:00,254.44,0
2026-09-07 11:00:00,233.37,0
2026-09-07 11:05:00,243.36,0
2026-09-07 11:10:00,261.17,0
2026-09-07 11:15:00,339.18,0
2026-09-07 11:20:00,348.32,0
2026-09-07 11:25:00,244.19,0
2026-09-07 11:30:00,265.06,0
2026-09-07 11:35:00,268.41,0
2026-09-07 11:40:00,341.95,0
2026-09-07 11:45:00,305.71,0
2026-09-07 11:50:00,305.03,0
2026-09-07 11:55:00,332.71,0
2026-09-07 12:00:00,273.19,0
2026-09-07 12:05:00,391.33,0
2026-09-07 12:10:00,307.97,0
2026-09-07 12:15:00,265.67,0
2026-09-07 12:20:00,299.09,0
2026-09-07 12:25:00,391.23,0
2026-09-07 12:30:00,291.85,0
2026-09-07 12:35:00,375.64,0
2026-09-07 12:40:00,284.25,0
2026-09-07 12:45:00,278.38,0
2026-09-07 12:50:00,361.28,0
2026-09-07 12:55:00,275.19,0
2026-09-07 13:00:00,374.81,0
2026-09-07 13:05:00,345.49,0
2026-09-07 13:10:00,277.95,0
2026-09-07 13:15:00,322.0,0
2026-09-07 13:20:00,296.21,0
2026-09-07 13:25:00,348.92,0
2026-09-07 13:30:00,461.14,0
2026-09-07 13:35:00,307.59,0
2026-09-07 13:40:00,362.44,0
2026-09-07 13:45:00,331.02,0
2026-09-07 13:50:00,331.24,0
2026-09-07 13:55:00,320.28,0
2026-09-07 14:00:00,282.8,0
2026-09-07 14:05:00,350.47,0
2026-09-07 14:10:00,313.11,0
2026-09-07 14:15:00,280.04,0
2026-09-07 14:20:00,395.18,0
2026-09-07 14:25:00,334.72,0
2026-09-07 14:30:00,315.08,0
2026-09-07 14:35:00,417.06,0
2026-09-07 14:40:00,234.95,0
2026-09-07 14:45:00,410.15,0
2026-09-07 14:50:00,277.62,0
2026-09-07 14:55:00,336.88,0
2026-09-07 15:00:00,290.77,0
2026-09-07 15:05:00,272.78,0
2026-09-07 15:10:00,406.44,0
2026-09-07 15:15:00,446.27,0
2026-09-07 15:20:00,305.69,0
2026-09-07 15:25:00,336.33,0
2026-09-07 15:30:00,318.31,0
2026-09-07 15:35:00,427.97,0
2026-09-07 15:40:00,213.09,0
2026-09-07 15:45:00,331.69,0
2026-09-07 15:50:00,270.27,0
2026-09-07 15:55:00,200.33,0
2026-09-07 16:00:00,285.04,0
2026-09-07 16:05:00,421.32,0
2026-09-07 16:10:00,266.57,0
2026-09-07 16:15:00,343.36,0
2026-09-07 16:20:00,366.76,0
2026-09-07 16:25:00,292.63,0
2026-09-07 16:30:00,297.34,0
2026-09-07 16:35:00,211.89,0
2026-09-07 16:40:00,251.55,0
2026-09-07 16:45:00,334.01,0
2026-09-07 16:50:00,284.28,0
2026-09-07 16:55:00,297.69,0
2026-09-07 17:00:00,282.76,0
2026-09-07 17:05:00,405.73,0
2026-09-07 17:10:00,250.62,0
2026-09-07 17:15:00,358.0,0
2026-09-07 17:20:00,271.92,0
2026-09-07 17:25:00,356.44,0
2026-09-07 17:30:00,208.57,0
2026-09-07 17:35:00,265.98,0
2026-09-07 17:40:00,237.12,0
2026-09-07 17:45:00,258.17,0
2026-09-07 17:50:00,310.27,0
2026-09-07 17:55:00,263.59,0
2026-09-07 18:00:00,303.24,0
2026-09-07 18:05:00,213.31,0
2026-09-07 18:10:00,205.13,0
2026-09-07 18:15:00,235.79,0
2026-09-07 18:20:00,230.73,0
2026-09-07 18:25:00,222.03,0
2026-09-07 18:30:00,190.89,0
2026-09-07 18:35:00,278.08,0
2026-09-07 18:40:00,207.4,0
2026-09-07 18:45:00,282.7,0
2026-09-07 18:50:00,216.51,0
2026-09-07 18:55:00,239.77,0
2026-09-07 19:00:00,232.98,0
2026-09-07 19:05:00,179.42,0
2026-09-07 19:10:00,219.57,0
2026-09-07 19:15:00,287.2,0
2026-09-07 19:20:00,209.73,0
2026-09-07 19:25:00,232.81,0
2026-09-07 19:30:00,221.46,0
2026-09-07 19:35:00,204.02,0
2026-09-07 19:40:00,197.16,0
2026-09-07 19:45:00,207.78,0
2026-09-07 19:50:00,213.35,0
2026-09-07 19:55:00,143.99,0
2026-09-07 20:00:00,189.68,0
2026-09-07 20:05:00,173.37,0
2026-09-07 20:10:00,164.99,0
2026-09-07 20:15:00,220.86,0
2026-09-07 20:20:00,151.45,0
2026-09-07 20:25:00,132.85,0
2026-09-07 20:30:00,194.74,0
2026-09-07 20:35:00,129.16,0
2026-09-07 20:40:00,116.52,0
2026-09-07 20:45:00,191.92,0
2026-09-07 20:50:00,165.8,0
2026-09-07 20:55:00,173.49,0
2026-09-07 21:00:00,145.52,0
2026-09-07 21:05:00,121.49,0
2026-09-07 21:10:00,124.56,0
2026-09-07 21:15:00,145.27,0
2026-09-07 21:20:00,120.07,0
2026-09-07 21:25:00,157.93,0
2026-09-07 21:30:00,136.12,0
2026-09-07 21:35:00,151.43,0
2026-09-07 21:40:00,149.16,0
2026-09-07 21:45:00,154.03,0
2026-09-07 21:50:00,155.72,0
2026-09-07 21:55:00,132.57,0
2026-09-07 22:00:00,144.48,0
2026-09-07 22:05:00,144.57,0
2026-09-07 22:10:00,88.72,0
2026-09-07 22:15:00,153.04,0
2026-09-07 22:20:00,138.81,0
2026-09-07 22:25:00,148.37,0
2026-09-07 22:30:00,105.51,0
2026-09-07 22:35:00,124.71,0
2026-09-07 22:40:00,107.66,0
2026-09-07 22:45:00,148.77,0
2026-09-07 22:50:00,100.33,0
2026-09-07 22:55:00,108.58,0
2026-09-07 23:00:00,140.37,0
2026-09-07 23:05:00,113.13,0
2026-09-07 23:10:00,106.54,0
2026-09-07 23:15:00,147.37,0
2026-09-07 23:20:00,147.61,0
2026-09-07 23:25:00,140.95,0
2026-09-07 23:30:00,143.43,0
2026-09-07 23:35:00,117.47,0
2026-09-07 23:40:00,117.46,0
2026-09-07 23:45:00,107.93,0
2026-09-07 23:50:00,124.42,0
2026-09-07 23:55:00,109.29,0
2026-09-08 00:00:00,102.2,0
2026-09-08 00:05:00,123.12,0
2026-09-08 00:10:00,136.83,0
2026-09-08 00:15:00,118.82,0
2026-09-08 00:20:00,152.82,0
2026-09-08 00:25:00,97.49,0
2026-09-08 00:30:00,79.55,0
2026-09-08 00:35:00,126.0,0
2026-09-08 00:40:00,96.47,0
2026-09-08 00:45:00,105.58,0
2026-09-08 00:50:00,80.7,0
2026-09-08 00:55:00,94.45,0
2026-09-08 01:00:00,84.79,0
2026-09-08 01:05:00,102.84,0
2026-09-08 01:10:00,103.65,0
2026-09-08 01:15:00,113.19,0
2026-09-08 01:20:00,139.33,0
2026-09-08 01:25:00,126.02,0
2026-09-08 01:30:00,83.39,0
2026-09-08 01:35:00,124.71,0
2026-09-08 01:40:00,114.17,0
2026-09-08 01:45:00,110.07,0
2026-09-08 01:50:00,111.7,0
2026-09-08 01:55:00,116.51,0
2026-09-08 02:00:00,99.28,0
2026-09-08 02:05:00,108.97,0
2026-09-08 02:10:00,139.55,0
2026-09-08 02:15:00,99.5,0
2026-09-08 02:20:00,93.98,0
2026-09-08 02:25:00,112.07,0
2026-09-08 02:30:00,92.62,0
2026-09-08 02:35:00,83.42,0
2026-09-08 02:40:00,107.12,0
2026-09-08 02:45:00,148.24,0
2026-09-08 02:50:00,113.68,0
2026-09-08 02:55:00,118.48,0
2026-09-08 03:00:00,78.39,0
2026-09-08 03:05:00,124.77,0
2026-09-08 03:10:00,117.58,0
2026-09-08 03:15:00,102.87,0
2026-09-08 03:20:00,120.11,0
2026-09-08 03:25:00,120.27,0
2026-09-08 03:30:00,96.7,0
2026-09-08 03:35:00,124.64,0
2026-09-08 03:40:00,146.15,0
2026-09-08 03:45:00,113.5,0
2026-09-08 03:50:00,101.54,0
2026-09-08 03:55:00,115.42,0
2026-09-08 04:00:00,139.57,0
2026-09-08 04:05:00,96.38,0
2026-09-08 04:10:00,133.97,0
2026-09-08 04:15:00,107.35,0
2026-09-08 04:20:00,127.29,0
2026-09-08 04:25:00,110.64,0
2026-09-08 04:30:00,111.16,0
2026-09-08 04:35:00,162.81,0
2026-09-08 04:40:00,96.58,0
2026-09-08 04:45:00,136.61,0
2026-09-08 04:50:00,171.97,0
2026-09-08 04:55:00,143.34,0
2026-09-08 05:00:00,100.34,0
2026-09-08 05:05:00,101.9,0
2026-09-08 05:10:00,112.86,0
2026-09-08 05:15:00,133.86,0
2026-09-08 05:20:00,136.48,0
2026-09-08 05:25:00,105.0,0
2026-09-08 05:30:00,113.67,0
2026-09-08 05:35:00,115.83,0
2026-09-08 05:40:00,130.79,0
2026-09-08 05:45:00,194.72,0
2026-09-08 05:50:00,116.13,0
2026-09-08 05:55:00,116.21,0
2026-09-08 06:00:00,113.98,0
2026-09-08 06:05:00,158.13,0
2026-09-08 06:10:00,141.28,0
2026-09-08 06:15:00,122.27,0
2026-09-08 06:20:00,135.88,0
2026-09-08 06:25:00,127.02,0
2026-09-08 06:30:00,156.03,0
2026-09-08 06:35:00,242.27,0
2026-09-08 06:40:00,166.72,0
2026-09-08 06:45:00,150.03,0
2026-09-08 06:50:00,136.8,0
2026-09-08 06:55:00,122.39,0
2026-09-08 07:00:00,179.83,0
2026-09-08 07:05:00,180.06,0
2026-09-08 07:10:00,148.17,0
2026-09-08 07:15:00,202.75,0
2026-09-08 07:20:00,165.49,0
2026-09-08 07:25:00,191.74,0
2026-09-08 07:30:00,177.99,0
2026-09-08 07:35:00,165.4,0
2026-09-08 07:40:00,145.52,0
2026-09-08 07:45:00,170.38,0
2026-09-08 07:50:00,206.01,0
2026-09-08 07:55:00,163.55,0
2026-09-08 08:00:00,196.37,0
2026-09-08 08:05:00,151.15,0
2026-09-08 08:10:00,214.0,0
2026-09-08 08:15:00,199.2,0
2026-09-08 08:20:00,153.56,0
2026-09-08 08:25:00,185.42,0
2026-09-08 08:30:00,231.16,0
2026-09-08 08:35:00,157.81,0
2026-09-08 08:40:00,165.3,0
2026-09-08 08:45:00,200.45,0
2026-09-08 08:50:00,301.75,0
2026-09-08 08:55:00,184.38,0
2026-09-08 09:00:00,230.37,0
2026-09-08 09:05:00,223.59,0
2026-09-08 09:10:00,194.27,0
2026-09-08 09:15:00,225.13,0
2026-09-08 09:20:00,204.25,0
2026-09-08 09:25:00,210.13,0
2026-09-08 09:30:00,168.21,0
2026-09-08 09:35:00,228.58,0
2026-09-08 09:40:00,273.16,0
2026-09-08 09:45:00,237.55,0
2026-09-08 09:50:00,289.47,0
2026-09-08 09:55:00,267.16,0
2026-09-08 10:00:00,240.84,0
2026-09-08 10:05:00,219.9,0
2026-09-08 10:10:00,228.13,0
2026-09-08 10:15:00,193.22,0
2026-09-08 10:20:00,242.58,0
2026-09-08 10:25:00,264.14,0
2026-09-08 10:30:00,354.09,0
2026-09-08 10:35:00,288.97,0
2026-09-08 10:40:00,227.19,0
2026-09-08 10:45:00,206.95,0
2026-09-08 10:50:00,260.93,0
2026-09-08 10:55:00,316.48,0
2026-09-08 11:00:00,265.32,0
2026-09-08 11:05:00,307.2,0
2026-09-08 11:10:00,272.17,0
2026-09-08 11:15:00,322.78,0
2026-09-08 11:20:00,214.66,0
2026-09-08 11:25:00,385.2,0
2026-09-08 11:30:00,238.16,0
2026-09-08 11:35:00,338.34,0
2026-09-08 11:40:00,281.45,0
2026-09-08 11:45:00,291.66,0
2026-09-08 11:50:00,287.24,0
2026-09-08 11:55:00,316.32,0
2026-09-08 12:00:00,330.26,0
2026-09-08 12:05:00,370.39,0
2026-09-08 12:10:00,396.92,0
2026-09-08 12:15:00,329.0,0
2026-09-08 12:20:00,424.34,0
2026-09-08 12:25:00,318.71,0
2026-09-08 12:30:00,382.49,0
2026-09-08 12:35:00,342.03,0
2026-09-08 12:40:00,288.17,0
2026-09-08 12:45:00,330.11,0
2026-09-08 12:50:00,351.25,0
2026-09-08 12:55:00,320.22,0
2026-09-08 13:00:00,348.17,0
2026-09-08 13:05:00,378.96,0
2026-09-08 13:10:00,323.91,0
2026-09-08 13:15:00,192.0,0
2026-09-08 13:20:00,442.28,0
2026-09-08 13:25:00,310.58,0
2026-09-08 13:30:00,283.07,0
2026-09-08 13:35:00,268.58,0
2026-09-08 13:40:00,309.89,0
2026-09-08 13:45:00,297.82,0
2026-09-08 13:50:00,288.83,0
2026-09-08 13:55:00,291.83,0
2026-09-08 14:00:00,363.02,0
2026-09-08 14:05:00,475.52,0
2026-09-08 14:10:00,382.3,0
2026-09-08 14:15:00,403.37,0
2026-09-08 14:20:00,307.61,0
2026-09-08 14:25:00,335.06,0
2026-09-08 14:30:00,354.48,0
2026-09-08 14:35:00,290.99,0
2026-09-08 14:40:00,302.85,0
2026-09-08 14:45:00,380.4,0
2026-09-08 14:50:00,395.81,0
2026-09-08 14:55:00,328.26,0
2026-09-08 15:00:00,260.67,0
2026-09-08 15:05:00,305.39,0
2026-09-08 15:10:00,247.52,0
2026-09-08 15:15:00,323.87,0
2026-09-08 15:20:00,333.08,0
2026-09-08 15:25:00,301.57,0
2026-09-08 15:30:00,329.07,0
2026-09-08 15:35:00,337.85,0
2026-09-08 15:40:00,326.46,0
2026-09-08 15:45:00,249.65,0
2026-09-08 15:50:00,294.34,0
2026-09-08 15:55:00,329.58,0
2026-09-08 16:00:00,404.11,0
2026-09-08 16:05:00,287.67,0
2026-09-08 16:10:00,331.25,0
2026-09-08 16:15:00,348.81,0
2026-09-08 16:20:00,285.3,0
2026-09-08 16:25:00,360.65,0
2026-09-08 16:30:00,361.26,0
2026-09-08 16:35:00,369.99,0
2026-09-08 16:40:00,310.78,0
2026-09-08 16:45:00,433.86,0
2026-09-08 16:50:00,251.71,0
2026-09-08 16:55:00,408.41,0
2026-09-08 17:00:00,317.01,0
2026-09-08 17:05:00,348.07,0
2026-09-08 17:10:00,255.66,0
2026-09-08 17:15:00,312.17,0
2026-09-08 17:20:00,343.21,0
2026-09-08 17:25:00,216.05,0
2026-09-08 17:30:00,252.49,0
2026-09-08 17:35:00,175.0,0
2026-09-08 17:40:00,246.49,0
2026-09-08 17:45:00,217.37,0
2026-09-08 17:50:00,239.42,0
2026-09-08 17:55:00,416.74,0
2026-09-08 18:00:00,331.64,0
2026-09-08 18:05:00,185.73,0
2026-09-08 18:10:00,262.91,0
2026-09-08 18:15:00,271.47,0
2026-09-08 18:20:00,218.63,0
2026-09-08 18:25:00,237.07,0
2026-09-08 18:30:00,238.39,0
2026-09-08 18:35:00,175.87,0
2026-09-08 18:40:00,183.88,0
2026-09-08 18:45:00,225.58,0
2026-09-08 18:50:00,219.92,0
2026-09-08 18:55:00,187.81,0
2026-09-08 19:00:00,182.65,0
2026-09-08 19:05:00,204.78,0
2026-09-08 19:10:00,241.07,0
2026-09-08 19:15:00,200.2,0
2026-09-08 19:20:00,268.44,0
2026-09-08 19:25:00,174.65,0
2026-09-08 19:30:00,202.4,0
2026-09-08 19:35:00,181.12,0
2026-09-08 19:40:00,211.94,0
2026-09-08 19:45:00,163.58,0
2026-09-08 19:50:00,263.09,0
2026-09-08 19:55:00,135.48,0
2026-09-08 20:00:00,247.06,0
2026-09-08 20:05:00,182.14,0
2026-09-08 20:10:00,195.55,0
2026-09-08 20:15:00,222.4,0
2026-09-08 20:20:00,201.66,0
2026-09-08 20:25:00,149.73,0
2026-09-08 20:30:00,188.0,0
2026-09-08 20:35:00,233.42,0
2026-09-08 20:40:00,140.52,0
2026-09-08 20:45:00,238.63,0
2026-09-08 20:50:00,172.72,0
2026-09-08 20:55:00,147.38,0
2026-09-08 21:00:00,134.17,0
2026-09-08 21:05:00,149.72,0
2026-09-08 21:10:00,108.45,0
2026-09-08 21:15:00,141.58,0
2026-09-08 21:20:00,144.0,0
2026-09-08 21:25:00,123.16,0
2026-09-08 21:30:00,169.25,0
2026-09-08 21:35:00,140.82,0
2026-09-08 21:40:00,129.37,0
2026-09-08 21:45:00,135.5,0
2026-09-08 21:50:00,151.73,0
2026-09-08 21:55:00,142.9,0
2026-09-08 22:00:00,123.2,0
2026-09-08 22:05:00,141.72,0
2026-09-08 22:10:00,136.12,0
2026-09-08 22:15:00,110.96,0
2026-09-08 22:20:00,128.28,0
2026-09-08 22:25:00,148.78,0
2026-09-08 22:30:00,147.44,0
2026-09-08 22:35:00,126.65,0
2026-09-08 22:40:00,148.02,0
2026-09-08 22:45:00,109.07,0
2026-09-08 22:50:00,108.92,0
2026-09-08 22:55:00,122.66,0
2026-09-08 23:00:00,166.95,0
2026-09-08 23:05:00,130.48,0
2026-09-08 23:10:00,119.83,0
2026-09-08 23:15:00,165.29,0
2026-09-08 23:20:00,118.2,0
2026-09-08 23:25:00,185.06,0
2026-09-08 23:30:00,112.29,0
2026-09-08 23:35:00,102.08,0
2026-09-08 23:40:00,118.27,0
2026-09-08 23:45:00,115.96,0
2026-09-08 23:50:00,104.38,0
2026-09-08 23:55:00,191.97,0
2026-09-09 00:00:00,117.0,0
2026-09-09 00:05:00,120.15,0
2026-09-09 00:10:00,101.74,0
2026-09-09 00:15:00,99.68,0
2026-09-09 00:20:00,133.07,0
2026-09-09 00:25:00,81.87,0
2026-09-09 00:30:00,90.15,0
2026-09-09 00:35:00,105.97,0
2026-09-09 00:40:00,141.37,0
2026-09-09 00:45:00,103.68,0
2026-09-09 00:50:00,119.61,0
2026-09-09 00:55:00,111.6,0
2026-09-09 01:00:00,140.32,0
2026-09-09 01:05:00,83.6,0
2026-09-09 01:10:00,127.04,0
2026-09-09 01:15:00,107.45,0
2026-09-09 01:20:00,131.65,0
2026-09-09 01:25:00,96.26,0
2026-09-09 01:30:00,112.16,0
2026-09-09 01:35:00,109.73,0
2026-09-09 01:40:00,93.42,0
2026-09-09 01:45:00,88.96,0
2026-09-09 01:50:00,101.03,0
2026-09-09 01:55:00,114.95,0
2026-09-09 02:00:00,98.12,0
2026-09-09 02:05:00,106.11,0
2026-09-09 02:10:00,80.31,0
2026-09-09 02:15:00,105.65,0
2026-09-09 02:20:00,136.01,0
2026-09-09 02:25:00,128.66,0
2026-09-09 02:30:00,111.77,0
2026-09-09 02:35:00,118.84,0
2026-09-09 02:40:00,98.19,0
2026-09-09 02:45:00,153.01,0
2026-09-09 02:50:00,166.08,0
2026-09-09 02:55:00,118.19,0
2026-09-09 03:00:00,183.35,0
2026-09-09 03:05:00,102.02,0
2026-09-09 03:10:00,92.31,0
2026-09-09 03:15:00,102.04,0
2026-09-09 03:20:00,111.78,0
2026-09-09 03:25:00,176.85,0
2026-09-09 03:30:00,111.24,0
2026-09-09 03:35:00,100.58,0
2026-09-09 03:40:00,100.23,0
2026-09-09 03:45:00,145.19,0
2026-09-09 03:50:00,142.04,0
2026-09-09 03:55:00,109.2,0
2026-09-09 04:00:00,85.38,0
2026-09-09 04:05:00,98.09,0
2026-09-09 04:10:00,164.56,0
2026-09-09 04:15:00,137.29,0
2026-09-09 04:20:00,123.31,0
2026-09-09 04:25:00,171.45,0
2026-09-09 04:30:00,175.14,0
2026-09-09 04:35:00,122.97,0
2026-09-09 04:40:00,124.07,0
2026-09-09 04:45:00,112.73,0
2026-09-09 04:50:00,119.63,0
2026-09-09 04:55:00,96.96,0
2026-09-09 05:00:00,97.5,0
2026-09-09 05:05:00,94.12,0
2026-09-09 05:10:00,157.05,0
2026-09-09 05:15:00,98.23,0
2026-09-09 05:20:00,186.14,0
2026-09-09 05:25:00,115.74,0
2026-09-09 05:30:00,181.84,0
2026-09-09 05:35:00,125.52,0
2026-09-09 05:40:00,101.92,0
2026-09-09 05:45:00,171.64,0
2026-09-09 05:50:00,176.8,0
2026-09-09 05:55:00,117.7,0
2026-09-09 06:00:00,131.67,0
2026-09-09 06:05:00,119.82,0
2026-09-09 06:10:00,139.28,0
2026-09-09 06:15:00,146.49,0
2026-09-09 06:20:00,136.16,0
2026-09-09 06:25:00,105.58,0
2026-09-09 06:30:00,133.25,0
2026-09-09 06:35:00,169.61,0
2026-09-09 06:40:00,145.41,0
2026-09-09 06:45:00,143.83,0
2026-09-09 06:50:00,130.41,0
2026-09-09 06:55:00,139.66,0
2026-09-09 07:00:00,203.07,0
2026-09-09 07:05:00,129.78,0
2026-09-09 07:10:00,183.46,0
2026-09-09 07:15:00,164.36,0
2026-09-09 07:20:00,172.28,0
2026-09-09 07:25:00,146.18,0
2026-09-09 07:30:00,158.4,0
2026-09-09 07:35:00,170.59,0
2026-09-09 07:40:00,157.35,0
2026-09-09 07:45:00,185.66,0
2026-09-09 07:50:00,192.23,0
2026-09-09 07:55:00,264.98,0
2026-09-09 08:00:00,190.74,0
2026-09-09 08:05:00,130.19,0
2026-09-09 08:10:00,229.27,0
2026-09-09 08:15:00,181.51,0
2026-09-09 08:20:00,273.86,0
2026-09-09 08:25:00,251.57,0
2026-09-09 08:30:00,178.49,0
2026-09-09 08:35:00,225.42,0
2026-09-09 08:40:00,180.12,0
2026-09-09 08:45:00,203.07,0
2026-09-09 08:50:00,232.12,0
2026-09-09 08:55:00,254.28,0
2026-09-09 09:00:00,247.57,0
2026-09-09 09:05:00,216.26,0
2026-09-09 09:10:00,337.77,0
2026-09-09 09:15:00,204.79,0
2026-09-09 09:20:00,165.78,0
2026-09-09 09:25:00,173.73,0
2026-09-09 09:30:00,295.77,0
2026-09-09 09:35:00,226.44,0
2026-09-09 09:40:00,239.09,0
2026-09-09 09:45:00,213.23,0
2026-09-09 09:50:00,219.26,0
2026-09-09 09:55:00,208.87,0
2026-09-09 10:00:00,264.98,0
2026-09-09 10:05:00,241.94,0
2026-09-09 10:10:00,269.27,0
2026-09-09 10:15:00,267.63,0
2026-09-09 10:20:00,235.75,0
2026-09-09 10:25:00,197.87,0
2026-09-09 10:30:00,196.87,0
2026-09-09 10:35:00,453.06,0
2026-09-09 10:40:00,346.38,0
2026-09-09 10:45:00,341.31,0
2026-09-09 10:50:00,239.85,0
2026-09-09 10:55:00,273.92,0
2026-09-09 11:00:00,238.38,0
2026-09-09 11:05:00,220.03,0
2026-09-09 11:10:00,252.91,0
2026-09-09 11:15:00,360.18,0
2026-09-09 11:20:00,332.92,0
2026-09-09 11:25:00,242.35,0
2026-09-09 11:30:00,274.94,0
2026-09-09 11:35:00,335.64,0
2026-09-09 11:40:00,266.71,0
2026-09-09 11:45:00,302.11,0
2026-09-09 11:50:00,322.48,0
2026-09-09 11:55:00,324.12,0
2026-09-09 12:00:00,318.39,0
2026-09-09 12:05:00,272.16,0
2026-09-09 12:10:00,278.98,0
2026-09-09 12:15:00,252.71,0
2026-09-09 12:20:00,235.34,0
2026-09-09 12:25:00,307.02,0
2026-09-09 12:30:00,364.93,0
2026-09-09 12:35:00,246.97,0
2026-09-09 12:40:00,334.13,0
2026-09-09 12:45:00,367.98,0
2026-09-09 12:50:00,230.52,0
2026-09-09 12:55:00,306.77,0
2026-09-09 13:00:00,434.71,0
2026-09-09 13:05:00,358.17,0
2026-09-09 13:10:00,232.29,0
2026-09-09 13:15:00,367.2,0
2026-09-09 13:20:00,285.79,0
2026-09-09 13:25:00,371.09,0
2026-09-09 13:30:00,289.94,0
2026-09-09 13:35:00,325.69,0
2026-09-09 13:40:00,298.87,0
2026-09-09 13:45:00,329.76,0
2026-09-09 13:50:00,297.79,0
2026-09-09 13:55:00,316.94,0
2026-09-09 14:00:00,267.06,0
2026-09-09 14:05:00,360.42,0
2026-09-09 14:10:00,340.38,0
2026-09-09 14:15:00,246.37,0
2026-09-09 14:20:00,393.67,0
2026-09-09 14:25:00,318.54,0
2026-09-09 14:30:00,337.99,0
2026-09-09 14:35:00,376.02,0
2026-09-09 14:40:00,346.87,0
2026-09-09 14:45:00,402.28,0
2026-09-09 14:50:00,308.55,0
2026-09-09 14:55:00,390.67,0
2026-09-09 15:00:00,330.46,0
2026-09-09 15:05:00,352.89,0
2026-09-09 15:10:00,345.02,0
2026-09-09 15:15:00,399.47,0
2026-09-09 15:20:00,362.22,0
2026-09-09 15:25:00,292.36,0
2026-09-09 15:30:00,280.72,0
2026-09-09 15:35:00,310.63,0
2026-09-09 15:40:00,271.85,0
2026-09-09 15:45:00,256.45,0
2026-09-09 15:50:00,210.03,0
2026-09-09 15:55:00,231.64,0
2026-09-09 16:00:00,434.8,0
2026-09-09 16:05:00,268.43,0
2026-09-09 16:10:00,422.57,0
2026-09-09 16:15:00,320.22,0
2026-09-09 16:20:00,292.94,0
2026-09-09 16:25:00,223.87,0
2026-09-09 16:30:00,291.21,0
2026-09-09 16:35:00,405.69,0
2026-09-09 16:40:00,378.77,0
2026-09-09 16:45:00,298.05,0
2026-09-09 16:50:00,228.67,0
2026-09-09 16:55:00,234.54,0
2026-09-09 17:00:00,236.79,0
2026-09-09 17:05:00,344.19,0
2026-09-09 17:10:00,363.27,0
2026-09-09 17:15:00,277.77,0
2026-09-09 17:20:00,251.37,0
2026-09-09 17:25:00,347.23,0
2026-09-09 17:30:00,218.03,0
2026-09-09 17:35:00,259.7,0
2026-09-09 17:40:00,276.65,0
2026-09-09 17:45:00,215.55,0
2026-09-09 17:50:00,222.06,0
2026-09-09 17:55:00,216.53,0
2026-09-09 18:00:00,314.15,0
2026-09-09 18:05:00,339.66,0
2026-09-09 18:10:00,242.85,0
2026-09-09 18:15:00,224.03,0
2026-09-09 18:20:00,208.56,0
2026-09-09 18:25:00,229.66,0
2026-09-09 18:30:00,205.45,0
2026-09-09 18:35:00,220.23,0
2026-09-09 18:40:00,238.49,0
2026-09-09 18:45:00,203.31,0
2026-09-09 18:50:00,208.77,0
2026-09-09 18:55:00,206.35,0
2026-09-09 19:00:00,199.02,0
2026-09-09 19:05:00,192.22,0
2026-09-09 19:10:00,235.75,0
2026-09-09 19:15:00,147.57,0
2026-09-09 19:20:00,266.11,0
2026-09-09 19:25:00,202.84,0
2026-09-09 19:30:00,218.17,0
2026-09-09 19:35:00,219.96,0
2026-09-09 19:40:00,167.84,0
2026-09-09 19:45:00,159.72,0
2026-09-09 19:50:00,154.43,0
2026-09-09 19:55:00,175.69,0
2026-09-09 20:00:00,205.76,0
2026-09-09 20:05:00,161.34,0
2026-09-09 20:10:00,197.51,0
2026-09-09 20:15:00,114.21,0
2026-09-09 20:20:00,161.23,0
2026-09-09 20:25:00,210.68,0
2026-09-09 20:30:00,163.64,0
2026-09-09 20:35:00,143.66,0
2026-09-09 20:40:00,146.47,0
2026-09-09 20:45:00,94.49,0
2026-09-09 20:50:00,134.3,0
2026-09-09 20:55:00,192.73,0
2026-09-09 21:00:00,141.89,0
2026-09-09 21:05:00,143.36,0
2026-09-09 21:10:00,101.34,0
2026-09-09 21:15:00,113.75,0
2026-09-09 21:20:00,187.05,0
2026-09-09 21:25:00,167.0,0
2026-09-09 21:30:00,117.12,0
2026-09-09 21:35:00,130.76,0
2026-09-09 21:40:00,144.29,0
2026-09-09 21:45:00,115.84,0
2026-09-09 21:50:00,99.23,0
2026-09-09 21:55:00,137.05,0
2026-09-09 22:00:00,154.95,0
2026-09-09 22:05:00,154.13,0
2026-09-09 22:10:00,160.81,0
2026-09-09 22:15:00,102.99,0
2026-09-09 22:20:00,136.53,0
2026-09-09 22:25:00,127.72,0
2026-09-09 22:30:00,130.94,0
2026-09-09 22:35:00,127.07,0
2026-09-09 22:40:00,116.35,0
2026-09-09 22:45:00,75.58,0
2026-09-09 22:50:00,159.26,0
2026-09-09 22:55:00,136.19,0
2026-09-09 23:00:00,97.61,0
2026-09-09 23:05:00,137.96,0
2026-09-09 23:10:00,116.18,0
2026-09-09 23:15:00,116.08,0
2026-09-09 23:20:00,108.38,0
2026-09-09 23:25:00,136.33,0
2026-09-09 23:30:00,106.6,0
2026-09-09 23:35:00,100.53,0
2026-09-09 23:40:00,149.4,0
2026-09-09 23:45:00,117.44,0
2026-09-09 23:50:00,117.56,0
2026-09-09 23:55:00,136.13,0
2026-09-10 00:00:00,97.97,0
2026-09-10 00:05:00,101.59,0
2026-09-10 00:10:00,116.81,0
2026-09-10 00:15:00,83.8,0
2026-09-10 00:20:00,115.13,0
2026-09-10 00:25:00,96.61,0
2026-09-10 00:30:00,129.17,0
2026-09-10 00:35:00,122.25,0
2026-09-10 00:40:00,119.44,0
2026-09-10 00:45:00,83.05,0
2026-09-10 00:50:00,108.93,0
2026-09-10 00:55:00,89.84,0
2026-09-10 01:00:00,110.38,0
2026-09-10 01:05:00,73.3,0
2026-09-10 01:10:00,84.33,0
2026-09-10 01:15:00,137.95,0
2026-09-10 01:20:00,119.12,0
2026-09-10 01:25:00,104.68,0
2026-09-10 01:30:00,94.82,0
2026-09-10 01:35:00,91.96,0
2026-09-10 01:40:00,116.0,0
2026-09-10 01:45:00,105.3,0
2026-09-10 01:50:00,148.16,0
2026-09-10 01:55:00,108.62,0
2026-09-10 02:00:00,113.64,0
2026-09-10 02:05:00,87.7,0
2026-09-10 02:10:00,105.68,0
2026-09-10 02:15:00,116.6,0
2026-09-10 02:20:00,105.79,0
2026-09-10 02:25:00,103.84,0
2026-09-10 02:30:00,120.41,0
2026-09-10 02:35:00,149.4,0
2026-09-10 02:40:00,116.99,0
2026-09-10 02:45:00,140.34,0
2026-09-10 02:50:00,128.02,0
2026-09-10 02:55:00,139.46,0
2026-09-10 03:00:00,103.06,0
2026-09-10 03:05:00,111.09,0
2026-09-10 03:10:00,111.47,0
2026-09-10 03:15:00,127.92,0
2026-09-10 03:20:00,134.11,0
2026-09-10 03:25:00,119.3,0
2026-09-10 03:30:00,137.02,0
2026-09-10 03:35:00,106.09,0
2026-09-10 03:40:00,138.18,0
2026-09-10 03:45:00,141.98,0
2026-09-10 03:50:00,134.1,0
2026-09-10 03:55:00,122.09,0
2026-09-10 04:00:00,136.06,0
2026-09-10 04:05:00,102.32,0
2026-09-10 04:10:00,125.11,0
2026-09-10 04:15:00,128.02,0
2026-09-10 04:20:00,95.93,0
2026-09-10 04:25:00,133.4,0
2026-09-10 04:30:00,98.33,0
2026-09-10 04:35:00,114.6,0
2026-09-10 04:40:00,125.35,0
2026-09-10 04:45:00,109.75,0
2026-09-10 04:50:00,127.81,0
2026-09-10 04:55:00,128.22,0
2026-09-10 05:00:00,110.0,0
2026-09-10 05:05:00,142.15,0
2026-09-10 05:10:00,112.6,0
2026-09-10 05:15:00,196.41,0
2026-09-10 05:20:00,128.48,0
2026-09-10 05:25:00,106.91,0
2026-09-10 05:30:00,111.41,0
2026-09-10 05:35:00,164.8,0
2026-09-10 05:40:00,125.52,0
2026-09-10 05:45:00,106.57,0
2026-09-10 05:50:00,160.19,0
2026-09-10 05:55:00,128.57,0
2026-09-10 06:00:00,157.22,0
2026-09-10 06:05:00,166.9,0
2026-09-10 06:10:00,149.54,0
2026-09-10 06:15:00,221.14,0
2026-09-10 06:20:00,106.34,0
2026-09-10 06:25:00,126.42,0
2026-09-10 06:30:00,141.27,0
2026-09-10 06:35:00,224.5,0
2026-09-10 06:40:00,208.68,0
2026-09-10 06:45:00,192.4,0
2026-09-10 06:50:00,133.66,0
2026-09-10 06:55:00,137.97,0
2026-09-10 07:00:00,135.75,0
2026-09-10 07:05:00,138.38,0
2026-09-10 07:10:00,210.8,0
2026-09-10 07:15:00,155.98,0
2026-09-10 07:20:00,161.58,0
2026-09-10 07:25:00,191.73,0
2026-09-10 07:30:00,125.08,0
2026-09-10 07:35:00,172.39,0
2026-09-10 07:40:00,141.85,0
2026-09-10 07:45:00,165.88,0
2026-09-10 07:50:00,159.3,0
2026-09-10 07:55:00,159.77,0
2026-09-10 08:00:00,188.94,0
2026-09-10 08:05:00,191.14,0
2026-09-10 08:10:00,178.75,0
2026-09-10 08:15:00,201.28,0
2026-09-10 08:20:00,163.06,0
2026-09-10 08:25:00,218.25,0
2026-09-10 08:30:00,188.36,0
2026-09-10 08:35:00,181.44,0
2026-09-10 08:40:00,173.73,0
2026-09-10 08:45:00,194.34,0
2026-09-10 08:50:00,287.81,0
2026-09-10 08:55:00,205.75,0
2026-09-10 09:00:00,171.49,0
2026-09-10 09:05:00,251.73,0
2026-09-10 09:10:00,198.42,0
2026-09-10 09:15:00,230.16,0
2026-09-10 09:20:00,198.53,0
2026-09-10 09:25:00,282.22,0
2026-09-10 09:30:00,203.96,0
2026-09-10 09:35:00,295.27,0
2026-09-10 09:40:00,192.36,0
2026-09-10 09:45:00,223.03,0
2026-09-10 09:50:00,306.06,0
2026-09-10 09:55:00,248.05,0
2026-09-10 10:00:00,366.4,0
2026-09-10 10:05:00,234.57,0
2026-09-10 10:10:00,260.78,0
2026-09-10 10:15:00,354.75,0
2026-09-10 10:20:00,193.82,0
2026-09-10 10:25:00,191.6,0
2026-09-10 10:30:00,225.34,0
2026-09-10 10:35:00,304.18,0
2026-09-10 10:40:00,198.68,0
2026-09-10 10:45:00,298.57,0
2026-09-10 10:50:00,297.75,0
2026-09-10 10:55:00,392.97,0
2026-09-10 11:00:00,333.23,0
2026-09-10 11:05:00,297.51,0
2026-09-10 11:10:00,359.12,0
2026-09-10 11:15:00,312.59,0
2026-09-10 11:20:00,263.42,0
2026-09-10 11:25:00,234.86,0
2026-09-10 11:30:00,262.62,0
2026-09-10 11:35:00,291.19,0
2026-09-10 11:40:00,305.04,0
2026-09-10 11:45:00,202.78,0
2026-09-10 11:50:00,288.36,0
2026-09-10 11:55:00,303.65,0
2026-09-10 12:00:00,335.65,0
2026-09-10 12:05:00,410.29,0
2026-09-10 12:10:00,318.53,0
2026-09-10 12:15:00,263.12,0
2026-09-10 12:20:00,224.71,0
2026-09-10 12:25:00,354.68,0
2026-09-10 12:30:00,269.44,0
2026-09-10 12:35:00,370.09,0
2026-09-10 12:40:00,409.09,0
2026-09-10 12:45:00,241.98,0
2026-09-10 12:50:00,354.48,0
2026-09-10 12:55:00,406.45,0
2026-09-10 13:00:00,388.31,0
2026-09-10 13:05:00,222.36,0
2026-09-10 13:10:00,278.95,0
2026-09-10 13:15:00,259.04,0
2026-09-10 13:20:00,359.27,0
2026-09-10 13:25:00,352.98,0
2026-09-10 13:30:00,202.0,0
2026-09-10 13:35:00,311.48,0
2026-09-10 13:40:00,380.28,0
2026-09-10 13:45:00,338.47,0
2026-09-10 13:50:00,338.61,0
2026-09-10 13:55:00,308.97,0
2026-09-10 14:00:00,272.73,0
2026-09-10 14:05:00,328.94,0
2026-09-10 14:10:00,332.92,0
2026-09-10 14:15:00,368.17,0
2026-09-10 14:20:00,373.21,0
2026-09-10 14:25:00,333.93,0
2026-09-10 14:30:00,399.8,0
2026-09-10 14:35:00,306.29,0
2026-09-10 14:40:00,252.13,0
2026-09-10 14:45:00,355.41,0
2026-09-10 14:50:00,332.76,0
2026-09-10 14:55:00,354.64,0
2026-09-10 15:00:00,257.43,0
2026-09-10 15:05:00,444.58,0
2026-09-10 15:10:00,364.61,0
2026-09-10 15:15:00,303.37,0
2026-09-10 15:20:00,268.81,0
2026-09-10 15:25:00,384.37,0
2026-09-10 15:30:00,258.39,0
2026-09-10 15:35:00,470.88,0
2026-09-10 15:40:00,279.13,0
2026-09-10 15:45:00,422.42,0
2026-09-10 15:50:00,298.0,0
2026-09-10 15:55:00,406.9,0
2026-09-10 16:00:00,266.46,0
2026-09-10 16:05:00,303.12,0
2026-09-10 16:10:00,346.74,0
2026-09-10 16:15:00,335.5,0
2026-09-10 16:20:00,360.35,0
2026-09-10 16:25:00,268.66,0
2026-09-10 16:30:00,295.44,0
2026-09-10 16:35:00,361.3,0
2026-09-10 16:40:00,252.05,0
2026-09-10 16:45:00,314.49,0
2026-09-10 16:50:00,270.31,0
2026-09-10 16:55:00,289.16,0
2026-09-10 17:00:00,280.3,0
2026-09-10 17:05:00,237.28,0
2026-09-10 17:10:00,258.4,0
2026-09-10 17:15:00,275.24,0
2026-09-10 17:20:00,260.6,0
2026-09-10 17:25:00,348.73,0
2026-09-10 17:30:00,311.87,0
2026-09-10 17:35:00,271.07,0
2026-09-10 17:40:00,221.86,0
2026-09-10 17:45:00,217.06,0
2026-09-10 17:50:00,355.21,0
2026-09-10 17:55:00,205.29,0
2026-09-10 18:00:00,248.48,0
2026-09-10 18:05:00,256.81,0
2026-09-10 18:10:00,224.92,0
2026-09-10 18:15:00,196.3,0
2026-09-10 18:20:00,201.73,0
2026-09-10 18:25:00,208.08,0
2026-09-10 18:30:00,199.65,0
2026-09-10 18:35:00,284.61,0
2026-09-10 18:40:00,221.03,0
2026-09-10 18:45:00,199.02,0
2026-09-10 18:50:00,220.22,0
2026-09-10 18:55:00,240.62,0
2026-09-10 19:00:00,198.05,0
2026-09-10 19:05:00,244.8,0
2026-09-10 19:10:00,163.49,0
2026-09-10 19:15:00,250.61,0
2026-09-10 19:20:00,200.12,0
2026-09-10 19:25:00,196.24,0
2026-09-10 19:30:00,172.56,0
2026-09-10 19:35:00,154.77,0
2026-09-10 19:40:00,141.24,0
2026-09-10 19:45:00,164.13,0
2026-09-10 19:50:00,206.71,0
2026-09-10 19:55:00,154.49,0
2026-09-10 20:00:00,137.29,0
2026-09-10 20:05:00,152.16,0
2026-09-10 20:10:00,165.19,0
2026-09-10 20:15:00,164.36,0
2026-09-10 20:20:00,168.85,0
2026-09-10 20:25:00,205.64,0
2026-09-10 20:30:00,211.3,0
2026-09-10 20:35:00,239.29,0
2026-09-10 20:40:00,123.05,0
2026-09-10 20:45:00,139.7,0
2026-09-10 20:50:00,182.72,0
2026-09-10 20:55:00,146.83,0
2026-09-10 21:00:00,183.99,0
2026-09-10 21:05:00,161.79,0
2026-09-10 21:10:00,204.89,0
2026-09-10 21:15:00,184.06,0
2026-09-10 21:20:00,182.75,0
2026-09-10 21:25:00,138.76,0
2026-09-10 21:30:00,145.36,0
2026-09-10 21:35:00,138.64,0
2026-09-10 21:40:00,110.61,0
2026-09-10 21:45:00,187.25,0
2026-09-10 21:50:00,162.77,0
2026-09-10 21:55:00,132.54,0
2026-09-10 22:00:00,176.77,0
2026-09-10 22:05:00,123.69,0
2026-09-10 22:10:00,98.67,0
2026-09-10 22:15:00,163.31,0
2026-09-10 22:20:00,107.34,0
2026-09-10 22:25:00,129.4,0
2026-09-10 22:30:00,138.03,0
2026-09-10 22:35:00,141.49,0
2026-09-10 22:40:00,152.66,0
2026-09-10 22:45:00,144.45,0
2026-09-10 22:50:00,142.65,0
2026-09-10 22:55:00,111.31,0
2026-09-10 23:00:00,134.44,0
2026-09-10 23:05:00,96.62,0
2026-09-10 23:10:00,166.81,0
2026-09-10 23:15:00,97.25,0
2026-09-10 23:20:00,116.94,0
2026-09-10 23:25:00,97.62,0
2026-09-10 23:30:00,107.95,0
2026-09-10 23:35:00,122.77,0
2026-09-10 23:40:00,110.8,0
2026-09-10 23:45:00,149.02,0
2026-09-10 23:50:00,125.75,0
2026-09-10 23:55:00,110.57,0
2026-09-11 00:00:00,107.86,0
2026-09-11 00:05:00,137.65,0
2026-09-11 00:10:00,130.21,0
2026-09-11 00:15:00,90.1,0
2026-09-11 00:20:00,97.88,0
2026-09-11 00:25:00,120.56,0
2026-09-11 00:30:00,118.01,0
2026-09-11 00:35:00,91.71,0
2026-09-11 00:40:00,126.85,0
2026-09-11 00:45:00,94.48,0
2026-09-11 00:50:00,140.33,0
2026-09-11 00:55:00,122.15,0
2026-09-11 01:00:00,90.64,0
2026-09-11 01:05:00,101.1,0
2026-09-11 01:10:00,100.86,0
2026-09-11 01:15:00,114.62,0
2026-09-11 01:20:00,107.44,0
2026-09-11 01:25:00,90.78,0
2026-09-11 01:30:00,86.88,0
2026-09-11 01:35:00,123.39,0
2026-09-11 01:40:00,117.81,0
2026-09-11 01:45:00,114.17,0
2026-09-11 01:50:00,117.76,0
2026-09-11 01:55:00,100.46,0
2026-09-11 02:00:00,116.23,0
2026-09-11 02:05:00,177.82,0
2026-09-11 02:10:00,139.32,0
2026-09-11 02:15:00,107.23,0
2026-09-11 02:20:00,102.96,0
2026-09-11 02:25:00,67.72,0
2026-09-11 02:30:00,137.61,0
2026-09-11 02:35:00,131.05,0
2026-09-11 02:40:00,103.35,0
2026-09-11 02:45:00,88.27,0
2026-09-11 02:50:00,92.98,0
2026-09-11 02:55:00,124.29,0
2026-09-11 03:00:00,113.18,0
2026-09-11 03:05:00,130.6,0
2026-09-11 03:10:00,117.43,0
2026-09-11 03:15:00,137.98,0
2026-09-11 03:20:00,124.28,0
2026-09-11 03:25:00,135.41,0
2026-09-11 03:30:00,80.33,0
2026-09-11 03:35:00,94.02,0
2026-09-11 03:40:00,110.34,0
2026-09-11 03:45:00,143.62,0
2026-09-11 03:50:00,166.52,0
2026-09-11 03:55:00,115.7,0
2026-09-11 04:00:00,107.19,0
2026-09-11 04:05:00,84.53,0
2026-09-11 04:10:00,141.02,0
2026-09-11 04:15:00,109.84,0
2026-09-11 04:20:00,207.56,0
2026-09-11 04:25:00,107.21,0
2026-09-11 04:30:00,179.83,0
2026-09-11 04:35:00,141.62,0
2026-09-11 04:40:00,103.43,0
2026-09-11 04:45:00,130.52,0
2026-09-11 04:50:00,144.68,0
2026-09-11 04:55:00,121.66,0
2026-09-11 05:00:00,148.26,0
2026-09-11 05:05:00,148.64,0
2026-09-11 05:10:00,143.85,0
2026-09-11 05:15:00,129.72,0
2026-09-11 05:20:00,106.06,0
2026-09-11 05:25:00,130.19,0
2026-09-11 05:30:00,137.29,0
2026-09-11 05:35:00,95.63,0
2026-09-11 05:40:00,139.29,0
2026-09-11 05:45:00,133.87,0
2026-09-11 05:50:00,108.77,0
2026-09-11 05:55:00,130.49,0
2026-09-11 06:00:00,132.14,0
2026-09-11 06:05:00,199.62,0
2026-09-11 06:10:00,148.09,0
2026-09-11 06:15:00,173.13,0
2026-09-11 06:20:00,142.01,0
2026-09-11 06:25:00,104.54,0
2026-09-11 06:30:00,166.96,0
2026-09-11 06:35:00,132.74,0
2026-09-11 06:40:00,142.13,0
2026-09-11 06:45:00,126.22,0
2026-09-11 06:50:00,156.23,0
2026-09-11 06:55:00,188.81,0
2026-09-11 07:00:00,186.39,0
2026-09-11 07:05:00,211.99,0
2026-09-11 07:10:00,219.92,0
2026-09-11 07:15:00,112.77,0
2026-09-11 07:20:00,132.98,0
2026-09-11 07:25:00,120.45,0
2026-09-11 07:30:00,189.08,0
2026-09-11 07:35:00,150.73,0
2026-09-11 07:40:00,158.25,0
2026-09-11 07:45:00,168.22,0
2026-09-11 07:50:00,189.66,0
2026-09-11 07:55:00,137.17,0
2026-09-11 08:00:00,144.64,0
2026-09-11 08:05:00,183.72,0
2026-09-11 08:10:00,230.75,0
2026-09-11 08:15:00,187.43,0
2026-09-11 08:20:00,165.33,0
2026-09-11 08:25:00,131.14,0
2026-09-11 08:30:00,232.05,0
2026-09-11 08:35:00,173.39,0
2026-09-11 08:40:00,163.04,0
2026-09-11 08:45:00,149.05,0
2026-09-11 08:50:00,158.63,0
2026-09-11 08:55:00,175.05,0
2026-09-11 09:00:00,201.86,0
2026-09-11 09:05:00,171.64,0
2026-09-11 09:10:00,223.36,0
2026-09-11 09:15:00,209.21,0
2026-09-11 09:20:00,330.27,0
2026-09-11 09:25:00,164.9,0
2026-09-11 09:30:00,233.53,0
2026-09-11 09:35:00,236.89,0
2026-09-11 09:40:00,193.0,0
2026-09-11 09:45:00,239.17,0
2026-09-11 09:50:00,273.22,0
2026-09-11 09:55:00,244.87,0
2026-09-11 10:00:00,312.33,0
2026-09-11 10:05:00,166.37,0
2026-09-11 10:10:00,213.97,0
2026-09-11 10:15:00,328.33,0
2026-09-11 10:20:00,299.94,0
2026-09-11 10:25:00,283.57,0
2026-09-11 10:30:00,324.66,0
2026-09-11 10:35:00,186.09,0
2026-09-11 10:40:00,306.34,0
2026-09-11 10:45:00,324.78,0
2026-09-11 10:50:00,240.54,0
2026-09-11 10:55:00,438.96,0
2026-09-11 11:00:00,286.0,0
2026-09-11 11:05:00,187.77,0
2026-09-11 11:10:00,301.16,0
2026-09-11 11:15:00,249.22,0
2026-09-11 11:20:00,352.93,0
2026-09-11 11:25:00,318.5,0
2026-09-11 11:30:00,261.28,0
2026-09-11 11:35:00,384.38,0
2026-09-11 11:40:00,350.04,0
2026-09-11 11:45:00,256.58,0
2026-09-11 11:50:00,291.88,0
2026-09-11 11:55:00,331.55,0
2026-09-11 12:00:00,284.85,0
2026-09-11 12:05:00,288.26,0
2026-09-11 12:10:00,310.11,0
2026-09-11 12:15:00,255.82,0
2026-09-11 12:20:00,208.55,0
2026-09-11 12:25:00,327.21,0
2026-09-11 12:30:00,220.25,0
2026-09-11 12:35:00,264.8,0
2026-09-11 12:40:00,231.25,0
2026-09-11 12:45:00,237.48,0
2026-09-11 12:50:00,346.43,0
2026-09-11 12:55:00,309.44,0
2026-09-11 13:00:00,308.54,0
2026-09-11 13:05:00,255.9,0
2026-09-11 13:10:00,289.06,0
2026-09-11 13:15:00,349.03,0
2026-09-11 13:20:00,323.91,0
2026-09-11 13:25:00,379.97,0
2026-09-11 13:30:00,390.57,0
2026-09-11 13:35:00,314.22,0
2026-09-11 13:40:00,235.89,0
2026-09-11 13:45:00,287.61,0
2026-09-11 13:50:00,324.06,0
2026-09-11 13:55:00,286.91,0
2026-09-11 14:00:00,272.94,0
2026-09-11 14:05:00,334.12,0
2026-09-11 14:10:00,510.8,0
2026-09-11 14:15:00,301.85,0
2026-09-11 14:20:00,329.07,0
2026-09-11 14:25:00,259.64,0
2026-09-11 14:30:00,410.63,0
2026-09-11 14:35:00,383.55,0
2026-09-11 14:40:00,378.0,0
2026-09-11 14:45:00,416.62,0
2026-09-11 14:50:00,301.19,0
2026-09-11 14:55:00,307.12,0
2026-09-11 15:00:00,439.72,0
2026-09-11 15:05:00,360.93,0
2026-09-11 15:10:00,215.18,0
2026-09-11 15:15:00,346.77,0
2026-09-11 15:20:00,286.49,0
2026-09-11 15:25:00,372.19,0
2026-09-11 15:30:00,339.08,0
2026-09-11 15:35:00,229.12,0
2026-09-11 15:40:00,327.16,0
2026-09-11 15:45:00,321.9,0
2026-09-11 15:50:00,328.89,0
2026-09-11 15:55:00,339.56,0
2026-09-11 16:00:00,398.14,0
2026-09-11 16:05:00,325.46,0
2026-09-11 16:10:00,301.22,0
2026-09-11 16:15:00,366.17,0
2026-09-11 16:20:00,442.59,0
2026-09-11 16:25:00,345.82,0
2026-09-11 16:30:00,301.97,0
2026-09-11 16:35:00,311.95,0
2026-09-11 16:40:00,299.66,0
2026-09-11 16:45:00,284.64,0
2026-09-11 16:50:00,415.2,0
2026-09-11 16:55:00,243.5,0
2026-09-11 17:00:00,339.85,0
2026-09-11 17:05:00,267.33,0
2026-09-11 17:10:00,207.47,0
2026-09-11 17:15:00,259.21,0
2026-09-11 17:20:00,240.58,0
2026-09-11 17:25:00,291.54,0
2026-09-11 17:30:00,264.34,0
2026-09-11 17:35:00,214.05,0
2026-09-11 17:40:00,331.69,0
2026-09-11 17:45:00,306.35,0
2026-09-11 17:50:00,331.26,0
2026-09-11 17:55:00,256.95,0
2026-09-11 18:00:00,241.88,0
2026-09-11 18:05:00,273.15,0
2026-09-11 18:10:00,214.4,0
2026-09-11 18:15:00,240.68,0
2026-09-11 18:20:00,225.11,0
2026-09-11 18:25:00,176.49,0
2026-09-11 18:30:00,232.11,0
2026-09-11 18:35:00,207.01,0
2026-09-11 18:40:00,211.94,0
2026-09-11 18:45:00,233.5,0
2026-09-11 18:50:00,271.62,0
2026-09-11 18:55:00,183.13,0
2026-09-11 19:00:00,198.34,0
2026-09-11 19:05:00,181.34,0
2026-09-11 19:10:00,177.0,0
2026-09-11 19:15:00,182.37,0
2026-09-11 19:20:00,193.48,0
2026-09-11 19:25:00,219.96,0
2026-09-11 19:30:00,207.09,0
2026-09-11 19:35:00,159.61,0
2026-09-11 19:40:00,240.66,0
2026-09-11 19:45:00,223.18,0
2026-09-11 19:50:00,158.12,0
2026-09-11 19:55:00,228.95,0
2026-09-11 20:00:00,192.42,0
2026-09-11 20:05:00,174.23,0
2026-09-11 20:10:00,188.82,0
2026-09-11 20:15:00,174.1,0
2026-09-11 20:20:00,190.63,0
2026-09-11 20:25:00,176.62,0
2026-09-11 20:30:00,158.81,0
2026-09-11 20:35:00,115.82,0
2026-09-11 20:40:00,181.27,0
2026-09-11 20:45:00,152.37,0
2026-09-11 20:50:00,185.35,0
2026-09-11 20:55:00,173.77,0
2026-09-11 21:00:00,148.02,0
2026-09-11 21:05:00,187.38,0
2026-09-11 21:10:00,159.99,0
2026-09-11 21:15:00,157.13,0
2026-09-11 21:20:00,147.27,0
2026-09-11 21:25:00,202.33,0
2026-09-11 21:30:00,130.11,0
2026-09-11 21:35:00,138.21,0
2026-09-11 21:40:00,116.09,0
2026-09-11 21:45:00,163.75,0
2026-09-11 21:50:00,128.17,0
2026-09-11 21:55:00,129.59,0
2026-09-11 22:00:00,127.35,0
2026-09-11 22:05:00,140.13,0
2026-09-11 22:10:00,109.68,0
2026-09-11 22:15:00,90.97,0
2026-09-11 22:20:00,146.72,0
2026-09-11 22:25:00,91.63,0
2026-09-11 22:30:00,155.11,0
2026-09-11 22:35:00,174.75,0
2026-09-11 22:40:00,127.22,0
2026-09-11 22:45:00,164.39,0
2026-09-11 22:50:00,128.64,0
2026-09-11 22:55:00,171.15,0
2026-09-11 23:00:00,117.45,0
2026-09-11 23:05:00,82.78,0
2026-09-11 23:10:00,124.12,0
2026-09-11 23:15:00,170.23,0
2026-09-11 23:20:00,137.04,0
2026-09-11 23:25:00,112.81,0
2026-09-11 23:30:00,130.62,0
2026-09-11 23:35:00,145.87,0
2026-09-11 23:40:00,120.0,0
2026-09-11 23:45:00,194.58,0
2026-09-11 23:50:00,109.98,0
2026-09-11 23:55:00,143.95,0
2026-09-12 00:00:00,95.04,0
2026-09-12 00:05:00,73.08,0
2026-09-12 00:10:00,76.82,0
2026-09-12 00:15:00,99.63,0
2026-09-12 00:20:00,85.17,0
2026-09-12 00:25:00,88.23,0
2026-09-12 00:30:00,61.87,0
2026-09-12 00:35:00,93.51,0
2026-09-12 00:40:00,87.55,0
2026-09-12 00:45:00,82.23,0
2026-09-12 00:50:00,88.82,0
2026-09-12 00:55:00,77.37,0
2026-09-12 01:00:00,74.92,0
2026-09-12 01:05:00,79.84,0
2026-09-12 01:10:00,76.77,0
2026-09-12 01:15:00,123.67,0
2026-09-12 01:20:00,98.51,0
2026-09-12 01:25:00,70.29,0
2026-09-12 01:30:00,120.83,0
2026-09-12 01:35:00,77.55,0
2026-09-12 01:40:00,84.37,0
2026-09-12 01:45:00,98.75,0
2026-09-12 01:50:00,59.0,0
2026-09-12 01:55:00,80.7,0
2026-09-12 02:00:00,76.06,0
2026-09-12 02:05:00,87.63,0
2026-09-12 02:10:00,90.4,0
2026-09-12 02:15:00,83.54,0
2026-09-12 02:20:00,82.98,0
2026-09-12 02:25:00,102.95,0
2026-09-12 02:30:00,89.89,0
2026-09-12 02:35:00,85.95,0
2026-09-12 02:40:00,87.79,0
2026-09-12 02:45:00,119.21,0
2026-09-12 02:50:00,88.56,0
2026-09-12 02:55:00,78.44,0
2026-09-12 03:00:00,61.18,0
2026-09-12 03:05:00,66.81,0
2026-09-12 03:10:00,79.72,0
2026-09-12 03:15:00,85.28,0
2026-09-12 03:20:00,78.91,0
2026-09-12 03:25:00,93.19,0
2026-09-12 03:30:00,79.23,0
2026-09-12 03:35:00,74.69,0
2026-09-12 03:40:00,98.67,0
2026-09-12 03:45:00,113.48,0
2026-09-12 03:50:00,72.94,0
2026-09-12 03:55:00,93.39,0
2026-09-12 04:00:00,63.7,0
2026-09-12 04:05:00,69.12,0
2026-09-12 04:10:00,81.43,0
2026-09-12 04:15:00,111.57,0
2026-09-12 04:20:00,79.44,0
2026-09-12 04:25:00,79.31,0
2026-09-12 04:30:00,92.93,0
2026-09-12 04:35:00,93.45,0
2026-09-12 04:40:00,81.04,0
2026-09-12 04:45:00,134.23,0
2026-09-12 04:50:00,90.04,0
2026-09-12 04:55:00,96.99,0
2026-09-12 05:00:00,88.96,0
2026-09-12 05:05:00,104.19,0
2026-09-12 05:10:00,121.03,0
2026-09-12 05:15:00,131.65,0
2026-09-12 05:20:00,85.68,0
2026-09-12 05:25:00,120.7,0
2026-09-12 05:30:00,110.13,0
2026-09-12 05:35:00,119.81,0
2026-09-12 05:40:00,99.67,0
2026-09-12 05:45:00,98.79,0
2026-09-12 05:50:00,121.93,0
2026-09-12 05:55:00,123.4,0
2026-09-12 06:00:00,138.96,0
2026-09-12 06:05:00,109.62,0
2026-09-12 06:10:00,104.72,0
2026-09-12 06:15:00,69.21,0
2026-09-12 06:20:00,81.4,0
2026-09-12 06:25:00,102.33,0
2026-09-12 06:30:00,91.0,0
2026-09-12 06:35:00,129.76,0
2026-09-12 06:40:00,89.45,0
2026-09-12 06:45:00,104.55,0
2026-09-12 06:50:00,106.42,0
2026-09-12 06:55:00,145.21,0
2026-09-12 07:00:00,105.93,0
2026-09-12 07:05:00,129.64,0
2026-09-12 07:10:00,125.18,0
2026-09-12 07:15:00,143.81,0
2026-09-12 07:20:00,144.09,0
2026-09-12 07:25:00,124.34,0
2026-09-12 07:30:00,93.26,0
2026-09-12 07:35:00,122.84,0
2026-09-12 07:40:00,129.14,0
2026-09-12 07:45:00,138.11,0
2026-09-12 07:50:00,116.27,0
2026-09-12 07:55:00,165.05,0
2026-09-12 08:00:00,136.4,0
2026-09-12 08:05:00,116.72,0
2026-09-12 08:10:00,128.43,0
2026-09-12 08:15:00,199.82,0
2026-09-12 08:20:00,161.15,0
2026-09-12 08:25:00,174.86,0
2026-09-12 08:30:00,121.55,0
2026-09-12 08:35:00,131.15,0
2026-09-12 08:40:00,132.98,0
2026-09-12 08:45:00,157.37,0
2026-09-12 08:50:00,149.39,0
2026-09-12 08:55:00,142.92,0
2026-09-12 09:00:00,148.02,0
2026-09-12 09:05:00,138.71,0
2026-09-12 09:10:00,156.85,0
2026-09-12 09:15:00,200.41,0
2026-09-12 09:20:00,126.46,0
2026-09-12 09:25:00,178.9,0
2026-09-12 09:30:00,218.11,0
2026-09-12 09:35:00,166.6,0
2026-09-12 09:40:00,158.43,0
2026-09-12 09:45:00,208.25,0
2026-09-12 09:50:00,149.44,0
2026-09-12 09:55:00,179.76,0
2026-09-12 10:00:00,151.41,0
2026-09-12 10:05:00,131.88,0
2026-09-12 10:10:00,181.71,0
2026-09-12 10:15:00,150.42,0
2026-09-12 10:20:00,190.5,0
2026-09-12 10:25:00,235.85,0
2026-09-12 10:30:00,272.29,0
2026-09-12 10:35:00,200.41,0
2026-09-12 10:40:00,239.19,0
2026-09-12 10:45:00,216.09,0
2026-09-12 10:50:00,189.58,0
2026-09-12 10:55:00,145.04,0
2026-09-12 11:00:00,277.47,0
2026-09-12 11:05:00,173.02,0
2026-09-12 11:10:00,270.49,0
2026-09-12 11:15:00,234.36,0
2026-09-12 11:20:00,180.04,0
2026-09-12 11:25:00,228.94,0
2026-09-12 11:30:00,320.36,0
2026-09-12 11:35:00,290.01,0
2026-09-12 11:40:00,202.14,0
2026-09-12 11:45:00,196.49,0
2026-09-12 11:50:00,229.08,0
2026-09-12 11:55:00,219.92,0
2026-09-12 12:00:00,283.1,0
2026-09-12 12:05:00,262.3,0
2026-09-12 12:10:00,170.38,0
2026-09-12 12:15:00,252.45,0
2026-09-12 12:20:00,226.37,0
2026-09-12 12:25:00,236.64,0
2026-09-12 12:30:00,247.13,0
2026-09-12 12:35:00,294.66,0
2026-09-12 12:40:00,284.5,0
2026-09-12 12:45:00,209.38,0
2026-09-12 12:50:00,238.1,0
2026-09-12 12:55:00,222.82,0
2026-09-12 13:00:00,179.1,0
2026-09-12 13:05:00,238.48,0
2026-09-12 13:10:00,340.04,0
2026-09-12 13:15:00,179.75,0
2026-09-12 13:20:00,244.16,0
2026-09-12 13:25:00,243.28,0
2026-09-12 13:30:00,259.3,0
2026-09-12 13:35:00,207.37,0
2026-09-12 13:40:00,191.06,0
2026-09-12 13:45:00,192.86,0
2026-09-12 13:50:00,314.32,0
2026-09-12 13:55:00,207.34,0
2026-09-12 14:00:00,226.22,0
2026-09-12 14:05:00,361.44,0
2026-09-12 14:10:00,216.73,0
2026-09-12 14:15:00,262.89,0
2026-09-12 14:20:00,299.04,0
2026-09-12 14:25:00,296.08,0
2026-09-12 14:30:00,193.74,0
2026-09-12 14:35:00,216.14,0
2026-09-12 14:40:00,258.94,0
2026-09-12 14:45:00,346.18,0
2026-09-12 14:50:00,212.71,0
2026-09-12 14:55:00,222.55,0
2026-09-12 15:00:00,261.44,0
2026-09-12 15:05:00,270.06,0
2026-09-12 15:10:00,271.97,0
2026-09-12 15:15:00,205.77,0
2026-09-12 15:20:00,216.79,0
2026-09-12 15:25:00,246.86,0
2026-09-12 15:30:00,296.58,0
2026-09-12 15:35:00,225.19,0
2026-09-12 15:40:00,232.84,0
2026-09-12 15:45:00,193.25,0
2026-09-12 15:50:00,323.11,0
2026-09-12 15:55:00,236.07,0
2026-09-12 16:00:00,276.95,0
2026-09-12 16:05:00,227.79,0
2026-09-12 16:10:00,228.47,0
2026-09-12 16:15:00,170.5,0
2026-09-12 16:20:00,150.52,0
2026-09-12 16:25:00,275.57,0
2026-09-12 16:30:00,221.31,0
2026-09-12 16:35:00,224.63,0
2026-09-12 16:40:00,171.41,0
2026-09-12 16:45:00,180.85,0
2026-09-12 16:50:00,255.33,0
2026-09-12 16:55:00,285.85,0
2026-09-12 17:00:00,185.14,0
2026-09-12 17:05:00,231.44,0
2026-09-12 17:10:00,210.18,0
2026-09-12 17:15:00,196.8,0
2026-09-12 17:20:00,277.87,0
2026-09-12 17:25:00,181.63,0
2026-09-12 17:30:00,243.82,0
2026-09-12 17:35:00,206.68,0
2026-09-12 17:40:00,190.32,0
2026-09-12 17:45:00,241.72,0
2026-09-12 17:50:00,196.76,0
2026-09-12 17:55:00,181.48,0
2026-09-12 18:00:00,234.04,0
2026-09-12 18:05:00,226.01,0
2026-09-12 18:10:00,221.5,0
2026-09-12 18:15:00,87.58,0
2026-09-12 18:20:00,188.63,0
2026-09-12 18:25:00,178.89,0
2026-09-12 18:30:00,169.07,0
2026-09-12 18:35:00,187.58,0
2026-09-12 18:40:00,174.02,0
2026-09-12 18:45:00,185.31,0
2026-09-12 18:50:00,154.38,0
2026-09-12 18:55:00,209.55,0
2026-09-12 19:00:00,181.83,0
2026-09-12 19:05:00,172.1,0
2026-09-12 19:10:00,168.47,0
2026-09-12 19:15:00,187.48,0
2026-09-12 19:20:00,180.69,0
2026-09-12 19:25:00,145.48,0
2026-09-12 19:30:00,175.22,0
2026-09-12 19:35:00,149.4,0
2026-09-12 19:40:00,201.91,0
2026-09-12 19:45:00,172.07,0
2026-09-12 19:50:00,124.62,0
2026-09-12 19:55:00,209.56,0
2026-09-12 20:00:00,93.2,0
2026-09-12 20:05:00,150.75,0
2026-09-12 20:10:00,117.14,0
2026-09-12 20:15:00,184.08,0
2026-09-12 20:20:00,135.64,0
2026-09-12 20:25:00,111.02,0
2026-09-12 20:30:00,120.64,0
2026-09-12 20:35:00,110.0,0
2026-09-12 20:40:00,117.02,0
2026-09-12 20:45:00,115.21,0
2026-09-12 20:50:00,105.57,0
2026-09-12 20:55:00,125.45,0
2026-09-12 21:00:00,126.81,0
2026-09-12 21:05:00,97.71,0
2026-09-12 21:10:00,85.8,0
2026-09-12 21:15:00,121.01,0
2026-09-12 21:20:00,124.61,0
2026-09-12 21:25:00,127.82,0
2026-09-12 21:30:00,122.52,0
2026-09-12 21:35:00,145.8,0
2026-09-12 21:40:00,130.18,0
2026-09-12 21:45:00,174.55,0
2026-09-12 21:50:00,186.53,0
2026-09-12 21:55:00,77.08,0
2026-09-12 22:00:00,70.59,0
2026-09-12 22:05:00,103.78,0
2026-09-12 22:10:00,112.82,0
2026-09-12 22:15:00,100.78,0
2026-09-12 22:20:00,115.02,0
2026-09-12 22:25:00,95.76,0
2026-09-12 22:30:00,88.04,0
2026-09-12 22:35:00,89.79,0
2026-09-12 22:40:00,94.8,0
2026-09-12 22:45:00,113.58,0
2026-09-12 22:50:00,88.78,0
2026-09-12 22:55:00,91.38,0
2026-09-12 23:00:00,105.96,0
2026-09-12 23:05:00,91.68,0
2026-09-12 23:10:00,115.47,0
2026-09-12 23:15:00,79.56,0
2026-09-12 23:20:00,76.08,0
2026-09-12 23:25:00,98.06,0
2026-09-12 23:30:00,99.3,0
2026-09-12 23:35:00,78.61,0
2026-09-12 23:40:00,116.4,0
2026-09-12 23:45:00,128.62,0
2026-09-12 23:50:00,80.86,0
2026-09-12 23:55:00,117.8,0
2026-09-13 00:00:00,53.97,0
2026-09-13 00:05:00,100.6,0
2026-09-13 00:10:00,71.05,0
2026-09-13 00:15:00,98.88,0
2026-09-13 00:20:00,69.8,0
2026-09-13 00:25:00,82.0,0
2026-09-13 00:30:00,71.79,0
2026-09-13 00:35:00,79.96,0
2026-09-13 00:40:00,115.57,0
2026-09-13 00:45:00,81.58,0
2026-09-13 00:50:00,121.69,0
2026-09-13 00:55:00,77.7,0
2026-09-13 01:00:00,109.01,0
2026-09-13 01:05:00,62.24,0
2026-09-13 01:10:00,79.26,0
2026-09-13 01:15:00,75.84,0
2026-09-13 01:20:00,110.25,0
2026-09-13 01:25:00,86.51,0
2026-09-13 01:30:00,57.51,0
2026-09-13 01:35:00,66.22,0
2026-09-13 01:40:00,69.94,0
2026-09-13 01:45:00,99.4,0
2026-09-13 01:50:00,97.23,0
2026-09-13 01:55:00,79.79,0
2026-09-13 02:00:00,76.4,0
2026-09-13 02:05:00,96.07,0
2026-09-13 02:10:00,69.02,0
2026-09-13 02:15:00,91.98,0
2026-09-13 02:20:00,90.73,0
2026-09-13 02:25:00,80.89,0
2026-09-13 02:30:00,91.46,0
2026-09-13 02:35:00,86.89,0
2026-09-13 02:40:00,93.49,0
2026-09-13 02:45:00,67.37,0
2026-09-13 02:50:00,95.89,0
2026-09-13 02:55:00,103.52,0
2026-09-13 03:00:00,91.39,0
2026-09-13 03:05:00,96.37,0
2026-09-13 03:10:00,85.02,0
2026-09-13 03:15:00,102.09,0
2026-09-13 03:20:00,88.24,0
2026-09-13 03:25:00,71.15,0
2026-09-13 03:30:00,101.73,0
2026-09-13 03:35:00,65.62,0
2026-09-13 03:40:00,92.98,0
2026-09-13 03:45:00,82.76,0
2026-09-13 03:50:00,82.13,0
2026-09-13 03:55:00,92.19,0
2026-09-13 04:00:00,78.99,0
2026-09-13 04:05:00,98.84,0
2026-09-13 04:10:00,91.47,0
2026-09-13 04:15:00,81.39,0
2026-09-13 04:20:00,116.29,0
2026-09-13 04:25:00,95.3,0
2026-09-13 04:30:00,103.43,0
2026-09-13 04:35:00,119.79,0
2026-09-13 04:40:00,120.1,0
2026-09-13 04:45:00,104.21,0
2026-09-13 04:50:00,89.43,0
2026-09-13 04:55:00,73.46,0
2026-09-13 05:00:00,99.25,0
2026-09-13 05:05:00,117.22,0
2026-09-13 05:10:00,103.29,0
2026-09-13 05:15:00,52.49,0
2026-09-13 05:20:00,114.94,0
2026-09-13 05:25:00,117.08,0
2026-09-13 05:30:00,94.49,0
2026-09-13 05:35:00,120.11,0
2026-09-13 05:40:00,113.46,0
2026-09-13 05:45:00,90.31,0
2026-09-13 05:50:00,129.52,0
2026-09-13 05:55:00,82.72,0
2026-09-13 06:00:00,103.76,0
2026-09-13 06:05:00,102.83,0
2026-09-13 06:10:00,92.01,0
2026-09-13 06:15:00,113.81,0
2026-09-13 06:20:00,137.73,0
2026-09-13 06:25:00,137.52,0
2026-09-13 06:30:00,126.39,0
2026-09-13 06:35:00,82.59,0
2026-09-13 06:40:00,89.03,0
2026-09-13 06:45:00,117.9,0
2026-09-13 06:50:00,114.94,0
2026-09-13 06:55:00,106.87,0
2026-09-13 07:00:00,166.53,0
2026-09-13 07:05:00,121.8,0
2026-09-13 07:10:00,133.24,0
2026-09-13 07:15:00,146.02,0
2026-09-13 07:20:00,124.87,0
2026-09-13 07:25:00,199.42,0
2026-09-13 07:30:00,106.86,0
2026-09-13 07:35:00,114.83,0
2026-09-13 07:40:00,109.38,0
2026-09-13 07:45:00,173.79,0
2026-09-13 07:50:00,153.4,0
2026-09-13 07:55:00,121.87,0
2026-09-13 08:00:00,116.47,0
2026-09-13 08:05:00,176.76,0
2026-09-13 08:10:00,148.86,0
2026-09-13 08:15:00,182.03,0
2026-09-13 08:20:00,141.45,0
2026-09-13 08:25:00,158.75,0
2026-09-13 08:30:00,154.75,0
2026-09-13 08:35:00,132.69,0
2026-09-13 08:40:00,146.48,0
2026-09-13 08:45:00,123.0,0
2026-09-13 08:50:00,168.48,0
2026-09-13 08:55:00,179.01,0
2026-09-13 09:00:00,188.88,0
2026-09-13 09:05:00,180.42,0
2026-09-13 09:10:00,158.32,0
2026-09-13 09:15:00,216.88,0
2026-09-13 09:20:00,194.98,0
2026-09-13 09:25:00,215.81,0
2026-09-13 09:30:00,220.92,0
2026-09-13 09:35:00,168.34,0
2026-09-13 09:40:00,186.86,0
2026-09-13 09:45:00,202.71,0
2026-09-13 09:50:00,145.07,0
2026-09-13 09:55:00,147.35,0
2026-09-13 10:00:00,144.5,0
2026-09-13 10:05:00,181.1,0
2026-09-13 10:10:00,175.87,0
2026-09-13 10:15:00,145.82,0
2026-09-13 10:20:00,196.1,0
2026-09-13 10:25:00,189.67,0
2026-09-13 10:30:00,241.27,0
2026-09-13 10:35:00,283.12,0
2026-09-13 10:40:00,216.15,0
2026-09-13 10:45:00,177.41,0
2026-09-13 10:50:00,228.19,0
2026-09-13 10:55:00,205.43,0
2026-09-13 11:00:00,198.29,0
2026-09-13 11:05:00,178.96,0
2026-09-13 11:10:00,193.98,0
2026-09-13 11:15:00,206.07,0
2026-09-13 11:20:00,248.05,0
2026-09-13 11:25:00,237.29,0
2026-09-13 11:30:00,303.12,0
2026-09-13 11:35:00,248.36,0
2026-09-13 11:40:00,239.28,0
2026-09-13 11:45:00,211.38,0
2026-09-13 11:50:00,186.66,0
2026-09-13 11:55:00,204.48,0
2026-09-13 12:00:00,201.11,0
2026-09-13 12:05:00,144.81,0
2026-09-13 12:10:00,192.69,0
2026-09-13 12:15:00,310.14,0
2026-09-13 12:20:00,249.82,0
2026-09-13 12:25:00,219.66,0
2026-09-13 12:30:00,253.87,0
2026-09-13 12:35:00,167.07,0
2026-09-13 12:40:00,251.01,0
2026-09-13 12:45:00,301.59,0
2026-09-13 12:50:00,235.44,0
2026-09-13 12:55:00,175.59,0
2026-09-13 13:00:00,225.02,0
2026-09-13 13:05:00,306.2,0
2026-09-13 13:10:00,255.58,0
2026-09-13 13:15:00,189.51,0
2026-09-13 13:20:00,375.53,0
2026-09-13 13:25:00,196.1,0
2026-09-13 13:30:00,235.68,0
2026-09-13 13:35:00,204.6,0
2026-09-13 13:40:00,204.92,0
2026-09-13 13:45:00,227.86,0
2026-09-13 13:50:00,277.37,0
2026-09-13 13:55:00,312.17,0
2026-09-13 14:00:00,230.88,0
2026-09-13 14:05:00,206.32,0
2026-09-13 14:10:00,269.61,0
2026-09-13 14:15:00,270.84,0
2026-09-13 14:20:00,257.85,0
2026-09-13 14:25:00,259.16,0
2026-09-13 14:30:00,241.28,0
2026-09-13 14:35:00,250.14,0
2026-09-13 14:40:00,237.34,0
2026-09-13 14:45:00,296.6,0
2026-09-13 14:50:00,364.35,0
2026-09-13 14:55:00,251.22,0
2026-09-13 15:00:00,242.14,0
2026-09-13 15:05:00,252.94,0
2026-09-13 15:10:00,213.75,0
2026-09-13 15:15:00,275.01,0
2026-09-13 15:20:00,258.3,0
2026-09-13 15:25:00,220.16,0
2026-09-13 15:30:00,277.96,0
2026-09-13 15:35:00,235.87,0
2026-09-13 15:40:00,196.33,0
2026-09-13 15:45:00,247.63,0
2026-09-13 15:50:00,241.12,0
2026-09-13 15:55:00,272.94,0
2026-09-13 16:00:00,264.94,0
2026-09-13 16:05:00,222.16,0
2026-09-13 16:10:00,206.66,0
2026-09-13 16:15:00,223.43,0
2026-09-13 16:20:00,236.67,0
2026-09-13 16:25:00,239.99,0
2026-09-13 16:30:00,230.39,0
2026-09-13 16:35:00,212.93,0
2026-09-13 16:40:00,256.8,0
2026-09-13 16:45:00,188.45,0
2026-09-13 16:50:00,329.52,0
2026-09-13 16:55:00,239.75,0
2026-09-13 17:00:00,169.02,0
2026-09-13 17:05:00,212.04,0
2026-09-13 17:10:00,233.42,0
2026-09-13 17:15:00,188.86,0
2026-09-13 17:20:00,152.12,0
2026-09-13 17:25:00,163.45,0
2026-09-13 17:30:00,215.01,0
2026-09-13 17:35:00,140.71,0
2026-09-13 17:40:00,147.06,0
2026-09-13 17:45:00,207.98,0
2026-09-13 17:50:00,179.41,0
2026-09-13 17:55:00,162.92,0
2026-09-13 18:00:00,167.02,0
2026-09-13 18:05:00,138.51,0
2026-09-13 18:10:00,194.67,0
2026-09-13 18:15:00,152.5,0
2026-09-13 18:20:00,158.24,0
2026-09-13 18:25:00,183.28,0
2026-09-13 18:30:00,162.45,0
2026-09-13 18:35:00,148.06,0
2026-09-13 18:40:00,116.07,0
2026-09-13 18:45:00,175.24,0
2026-09-13 18:50:00,164.33,0
2026-09-13 18:55:00,145.79,0
2026-09-13 19:00:00,131.12,0
2026-09-13 19:05:00,156.44,0
2026-09-13 19:10:00,168.07,0
2026-09-13 19:15:00,154.93,0
2026-09-13 19:20:00,201.89,0
2026-09-13 19:25:00,168.54,0
2026-09-13 19:30:00,143.81,0
2026-09-13 19:35:00,165.37,0
2026-09-13 19:40:00,144.25,0
2026-09-13 19:45:00,142.37,0
2026-09-13 19:50:00,176.13,0
2026-09-13 19:55:00,117.19,0
2026-09-13 20:00:00,136.64,0
2026-09-13 20:05:00,166.51,0
2026-09-13 20:10:00,140.37,0
2026-09-13 20:15:00,122.75,0
2026-09-13 20:20:00,95.34,0
2026-09-13 20:25:00,85.11,0
2026-09-13 20:30:00,183.91,0
2026-09-13 20:35:00,132.23,0
2026-09-13 20:40:00,111.3,0
2026-09-13 20:45:00,130.17,0
2026-09-13 20:50:00,101.9,0
2026-09-13 20:55:00,112.58,0
2026-09-13 21:00:00,99.77,0
2026-09-13 21:05:00,90.64,0
2026-09-13 21:10:00,79.17,0
2026-09-13 21:15:00,85.83,0
2026-09-13 21:20:00,136.09,0
2026-09-13 21:25:00,93.84,0
2026-09-13 21:30:00,122.16,0
2026-09-13 21:35:00,130.5,0
2026-09-13 21:40:00,109.11,0
2026-09-13 21:45:00,102.12,0
2026-09-13 21:50:00,109.34,0
2026-09-13 21:55:00,98.13,0
2026-09-13 22:00:00,130.2,0
2026-09-13 22:05:00,145.67,0
2026-09-13 22:10:00,133.75,0
2026-09-13 22:15:00,69.36,0
2026-09-13 22:20:00,93.67,0
2026-09-13 22:25:00,100.61,0
2026-09-13 22:30:00,108.43,0
2026-09-13 22:35:00,72.55,0
2026-09-13 22:40:00,71.81,0
2026-09-13 22:45:00,123.46,0
2026-09-13 22:50:00,87.63,0
2026-09-13 22:55:00,73.65,0
2026-09-13 23:00:00,78.4,0
2026-09-13 23:05:00,101.94,0
2026-09-13 23:10:00,81.45,0
2026-09-13 23:15:00,98.06,0
2026-09-13 23:20:00,78.27,0
2026-09-13 23:25:00,67.82,0
2026-09-13 23:30:00,119.32,0
2026-09-13 23:35:00,98.68,0
2026-09-13 23:40:00,86.07,0
2026-09-13 23:45:00,82.81,0
2026-09-13 23:50:00,117.86,0
2026-09-13 23:55:00,100.26,0
2026-09-14 00:00:00,135.81,0
2026-09-14 00:05:00,99.5,0
2026-09-14 00:10:00,111.57,0
2026-09-14 00:15:00,118.9,0
2026-09-14 00:20:00,100.21,0
2026-09-14 00:25:00,108.8,0
2026-09-14 00:30:00,99.7,0
2026-09-14 00:35:00,119.04,0
2026-09-14 00:40:00,87.39,0
2026-09-14 00:45:00,122.94,0
2026-09-14 00:50:00,117.36,0
2026-09-14 00:55:00,107.06,0
2026-09-14 01:00:00,120.48,0
2026-09-14 01:05:00,104.13,0
2026-09-14 01:10:00,98.64,0
2026-09-14 01:15:00,122.82,0
2026-09-14 01:20:00,123.88,0
2026-09-14 01:25:00,101.83,0
2026-09-14 01:30:00,100.36,0
2026-09-14 01:35:00,108.16,0
2026-09-14 01:40:00,101.31,0
2026-09-14 01:45:00,147.41,0
2026-09-14 01:50:00,118.73,0
2026-09-14 01:55:00,112.59,0
2026-09-14 02:00:00,95.07,0
2026-09-14 02:05:00,128.62,0
2026-09-14 02:10:00,101.01,0
2026-09-14 02:15:00,100.42,0
2026-09-14 02:20:00,130.01,0
2026-09-14 02:25:00,121.5,0
2026-09-14 02:30:00,72.34,0
2026-09-14 02:35:00,110.56,0
2026-09-14 02:40:00,116.58,0
2026-09-14 02:45:00,107.44,0
2026-09-14 02:50:00,117.82,0
2026-09-14 02:55:00,82.84,0
2026-09-14 03:00:00,69.09,0
2026-09-14 03:05:00,96.74,0
2026-09-14 03:10:00,121.64,0
2026-09-14 03:15:00,64.88,0
2026-09-14 03:20:00,99.9,0
2026-09-14 03:25:00,82.52,0
2026-09-14 03:30:00,112.02,0
2026-09-14 03:35:00,167.02,0
2026-09-14 03:40:00,113.3,0
2026-09-14 03:45:00,115.99,0
2026-09-14 03:50:00,138.06,0
2026-09-14 03:55:00,119.63,0
2026-09-14 04:00:00,115.12,0
2026-09-14 04:05:00,142.0,0
2026-09-14 04:10:00,131.42,0
2026-09-14 04:15:00,127.75,0
2026-09-14 04:20:00,118.86,0
2026-09-14 04:25:00,115.08,0
2026-09-14 04:30:00,145.21,0
2026-09-14 04:35:00,116.5,0
2026-09-14 04:40:00,155.34,0
2026-09-14 04:45:00,103.67,0
2026-09-14 04:50:00,163.0,0
2026-09-14 04:55:00,184.78,1
2026-09-14 05:00:00,239.63,1
2026-09-14 05:05:00,378.41,1
2026-09-14 05:10:00,341.94,1
2026-09-14 05:15:00,366.3,1
2026-09-14 05:20:00,369.62,1
2026-09-14 05:25:00,367.41,1
2026-09-14 05:30:00,361.59,1
2026-09-14 05:35:00,353.74,1
2026-09-14 05:40:00,289.97,1
2026-09-14 05:45:00,299.14,1
2026-09-14 05:50:00,321.6,1
2026-09-14 05:55:00,304.51,1
2026-09-14 06:00:00,269.79,1
2026-09-14 06:05:00,356.66,1
2026-09-14 06:10:00,304.18,1
2026-09-14 06:15:00,258.89,1
2026-09-14 06:20:00,228.27,1
2026-09-14 06:25:00,238.86,1
2026-09-14 06:30:00,234.01,1
2026-09-14 06:35:00,288.98,1
2026-09-14 06:40:00,180.25,0
2026-09-14 06:45:00,153.53,0
2026-09-14 06:50:00,174.21,0
2026-09-14 06:55:00,180.75,0
2026-09-14 07:00:00,159.24,0
2026-09-14 07:05:00,171.31,0
2026-09-14 07:10:00,179.32,0
2026-09-14 07:15:00,177.92,0
2026-09-14 07:20:00,143.29,0
2026-09-14 07:25:00,147.63,0
2026-09-14 07:30:00,160.21,0
2026-09-14 07:35:00,150.37,0
2026-09-14 07:40:00,132.56,0
2026-09-14 07:45:00,197.53,0
2026-09-14 07:50:00,188.43,0
2026-09-14 07:55:00,140.82,0
2026-09-14 08:00:00,173.72,0
2026-09-14 08:05:00,177.68,0
2026-09-14 08:10:00,192.16,0
2026-09-14 08:15:00,154.97,0
2026-09-14 08:20:00,149.42,0
2026-09-14 08:25:00,211.98,0
2026-09-14 08:30:00,148.32,0
2026-09-14 08:35:00,189.83,0
2026-09-14 08:40:00,189.02,0
2026-09-14 08:45:00,198.52,0
2026-09-14 08:50:00,215.09,0
2026-09-14 08:55:00,277.5,0
2026-09-14 09:00:00,158.01,0
2026-09-14 09:05:00,249.82,0
2026-09-14 09:10:00,137.44,0
2026-09-14 09:15:00,281.05,0
2026-09-14 09:20:00,153.27,0
2026-09-14 09:25:00,347.47,0
2026-09-14 09:30:00,211.47,0
2026-09-14 09:35:00,289.61,0
2026-09-14 09:40:00,282.41,0
2026-09-14 09:45:00,217.34,0
2026-09-14 09:50:00,222.96,0
2026-09-14 09:55:00,206.99,0
2026-09-14 10:00:00,280.5,0
2026-09-14 10:05:00,228.15,0
2026-09-14 10:10:00,214.86,0
2026-09-14 10:15:00,277.33,0
2026-09-14 10:20:00,216.57,0
2026-09-14 10:25:00,242.49,0
2026-09-14 10:30:00,265.09,0
2026-09-14 10:35:00,234.06,0
2026-09-14 10:40:00,242.98,0
2026-09-14 10:45:00,353.49,0
2026-09-14 10:50:00,261.04,0
2026-09-14 10:55:00,256.31,0
2026-09-14 11:00:00,267.5,0
2026-09-14 11:05:00,302.4,0
2026-09-14 11:10:00,233.44,0
2026-09-14 11:15:00,306.37,0
2026-09-14 11:20:00,299.65,0
2026-09-14 11:25:00,209.15,0
2026-09-14 11:30:00,401.89,0
2026-09-14 11:35:00,381.51,0
2026-09-14 11:40:00,255.91,0
2026-09-14 11:45:00,243.33,0
2026-09-14 11:50:00,312.55,0
2026-09-14 11:55:00,233.71,0
2026-09-14 12:00:00,388.81,0
2026-09-14 12:05:00,281.38,0
2026-09-14 12:10:00,412.5,0
2026-09-14 12:15:00,267.18,0
2026-09-14 12:20:00,305.48,0
2026-09-14 12:25:00,393.72,0
2026-09-14 12:30:00,297.25,0
2026-09-14 12:35:00,332.52,0
2026-09-14 12:40:00,387.25,0
2026-09-14 12:45:00,289.08,0
2026-09-14 12:50:00,255.65,0
2026-09-14 12:55:00,247.7,0
2026-09-14 13:00:00,359.02,0
2026-09-14 13:05:00,347.81,0
2026-09-14 13:10:00,393.77,0
2026-09-14 13:15:00,310.47,0
2026-09-14 13:20:00,252.73,0
2026-09-14 13:25:00,214.55,0
2026-09-14 13:30:00,550.11,0
2026-09-14 13:35:00,361.52,0
2026-09-14 13:40:00,337.44,0
2026-09-14 13:45:00,346.52,0
2026-09-14 13:50:00,254.9,0
2026-09-14 13:55:00,285.97,0
2026-09-14 14:00:00,451.64,0
2026-09-14 14:05:00,371.46,0
2026-09-14 14:10:00,287.46,0
2026-09-14 14:15:00,264.27,0
2026-09-14 14:20:00,300.05,0
2026-09-14 14:25:00,310.66,0
2026-09-14 14:30:00,474.73,0
2026-09-14 14:35:00,316.75,0
2026-09-14 14:40:00,263.94,0
2026-09-14 14:45:00,322.74,0
2026-09-14 14:50:00,341.13,0
2026-09-14 14:55:00,257.54,0
2026-09-14 15:00:00,347.5,0
2026-09-14 15:05:00,400.37,0
2026-09-14 15:10:00,328.95,0
2026-09-14 15:15:00,276.81,0
2026-09-14 15:20:00,289.22,0
2026-09-14 15:25:00,234.89,0
2026-09-14 15:30:00,307.56,0
2026-09-14 15:35:00,331.46,0
2026-09-14 15:40:00,265.25,0
2026-09-14 15:45:00,439.42,0
2026-09-14 15:50:00,355.28,0
2026-09-14 15:55:00,221.7,0
2026-09-14 16:00:00,221.08,0
2026-09-14 16:05:00,253.06,0
2026-09-14 16:10:00,398.18,0
2026-09-14 16:15:00,349.61,0
2026-09-14 16:20:00,395.92,0
2026-09-14 16:25:00,293.84,0
2026-09-14 16:30:00,280.2,0
2026-09-14 16:35:00,230.54,0
2026-09-14 16:40:00,304.75,0
2026-09-14 16:45:00,273.85,0
2026-09-14 16:50:00,269.56,0
2026-09-14 16:55:00,372.85,0
2026-09-14 17:00:00,269.86,0
2026-09-14 17:05:00,347.48,0
2026-09-14 17:10:00,203.48,0
2026-09-14 17:15:00,435.03,0
2026-09-14 17:20:00,248.21,0
2026-09-14 17:25:00,298.42,0
2026-09-14 17:30:00,303.9,0
2026-09-14 17:35:00,235.25,0
2026-09-14 17:40:00,294.96,0
2026-09-14 17:45:00,294.5,0
2026-09-14 17:50:00,219.0,0
2026-09-14 17:55:00,217.02,0
2026-09-14 18:00:00,245.43,0
2026-09-14 18:05:00,235.71,0
2026-09-14 18:10:00,305.68,0
2026-09-14 18:15:00,266.81,0
2026-09-14 18:20:00,229.42,0
2026-09-14 18:25:00,256.05,0
2026-09-14 18:30:00,156.94,0
2026-09-14 18:35:00,200.61,0
2026-09-14 18:40:00,233.17,0
2026-09-14 18:45:00,267.32,0
2026-09-14 18:50:00,223.93,0
2026-09-14 18:55:00,277.4,0
2026-09-14 19:00:00,246.36,0
2026-09-14 19:05:00,190.6,0
2026-09-14 19:10:00,200.41,0
2026-09-14 19:15:00,218.46,0
2026-09-14 19:20:00,184.89,0
2026-09-14 19:25:00,260.77,0
2026-09-14 19:30:00,160.12,0
2026-09-14 19:35:00,204.35,0
2026-09-14 19:40:00,217.64,0
2026-09-14 19:45:00,177.96,0
2026-09-14 19:50:00,168.78,0
2026-09-14 19:55:00,181.18,0
2026-09-14 20:00:00,209.98,0
2026-09-14 20:05:00,163.79,0
2026-09-14 20:10:00,146.05,0
2026-09-14 20:15:00,215.15,0
2026-09-14 20:20:00,185.69,0
2026-09-14 20:25:00,204.73,0
2026-09-14 20:30:00,193.47,0
2026-09-14 20:35:00,246.92,0
2026-09-14 20:40:00,201.5,0
2026-09-14 20:45:00,143.06,0
2026-09-14 20:50:00,175.37,0
2026-09-14 20:55:00,144.12,0
2026-09-14 21:00:00,145.21,0
2026-09-14 21:05:00,120.87,0
2026-09-14 21:10:00,146.45,0
2026-09-14 21:15:00,168.29,0
2026-09-14 21:20:00,149.2,0
2026-09-14 21:25:00,122.61,0
2026-09-14 21:30:00,112.46,0
2026-09-14 21:35:00,214.21,0
2026-09-14 21:40:00,153.79,0
2026-09-14 21:45:00,123.87,0
2026-09-14 21:50:00,154.67,0
2026-09-14 21:55:00,209.15,0
2026-09-14 22:00:00,156.29,0
2026-09-14 22:05:00,83.9,0
2026-09-14 22:10:00,221.43,0
2026-09-14 22:15:00,97.65,0
2026-09-14 22:20:00,130.2,0
2026-09-14 22:25:00,109.31,0
2026-09-14 22:30:00,116.42,0
2026-09-14 22:35:00,138.94,0
2026-09-14 22:40:00,90.26,0
2026-09-14 22:45:00,128.01,0
2026-09-14 22:50:00,158.85,0
2026-09-14 22:55:00,110.27,0
2026-09-14 23:00:00,99.27,0
2026-09-14 23:05:00,123.56,0
2026-09-14 23:10:00,118.48,0
2026-09-14 23:15:00,112.46,0
2026-09-14 23:20:00,100.49,0
2026-09-14 23:25:00,135.9,0
2026-09-14 23:30:00,137.03,0
2026-09-14 23:35:00,101.1,0
2026-09-14 23:40:00,103.13,0
2026-09-14 23:45:00,124.3,0
2026-09-14 23:50:00,101.47,0
2026-09-14 23:55:00,124.11,0
2026-09-15 00:00:00,143.9,0
2026-09-15 00:05:00,109.33,0
2026-09-15 00:10:00,88.86,0
2026-09-15 00:15:00,118.69,0
2026-09-15 00:20:00,107.16,0
2026-09-15 00:25:00,107.74,0
2026-09-15 00:30:00,120.63,0
2026-09-15 00:35:00,125.47,0
2026-09-15 00:40:00,111.56,0
2026-09-15 00:45:00,109.71,0
2026-09-15 00:50:00,160.9,0
2026-09-15 00:55:00,137.83,0
2026-09-15 01:00:00,129.11,0
2026-09-15 01:05:00,113.85,0
2026-09-15 01:10:00,92.85,0
2026-09-15 01:15:00,136.42,0
2026-09-15 01:20:00,114.39,0
2026-09-15 01:25:00,100.55,0
2026-09-15 01:30:00,106.88,0
2026-09-15 01:35:00,93.94,0
2026-09-15 01:40:00,135.35,0
2026-09-15 01:45:00,126.68,0
2026-09-15 01:50:00,115.88,0
2026-09-15 01:55:00,111.43,0
2026-09-15 02:00:00,99.48,0
2026-09-15 02:05:00,76.74,0
2026-09-15 02:10:00,87.44,0
2026-09-15 02:15:00,98.81,0
2026-09-15 02:20:00,96.33,0
2026-09-15 02:25:00,119.38,0
2026-09-15 02:30:00,131.38,0
2026-09-15 02:35:00,111.15,0
2026-09-15 02:40:00,146.87,0
2026-09-15 02:45:00,99.2,0
2026-09-15 02:50:00,111.71,0
2026-09-15 02:55:00,113.69,0
2026-09-15 03:00:00,140.0,0
2026-09-15 03:05:00,117.53,0
2026-09-15 03:10:00,118.43,0
2026-09-15 03:15:00,86.08,0
2026-09-15 03:20:00,98.89,0
2026-09-15 03:25:00,142.08,0
2026-09-15 03:30:00,80.54,0
2026-09-15 03:35:00,149.52,0
2026-09-15 03:40:00,128.91,0
2026-09-15 03:45:00,103.36,0
2026-09-15 03:50:00,102.19,0
2026-09-15 03:55:00,167.65,0
2026-09-15 04:00:00,154.28,0
2026-09-15 04:05:00,117.62,0
2026-09-15 04:10:00,123.68,0
2026-09-15 04:15:00,107.96,0
2026-09-15 04:20:00,124.86,0
2026-09-15 04:25:00,108.48,0
2026-09-15 04:30:00,121.38,0
2026-09-15 04:35:00,171.45,0
2026-09-15 04:40:00,122.34,0
2026-09-15 04:45:00,103.66,0
2026-09-15 04:50:00,98.47,0
2026-09-15 04:55:00,129.63,0
2026-09-15 05:00:00,111.18,0
2026-09-15 05:05:00,134.16,0
2026-09-15 05:10:00,96.53,0
2026-09-15 05:15:00,147.32,0
2026-09-15 05:20:00,108.27,0
2026-09-15 05:25:00,133.11,0
2026-09-15 05:30:00,125.15,0
2026-09-15 05:35:00,182.63,0
2026-09-15 05:40:00,139.35,0
2026-09-15 05:45:00,193.35,0
2026-09-15 05:50:00,151.96,0
2026-09-15 05:55:00,179.08,0
2026-09-15 06:00:00,134.62,0
2026-09-15 06:05:00,150.08,0
2026-09-15 06:10:00,177.24,0
2026-09-15 06:15:00,169.09,0
2026-09-15 06:20:00,159.6,0
2026-09-15 06:25:00,138.08,0
2026-09-15 06:30:00,143.76,0
2026-09-15 06:35:00,183.4,0
2026-09-15 06:40:00,192.37,0
2026-09-15 06:45:00,137.12,0
2026-09-15 06:50:00,134.87,0
2026-09-15 06:55:00,132.46,0
2026-09-15 07:00:00,182.96,0
2026-09-15 07:05:00,134.79,0
2026-09-15 07:10:00,186.68,0
2026-09-15 07:15:00,179.79,0
2026-09-15 07:20:00,149.45,0
2026-09-15 07:25:00,221.01,0
2026-09-15 07:30:00,129.7,0
2026-09-15 07:35:00,230.21,0
2026-09-15 07:40:00,183.02,0
2026-09-15 07:45:00,120.42,0
2026-09-15 07:50:00,235.78,0
2026-09-15 07:55:00,213.48,0
2026-09-15 08:00:00,167.97,0
2026-09-15 08:05:00,154.4,0
2026-09-15 08:10:00,140.21,0
2026-09-15 08:15:00,290.84,0
2026-09-15 08:20:00,161.46,0
2026-09-15 08:25:00,153.78,0
2026-09-15 08:30:00,205.14,0
2026-09-15 08:35:00,147.4,0
2026-09-15 08:40:00,167.98,0
2026-09-15 08:45:00,242.78,0
2026-09-15 08:50:00,223.44,0
2026-09-15 08:55:00,194.13,0
2026-09-15 09:00:00,211.42,0
2026-09-15 09:05:00,197.02,0
2026-09-15 09:10:00,213.62,0
2026-09-15 09:15:00,190.67,0
2026-09-15 09:20:00,199.44,0
2026-09-15 09:25:00,200.78,0
2026-09-15 09:30:00,199.06,0
2026-09-15 09:35:00,277.05,0
2026-09-15 09:40:00,266.89,0
2026-09-15 09:45:00,198.78,0
2026-09-15 09:50:00,191.86,0
2026-09-15 09:55:00,233.94,0
2026-09-15 10:00:00,358.82,0
2026-09-15 10:05:00,204.63,0
2026-09-15 10:10:00,241.87,0
2026-09-15 10:15:00,255.82,0
2026-09-15 10:20:00,249.6,0
2026-09-15 10:25:00,236.92,0
2026-09-15 10:30:00,320.12,0
2026-09-15 10:35:00,285.15,0
2026-09-15 10:40:00,309.12,0
2026-09-15 10:45:00,298.16,0
2026-09-15 10:50:00,318.09,0
2026-09-15 10:55:00,363.7,0
2026-09-15 11:00:00,350.8,0
2026-09-15 11:05:00,423.43,0
2026-09-15 11:10:00,350.07,0
2026-09-15 11:15:00,251.49,0
2026-09-15 11:20:00,333.31,0
2026-09-15 11:25:00,327.95,0
2026-09-15 11:30:00,411.11,0
2026-09-15 11:35:00,246.44,0
2026-09-15 11:40:00,326.81,0
2026-09-15 11:45:00,263.45,0
2026-09-15 11:50:00,328.97,0
2026-09-15 11:55:00,290.64,0
2026-09-15 12:00:00,331.56,0
2026-09-15 12:05:00,237.5,0
2026-09-15 12:10:00,355.35,0
2026-09-15 12:15:00,321.63,0
2026-09-15 12:20:00,320.37,0
2026-09-15 12:25:00,445.23,0
2026-09-15 12:30:00,294.1,0
2026-09-15 12:35:00,336.75,0
2026-09-15 12:40:00,323.9,0
2026-09-15 12:45:00,331.11,0
2026-09-15 12:50:00,478.6,0
2026-09-15 12:55:00,325.8,0
2026-09-15 13:00:00,291.86,0
2026-09-15 13:05:00,454.15,0
2026-09-15 13:10:00,307.75,0
2026-09-15 13:15:00,244.32,0
2026-09-15 13:20:00,286.15,0
2026-09-15 13:25:00,261.81,0
2026-09-15 13:30:00,237.44,0
2026-09-15 13:35:00,308.01,0
2026-09-15 13:40:00,325.1,0
2026-09-15 13:45:00,407.6,0
2026-09-15 13:50:00,369.37,0
2026-09-15 13:55:00,366.51,0
2026-09-15 14:00:00,280.99,0
2026-09-15 14:05:00,386.93,0
2026-09-15 14:10:00,423.66,0
2026-09-15 14:15:00,353.83,0
2026-09-15 14:20:00,355.25,0
2026-09-15 14:25:00,261.87,0
2026-09-15 14:30:00,396.9,0
2026-09-15 14:35:00,451.5,0
2026-09-15 14:40:00,346.54,0
2026-09-15 14:45:00,293.07,0
2026-09-15 14:50:00,315.93,0
2026-09-15 14:55:00,300.66,0
2026-09-15 15:00:00,302.93,0
2026-09-15 15:05:00,361.92,0
2026-09-15 15:10:00,337.39,0
2026-09-15 15:15:00,382.8,0
2026-09-15 15:20:00,340.07,0
2026-09-15 15:25:00,271.02,0
2026-09-15 15:30:00,287.91,0
2026-09-15 15:35:00,283.22,0
2026-09-15 15:40:00,301.42,0
2026-09-15 15:45:00,428.1,0
2026-09-15 15:50:00,437.99,0
2026-09-15 15:55:00,355.89,0
2026-09-15 16:00:00,310.72,0
2026-09-15 16:05:00,236.43,0
2026-09-15 16:10:00,312.1,0
2026-09-15 16:15:00,258.33,0
2026-09-15 16:20:00,396.4,0
2026-09-15 16:25:00,219.66,0
2026-09-15 16:30:00,311.82,0
2026-09-15 16:35:00,246.57,0
2026-09-15 16:40:00,285.67,0
2026-09-15 16:45:00,319.83,0
2026-09-15 16:50:00,337.98,0
2026-09-15 16:55:00,275.62,0
2026-09-15 17:00:00,316.6,0
2026-09-15 17:05:00,242.72,0
2026-09-15 17:10:00,283.05,0
2026-09-15 17:15:00,321.16,0
2026-09-15 17:20:00,281.82,0
2026-09-15 17:25:00,238.87,0
2026-09-15 17:30:00,247.29,0
2026-09-15 17:35:00,625.32,1
2026-09-15 17:40:00,911.2,1
2026-09-15 17:45:00,1426.28,1
2026-09-15 17:50:00,1866.85,1
2026-09-15 17:55:00,2037.0,1
2026-09-15 18:00:00,1536.5,1
2026-09-15 18:05:00,1929.65,1
2026-09-15 18:10:00,1542.9,1
2026-09-15 18:15:00,1749.22,1
2026-09-15 18:20:00,1693.01,1
2026-09-15 18:25:00,1648.99,1
2026-09-15 18:30:00,1576.96,1
2026-09-15 18:35:00,1530.34,1
2026-09-15 18:40:00,1250.6,1
2026-09-15 18:45:00,1212.01,1
2026-09-15 18:50:00,1192.85,1
2026-09-15 18:55:00,1311.89,1
2026-09-15 19:00:00,1044.15,1
2026-09-15 19:05:00,1123.62,1
2026-09-15 19:10:00,1191.06,1
2026-09-15 19:15:00,1137.91,1
2026-09-15 19:20:00,944.56,1
2026-09-15 19:25:00,978.98,1
2026-09-15 19:30:00,919.47,1
2026-09-15 19:35:00,898.78,1
2026-09-15 19:40:00,762.84,1
2026-09-15 19:45:00,218.17,0
2026-09-15 19:50:00,209.45,0
2026-09-15 19:55:00,237.53,0
2026-09-15 20:00:00,249.24,0
2026-09-15 20:05:00,190.19,0
2026-09-15 20:10:00,141.94,0
2026-09-15 20:15:00,240.64,0
2026-09-15 20:20:00,143.87,0
2026-09-15 20:25:00,181.47,0
2026-09-15 20:30:00,161.13,0
2026-09-15 20:35:00,154.34,0
2026-09-15 20:40:00,189.17,0
2026-09-15 20:45:00,170.31,0
2026-09-15 20:50:00,176.73,0
2026-09-15 20:55:00,137.58,0
2026-09-15 21:00:00,152.72,0
2026-09-15 21:05:00,135.7,0
2026-09-15 21:10:00,148.77,0
2026-09-15 21:15:00,149.34,0
2026-09-15 21:20:00,210.42,0
2026-09-15 21:25:00,142.62,0
2026-09-15 21:30:00,100.9,0
2026-09-15 21:35:00,188.28,0
2026-09-15 21:40:00,157.27,0
2026-09-15 21:45:00,140.32,0
2026-09-15 21:50:00,131.56,0
2026-09-15 21:55:00,118.93,0
2026-09-15 22:00:00,198.12,0
2026-09-15 22:05:00,139.85,0
2026-09-15 22:10:00,100.47,0
2026-09-15 22:15:00,144.5,0
2026-09-15 22:20:00,167.88,0
2026-09-15 22:25:00,137.87,0
2026-09-15 22:30:00,113.08,0
2026-09-15 22:35:00,110.44,0
2026-09-15 22:40:00,111.09,0
2026-09-15 22:45:00,171.1,0
2026-09-15 22:50:00,127.55,0
2026-09-15 22:55:00,94.87,0
2026-09-15 23:00:00,136.63,0
2026-09-15 23:05:00,129.96,0
2026-09-15 23:10:00,116.15,0
2026-09-15 23:15:00,104.17,0
2026-09-15 23:20:00,102.77,0
2026-09-15 23:25:00,150.51,0
2026-09-15 23:30:00,128.72,0
2026-09-15 23:35:00,133.49,0
2026-09-15 23:40:00,127.35,0
2026-09-15 23:45:00,128.65,0
2026-09-15 23:50:00,110.96,0
2026-09-15 23:55:00,115.81,0
2026-09-16 00:00:00,136.26,0
2026-09-16 00:05:00,142.57,0
2026-09-16 00:10:00,88.73,0
2026-09-16 00:15:00,106.53,0
2026-09-16 00:20:00,128.69,0
2026-09-16 00:25:00,155.32,0
2026-09-16 00:30:00,152.62,0
2026-09-16 00:35:00,96.01,0
2026-09-16 00:40:00,139.45,0
2026-09-16 00:45:00,112.09,0
2026-09-16 00:50:00,133.93,0
2026-09-16 00:55:00,127.97,0
2026-09-16 01:00:00,88.51,0
2026-09-16 01:05:00,122.77,0
2026-09-16 01:10:00,133.36,0
2026-09-16 01:15:00,110.96,0
2026-09-16 01:20:00,106.63,0
2026-09-16 01:25:00,84.07,0
2026-09-16 01:30:00,126.29,0
2026-09-16 01:35:00,116.06,0
2026-09-16 01:40:00,94.78,0
2026-09-16 01:45:00,105.64,0
2026-09-16 01:50:00,115.32,0
2026-09-16 01:55:00,101.55,0
2026-09-16 02:00:00,112.5,0
2026-09-16 02:05:00,82.18,0
2026-09-16 02:10:00,143.77,0
2026-09-16 02:15:00,113.27,0
2026-09-16 02:20:00,92.82,0
2026-09-16 02:25:00,72.78,0
2026-09-16 02:30:00,136.63,0
2026-09-16 02:35:00,125.77,0
2026-09-16 02:40:00,118.38,0
2026-09-16 02:45:00,133.42,0
2026-09-16 02:50:00,133.65,0
2026-09-16 02:55:00,118.82,0
2026-09-16 03:00:00,109.87,0
2026-09-16 03:05:00,106.97,0
2026-09-16 03:10:00,124.72,0
2026-09-16 03:15:00,149.09,0
2026-09-16 03:20:00,114.15,0
2026-09-16 03:25:00,152.15,0
2026-09-16 03:30:00,125.15,0
2026-09-16 03:35:00,125.74,0
2026-09-16 03:40:00,181.65,0
2026-09-16 03:45:00,159.22,0
2026-09-16 03:50:00,160.58,0
2026-09-16 03:55:00,103.24,0
2026-09-16 04:00:00,177.56,0
2026-09-16 04:05:00,118.42,0
2026-09-16 04:10:00,115.87,0
2026-09-16 04:15:00,82.22,0
2026-09-16 04:20:00,129.24,0
2026-09-16 04:25:00,100.78,0
2026-09-16 04:30:00,132.5,0
2026-09-16 04:35:00,100.42,0
2026-09-16 04:40:00,172.01,0
2026-09-16 04:45:00,138.24,0
2026-09-16 04:50:00,189.81,0
2026-09-16 04:55:00,105.39,0
2026-09-16 05:00:00,168.51,0
2026-09-16 05:05:00,92.78,0
2026-09-16 05:10:00,134.14,0
2026-09-16 05:15:00,116.12,0
2026-09-16 05:20:00,120.89,0
2026-09-16 05:25:00,120.29,0
2026-09-16 05:30:00,112.82,0
2026-09-16 05:35:00,106.85,0
2026-09-16 05:40:00,124.77,0
2026-09-16 05:45:00,139.1,0
2026-09-16 05:50:00,169.38,0
2026-09-16 05:55:00,146.12,0
2026-09-16 06:00:00,172.43,0
2026-09-16 06:05:00,108.09,0
2026-09-16 06:10:00,131.66,0
2026-09-16 06:15:00,163.29,0
2026-09-16 06:20:00,154.29,0
2026-09-16 06:25:00,125.44,0
2026-09-16 06:30:00,175.02,0
2026-09-16 06:35:00,135.81,0
2026-09-16 06:40:00,131.27,0
2026-09-16 06:45:00,166.54,0
2026-09-16 06:50:00,154.37,0
2026-09-16 06:55:00,141.86,0
2026-09-16 07:00:00,142.55,0
2026-09-16 07:05:00,131.43,0
2026-09-16 07:10:00,150.05,0
2026-09-16 07:15:00,198.66,0
2026-09-16 07:20:00,172.28,0
2026-09-16 07:25:00,198.19,0
2026-09-16 07:30:00,185.18,0
2026-09-16 07:35:00,152.94,0
2026-09-16 07:40:00,128.43,0
2026-09-16 07:45:00,148.03,0
2026-09-16 07:50:00,156.89,0
2026-09-16 07:55:00,156.62,0
2026-09-16 08:00:00,216.46,0
2026-09-16 08:05:00,218.74,0
2026-09-16 08:10:00,276.91,0
2026-09-16 08:15:00,164.11,0
2026-09-16 08:20:00,254.17,0
2026-09-16 08:25:00,257.08,0
2026-09-16 08:30:00,187.48,0
2026-09-16 08:35:00,215.56,0
2026-09-16 08:40:00,250.6,0
2026-09-16 08:45:00,200.83,0
2026-09-16 08:50:00,200.54,0
2026-09-16 08:55:00,185.89,0
2026-09-16 09:00:00,137.79,0
2026-09-16 09:05:00,216.08,0
2026-09-16 09:10:00,190.11,0
2026-09-16 09:15:00,180.21,0
2026-09-16 09:20:00,238.87,0
2026-09-16 09:25:00,172.59,0
2026-09-16 09:30:00,262.26,0
2026-09-16 09:35:00,250.47,0
2026-09-16 09:40:00,216.19,0
2026-09-16 09:45:00,232.44,0
2026-09-16 09:50:00,192.01,0
2026-09-16 09:55:00,275.46,0
2026-09-16 10:00:00,251.79,0
2026-09-16 10:05:00,258.1,0
2026-09-16 10:10:00,272.53,0
2026-09-16 10:15:00,224.27,0
2026-09-16 10:20:00,193.64,0
2026-09-16 10:25:00,305.67,0
2026-09-16 10:30:00,294.35,0
2026-09-16 10:35:00,238.62,0
2026-09-16 10:40:00,285.75,0
2026-09-16 10:45:00,336.29,0
2026-09-16 10:50:00,332.42,0
2026-09-16 10:55:00,247.03,0
2026-09-16 11:00:00,211.17,0
2026-09-16 11:05:00,219.83,0
2026-09-16 11:10:00,265.84,0
2026-09-16 11:15:00,369.12,0
2026-09-16 11:20:00,251.0,0
2026-09-16 11:25:00,259.22,0
2026-09-16 11:30:00,260.39,0
2026-09-16 11:35:00,266.53,0
2026-09-16 11:40:00,294.98,0
2026-09-16 11:45:00,236.52,0
2026-09-16 11:50:00,364.64,0
2026-09-16 11:55:00,294.32,0
2026-09-16 12:00:00,475.21,0
2026-09-16 12:05:00,247.84,0
2026-09-16 12:10:00,410.13,0
2026-09-16 12:15:00,398.12,0
2026-09-16 12:20:00,289.44,0
2026-09-16 12:25:00,291.91,0
2026-09-16 12:30:00,266.92,0
2026-09-16 12:35:00,268.8,0
2026-09-16 12:40:00,318.08,0
2026-09-16 12:45:00,320.71,0
2026-09-16 12:50:00,240.45,0
2026-09-16 12:55:00,486.69,0
2026-09-16 13:00:00,308.48,0
2026-09-16 13:05:00,328.15,0
2026-09-16 13:10:00,290.6,0
2026-09-16 13:15:00,310.86,0
2026-09-16 13:20:00,306.57,0
2026-09-16 13:25:00,327.5,0
2026-09-16 13:30:00,327.43,0
2026-09-16 13:35:00,380.07,0
2026-09-16 13:40:00,342.98,0
2026-09-16 13:45:00,374.11,0
2026-09-16 13:50:00,329.23,0
2026-09-16 13:55:00,343.98,0
2026-09-16 14:00:00,315.97,0
2026-09-16 14:05:00,395.25,0
2026-09-16 14:10:00,349.53,0
2026-09-16 14:15:00,320.33,0
2026-09-16 14:20:00,318.29,0
2026-09-16 14:25:00,322.41,0
2026-09-16 14:30:00,330.09,0
2026-09-16 14:35:00,324.37,0
2026-09-16 14:40:00,295.68,0
2026-09-16 14:45:00,374.31,0
2026-09-16 14:50:00,377.56,0
2026-09-16 14:55:00,447.09,0
2026-09-16 15:00:00,289.95,0
2026-09-16 15:05:00,363.13,0
2026-09-16 15:10:00,227.53,0
2026-09-16 15:15:00,370.94,0
2026-09-16 15:20:00,244.74,0
2026-09-16 15:25:00,265.22,0
2026-09-16 15:30:00,334.48,0
2026-09-16 15:35:00,280.25,0
2026-09-16 15:40:00,271.94,0
2026-09-16 15:45:00,284.02,0
2026-09-16 15:50:00,351.3,0
2026-09-16 15:55:00,258.82,0
2026-09-16 16:00:00,301.2,0
2026-09-16 16:05:00,282.19,0
2026-09-16 16:10:00,347.69,0
2026-09-16 16:15:00,346.91,0
2026-09-16 16:20:00,212.43,0
2026-09-16 16:25:00,354.01,0
2026-09-16 16:30:00,260.67,0
2026-09-16 16:35:00,301.13,0
2026-09-16 16:40:00,241.67,0
2026-09-16 16:45:00,303.29,0
2026-09-16 16:50:00,445.08,0
2026-09-16 16:55:00,285.09,0
2026-09-16 17:00:00,254.13,0
2026-09-16 17:05:00,262.26,0
2026-09-16 17:10:00,207.89,0
2026-09-16 17:15:00,348.06,0
2026-09-16 17:20:00,280.84,0
2026-09-16 17:25:00,217.55,0
2026-09-16 17:30:00,216.56,0
2026-09-16 17:35:00,257.99,0
2026-09-16 17:40:00,301.02,0
2026-09-16 17:45:00,204.65,0
2026-09-16 17:50:00,304.25,0
2026-09-16 17:55:00,242.19,0
2026-09-16 18:00:00,205.9,0
2026-09-16 18:05:00,221.23,0
2026-09-16 18:10:00,325.87,0
2026-09-16 18:15:00,183.12,0
2026-09-16 18:20:00,203.66,0
2026-09-16 18:25:00,272.53,0
2026-09-16 18:30:00,235.85,0
2026-09-16 18:35:00,194.36,0
2026-09-16 18:40:00,263.38,0
2026-09-16 18:45:00,262.41,0
2026-09-16 18:50:00,229.29,0
2026-09-16 18:55:00,191.09,0
2026-09-16 19:00:00,194.04,0
2026-09-16 19:05:00,219.05,0
2026-09-16 19:10:00,162.3,0
2026-09-16 19:15:00,257.77,0
2026-09-16 19:20:00,272.21,0
2026-09-16 19:25:00,189.72,0
2026-09-16 19:30:00,208.42,0
2026-09-16 19:35:00,238.98,0
2026-09-16 19:40:00,271.09,0
2026-09-16 19:45:00,249.2,0
2026-09-16 19:50:00,136.07,0
2026-09-16 19:55:00,173.53,0
2026-09-16 20:00:00,198.53,0
2026-09-16 20:05:00,163.96,0
2026-09-16 20:10:00,244.02,0
2026-09-16 20:15:00,234.52,0
2026-09-16 20:20:00,149.21,0
2026-09-16 20:25:00,165.84,0
2026-09-16 20:30:00,147.45,0
2026-09-16 20:35:00,161.03,0
2026-09-16 20:40:00,158.3,0
2026-09-16 20:45:00,193.52,0
2026-09-16 20:50:00,137.32,0
2026-09-16 20:55:00,99.48,0
2026-09-16 21:00:00,118.05,0
2026-09-16 21:05:00,129.53,0
2026-09-16 21:10:00,137.03,0
2026-09-16 21:15:00,157.79,0
2026-09-16 21:20:00,124.31,0
2026-09-16 21:25:00,120.16,0
2026-09-16 21:30:00,125.14,0
2026-09-16 21:35:00,119.82,0
2026-09-16 21:40:00,131.27,0
2026-09-16 21:45:00,129.03,0
2026-09-16 21:50:00,161.13,0
2026-09-16 21:55:00,118.02,0
2026-09-16 22:00:00,131.06,0
2026-09-16 22:05:00,125.61,0
2026-09-16 22:10:00,158.9,0
2026-09-16 22:15:00,132.49,0
2026-09-16 22:20:00,163.25,0
2026-09-16 22:25:00,108.93,0
2026-09-16 22:30:00,131.83,0
2026-09-16 22:35:00,119.01,0
2026-09-16 22:40:00,105.09,0
2026-09-16 22:45:00,128.54,0
2026-09-16 22:50:00,176.5,0
2026-09-16 22:55:00,110.07,0
2026-09-16 23:00:00,124.61,0
2026-09-16 23:05:00,100.04,0
2026-09-16 23:10:00,96.84,0
2026-09-16 23:15:00,108.64,0
2026-09-16 23:20:00,114.78,0
2026-09-16 23:25:00,115.06,0
2026-09-16 23:30:00,118.2,0
2026-09-16 23:35:00,91.03,0
2026-09-16 23:40:00,108.88,0
2026-09-16 23:45:00,132.74,0
2026-09-16 23:50:00,94.54,0
2026-09-16 23:55:00,112.74,0
2026-09-17 00:00:00,116.46,0
2026-09-17 00:05:00,96.0,0
2026-09-17 00:10:00,117.57,0
2026-09-17 00:15:00,84.11,0
2026-09-17 00:20:00,129.83,0
2026-09-17 00:25:00,118.22,0
2026-09-17 00:30:00,111.85,0
2026-09-17 00:35:00,135.66,0
2026-09-17 00:40:00,104.47,0
2026-09-17 00:45:00,99.24,0
2026-09-17 00:50:00,142.08,0
2026-09-17 00:55:00,154.67,0
2026-09-17 01:00:00,98.08,0
2026-09-17 01:05:00,108.94,0
2026-09-17 01:10:00,134.31,0
2026-09-17 01:15:00,109.81,0
2026-09-17 01:20:00,124.05,0
2026-09-17 01:25:00,128.39,0
2026-09-17 01:30:00,100.92,0
2026-09-17 01:35:00,120.54,0
2026-09-17 01:40:00,111.77,0
2026-09-17 01:45:00,89.99,0
2026-09-17 01:50:00,93.85,0
2026-09-17 01:55:00,99.85,0
2026-09-17 02:00:00,132.9,0
2026-09-17 02:05:00,133.87,0
2026-09-17 02:10:00,129.06,0
2026-09-17 02:15:00,122.25,0
2026-09-17 02:20:00,121.85,0
2026-09-17 02:25:00,119.13,0
2026-09-17 02:30:00,122.17,0
2026-09-17 02:35:00,123.91,0
2026-09-17 02:40:00,88.52,0
2026-09-17 02:45:00,99.07,0
2026-09-17 02:50:00,95.12,0
2026-09-17 02:55:00,140.04,0
2026-09-17 03:00:00,154.9,0
2026-09-17 03:05:00,78.04,0
2026-09-17 03:10:00,153.23,0
2026-09-17 03:15:00,117.77,0
2026-09-17 03:20:00,139.54,0
2026-09-17 03:25:00,127.78,0
2026-09-17 03:30:00,151.65,0
2026-09-17 03:35:00,121.93,0
2026-09-17 03:40:00,92.18,0
2026-09-17 03:45:00,116.02,0
2026-09-17 03:50:00,130.25,0
2026-09-17 03:55:00,114.63,0
2026-09-17 04:00:00,134.71,0
2026-09-17 04:05:00,118.77,0
2026-09-17 04:10:00,108.45,0
2026-09-17 04:15:00,99.74,0
2026-09-17 04:20:00,113.57,0
2026-09-17 04:25:00,127.07,0
2026-09-17 04:30:00,86.52,0
2026-09-17 04:35:00,107.56,0
2026-09-17 04:40:00,86.88,0
2026-09-17 04:45:00,112.02,0
2026-09-17 04:50:00,156.21,0
2026-09-17 04:55:00,102.34,0
2026-09-17 05:00:00,144.71,0
2026-09-17 05:05:00,214.32,0
2026-09-17 05:10:00,167.85,0
2026-09-17 05:15:00,133.27,0
2026-09-17 05:20:00,152.94,0
2026-09-17 05:25:00,103.16,0
2026-09-17 05:30:00,100.2,0
2026-09-17 05:35:00,134.74,0
2026-09-17 05:40:00,145.17,0
2026-09-17 05:45:00,165.88,0
2026-09-17 05:50:00,124.0,0
2026-09-17 05:55:00,143.46,0
2026-09-17 06:00:00,143.83,0
2026-09-17 06:05:00,137.74,0
2026-09-17 06:10:00,140.49,0
2026-09-17 06:15:00,123.19,0
2026-09-17 06:20:00,152.54,0
2026-09-17 06:25:00,151.71,0
2026-09-17 06:30:00,136.67,0
2026-09-17 06:35:00,168.46,0
2026-09-17 06:40:00,181.66,0
2026-09-17 06:45:00,172.35,0
2026-09-17 06:50:00,127.81,0
2026-09-17 06:55:00,158.69,0
2026-09-17 07:00:00,133.74,0
2026-09-17 07:05:00,162.13,0
2026-09-17 07:10:00,136.85,0
2026-09-17 07:15:00,205.1,0
2026-09-17 07:20:00,189.82,0
2026-09-17 07:25:00,205.25,0
2026-09-17 07:30:00,203.92,0
2026-09-17 07:35:00,162.64,0
2026-09-17 07:40:00,160.07,0
2026-09-17 07:45:00,239.31,0
2026-09-17 07:50:00,171.85,0
2026-09-17 07:55:00,140.43,0
2026-09-17 08:00:00,217.5,0
2026-09-17 08:05:00,188.49,0
2026-09-17 08:10:00,243.87,0
2026-09-17 08:15:00,196.71,0
2026-09-17 08:20:00,189.97,0
2026-09-17 08:25:00,254.08,0
2026-09-17 08:30:00,148.2,0
2026-09-17 08:35:00,178.15,0
2026-09-17 08:40:00,170.85,0
2026-09-17 08:45:00,136.72,0
2026-09-17 08:50:00,240.51,0
2026-09-17 08:55:00,188.25,0
2026-09-17 09:00:00,248.02,0
2026-09-17 09:05:00,228.84,0
2026-09-17 09:10:00,240.96,0
2026-09-17 09:15:00,201.48,0
2026-09-17 09:20:00,192.94,0
2026-09-17 09:25:00,227.76,0
2026-09-17 09:30:00,267.66,0
2026-09-17 09:35:00,227.51,0
2026-09-17 09:40:00,204.76,0
2026-09-17 09:45:00,189.47,0
2026-09-17 09:50:00,246.78,0
2026-09-17 09:55:00,217.81,0
2026-09-17 10:00:00,240.31,0
2026-09-17 10:05:00,235.86,0
2026-09-17 10:10:00,229.85,0
2026-09-17 10:15:00,265.44,0
2026-09-17 10:20:00,281.25,0
2026-09-17 10:25:00,366.48,0
2026-09-17 10:30:00,298.04,0
2026-09-17 10:35:00,350.05,0
2026-09-17 10:40:00,229.09,0
2026-09-17 10:45:00,201.02,0
2026-09-17 10:50:00,270.11,0
2026-09-17 10:55:00,319.12,0
2026-09-17 11:00:00,313.2,0
2026-09-17 11:05:00,346.53,0
2026-09-17 11:10:00,178.12,0
2026-09-17 11:15:00,355.47,0
2026-09-17 11:20:00,303.97,0
2026-09-17 11:25:00,218.56,0
2026-09-17 11:30:00,331.44,0
2026-09-17 11:35:00,302.38,0
2026-09-17 11:40:00,316.58,0
2026-09-17 11:45:00,356.48,0
2026-09-17 11:50:00,324.14,0
2026-09-17 11:55:00,231.74,0
2026-09-17 12:00:00,296.42,0
2026-09-17 12:05:00,228.8,0
2026-09-17 12:10:00,346.24,0
2026-09-17 12:15:00,398.6,0
2026-09-17 12:20:00,249.29,0
2026-09-17 12:25:00,277.74,0
2026-09-17 12:30:00,268.79,0
2026-09-17 12:35:00,291.79,0
2026-09-17 12:40:00,342.63,0
2026-09-17 12:45:00,295.02,0
2026-09-17 12:50:00,360.83,0
2026-09-17 12:55:00,390.16,0
2026-09-17 13:00:00,394.13,0
2026-09-17 13:05:00,265.18,0
2026-09-17 13:10:00,417.44,0
2026-09-17 13:15:00,424.67,0
2026-09-17 13:20:00,432.39,0
2026-09-17 13:25:00,318.5,0
2026-09-17 13:30:00,286.74,0
2026-09-17 13:35:00,275.43,0
2026-09-17 13:40:00,270.01,0
2026-09-17 13:45:00,330.26,0
2026-09-17 13:50:00,384.19,0
2026-09-17 13:55:00,417.43,0
2026-09-17 14:00:00,302.38,0
2026-09-17 14:05:00,327.66,0
2026-09-17 14:10:00,323.68,0
2026-09-17 14:15:00,293.96,0
2026-09-17 14:20:00,375.86,0
2026-09-17 14:25:00,351.0,0
2026-09-17 14:30:00,336.78,0
2026-09-17 14:35:00,349.5,0
2026-09-17 14:40:00,365.27,0
2026-09-17 14:45:00,363.72,0
2026-09-17 14:50:00,279.71,0
2026-09-17 14:55:00,381.08,0
2026-09-17 15:00:00,338.44,0
2026-09-17 15:05:00,297.84,0
2026-09-17 15:10:00,334.65,0
2026-09-17 15:15:00,339.95,0
2026-09-17 15:20:00,386.5,0
2026-09-17 15:25:00,262.28,0
2026-09-17 15:30:00,399.92,0
2026-09-17 15:35:00,314.73,0
2026-09-17 15:40:00,284.56,0
2026-09-17 15:45:00,281.38,0
2026-09-17 15:50:00,257.25,0
2026-09-17 15:55:00,223.78,0
2026-09-17 16:00:00,343.59,0
2026-09-17 16:05:00,431.52,0
2026-09-17 16:10:00,224.2,0
2026-09-17 16:15:00,250.98,0
2026-09-17 16:20:00,338.4,0
2026-09-17 16:25:00,290.9,0
2026-09-17 16:30:00,338.12,0
2026-09-17 16:35:00,283.35,0
2026-09-17 16:40:00,257.76,0
2026-09-17 16:45:00,272.39,0
2026-09-17 16:50:00,183.14,0
2026-09-17 16:55:00,226.81,0
2026-09-17 17:00:00,327.45,0
2026-09-17 17:05:00,338.89,0
2026-09-17 17:10:00,348.82,0
2026-09-17 17:15:00,290.3,0
2026-09-17 17:20:00,176.86,0
2026-09-17 17:25:00,234.37,0
2026-09-17 17:30:00,330.04,0
2026-09-17 17:35:00,344.58,0
2026-09-17 17:40:00,325.28,0
2026-09-17 17:45:00,241.28,0
2026-09-17 17:50:00,196.81,0
2026-09-17 17:55:00,244.42,0
2026-09-17 18:00:00,244.09,0
2026-09-17 18:05:00,318.99,0
2026-09-17 18:10:00,247.84,0
2026-09-17 18:15:00,235.81,0
2026-09-17 18:20:00,235.44,0
2026-09-17 18:25:00,246.72,0
2026-09-17 18:30:00,253.92,0
2026-09-17 18:35:00,196.71,0
2026-09-17 18:40:00,183.02,0
2026-09-17 18:45:00,279.89,0
2026-09-17 18:50:00,160.77,0
2026-09-17 18:55:00,286.51,0
2026-09-17 19:00:00,149.4,0
2026-09-17 19:05:00,187.33,0
2026-09-17 19:10:00,244.82,0
2026-09-17 19:15:00,202.98,0
2026-09-17 19:20:00,158.15,0
2026-09-17 19:25:00,213.74,0
2026-09-17 19:30:00,197.85,0
2026-09-17 19:35:00,185.69,0
2026-09-17 19:40:00,170.4,0
2026-09-17 19:45:00,187.12,0
2026-09-17 19:50:00,167.47,0
2026-09-17 19:55:00,284.68,0
2026-09-17 20:00:00,173.75,0
2026-09-17 20:05:00,167.55,0
2026-09-17 20:10:00,160.59,0
2026-09-17 20:15:00,240.83,0
2026-09-17 20:20:00,128.66,0
2026-09-17 20:25:00,182.17,0
2026-09-17 20:30:00,161.64,0
2026-09-17 20:35:00,129.09,0
2026-09-17 20:40:00,142.26,0
2026-09-17 20:45:00,172.54,0
2026-09-17 20:50:00,137.92,0
2026-09-17 20:55:00,166.96,0
2026-09-17 21:00:00,215.11,0
2026-09-17 21:05:00,160.73,0
2026-09-17 21:10:00,118.7,0
2026-09-17 21:15:00,131.0,0
2026-09-17 21:20:00,143.42,0
2026-09-17 21:25:00,140.25,0
2026-09-17 21:30:00,152.04,0
2026-09-17 21:35:00,154.95,0
2026-09-17 21:40:00,198.06,0
2026-09-17 21:45:00,143.58,0
2026-09-17 21:50:00,115.67,0
2026-09-17 21:55:00,173.59,0
2026-09-17 22:00:00,175.45,0
2026-09-17 22:05:00,144.47,0
2026-09-17 22:10:00,131.41,0
2026-09-17 22:15:00,152.38,0
2026-09-17 22:20:00,130.08,0
2026-09-17 22:25:00,92.59,0
2026-09-17 22:30:00,147.21,0
2026-09-17 22:35:00,155.0,0
2026-09-17 22:40:00,169.85,0
2026-09-17 22:45:00,114.07,0
2026-09-17 22:50:00,134.58,0
2026-09-17 22:55:00,134.19,0
2026-09-17 23:00:00,129.48,0
2026-09-17 23:05:00,129.34,0
2026-09-17 23:10:00,126.77,0
2026-09-17 23:15:00,130.04,0
2026-09-17 23:20:00,142.21,0
2026-09-17 23:25:00,154.17,0
2026-09-17 23:30:00,107.44,0
2026-09-17 23:35:00,118.73,0
2026-09-17 23:40:00,112.94,0
2026-09-17 23:45:00,109.54,0
2026-09-17 23:50:00,90.25,0
2026-09-17 23:55:00,120.71,0
2026-09-18 00:00:00,120.44,0
2026-09-18 00:05:00,107.47,0
2026-09-18 00:10:00,110.38,0
2026-09-18 00:15:00,119.25,0
2026-09-18 00:20:00,142.64,0
2026-09-18 00:25:00,102.63,0
2026-09-18 00:30:00,89.68,0
2026-09-18 00:35:00,109.0,0
2026-09-18 00:40:00,155.59,0
2026-09-18 00:45:00,90.0,0
2026-09-18 00:50:00,124.75,0
2026-09-18 00:55:00,136.78,0
2026-09-18 01:00:00,72.59,0
2026-09-18 01:05:00,119.72,0
2026-09-18 01:10:00,124.05,0
2026-09-18 01:15:00,106.14,0
2026-09-18 01:20:00,99.22,0
2026-09-18 01:25:00,100.31,0
2026-09-18 01:30:00,105.25,0
2026-09-18 01:35:00,105.86,0
2026-09-18 01:40:00,102.44,0
2026-09-18 01:45:00,105.29,0
2026-09-18 01:50:00,138.97,0
2026-09-18 01:55:00,90.25,0
2026-09-18 02:00:00,82.07,0
2026-09-18 02:05:00,139.92,0
2026-09-18 02:10:00,108.94,0
2026-09-18 02:15:00,105.32,0
2026-09-18 02:20:00,110.89,0
2026-09-18 02:25:00,117.67,0
2026-09-18 02:30:00,103.31,0
2026-09-18 02:35:00,124.59,0
2026-09-18 02:40:00,95.85,0
2026-09-18 02:45:00,108.17,0
2026-09-18 02:50:00,76.83,0
2026-09-18 02:55:00,141.69,0
2026-09-18 03:00:00,111.43,0
2026-09-18 03:05:00,130.09,0
2026-09-18 03:10:00,125.97,0
2026-09-18 03:15:00,128.01,0
2026-09-18 03:20:00,116.12,0
2026-09-18 03:25:00,125.08,0
2026-09-18 03:30:00,98.42,0
2026-09-18 03:35:00,95.09,0
2026-09-18 03:40:00,115.7,0
2026-09-18 03:45:00,104.63,0
2026-09-18 03:50:00,153.42,0
2026-09-18 03:55:00,127.5,0
2026-09-18 04:00:00,105.19,0
2026-09-18 04:05:00,114.45,0
2026-09-18 04:10:00,123.64,0
2026-09-18 04:15:00,119.8,0
2026-09-18 04:20:00,127.97,0
2026-09-18 04:25:00,124.0,0
2026-09-18 04:30:00,95.85,0
2026-09-18 04:35:00,84.04,0
2026-09-18 04:40:00,116.37,0
2026-09-18 04:45:00,138.47,0
2026-09-18 04:50:00,117.97,0
2026-09-18 04:55:00,158.28,0
2026-09-18 05:00:00,126.43,0
2026-09-18 05:05:00,163.85,0
2026-09-18 05:10:00,158.98,0
2026-09-18 05:15:00,157.21,0
2026-09-18 05:20:00,105.52,0
2026-09-18 05:25:00,132.41,0
2026-09-18 05:30:00,165.75,0
2026-09-18 05:35:00,140.78,0
2026-09-18 05:40:00,149.29,0
2026-09-18 05:45:00,106.11,0
2026-09-18 05:50:00,194.04,0
2026-09-18 05:55:00,120.16,0
2026-09-18 06:00:00,97.61,0
2026-09-18 06:05:00,132.4,0
2026-09-18 06:10:00,91.62,0
2026-09-18 06:15:00,118.18,0
2026-09-18 06:20:00,229.89,0
2026-09-18 06:25:00,136.79,0
2026-09-18 06:30:00,114.41,0
2026-09-18 06:35:00,150.12,0
2026-09-18 06:40:00,128.45,0
2026-09-18 06:45:00,178.25,0
2026-09-18 06:50:00,131.38,0
2026-09-18 06:55:00,163.65,0
2026-09-18 07:00:00,128.18,0
2026-09-18 07:05:00,254.38,0
2026-09-18 07:10:00,176.42,0
2026-09-18 07:15:00,158.76,0
2026-09-18 07:20:00,156.39,0
2026-09-18 07:25:00,150.96,0
2026-09-18 07:30:00,147.15,0
2026-09-18 07:35:00,148.17,0
2026-09-18 07:40:00,233.76,0
2026-09-18 07:45:00,158.34,0
2026-09-18 07:50:00,120.67,0
2026-09-18 07:55:00,145.28,0
2026-09-18 08:00:00,214.4,0
2026-09-18 08:05:00,175.52,0
2026-09-18 08:10:00,181.53,0
2026-09-18 08:15:00,232.42,0
2026-09-18 08:20:00,165.76,0
2026-09-18 08:25:00,216.33,0
2026-09-18 08:30:00,173.34,0
2026-09-18 08:35:00,219.57,0
2026-09-18 08:40:00,186.82,0
2026-09-18 08:45:00,194.34,0
2026-09-18 08:50:00,238.22,0
2026-09-18 08:55:00,238.11,0
2026-09-18 09:00:00,204.54,0
2026-09-18 09:05:00,195.99,0
2026-09-18 09:10:00,288.07,0
2026-09-18 09:15:00,243.17,0
2026-09-18 09:20:00,206.34,0
2026-09-18 09:25:00,199.25,0
2026-09-18 09:30:00,272.8,0
2026-09-18 09:35:00,234.4,0
2026-09-18 09:40:00,225.6,0
2026-09-18 09:45:00,240.02,0
2026-09-18 09:50:00,252.79,0
2026-09-18 09:55:00,238.21,0
2026-09-18 10:00:00,302.33,0
2026-09-18 10:05:00,308.86,0
2026-09-18 10:10:00,274.01,0
2026-09-18 10:15:00,322.45,0
2026-09-18 10:20:00,254.92,0
2026-09-18 10:25:00,291.33,0
2026-09-18 10:30:00,311.56,0
2026-09-18 10:35:00,315.65,0
2026-09-18 10:40:00,313.05,0
2026-09-18 10:45:00,300.41,0
2026-09-18 10:50:00,385.18,0
2026-09-18 10:55:00,248.14,0
2026-09-18 11:00:00,268.46,0
2026-09-18 11:05:00,268.09,0
2026-09-18 11:10:00,263.16,0
2026-09-18 11:15:00,198.33,0
2026-09-18 11:20:00,366.51,0
2026-09-18 11:25:00,239.92,0
2026-09-18 11:30:00,300.0,0
2026-09-18 11:35:00,227.07,0
2026-09-18 11:40:00,330.52,0
2026-09-18 11:45:00,258.55,0
2026-09-18 11:50:00,244.51,0
2026-09-18 11:55:00,312.85,0
2026-09-18 12:00:00,268.11,0
2026-09-18 12:05:00,276.08,0
2026-09-18 12:10:00,317.74,0
2026-09-18 12:15:00,357.92,0
2026-09-18 12:20:00,269.01,0
2026-09-18 12:25:00,262.21,0
2026-09-18 12:30:00,316.4,0
2026-09-18 12:35:00,348.9,0
2026-09-18 12:40:00,413.93,0
2026-09-18 12:45:00,263.48,0
2026-09-18 12:50:00,302.99,0
2026-09-18 12:55:00,397.99,0
2026-09-18 13:00:00,461.06,0
2026-09-18 13:05:00,271.21,0
2026-09-18 13:10:00,284.77,0
2026-09-18 13:15:00,349.33,0
2026-09-18 13:20:00,294.67,0
2026-09-18 13:25:00,285.82,0
2026-09-18 13:30:00,343.06,0
2026-09-18 13:35:00,434.58,0
2026-09-18 13:40:00,260.1,0
2026-09-18 13:45:00,431.6,0
2026-09-18 13:50:00,297.39,0
2026-09-18 13:55:00,351.14,0
2026-09-18 14:00:00,439.42,0
2026-09-18 14:05:00,349.85,0
2026-09-18 14:10:00,312.61,0
2026-09-18 14:15:00,375.05,0
2026-09-18 14:20:00,319.13,0
2026-09-18 14:25:00,361.16,0
2026-09-18 14:30:00,316.41,0
2026-09-18 14:35:00,382.61,0
2026-09-18 14:40:00,254.4,0
2026-09-18 14:45:00,271.77,0
2026-09-18 14:50:00,252.41,0
2026-09-18 14:55:00,321.02,0
2026-09-18 15:00:00,245.44,0
2026-09-18 15:05:00,284.37,0
2026-09-18 15:10:00,262.85,0
2026-09-18 15:15:00,417.03,0
2026-09-18 15:20:00,266.15,0
2026-09-18 15:25:00,251.17,0
2026-09-18 15:30:00,329.47,0
2026-09-18 15:35:00,424.61,0
2026-09-18 15:40:00,305.26,0
2026-09-18 15:45:00,307.77,0
2026-09-18 15:50:00,388.64,0
2026-09-18 15:55:00,358.57,0
2026-09-18 16:00:00,328.35,0
2026-09-18 16:05:00,272.03,0
2026-09-18 16:10:00,325.64,0
2026-09-18 16:15:00,233.11,0
2026-09-18 16:20:00,264.19,0
2026-09-18 16:25:00,379.5,0
2026-09-18 16:30:00,367.81,0
2026-09-18 16:35:00,312.23,0
2026-09-18 16:40:00,202.2,0
2026-09-18 16:45:00,228.24,0
2026-09-18 16:50:00,248.82,0
2026-09-18 16:55:00,270.16,0
2026-09-18 17:00:00,220.43,0
2026-09-18 17:05:00,261.6,0
2026-09-18 17:10:00,372.24,0
2026-09-18 17:15:00,288.21,0
2026-09-18 17:20:00,276.13,0
2026-09-18 17:25:00,218.78,0
2026-09-18 17:30:00,193.59,0
2026-09-18 17:35:00,206.25,0
2026-09-18 17:40:00,188.13,0
2026-09-18 17:45:00,255.19,0
2026-09-18 17:50:00,266.81,0
2026-09-18 17:55:00,206.95,0
2026-09-18 18:00:00,250.01,0
2026-09-18 18:05:00,313.5,0
2026-09-18 18:10:00,338.37,0
2026-09-18 18:15:00,270.08,0
2026-09-18 18:20:00,225.14,0
2026-09-18 18:25:00,262.21,0
2026-09-18 18:30:00,289.33,0
2026-09-18 18:35:00,156.15,0
2026-09-18 18:40:00,289.08,0
2026-09-18 18:45:00,198.27,0
2026-09-18 18:50:00,196.19,0
2026-09-18 18:55:00,200.15,0
2026-09-18 19:00:00,223.22,0
2026-09-18 19:05:00,170.38,0
2026-09-18 19:10:00,195.26,0
2026-09-18 19:15:00,223.1,0
2026-09-18 19:20:00,208.49,0
2026-09-18 19:25:00,211.99,0
2026-09-18 19:30:00,184.41,0
2026-09-18 19:35:00,218.73,0
2026-09-18 19:40:00,230.58,0
2026-09-18 19:45:00,225.28,0
2026-09-18 19:50:00,200.84,0
2026-09-18 19:55:00,217.49,0
2026-09-18 20:00:00,212.22,0
2026-09-18 20:05:00,290.13,0
2026-09-18 20:10:00,220.44,0
2026-09-18 20:15:00,172.13,0
2026-09-18 20:20:00,146.66,0
2026-09-18 20:25:00,162.92,0
2026-09-18 20:30:00,158.97,0
2026-09-18 20:35:00,182.87,0
2026-09-18 20:40:00,145.33,0
2026-09-18 20:45:00,201.98,0
2026-09-18 20:50:00,125.48,0
2026-09-18 20:55:00,118.77,0
2026-09-18 21:00:00,153.79,0
2026-09-18 21:05:00,133.93,0
2026-09-18 21:10:00,122.94,0
2026-09-18 21:15:00,136.04,0
2026-09-18 21:20:00,131.64,0
2026-09-18 21:25:00,149.71,0
2026-09-18 21:30:00,132.3,0
2026-09-18 21:35:00,132.93,0
2026-09-18 21:40:00,144.92,0
2026-09-18 21:45:00,172.45,0
2026-09-18 21:50:00,185.47,0
2026-09-18 21:55:00,144.84,0
2026-09-18 22:00:00,145.57,0
2026-09-18 22:05:00,134.06,0
2026-09-18 22:10:00,149.8,0
2026-09-18 22:15:00,146.14,0
2026-09-18 22:20:00,171.53,0
2026-09-18 22:25:00,95.41,0
2026-09-18 22:30:00,127.51,0
2026-09-18 22:35:00,140.32,0
2026-09-18 22:40:00,130.42,0
2026-09-18 22:45:00,109.87,0
2026-09-18 22:50:00,102.26,0
2026-09-18 22:55:00,148.39,0
2026-09-18 23:00:00,111.26,0
2026-09-18 23:05:00,92.38,0
2026-09-18 23:10:00,146.91,0
2026-09-18 23:15:00,135.96,0
2026-09-18 23:20:00,121.89,0
2026-09-18 23:25:00,104.98,0
2026-09-18 23:30:00,120.62,0
2026-09-18 23:35:00,152.43,0
2026-09-18 23:40:00,91.13,0
2026-09-18 23:45:00,91.52,0
2026-09-18 23:50:00,107.82,0
2026-09-18 23:55:00,119.61,0
2026-09-19 00:00:00,75.78,0
2026-09-19 00:05:00,93.06,0
2026-09-19 00:10:00,100.87,0
2026-09-19 00:15:00,87.22,0
2026-09-19 00:20:00,91.79,0
2026-09-19 00:25:00,87.18,0
2026-09-19 00:30:00,83.2,0
2026-09-19 00:35:00,65.83,0
2026-09-19 00:40:00,69.09,0
2026-09-19 00:45:00,65.23,0
2026-09-19 00:50:00,81.04,0
2026-09-19 00:55:00,86.84,0
2026-09-19 01:00:00,64.2,0
2026-09-19 01:05:00,84.49,0
2026-09-19 01:10:00,71.3,0
2026-09-19 01:15:00,68.9,0
2026-09-19 01:20:00,74.7,0
2026-09-19 01:25:00,68.39,0
2026-09-19 01:30:00,93.41,0
2026-09-19 01:35:00,81.34,0
2026-09-19 01:40:00,97.19,0
2026-09-19 01:45:00,77.57,0
2026-09-19 01:50:00,78.19,0
2026-09-19 01:55:00,118.0,0
2026-09-19 02:00:00,62.97,0
2026-09-19 02:05:00,106.42,0
2026-09-19 02:10:00,113.92,0
2026-09-19 02:15:00,97.23,0
2026-09-19 02:20:00,79.95,0
2026-09-19 02:25:00,109.88,0
2026-09-19 02:30:00,80.35,0
2026-09-19 02:35:00,75.13,0
2026-09-19 02:40:00,79.71,0
2026-09-19 02:45:00,77.31,0
2026-09-19 02:50:00,72.4,0
2026-09-19 02:55:00,105.08,0
2026-09-19 03:00:00,75.05,0
2026-09-19 03:05:00,86.02,0
2026-09-19 03:10:00,66.87,0
2026-09-19 03:15:00,87.44,0
2026-09-19 03:20:00,70.83,0
2026-09-19 03:25:00,70.73,0
2026-09-19 03:30:00,86.05,0
2026-09-19 03:35:00,106.51,0
2026-09-19 03:40:00,95.66,0
2026-09-19 03:45:00,97.2,0
2026-09-19 03:50:00,86.97,0
2026-09-19 03:55:00,84.14,0
2026-09-19 04:00:00,103.49,0
2026-09-19 04:05:00,81.45,0
2026-09-19 04:10:00,105.21,0
2026-09-19 04:15:00,113.62,0
2026-09-19 04:20:00,78.55,0
2026-09-19 04:25:00,81.06,0
2026-09-19 04:30:00,83.69,0
2026-09-19 04:35:00,71.29,0
2026-09-19 04:40:00,85.78,0
2026-09-19 04:45:00,118.67,0
2026-09-19 04:50:00,78.24,0
2026-09-19 04:55:00,120.62,0
2026-09-19 05:00:00,88.45,0
2026-09-19 05:05:00,140.83,0
2026-09-19 05:10:00,85.71,0
2026-09-19 05:15:00,95.08,0
2026-09-19 05:20:00,83.43,0
2026-09-19 05:25:00,87.48,0
2026-09-19 05:30:00,126.92,0
2026-09-19 05:35:00,109.5,0
2026-09-19 05:40:00,121.95,0
2026-09-19 05:45:00,80.63,0
2026-09-19 05:50:00,115.92,0
2026-09-19 05:55:00,87.24,0
2026-09-19 06:00:00,82.4,0
2026-09-19 06:05:00,110.42,0
2026-09-19 06:10:00,111.23,0
2026-09-19 06:15:00,108.79,0
2026-09-19 06:20:00,123.79,0
2026-09-19 06:25:00,128.56,0
2026-09-19 06:30:00,144.55,0
2026-09-19 06:35:00,90.46,0
2026-09-19 06:40:00,148.39,0
2026-09-19 06:45:00,160.57,0
2026-09-19 06:50:00,108.27,0
2026-09-19 06:55:00,86.57,0
2026-09-19 07:00:00,92.13,0
2026-09-19 07:05:00,109.97,0
2026-09-19 07:10:00,173.66,0
2026-09-19 07:15:00,122.61,0
2026-09-19 07:20:00,110.64,0
2026-09-19 07:25:00,110.57,0
2026-09-19 07:30:00,99.75,0
2026-09-19 07:35:00,149.91,0
2026-09-19 07:40:00,127.48,0
2026-09-19 07:45:00,191.43,0
2026-09-19 07:50:00,148.67,0
2026-09-19 07:55:00,156.06,0
2026-09-19 08:00:00,130.27,0
2026-09-19 08:05:00,113.19,0
2026-09-19 08:10:00,119.18,0
2026-09-19 08:15:00,110.37,0
2026-09-19 08:20:00,168.45,0
2026-09-19 08:25:00,135.1,0
2026-09-19 08:30:00,174.03,0
2026-09-19 08:35:00,152.14,0
2026-09-19 08:40:00,142.62,0
2026-09-19 08:45:00,123.33,0
2026-09-19 08:50:00,162.75,0
2026-09-19 08:55:00,150.06,0
2026-09-19 09:00:00,185.91,0
2026-09-19 09:05:00,140.68,0
2026-09-19 09:10:00,181.01,0
2026-09-19 09:15:00,220.38,0
2026-09-19 09:20:00,174.39,0
2026-09-19 09:25:00,193.6,0
2026-09-19 09:30:00,188.58,0
2026-09-19 09:35:00,242.32,0
2026-09-19 09:40:00,186.31,0
2026-09-19 09:45:00,200.01,0
2026-09-19 09:50:00,177.25,0
2026-09-19 09:55:00,157.01,0
2026-09-19 10:00:00,146.89,0
2026-09-19 10:05:00,231.96,0
2026-09-19 10:10:00,155.75,0
2026-09-19 10:15:00,215.96,0
2026-09-19 10:20:00,205.74,0
2026-09-19 10:25:00,227.63,0
2026-09-19 10:30:00,177.76,0
2026-09-19 10:35:00,170.92,0
2026-09-19 10:40:00,213.13,0
2026-09-19 10:45:00,190.8,0
2026-09-19 10:50:00,162.74,0
2026-09-19 10:55:00,290.73,0
2026-09-19 11:00:00,179.56,0
2026-09-19 11:05:00,174.76,0
2026-09-19 11:10:00,201.9,0
2026-09-19 11:15:00,266.6,0
2026-09-19 11:20:00,145.31,0
2026-09-19 11:25:00,267.17,0
2026-09-19 11:30:00,185.2,0
2026-09-19 11:35:00,230.7,0
2026-09-19 11:40:00,196.29,0
2026-09-19 11:45:00,319.68,0
2026-09-19 11:50:00,230.09,0
2026-09-19 11:55:00,199.46,0
2026-09-19 12:00:00,216.08,0
2026-09-19 12:05:00,233.34,0
2026-09-19 12:10:00,238.56,0
2026-09-19 12:15:00,251.54,0
2026-09-19 12:20:00,233.72,0
2026-09-19 12:25:00,183.46,0
2026-09-19 12:30:00,222.26,0
2026-09-19 12:35:00,264.87,0
2026-09-19 12:40:00,211.48,0
2026-09-19 12:45:00,270.49,0
2026-09-19 12:50:00,242.01,0
2026-09-19 12:55:00,232.27,0
2026-09-19 13:00:00,300.56,0
2026-09-19 13:05:00,177.88,0
2026-09-19 13:10:00,216.03,0
2026-09-19 13:15:00,305.38,0
2026-09-19 13:20:00,340.9,0
2026-09-19 13:25:00,370.86,0
2026-09-19 13:30:00,248.46,0
2026-09-19 13:35:00,267.79,0
2026-09-19 13:40:00,286.07,0
2026-09-19 13:45:00,310.95,0
2026-09-19 13:50:00,261.7,0
2026-09-19 13:55:00,292.36,0
2026-09-19 14:00:00,268.85,0
2026-09-19 14:05:00,271.85,0
2026-09-19 14:10:00,209.67,0
2026-09-19 14:15:00,232.96,0
2026-09-19 14:20:00,224.75,0
2026-09-19 14:25:00,199.1,0
2026-09-19 14:30:00,182.9,0
2026-09-19 14:35:00,227.71,0
2026-09-19 14:40:00,233.85,0
2026-09-19 14:45:00,249.29,0
2026-09-19 14:50:00,269.62,0
2026-09-19 14:55:00,251.6,0
2026-09-19 15:00:00,231.47,0
2026-09-19 15:05:00,204.87,0
2026-09-19 15:10:00,281.78,0
2026-09-19 15:15:00,235.28,0
2026-09-19 15:20:00,220.66,0
2026-09-19 15:25:00,229.63,0
2026-09-19 15:30:00,207.1,0
2026-09-19 15:35:00,213.65,0
2026-09-19 15:40:00,211.27,0
2026-09-19 15:45:00,220.72,0
2026-09-19 15:50:00,260.0,0
2026-09-19 15:55:00,247.06,0
2026-09-19 16:00:00,301.34,0
2026-09-19 16:05:00,281.79,0
2026-09-19 16:10:00,319.96,0
2026-09-19 16:15:00,247.01,0
2026-09-19 16:20:00,244.45,0
2026-09-19 16:25:00,201.5,0
2026-09-19 16:30:00,253.21,0
2026-09-19 16:35:00,192.33,0
2026-09-19 16:40:00,164.71,0
2026-09-19 16:45:00,280.05,0
2026-09-19 16:50:00,168.42,0
2026-09-19 16:55:00,226.16,0
2026-09-19 17:00:00,176.71,0
2026-09-19 17:05:00,251.2,0
2026-09-19 17:10:00,254.96,0
2026-09-19 17:15:00,221.21,0
2026-09-19 17:20:00,249.17,0
2026-09-19 17:25:00,197.33,0
2026-09-19 17:30:00,291.56,0
2026-09-19 17:35:00,220.7,0
2026-09-19 17:40:00,162.33,0
2026-09-19 17:45:00,191.2,0
2026-09-19 17:50:00,181.69,0
2026-09-19 17:55:00,176.52,0
2026-09-19 18:00:00,135.49,0
2026-09-19 18:05:00,193.51,0
2026-09-19 18:10:00,139.02,0
2026-09-19 18:15:00,111.92,0
2026-09-19 18:20:00,163.79,0
2026-09-19 18:25:00,150.29,0
2026-09-19 18:30:00,145.69,0
2026-09-19 18:35:00,96.15,0
2026-09-19 18:40:00,142.47,0
2026-09-19 18:45:00,158.97,0
2026-09-19 18:50:00,144.54,0
2026-09-19 18:55:00,171.57,0
2026-09-19 19:00:00,203.07,0
2026-09-19 19:05:00,171.29,0
2026-09-19 19:10:00,185.43,0
2026-09-19 19:15:00,185.87,0
2026-09-19 19:20:00,125.14,0
2026-09-19 19:25:00,160.67,0
2026-09-19 19:30:00,175.37,0
2026-09-19 19:35:00,133.86,0
2026-09-19 19:40:00,124.02,0
2026-09-19 19:45:00,155.36,0
2026-09-19 19:50:00,106.82,0
2026-09-19 19:55:00,113.26,0
2026-09-19 20:00:00,120.68,0
2026-09-19 20:05:00,145.76,0
2026-09-19 20:10:00,138.11,0
2026-09-19 20:15:00,157.97,0
2026-09-19 20:20:00,109.79,0
2026-09-19 20:25:00,107.45,0
2026-09-19 20:30:00,139.08,0
2026-09-19 20:35:00,108.34,0
2026-09-19 20:40:00,110.92,0
2026-09-19 20:45:00,87.5,0
2026-09-19 20:50:00,127.34,0
2026-09-19 20:55:00,157.71,0
2026-09-19 21:00:00,98.2,0
2026-09-19 21:05:00,140.5,0
2026-09-19 21:10:00,114.42,0
2026-09-19 21:15:00,83.27,0
2026-09-19 21:20:00,96.39,0
2026-09-19 21:25:00,94.35,0
2026-09-19 21:30:00,104.8,0
2026-09-19 21:35:00,118.47,0
2026-09-19 21:40:00,151.75,0
2026-09-19 21:45:00,83.28,0
2026-09-19 21:50:00,97.83,0
2026-09-19 21:55:00,90.02,0
2026-09-19 22:00:00,83.44,0
2026-09-19 22:05:00,105.72,0
2026-09-19 22:10:00,103.05,0
2026-09-19 22:15:00,73.71,0
2026-09-19 22:20:00,101.67,0
2026-09-19 22:25:00,80.92,0
2026-09-19 22:30:00,99.97,0
2026-09-19 22:35:00,124.42,0
2026-09-19 22:40:00,106.82,0
2026-09-19 22:45:00,100.75,0
2026-09-19 22:50:00,88.11,0
2026-09-19 22:55:00,97.42,0
2026-09-19 23:00:00,105.83,0
2026-09-19 23:05:00,103.3,0
2026-09-19 23:10:00,92.77,0
2026-09-19 23:15:00,97.63,0
2026-09-19 23:20:00,73.65,0
2026-09-19 23:25:00,81.33,0
2026-09-19 23:30:00,104.87,0
2026-09-19 23:35:00,106.89,0
2026-09-19 23:40:00,92.95,0
2026-09-19 23:45:00,118.7,0
2026-09-19 23:50:00,99.21,0
2026-09-19 23:55:00,86.43,0
2026-09-20 00:00:00,66.53,0
2026-09-20 00:05:00,107.39,0
2026-09-20 00:10:00,95.25,0
2026-09-20 00:15:00,114.65,0
2026-09-20 00:20:00,122.57,0
2026-09-20 00:25:00,65.85,0
2026-09-20 00:30:00,65.91,0
2026-09-20 00:35:00,49.63,0
2026-09-20 00:40:00,98.08,0
2026-09-20 00:45:00,93.62,0
2026-09-20 00:50:00,84.71,0
2026-09-20 00:55:00,66.79,0
2026-09-20 01:00:00,82.01,0
2026-09-20 01:05:00,86.22,0
2026-09-20 01:10:00,96.09,0
2026-09-20 01:15:00,87.73,0
2026-09-20 01:20:00,94.21,0
2026-09-20 01:25:00,81.82,0
2026-09-20 01:30:00,103.6,0
2026-09-20 01:35:00,93.93,0
2026-09-20 01:40:00,67.78,0
2026-09-20 01:45:00,107.89,0
2026-09-20 01:50:00,104.88,0
2026-09-20 01:55:00,91.58,0
2026-09-20 02:00:00,88.7,0
2026-09-20 02:05:00,113.83,0
2026-09-20 02:10:00,63.03,0
2026-09-20 02:15:00,105.91,0
2026-09-20 02:20:00,77.88,0
2026-09-20 02:25:00,103.51,0
2026-09-20 02:30:00,87.01,0
2026-09-20 02:35:00,68.21,0
2026-09-20 02:40:00,78.17,0
2026-09-20 02:45:00,102.96,0
2026-09-20 02:50:00,82.66,0
2026-09-20 02:55:00,76.94,0
2026-09-20 03:00:00,77.04,0
2026-09-20 03:05:00,97.08,0
2026-09-20 03:10:00,118.83,0
2026-09-20 03:15:00,59.15,0
2026-09-20 03:20:00,144.38,0
2026-09-20 03:25:00,90.75,0
2026-09-20 03:30:00,97.42,0
2026-09-20 03:35:00,81.41,0
2026-09-20 03:40:00,88.31,0
2026-09-20 03:45:00,91.82,0
2026-09-20 03:50:00,73.71,0
2026-09-20 03:55:00,77.31,0
2026-09-20 04:00:00,111.08,0
2026-09-20 04:05:00,68.16,0
2026-09-20 04:10:00,98.02,0
2026-09-20 04:15:00,85.09,0
2026-09-20 04:20:00,76.88,0
2026-09-20 04:25:00,131.0,0
2026-09-20 04:30:00,77.76,0
2026-09-20 04:35:00,75.74,0
2026-09-20 04:40:00,90.26,0
2026-09-20 04:45:00,81.75,0
2026-09-20 04:50:00,94.55,0
2026-09-20 04:55:00,97.72,0
2026-09-20 05:00:00,99.75,0
2026-09-20 05:05:00,94.13,0
2026-09-20 05:10:00,85.4,0
2026-09-20 05:15:00,109.56,0
2026-09-20 05:20:00,96.32,0
2026-09-20 05:25:00,90.55,0
2026-09-20 05:30:00,130.21,0
2026-09-20 05:35:00,98.36,0
2026-09-20 05:40:00,123.35,0
2026-09-20 05:45:00,127.41,0
2026-09-20 05:50:00,129.9,0
2026-09-20 05:55:00,117.68,0
2026-09-20 06:00:00,104.82,0
2026-09-20 06:05:00,104.56,0
2026-09-20 06:10:00,102.16,0
2026-09-20 06:15:00,72.95,0
2026-09-20 06:20:00,123.82,0
2026-09-20 06:25:00,114.8,0
2026-09-20 06:30:00,128.72,0
2026-09-20 06:35:00,109.74,0
2026-09-20 06:40:00,127.63,0
2026-09-20 06:45:00,89.3,0
2026-09-20 06:50:00,93.7,0
2026-09-20 06:55:00,74.86,0
2026-09-20 07:00:00,115.36,0
2026-09-20 07:05:00,103.99,0
2026-09-20 07:10:00,102.71,0
2026-09-20 07:15:00,129.82,0
2026-09-20 07:20:00,114.53,0
2026-09-20 07:25:00,96.65,0
2026-09-20 07:30:00,200.1,0
2026-09-20 07:35:00,127.22,0
2026-09-20 07:40:00,106.65,0
2026-09-20 07:45:00,116.28,0
2026-09-20 07:50:00,128.7,0
2026-09-20 07:55:00,130.23,0
2026-09-20 08:00:00,172.01,0
2026-09-20 08:05:00,135.8,0
2026-09-20 08:10:00,194.77,0
2026-09-20 08:15:00,130.64,0
2026-09-20 08:20:00,154.4,0
2026-09-20 08:25:00,174.03,0
2026-09-20 08:30:00,181.8,0
2026-09-20 08:35:00,188.0,0
2026-09-20 08:40:00,143.15,0
2026-09-20 08:45:00,152.08,0
2026-09-20 08:50:00,98.65,0
2026-09-20 08:55:00,150.67,0
2026-09-20 09:00:00,192.34,0
2026-09-20 09:05:00,188.05,0
2026-09-20 09:10:00,159.51,0
2026-09-20 09:15:00,222.7,0
2026-09-20 09:20:00,154.96,0
2026-09-20 09:25:00,147.75,0
2026-09-20 09:30:00,156.38,0
2026-09-20 09:35:00,140.69,0
2026-09-20 09:40:00,194.91,0
2026-09-20 09:45:00,185.73,0
2026-09-20 09:50:00,199.11,0
2026-09-20 09:55:00,167.52,0
2026-09-20 10:00:00,180.68,0
2026-09-20 10:05:00,124.76,0
2026-09-20 10:10:00,199.83,0
2026-09-20 10:15:00,192.21,0
2026-09-20 10:20:00,156.59,0
2026-09-20 10:25:00,189.36,0
2026-09-20 10:30:00,186.18,0
2026-09-20 10:35:00,270.73,0
2026-09-20 10:40:00,164.48,0
2026-09-20 10:45:00,213.48,0
2026-09-20 10:50:00,166.9,0
2026-09-20 10:55:00,185.5,0
2026-09-20 11:00:00,217.63,0
2026-09-20 11:05:00,201.18,0
2026-09-20 11:10:00,210.66,0
2026-09-20 11:15:00,225.9,0
2026-09-20 11:20:00,196.37,0
2026-09-20 11:25:00,253.78,0
2026-09-20 11:30:00,206.55,0
2026-09-20 11:35:00,216.15,0
2026-09-20 11:40:00,236.58,0
2026-09-20 11:45:00,232.67,0
2026-09-20 11:50:00,252.65,0
2026-09-20 11:55:00,239.87,0
2026-09-20 12:00:00,248.21,0
2026-09-20 12:05:00,216.54,0
2026-09-20 12:10:00,190.61,0
2026-09-20 12:15:00,179.77,0
2026-09-20 12:20:00,173.06,0
2026-09-20 12:25:00,322.84,0
2026-09-20 12:30:00,158.66,0
2026-09-20 12:35:00,294.39,0
2026-09-20 12:40:00,205.81,0
2026-09-20 12:45:00,296.69,0
2026-09-20 12:50:00,161.87,0
2026-09-20 12:55:00,231.55,0
2026-09-20 13:00:00,314.95,0
2026-09-20 13:05:00,276.54,0
2026-09-20 13:10:00,229.59,0
2026-09-20 13:15:00,172.43,0
2026-09-20 13:20:00,193.28,0
2026-09-20 13:25:00,315.57,0
2026-09-20 13:30:00,231.26,0
2026-09-20 13:35:00,243.44,0
2026-09-20 13:40:00,259.86,0
2026-09-20 13:45:00,195.51,0
2026-09-20 13:50:00,266.17,0
2026-09-20 13:55:00,229.46,0
2026-09-20 14:00:00,260.94,0
2026-09-20 14:05:00,223.01,0
2026-09-20 14:10:00,186.36,0
2026-09-20 14:15:00,228.88,0
2026-09-20 14:20:00,277.12,0
2026-09-20 14:25:00,264.73,0
2026-09-20 14:30:00,247.59,0
2026-09-20 14:35:00,288.88,0
2026-09-20 14:40:00,236.4,0
2026-09-20 14:45:00,247.12,0
2026-09-20 14:50:00,223.77,0
2026-09-20 14:55:00,288.93,0
2026-09-20 15:00:00,255.48,0
2026-09-20 15:05:00,218.52,0
2026-09-20 15:10:00,184.05,0
2026-09-20 15:15:00,292.37,0
2026-09-20 15:20:00,208.68,0
2026-09-20 15:25:00,240.57,0
2026-09-20 15:30:00,360.88,0
2026-09-20 15:35:00,271.55,0
2026-09-20 15:40:00,312.43,0
2026-09-20 15:45:00,210.98,0
2026-09-20 15:50:00,280.17,0
2026-09-20 15:55:00,230.71,0
2026-09-20 16:00:00,243.65,0
2026-09-20 16:05:00,325.97,0
2026-09-20 16:10:00,213.98,0
2026-09-20 16:15:00,224.13,0
2026-09-20 16:20:00,188.42,0
2026-09-20 16:25:00,258.12,0
2026-09-20 16:30:00,197.28,0
2026-09-20 16:35:00,260.19,0
2026-09-20 16:40:00,159.48,0
2026-09-20 16:45:00,234.86,0
2026-09-20 16:50:00,187.82,0
2026-09-20 16:55:00,238.35,0
2026-09-20 17:00:00,206.54,0
2026-09-20 17:05:00,186.25,0
2026-09-20 17:10:00,189.46,0
2026-09-20 17:15:00,172.57,0
2026-09-20 17:20:00,231.5,0
2026-09-20 17:25:00,163.17,0
2026-09-20 17:30:00,185.87,0
2026-09-20 17:35:00,205.34,0
2026-09-20 17:40:00,255.23,0
2026-09-20 17:45:00,188.51,0
2026-09-20 17:50:00,178.77,0
2026-09-20 17:55:00,193.99,0
2026-09-20 18:00:00,125.71,0
2026-09-20 18:05:00,145.46,0
2026-09-20 18:10:00,166.75,0
2026-09-20 18:15:00,155.09,0
2026-09-20 18:20:00,130.63,0
2026-09-20 18:25:00,200.94,0
2026-09-20 18:30:00,178.27,0
2026-09-20 18:35:00,172.38,0
2026-09-20 18:40:00,146.55,0
2026-09-20 18:45:00,166.38,0
2026-09-20 18:50:00,177.73,0
2026-09-20 18:55:00,152.57,0
2026-09-20 19:00:00,171.21,0
2026-09-20 19:05:00,135.25,0
2026-09-20 19:10:00,156.88,0
2026-09-20 19:15:00,186.99,0
2026-09-20 19:20:00,187.66,0
2026-09-20 19:25:00,188.54,0
2026-09-20 19:30:00,154.35,0
2026-09-20 19:35:00,145.61,0
2026-09-20 19:40:00,131.89,0
2026-09-20 19:45:00,102.0,0
2026-09-20 19:50:00,109.49,0
2026-09-20 19:55:00,133.65,0
2026-09-20 20:00:00,133.44,0
2026-09-20 20:05:00,173.31,0
2026-09-20 20:10:00,168.23,0
2026-09-20 20:15:00,115.93,0
2026-09-20 20:20:00,150.18,0
2026-09-20 20:25:00,117.53,0
2026-09-20 20:30:00,143.11,0
2026-09-20 20:35:00,144.62,0
2026-09-20 20:40:00,154.62,0
2026-09-20 20:45:00,111.86,0
2026-09-20 20:50:00,145.06,0
2026-09-20 20:55:00,85.3,0
2026-09-20 21:00:00,149.24,0
2026-09-20 21:05:00,116.37,0
2026-09-20 21:10:00,115.57,0
2026-09-20 21:15:00,79.29,0
2026-09-20 21:20:00,105.58,0
2026-09-20 21:25:00,143.05,0
2026-09-20 21:30:00,102.75,0
2026-09-20 21:35:00,124.91,0
2026-09-20 21:40:00,109.47,0
2026-09-20 21:45:00,130.47,0
2026-09-20 21:50:00,110.49,0
2026-09-20 21:55:00,89.44,0
2026-09-20 22:00:00,105.9,0
2026-09-20 22:05:00,138.63,0
2026-09-20 22:10:00,112.68,0
2026-09-20 22:15:00,100.05,0
2026-09-20 22:20:00,152.09,0
2026-09-20 22:25:00,123.86,0
2026-09-20 22:30:00,115.55,0
2026-09-20 22:35:00,104.82,0
2026-09-20 22:40:00,112.09,0
2026-09-20 22:45:00,111.94,0
2026-09-20 22:50:00,65.42,0
2026-09-20 22:55:00,103.35,0
2026-09-20 23:00:00,92.9,0
2026-09-20 23:05:00,86.85,0
2026-09-20 23:10:00,91.18,0
2026-09-20 23:15:00,70.95,0
2026-09-20 23:20:00,230.25,1
2026-09-20 23:25:00,876.19,1
2026-09-20 23:30:00,824.64,1
2026-09-20 23:35:00,723.86,1
2026-09-20 23:40:00,681.04,1
2026-09-20 23:45:00,652.42,1
2026-09-20 23:50:00,600.84,1
2026-09-20 23:55:00,567.48,1
2026-09-21 00:00:00,473.58,1
2026-09-21 00:05:00,345.53,1
2026-09-21 00:10:00,322.98,1
2026-09-21 00:15:00,102.03,0
2026-09-21 00:20:00,86.16,0
2026-09-21 00:25:00,85.2,0
2026-09-21 00:30:00,95.78,0
2026-09-21 00:35:00,98.72,0
2026-09-21 00:40:00,116.65,0
2026-09-21 00:45:00,133.85,0
2026-09-21 00:50:00,121.73,0
2026-09-21 00:55:00,127.1,0
2026-09-21 01:00:00,105.91,0
2026-09-21 01:05:00,123.95,0
2026-09-21 01:10:00,108.35,0
2026-09-21 01:15:00,102.86,0
2026-09-21 01:20:00,156.83,0
2026-09-21 01:25:00,73.34,0
2026-09-21 01:30:00,79.7,0
2026-09-21 01:35:00,119.75,0
2026-09-21 01:40:00,106.68,0
2026-09-21 01:45:00,86.49,0
2026-09-21 01:50:00,92.76,0
2026-09-21 01:55:00,95.08,0
2026-09-21 02:00:00,132.04,0
2026-09-21 02:05:00,140.06,0
2026-09-21 02:10:00,151.48,0
2026-09-21 02:15:00,84.85,0
2026-09-21 02:20:00,88.45,0
2026-09-21 02:25:00,87.52,0
2026-09-21 02:30:00,143.17,0
2026-09-21 02:35:00,122.62,0
2026-09-21 02:40:00,115.63,0
2026-09-21 02:45:00,119.03,0
2026-09-21 02:50:00,113.3,0
2026-09-21 02:55:00,93.77,0
2026-09-21 03:00:00,126.14,0
2026-09-21 03:05:00,111.51,0
2026-09-21 03:10:00,93.15,0
2026-09-21 03:15:00,128.57,0
2026-09-21 03:20:00,107.71,0
2026-09-21 03:25:00,121.52,0
2026-09-21 03:30:00,114.41,0
2026-09-21 03:35:00,137.84,0
2026-09-21 03:40:00,122.58,0
2026-09-21 03:45:00,100.86,0
2026-09-21 03:50:00,125.79,0
2026-09-21 03:55:00,127.03,0
2026-09-21 04:00:00,131.2,0
2026-09-21 04:05:00,144.81,0
2026-09-21 04:10:00,108.05,0
2026-09-21 04:15:00,136.77,0
2026-09-21 04:20:00,89.34,0
2026-09-21 04:25:00,119.86,0
2026-09-21 04:30:00,117.17,0
2026-09-21 04:35:00,160.62,0
2026-09-21 04:40:00,121.01,0
2026-09-21 04:45:00,139.65,0
2026-09-21 04:50:00,91.7,0
2026-09-21 04:55:00,118.92,0
2026-09-21 05:00:00,109.49,0
2026-09-21 05:05:00,200.39,0
2026-09-21 05:10:00,114.59,0
2026-09-21 05:15:00,131.83,0
2026-09-21 05:20:00,134.06,0
2026-09-21 05:25:00,99.16,0
2026-09-21 05:30:00,120.99,0
2026-09-21 05:35:00,144.17,0
2026-09-21 05:40:00,137.22,0
2026-09-21 05:45:00,90.04,0
2026-09-21 05:50:00,124.04,0
2026-09-21 05:55:00,166.5,0
2026-09-21 06:00:00,155.38,0
2026-09-21 06:05:00,175.61,0
2026-09-21 06:10:00,119.19,0
2026-09-21 06:15:00,180.93,0
2026-09-21 06:20:00,143.9,0
2026-09-21 06:25:00,195.08,0
2026-09-21 06:30:00,148.02,0
2026-09-21 06:35:00,103.37,0
2026-09-21 06:40:00,175.92,0
2026-09-21 06:45:00,140.86,0
2026-09-21 06:50:00,144.1,0
2026-09-21 06:55:00,119.99,0
2026-09-21 07:00:00,211.01,0
2026-09-21 07:05:00,145.07,0
2026-09-21 07:10:00,213.95,0
2026-09-21 07:15:00,150.8,0
2026-09-21 07:20:00,139.5,0
2026-09-21 07:25:00,211.5,0
2026-09-21 07:30:00,166.54,0
2026-09-21 07:35:00,168.82,0
2026-09-21 07:40:00,137.21,0
2026-09-21 07:45:00,161.08,0
2026-09-21 07:50:00,191.24,0
2026-09-21 07:55:00,141.84,0
2026-09-21 08:00:00,164.65,0
2026-09-21 08:05:00,170.29,0
2026-09-21 08:10:00,188.2,0
2026-09-21 08:15:00,245.75,0
2026-09-21 08:20:00,180.63,0
2026-09-21 08:25:00,170.49,0
2026-09-21 08:30:00,320.48,0
2026-09-21 08:35:00,183.1,0
2026-09-21 08:40:00,193.68,0
2026-09-21 08:45:00,190.31,0
2026-09-21 08:50:00,195.54,0
2026-09-21 08:55:00,211.05,0
2026-09-21 09:00:00,248.71,0
2026-09-21 09:05:00,229.45,0
2026-09-21 09:10:00,262.23,0
2026-09-21 09:15:00,263.91,0
2026-09-21 09:20:00,229.86,0
2026-09-21 09:25:00,239.82,0
2026-09-21 09:30:00,276.95,0
2026-09-21 09:35:00,187.97,0
2026-09-21 09:40:00,364.27,0
2026-09-21 09:45:00,214.39,0
2026-09-21 09:50:00,223.32,0
2026-09-21 09:55:00,193.49,0
2026-09-21 10:00:00,196.78,0
2026-09-21 10:05:00,293.4,0
2026-09-21 10:10:00,374.68,0
2026-09-21 10:15:00,227.33,0
2026-09-21 10:20:00,270.95,0
2026-09-21 10:25:00,267.69,0
2026-09-21 10:30:00,311.32,0
2026-09-21 10:35:00,391.74,0
2026-09-21 10:40:00,349.06,0
2026-09-21 10:45:00,256.88,0
2026-09-21 10:50:00,297.86,0
2026-09-21 10:55:00,306.18,0
2026-09-21 11:00:00,275.07,0
2026-09-21 11:05:00,228.76,0
2026-09-21 11:10:00,243.53,0
2026-09-21 11:15:00,348.82,0
2026-09-21 11:20:00,358.45,0
2026-09-21 11:25:00,278.0,0
2026-09-21 11:30:00,304.97,0
2026-09-21 11:35:00,363.83,0
2026-09-21 11:40:00,217.49,0
2026-09-21 11:45:00,274.82,0
2026-09-21 11:50:00,431.36,0
2026-09-21 11:55:00,318.82,0
2026-09-21 12:00:00,248.21,0
2026-09-21 12:05:00,312.67,0
2026-09-21 12:10:00,370.25,0
2026-09-21 12:15:00,195.97,0
2026-09-21 12:20:00,321.76,0
2026-09-21 12:25:00,293.1,0
2026-09-21 12:30:00,234.44,0
2026-09-21 12:35:00,321.33,0
2026-09-21 12:40:00,310.39,0
2026-09-21 12:45:00,318.13,0
2026-09-21 12:50:00,301.34,0
2026-09-21 12:55:00,267.99,0
2026-09-21 13:00:00,248.76,0
2026-09-21 13:05:00,286.39,0
2026-09-21 13:10:00,379.69,0
2026-09-21 13:15:00,340.14,0
2026-09-21 13:20:00,322.92,0
2026-09-21 13:25:00,271.74,0
2026-09-21 13:30:00,306.92,0
2026-09-21 13:35:00,375.47,0
2026-09-21 13:40:00,439.09,1
2026-09-21 13:45:00,479.88,1
2026-09-21 13:50:00,503.18,1
2026-09-21 13:55:00,736.83,1
2026-09-21 14:00:00,723.38,1
2026-09-21 14:05:00,631.08,1
2026-09-21 14:10:00,672.75,1
2026-09-21 14:15:00,759.36,1
2026-09-21 14:20:00,691.66,1
2026-09-21 14:25:00,777.13,1
2026-09-21 14:30:00,632.72,1
2026-09-21 14:35:00,598.53,1
2026-09-21 14:40:00,521.14,1
2026-09-21 14:45:00,597.91,1
2026-09-21 14:50:00,546.25,1
2026-09-21 14:55:00,684.45,1
2026-09-21 15:00:00,583.26,1
2026-09-21 15:05:00,614.47,1
2026-09-21 15:10:00,573.45,1
2026-09-21 15:15:00,477.36,1
2026-09-21 15:20:00,514.62,1
2026-09-21 15:25:00,537.6,1
2026-09-21 15:30:00,631.75,1
2026-09-21 15:35:00,510.31,1
2026-09-21 15:40:00,449.61,1
2026-09-21 15:45:00,466.35,1
2026-09-21 15:50:00,486.17,1
2026-09-21 15:55:00,612.56,1
2026-09-21 16:00:00,502.66,1
2026-09-21 16:05:00,316.57,0
2026-09-21 16:10:00,305.97,0
2026-09-21 16:15:00,314.3,0
2026-09-21 16:20:00,323.08,0
2026-09-21 16:25:00,272.28,0
2026-09-21 16:30:00,249.95,0
2026-09-21 16:35:00,347.51,0
2026-09-21 16:40:00,287.3,0
2026-09-21 16:45:00,336.52,0
2026-09-21 16:50:00,378.16,0
2026-09-21 16:55:00,306.02,0
2026-09-21 17:00:00,294.47,0
2026-09-21 17:05:00,486.47,0
2026-09-21 17:10:00,281.1,0
2026-09-21 17:15:00,220.36,0
2026-09-21 17:20:00,252.36,0
2026-09-21 17:25:00,347.42,0
2026-09-21 17:30:00,205.99,0
2026-09-21 17:35:00,224.69,0
2026-09-21 17:40:00,310.62,0
2026-09-21 17:45:00,239.75,0
2026-09-21 17:50:00,244.1,0
2026-09-21 17:55:00,298.69,0
2026-09-21 18:00:00,213.97,0
2026-09-21 18:05:00,184.75,0
2026-09-21 18:10:00,185.26,0
2026-09-21 18:15:00,261.06,0
2026-09-21 18:20:00,243.44,0
2026-09-21 18:25:00,202.68,0
2026-09-21 18:30:00,184.13,0
2026-09-21 18:35:00,213.46,0
2026-09-21 18:40:00,270.67,0
2026-09-21 18:45:00,188.15,0
2026-09-21 18:50:00,191.73,0
2026-09-21 18:55:00,172.2,0
2026-09-21 19:00:00,197.24,0
2026-09-21 19:05:00,221.17,0
2026-09-21 19:10:00,300.76,0
2026-09-21 19:15:00,211.09,0
2026-09-21 19:20:00,198.52,0
2026-09-21 19:25:00,231.21,0
2026-09-21 19:30:00,221.58,0
2026-09-21 19:35:00,173.99,0
2026-09-21 19:40:00,288.54,0
2026-09-21 19:45:00,187.47,0
2026-09-21 19:50:00,194.05,0
2026-09-21 19:55:00,202.84,0
2026-09-21 20:00:00,193.08,0
2026-09-21 20:05:00,235.84,0
2026-09-21 20:10:00,159.2,0
2026-09-21 20:15:00,201.39,0
2026-09-21 20:20:00,178.01,0
2026-09-21 20:25:00,203.8,0
2026-09-21 20:30:00,162.35,0
2026-09-21 20:35:00,156.59,0
2026-09-21 20:40:00,188.08,0
2026-09-21 20:45:00,173.82,0
2026-09-21 20:50:00,139.01,0
2026-09-21 20:55:00,203.0,0
2026-09-21 21:00:00,179.79,0
2026-09-21 21:05:00,153.8,0
2026-09-21 21:10:00,141.73,0
2026-09-21 21:15:00,162.9,0
2026-09-21 21:20:00,170.04,0
2026-09-21 21:25:00,112.16,0
2026-09-21 21:30:00,158.28,0
2026-09-21 21:35:00,164.73,0
2026-09-21 21:40:00,94.98,0
2026-09-21 21:45:00,148.84,0
2026-09-21 21:50:00,161.29,0
2026-09-21 21:55:00,156.58,0
2026-09-21 22:00:00,161.49,0
2026-09-21 22:05:00,130.62,0
2026-09-21 22:10:00,113.92,0
2026-09-21 22:15:00,98.53,0
2026-09-21 22:20:00,164.47,0
2026-09-21 22:25:00,152.13,0
2026-09-21 22:30:00,164.14,0
2026-09-21 22:35:00,115.85,0
2026-09-21 22:40:00,151.44,0
2026-09-21 22:45:00,99.27,0
2026-09-21 22:50:00,110.49,0
2026-09-21 22:55:00,131.28,0
2026-09-21 23:00:00,143.67,0
2026-09-21 23:05:00,171.4,0
2026-09-21 23:10:00,120.6,0
2026-09-21 23:15:00,107.11,0
2026-09-21 23:20:00,105.52,0
2026-09-21 23:25:00,109.36,0
2026-09-21 23:30:00,183.62,0
2026-09-21 23:35:00,140.35,0
2026-09-21 23:40:00,148.88,0
2026-09-21 23:45:00,116.17,0
2026-09-21 23:50:00,120.68,0
2026-09-21 23:55:00,136.3,0
2026-09-22 00:00:00,100.87,0
2026-09-22 00:05:00,104.87,0
2026-09-22 00:10:00,97.91,0
2026-09-22 00:15:00,102.04,0
2026-09-22 00:20:00,111.62,0
2026-09-22 00:25:00,95.47,0
2026-09-22 00:30:00,116.59,0
2026-09-22 00:35:00,116.62,0
2026-09-22 00:40:00,107.33,0
2026-09-22 00:45:00,95.56,0
2026-09-22 00:50:00,113.09,0
2026-09-22 00:55:00,101.4,0
2026-09-22 01:00:00,112.05,0
2026-09-22 01:05:00,135.5,0
2026-09-22 01:10:00,88.81,0
2026-09-22 01:15:00,164.69,0
2026-09-22 01:20:00,110.02,0
2026-09-22 01:25:00,120.15,0
2026-09-22 01:30:00,97.52,0
2026-09-22 01:35:00,137.29,0
2026-09-22 01:40:00,109.39,0
2026-09-22 01:45:00,104.35,0
2026-09-22 01:50:00,101.12,0
2026-09-22 01:55:00,107.0,0
2026-09-22 02:00:00,121.24,0
2026-09-22 02:05:00,116.16,0
2026-09-22 02:10:00,111.96,0
2026-09-22 02:15:00,99.37,0
2026-09-22 02:20:00,98.5,0
2026-09-22 02:25:00,104.3,0
2026-09-22 02:30:00,123.33,0
2026-09-22 02:35:00,128.15,0
2026-09-22 02:40:00,131.56,0
2026-09-22 02:45:00,114.18,0
2026-09-22 02:50:00,122.65,0
2026-09-22 02:55:00,111.31,0
2026-09-22 03:00:00,84.05,0
2026-09-22 03:05:00,110.91,0
2026-09-22 03:10:00,108.07,0
2026-09-22 03:15:00,96.17,0
2026-09-22 03:20:00,104.99,0
2026-09-22 03:25:00,119.51,0
2026-09-22 03:30:00,95.42,0
2026-09-22 03:35:00,103.31,0
2026-09-22 03:40:00,155.68,0
2026-09-22 03:45:00,88.62,0
2026-09-22 03:50:00,114.85,0
2026-09-22 03:55:00,96.61,0
2026-09-22 04:00:00,104.52,0
2026-09-22 04:05:00,115.98,0
2026-09-22 04:10:00,101.06,0
2026-09-22 04:15:00,134.48,0
2026-09-22 04:20:00,155.42,0
2026-09-22 04:25:00,142.51,0
2026-09-22 04:30:00,148.04,0
2026-09-22 04:35:00,96.55,0
2026-09-22 04:40:00,119.13,0
2026-09-22 04:45:00,136.16,0
2026-09-22 04:50:00,147.3,0
2026-09-22 04:55:00,173.71,0
2026-09-22 05:00:00,154.56,0
2026-09-22 05:05:00,150.81,0
2026-09-22 05:10:00,207.57,0
2026-09-22 05:15:00,132.38,0
2026-09-22 05:20:00,124.4,0
2026-09-22 05:25:00,136.29,0
2026-09-22 05:30:00,112.81,0
2026-09-22 05:35:00,135.69,0
2026-09-22 05:40:00,99.02,0
2026-09-22 05:45:00,123.84,0
2026-09-22 05:50:00,134.55,0
2026-09-22 05:55:00,164.38,0
2026-09-22 06:00:00,170.72,0
2026-09-22 06:05:00,118.58,0
2026-09-22 06:10:00,206.82,0
2026-09-22 06:15:00,147.56,0
2026-09-22 06:20:00,151.46,0
2026-09-22 06:25:00,109.47,0
2026-09-22 06:30:00,132.31,0
2026-09-22 06:35:00,180.52,0
2026-09-22 06:40:00,155.66,0
2026-09-22 06:45:00,155.56,0
2026-09-22 06:50:00,160.63,0
2026-09-22 06:55:00,120.21,0
2026-09-22 07:00:00,154.86,0
2026-09-22 07:05:00,205.31,0
2026-09-22 07:10:00,195.95,0
2026-09-22 07:15:00,159.34,0
2026-09-22 07:20:00,218.45,0
2026-09-22 07:25:00,132.96,0
2026-09-22 07:30:00,141.67,0
2026-09-22 07:35:00,238.82,0
2026-09-22 07:40:00,191.76,0
2026-09-22 07:45:00,166.04,0
2026-09-22 07:50:00,175.28,0
2026-09-22 07:55:00,154.99,0
2026-09-22 08:00:00,190.68,0
2026-09-22 08:05:00,190.32,0
2026-09-22 08:10:00,186.63,0
2026-09-22 08:15:00,152.82,0
2026-09-22 08:20:00,199.96,0
2026-09-22 08:25:00,175.5,0
2026-09-22 08:30:00,163.69,0
2026-09-22 08:35:00,248.64,0
2026-09-22 08:40:00,296.22,0
2026-09-22 08:45:00,287.94,0
2026-09-22 08:50:00,231.04,0
2026-09-22 08:55:00,198.4,0
2026-09-22 09:00:00,208.07,0
2026-09-22 09:05:00,229.52,0
2026-09-22 09:10:00,200.28,0
2026-09-22 09:15:00,277.29,0
2026-09-22 09:20:00,153.47,0
2026-09-22 09:25:00,212.49,0
2026-09-22 09:30:00,262.03,0
2026-09-22 09:35:00,197.19,0
2026-09-22 09:40:00,222.51,0
2026-09-22 09:45:00,261.62,0
2026-09-22 09:50:00,312.64,0
2026-09-22 09:55:00,190.65,0
2026-09-22 10:00:00,190.3,0
2026-09-22 10:05:00,207.66,0
2026-09-22 10:10:00,188.8,0
2026-09-22 10:15:00,193.36,0
2026-09-22 10:20:00,213.65,0
2026-09-22 10:25:00,321.25,0
2026-09-22 10:30:00,245.82,0
2026-09-22 10:35:00,264.24,0
2026-09-22 10:40:00,223.52,0
2026-09-22 10:45:00,300.54,0
2026-09-22 10:50:00,379.58,0
2026-09-22 10:55:00,233.08,0
2026-09-22 11:00:00,376.56,0
2026-09-22 11:05:00,297.53,0
2026-09-22 11:10:00,282.04,0
2026-09-22 11:15:00,304.88,0
2026-09-22 11:20:00,307.0,0
2026-09-22 11:25:00,403.14,0
2026-09-22 11:30:00,319.53,0
2026-09-22 11:35:00,323.3,0
2026-09-22 11:40:00,273.98,0
2026-09-22 11:45:00,346.36,0
2026-09-22 11:50:00,252.52,0
2026-09-22 11:55:00,308.08,0
2026-09-22 12:00:00,511.07,0
2026-09-22 12:05:00,195.06,0
2026-09-22 12:10:00,321.27,0
2026-09-22 12:15:00,325.45,0
2026-09-22 12:20:00,299.17,0
2026-09-22 12:25:00,302.09,0
2026-09-22 12:30:00,320.29,0
2026-09-22 12:35:00,302.58,0
2026-09-22 12:40:00,331.08,0
2026-09-22 12:45:00,292.67,0
2026-09-22 12:50:00,461.72,0
2026-09-22 12:55:00,307.79,0
2026-09-22 13:00:00,358.13,0
2026-09-22 13:05:00,287.5,0
2026-09-22 13:10:00,384.77,0
2026-09-22 13:15:00,372.2,0
2026-09-22 13:20:00,352.6,0
2026-09-22 13:25:00,272.35,0
2026-09-22 13:30:00,286.71,0
2026-09-22 13:35:00,445.41,0
2026-09-22 13:40:00,286.96,0
2026-09-22 13:45:00,369.87,0
2026-09-22 13:50:00,278.24,0
2026-09-22 13:55:00,395.62,0
2026-09-22 14:00:00,291.65,0
2026-09-22 14:05:00,277.43,0
2026-09-22 14:10:00,290.12,0
2026-09-22 14:15:00,298.3,0
2026-09-22 14:20:00,354.11,0
2026-09-22 14:25:00,332.94,0
2026-09-22 14:30:00,269.55,0
2026-09-22 14:35:00,326.03,0
2026-09-22 14:40:00,266.14,0
2026-09-22 14:45:00,366.23,0
2026-09-22 14:50:00,377.48,0
2026-09-22 14:55:00,322.9,0
2026-09-22 15:00:00,339.43,0
2026-09-22 15:05:00,441.5,0
2026-09-22 15:10:00,311.86,0
2026-09-22 15:15:00,269.57,0
2026-09-22 15:20:00,353.07,0
2026-09-22 15:25:00,258.23,0
2026-09-22 15:30:00,303.34,0
2026-09-22 15:35:00,281.39,0
2026-09-22 15:40:00,274.72,0
2026-09-22 15:45:00,296.28,0
2026-09-22 15:50:00,362.23,0
2026-09-22 15:55:00,373.55,0
2026-09-22 16:00:00,359.33,0
2026-09-22 16:05:00,320.95,0
2026-09-22 16:10:00,286.38,0
2026-09-22 16:15:00,194.81,0
2026-09-22 16:20:00,315.8,0
2026-09-22 16:25:00,194.59,0
2026-09-22 16:30:00,205.82,0
2026-09-22 16:35:00,280.31,0
2026-09-22 16:40:00,300.12,0
2026-09-22 16:45:00,261.57,0
2026-09-22 16:50:00,370.71,0
2026-09-22 16:55:00,302.81,0
2026-09-22 17:00:00,263.95,0
2026-09-22 17:05:00,350.96,0
2026-09-22 17:10:00,358.94,0
2026-09-22 17:15:00,294.07,0
2026-09-22 17:20:00,230.89,0
2026-09-22 17:25:00,237.98,0
2026-09-22 17:30:00,200.41,0
2026-09-22 17:35:00,255.33,0
2026-09-22 17:40:00,210.7,0
2026-09-22 17:45:00,237.29,0
2026-09-22 17:50:00,260.95,0
2026-09-22 17:55:00,172.28,0
2026-09-22 18:00:00,193.91,0
2026-09-22 18:05:00,219.67,0
2026-09-22 18:10:00,235.64,0
2026-09-22 18:15:00,215.11,0
2026-09-22 18:20:00,221.3,0
2026-09-22 18:25:00,202.18,0
2026-09-22 18:30:00,174.75,0
2026-09-22 18:35:00,203.54,0
2026-09-22 18:40:00,213.06,0
2026-09-22 18:45:00,206.81,0
2026-09-22 18:50:00,220.41,0
2026-09-22 18:55:00,230.07,0
2026-09-22 19:00:00,238.23,0
2026-09-22 19:05:00,185.68,0
2026-09-22 19:10:00,154.77,0
2026-09-22 19:15:00,255.18,0
2026-09-22 19:20:00,214.85,0
2026-09-22 19:25:00,166.69,0
2026-09-22 19:30:00,205.5,0
2026-09-22 19:35:00,233.97,0
2026-09-22 19:40:00,260.27,0
2026-09-22 19:45:00,196.98,0
2026-09-22 19:50:00,225.04,0
2026-09-22 19:55:00,147.74,0
2026-09-22 20:00:00,180.25,0
2026-09-22 20:05:00,168.72,0
2026-09-22 20:10:00,188.3,0
2026-09-22 20:15:00,233.75,0
2026-09-22 20:20:00,180.76,0
2026-09-22 20:25:00,144.24,0
2026-09-22 20:30:00,134.43,0
2026-09-22 20:35:00,224.29,0
2026-09-22 20:40:00,180.83,0
2026-09-22 20:45:00,176.66,0
2026-09-22 20:50:00,151.47,0
2026-09-22 20:55:00,167.2,0
2026-09-22 21:00:00,131.93,0
2026-09-22 21:05:00,167.12,0
2026-09-22 21:10:00,124.8,0
2026-09-22 21:15:00,143.01,0
2026-09-22 21:20:00,134.48,0
2026-09-22 21:25:00,83.14,0
2026-09-22 21:30:00,138.98,0
2026-09-22 21:35:00,124.59,0
2026-09-22 21:40:00,139.66,0
2026-09-22 21:45:00,143.72,0
2026-09-22 21:50:00,195.66,0
2026-09-22 21:55:00,148.99,0
2026-09-22 22:00:00,148.44,0
2026-09-22 22:05:00,151.48,0
2026-09-22 22:10:00,160.71,0
2026-09-22 22:15:00,147.83,0
2026-09-22 22:20:00,142.14,0
2026-09-22 22:25:00,152.35,0
2026-09-22 22:30:00,85.94,0
2026-09-22 22:35:00,192.27,0
2026-09-22 22:40:00,174.45,0
2026-09-22 22:45:00,135.29,0
2026-09-22 22:50:00,100.19,0
2026-09-22 22:55:00,159.58,0
2026-09-22 23:00:00,112.53,0
2026-09-22 23:05:00,139.48,0
2026-09-22 23:10:00,99.96,0
2026-09-22 23:15:00,186.88,0
2026-09-22 23:20:00,96.0,0
2026-09-22 23:25:00,125.32,0
2026-09-22 23:30:00,84.02,0
2026-09-22 23:35:00,121.57,0
2026-09-22 23:40:00,112.88,0
2026-09-22 23:45:00,148.83,0
2026-09-22 23:50:00,111.82,0
2026-09-22 23:55:00,147.52,0
2026-09-23 00:00:00,91.88,0
2026-09-23 00:05:00,105.05,0
2026-09-23 00:10:00,105.47,0
2026-09-23 00:15:00,120.92,0
2026-09-23 00:20:00,118.23,0
2026-09-23 00:25:00,126.06,0
2026-09-23 00:30:00,116.19,0
2026-09-23 00:35:00,124.8,0
2026-09-23 00:40:00,94.31,0
2026-09-23 00:45:00,118.95,0
2026-09-23 00:50:00,148.23,0
2026-09-23 00:55:00,82.07,0
2026-09-23 01:00:00,121.34,0
2026-09-23 01:05:00,125.6,0
2026-09-23 01:10:00,144.76,0
2026-09-23 01:15:00,126.92,0
2026-09-23 01:20:00,113.49,0
2026-09-23 01:25:00,120.54,0
2026-09-23 01:30:00,97.83,0
2026-09-23 01:35:00,104.24,0
2026-09-23 01:40:00,87.98,0
2026-09-23 01:45:00,146.4,0
2026-09-23 01:50:00,121.62,0
2026-09-23 01:55:00,95.22,0
2026-09-23 02:00:00,118.07,0
2026-09-23 02:05:00,138.73,0
2026-09-23 02:10:00,134.83,0
2026-09-23 02:15:00,95.57,0
2026-09-23 02:20:00,64.36,0
2026-09-23 02:25:00,121.68,0
2026-09-23 02:30:00,96.78,0
2026-09-23 02:35:00,127.23,0
2026-09-23 02:40:00,135.24,0
2026-09-23 02:45:00,139.57,0
2026-09-23 02:50:00,156.7,0
2026-09-23 02:55:00,143.33,0
2026-09-23 03:00:00,157.59,0
2026-09-23 03:05:00,147.8,0
2026-09-23 03:10:00,150.54,0
2026-09-23 03:15:00,115.09,0
2026-09-23 03:20:00,92.2,0
2026-09-23 03:25:00,182.35,0
2026-09-23 03:30:00,118.35,0
2026-09-23 03:35:00,146.47,0
2026-09-23 03:40:00,106.71,0
2026-09-23 03:45:00,140.66,0
2026-09-23 03:50:00,76.44,0
2026-09-23 03:55:00,110.69,0
2026-09-23 04:00:00,117.57,0
2026-09-23 04:05:00,130.62,0
2026-09-23 04:10:00,146.41,0
2026-09-23 04:15:00,99.6,0
2026-09-23 04:20:00,137.24,0
2026-09-23 04:25:00,152.73,0
2026-09-23 04:30:00,187.79,0
2026-09-23 04:35:00,140.56,0
2026-09-23 04:40:00,114.58,0
2026-09-23 04:45:00,99.57,0
2026-09-23 04:50:00,175.02,0
2026-09-23 04:55:00,144.68,0
2026-09-23 05:00:00,127.0,0
2026-09-23 05:05:00,95.88,0
2026-09-23 05:10:00,109.27,0
2026-09-23 05:15:00,145.76,0
2026-09-23 05:20:00,139.66,0
2026-09-23 05:25:00,92.99,0
2026-09-23 05:30:00,149.05,0
2026-09-23 05:35:00,101.07,0
2026-09-23 05:40:00,172.41,0
2026-09-23 05:45:00,141.44,0
2026-09-23 05:50:00,126.38,0
2026-09-23 05:55:00,165.58,0
2026-09-23 06:00:00,148.96,0
2026-09-23 06:05:00,179.02,0
2026-09-23 06:10:00,144.41,0
2026-09-23 06:15:00,147.31,0
2026-09-23 06:20:00,137.79,0
2026-09-23 06:25:00,153.57,0
2026-09-23 06:30:00,200.82,0
2026-09-23 06:35:00,136.51,0
2026-09-23 06:40:00,169.66,0
2026-09-23 06:45:00,130.21,0
2026-09-23 06:50:00,106.29,0
2026-09-23 06:55:00,161.8,0
2026-09-23 07:00:00,168.44,0
2026-09-23 07:05:00,156.21,0
2026-09-23 07:10:00,123.09,0
2026-09-23 07:15:00,172.15,0
2026-09-23 07:20:00,172.95,0
2026-09-23 07:25:00,142.13,0
2026-09-23 07:30:00,132.26,0
2026-09-23 07:35:00,163.18,0
2026-09-23 07:40:00,194.36,0
2026-09-23 07:45:00,188.53,0
2026-09-23 07:50:00,151.08,0
2026-09-23 07:55:00,183.68,0
2026-09-23 08:00:00,212.83,0
2026-09-23 08:05:00,148.72,0
2026-09-23 08:10:00,188.09,0
2026-09-23 08:15:00,239.64,0
2026-09-23 08:20:00,151.56,0
2026-09-23 08:25:00,237.69,0
2026-09-23 08:30:00,261.63,0
2026-09-23 08:35:00,190.19,0
2026-09-23 08:40:00,188.44,0
2026-09-23 08:45:00,244.45,0
2026-09-23 08:50:00,198.76,0
2026-09-23 08:55:00,136.25,0
2026-09-23 09:00:00,207.01,0
2026-09-23 09:05:00,232.21,0
2026-09-23 09:10:00,246.8,0
2026-09-23 09:15:00,186.64,0
2026-09-23 09:20:00,210.9,0
2026-09-23 09:25:00,267.2,0
2026-09-23 09:30:00,224.4,0
2026-09-23 09:35:00,174.36,0
2026-09-23 09:40:00,290.32,0
2026-09-23 09:45:00,226.22,0
2026-09-23 09:50:00,289.51,0
2026-09-23 09:55:00,187.2,0
2026-09-23 10:00:00,238.19,0
2026-09-23 10:05:00,269.88,0
2026-09-23 10:10:00,245.12,0
2026-09-23 10:15:00,203.48,0
2026-09-23 10:20:00,165.64,0
2026-09-23 10:25:00,338.45,0
2026-09-23 10:30:00,271.9,0
2026-09-23 10:35:00,324.16,0
2026-09-23 10:40:00,313.76,0
2026-09-23 10:45:00,298.56,0
2026-09-23 10:50:00,255.6,0
2026-09-23 10:55:00,298.66,0
2026-09-23 11:00:00,357.27,0
2026-09-23 11:05:00,282.84,0
2026-09-23 11:10:00,395.97,0
2026-09-23 11:15:00,216.59,0
2026-09-23 11:20:00,214.29,0
2026-09-23 11:25:00,344.76,0
2026-09-23 11:30:00,251.1,0
2026-09-23 11:35:00,423.69,0
2026-09-23 11:40:00,376.03,0
2026-09-23 11:45:00,396.32,0
2026-09-23 11:50:00,351.75,0
2026-09-23 11:55:00,255.92,0
2026-09-23 12:00:00,225.62,0
2026-09-23 12:05:00,400.69,0
2026-09-23 12:10:00,235.19,0
2026-09-23 12:15:00,412.24,0
2026-09-23 12:20:00,351.64,0
2026-09-23 12:25:00,309.15,0
2026-09-23 12:30:00,341.16,0
2026-09-23 12:35:00,344.29,0
2026-09-23 12:40:00,306.73,0
2026-09-23 12:45:00,412.99,0
2026-09-23 12:50:00,412.15,0
2026-09-23 12:55:00,331.23,0
2026-09-23 13:00:00,290.14,0
2026-09-23 13:05:00,410.24,0
2026-09-23 13:10:00,226.02,0
2026-09-23 13:15:00,353.3,0
2026-09-23 13:20:00,373.52,0
2026-09-23 13:25:00,282.28,0
2026-09-23 13:30:00,391.18,0
2026-09-23 13:35:00,327.25,0
2026-09-23 13:40:00,298.44,0
2026-09-23 13:45:00,391.96,0
2026-09-23 13:50:00,271.26,0
2026-09-23 13:55:00,385.83,0
2026-09-23 14:00:00,230.97,0
2026-09-23 14:05:00,347.36,0
2026-09-23 14:10:00,332.42,0
2026-09-23 14:15:00,299.06,0
2026-09-23 14:20:00,353.16,0
2026-09-23 14:25:00,324.13,0
2026-09-23 14:30:00,396.92,0
2026-09-23 14:35:00,362.43,0
2026-09-23 14:40:00,354.72,0
2026-09-23 14:45:00,343.76,0
2026-09-23 14:50:00,298.77,0
2026-09-23 14:55:00,307.15,0
2026-09-23 15:00:00,338.0,0
2026-09-23 15:05:00,312.18,0
2026-09-23 15:10:00,391.9,0
2026-09-23 15:15:00,324.94,0
2026-09-23 15:20:00,340.38,0
2026-09-23 15:25:00,245.98,0
2026-09-23 15:30:00,373.36,0
2026-09-23 15:35:00,282.29,0
2026-09-23 15:40:00,258.37,0
2026-09-23 15:45:00,416.81,0
2026-09-23 15:50:00,349.28,0
2026-09-23 15:55:00,365.01,0
2026-09-23 16:00:00,330.08,0
2026-09-23 16:05:00,297.07,0
2026-09-23 16:10:00,285.26,0
2026-09-23 16:15:00,342.64,0
2026-09-23 16:20:00,362.42,0
2026-09-23 16:25:00,289.72,0
2026-09-23 16:30:00,422.53,0
2026-09-23 16:35:00,278.52,0
2026-09-23 16:40:00,222.66,0
2026-09-23 16:45:00,208.1,0
2026-09-23 16:50:00,207.52,0
2026-09-23 16:55:00,258.64,0
2026-09-23 17:00:00,264.77,0
2026-09-23 17:05:00,309.2,0
2026-09-23 17:10:00,269.42,0
2026-09-23 17:15:00,312.11,0
2026-09-23 17:20:00,267.62,0
2026-09-23 17:25:00,263.39,0
2026-09-23 17:30:00,234.35,0
2026-09-23 17:35:00,332.37,0
2026-09-23 17:40:00,193.21,0
2026-09-23 17:45:00,265.8,0
2026-09-23 17:50:00,240.98,0
2026-09-23 17:55:00,283.42,0
2026-09-23 18:00:00,242.53,0
2026-09-23 18:05:00,241.03,0
2026-09-23 18:10:00,226.73,0
2026-09-23 18:15:00,302.12,0
2026-09-23 18:20:00,232.44,0
2026-09-23 18:25:00,327.28,0
2026-09-23 18:30:00,238.23,0
2026-09-23 18:35:00,224.99,0
2026-09-23 18:40:00,215.68,0
2026-09-23 18:45:00,242.07,0
2026-09-23 18:50:00,194.31,0
2026-09-23 18:55:00,219.03,0
2026-09-23 19:00:00,211.03,0
2026-09-23 19:05:00,220.66,0
2026-09-23 19:10:00,218.89,0
2026-09-23 19:15:00,218.2,0
2026-09-23 19:20:00,203.9,0
2026-09-23 19:25:00,262.54,0
2026-09-23 19:30:00,210.93,0
2026-09-23 19:35:00,308.6,0
2026-09-23 19:40:00,192.37,0
2026-09-23 19:45:00,223.76,0
2026-09-23 19:50:00,163.18,0
2026-09-23 19:55:00,236.35,0
2026-09-23 20:00:00,159.82,0
2026-09-23 20:05:00,194.54,0
2026-09-23 20:10:00,168.81,0
2026-09-23 20:15:00,189.73,0
2026-09-23 20:20:00,165.66,0
2026-09-23 20:25:00,148.15,0
2026-09-23 20:30:00,160.7,0
2026-09-23 20:35:00,220.12,0
2026-09-23 20:40:00,179.32,0
2026-09-23 20:45:00,129.23,0
2026-09-23 20:50:00,196.25,0
2026-09-23 20:55:00,135.71,0
2026-09-23 21:00:00,180.14,0
2026-09-23 21:05:00,172.18,0
2026-09-23 21:10:00,172.28,0
2026-09-23 21:15:00,212.97,0
2026-09-23 21:20:00,130.06,0
2026-09-23 21:25:00,166.8,0
2026-09-23 21:30:00,185.58,0
2026-09-23 21:35:00,130.46,0
2026-09-23 21:40:00,126.83,0
2026-09-23 21:45:00,136.43,0
2026-09-23 21:50:00,150.9,0
2026-09-23 21:55:00,109.41,0
2026-09-23 22:00:00,154.36,0
2026-09-23 22:05:00,107.53,0
2026-09-23 22:10:00,173.38,0
2026-09-23 22:15:00,149.42,0
2026-09-23 22:20:00,190.66,0
2026-09-23 22:25:00,151.19,0
2026-09-23 22:30:00,125.91,0
2026-09-23 22:35:00,114.33,0
2026-09-23 22:40:00,136.8,0
2026-09-23 22:45:00,129.4,0
2026-09-23 22:50:00,159.96,0
2026-09-23 22:55:00,108.58,0
2026-09-23 23:00:00,183.44,0
2026-09-23 23:05:00,159.38,0
2026-09-23 23:10:00,121.39,0
2026-09-23 23:15:00,173.01,0
2026-09-23 23:20:00,108.1,0
2026-09-23 23:25:00,128.44,0
2026-09-23 23:30:00,97.84,0
2026-09-23 23:35:00,170.76,0
2026-09-23 23:40:00,90.59,0
2026-09-23 23:45:00,93.58,0
2026-09-23 23:50:00,107.68,0
2026-09-23 23:55:00,152.48,0
2026-09-24 00:00:00,131.2,0
2026-09-24 00:05:00,112.97,0
2026-09-24 00:10:00,132.81,0
2026-09-24 00:15:00,108.32,0
2026-09-24 00:20:00,119.38,0
2026-09-24 00:25:00,149.01,0
2026-09-24 00:30:00,105.93,0
2026-09-24 00:35:00,96.52,0
2026-09-24 00:40:00,120.64,0
2026-09-24 00:45:00,126.72,0
2026-09-24 00:50:00,113.2,0
2026-09-24 00:55:00,133.03,0
2026-09-24 01:00:00,107.17,0
2026-09-24 01:05:00,113.78,0
2026-09-24 01:10:00,119.04,0
2026-09-24 01:15:00,117.28,0
2026-09-24 01:20:00,149.02,0
2026-09-24 01:25:00,119.23,0
2026-09-24 01:30:00,105.72,0
2026-09-24 01:35:00,122.92,0
2026-09-24 01:40:00,134.18,0
2026-09-24 01:45:00,128.77,0
2026-09-24 01:50:00,127.65,0
2026-09-24 01:55:00,85.75,0
2026-09-24 02:00:00,71.79,0
2026-09-24 02:05:00,141.66,0
2026-09-24 02:10:00,122.04,0
2026-09-24 02:15:00,112.5,0
2026-09-24 02:20:00,128.19,0
2026-09-24 02:25:00,160.32,0
2026-09-24 02:30:00,146.42,0
2026-09-24 02:35:00,135.25,0
2026-09-24 02:40:00,97.16,0
2026-09-24 02:45:00,99.67,0
2026-09-24 02:50:00,74.5,0
2026-09-24 02:55:00,128.59,0
2026-09-24 03:00:00,140.42,0
2026-09-24 03:05:00,142.86,0
2026-09-24 03:10:00,130.57,0
2026-09-24 03:15:00,112.77,0
2026-09-24 03:20:00,105.05,0
2026-09-24 03:25:00,100.54,0
2026-09-24 03:30:00,113.62,0
2026-09-24 03:35:00,98.46,0
2026-09-24 03:40:00,161.62,0
2026-09-24 03:45:00,93.54,0
2026-09-24 03:50:00,114.57,0
2026-09-24 03:55:00,84.1,0
2026-09-24 04:00:00,126.23,0
2026-09-24 04:05:00,120.13,0
2026-09-24 04:10:00,113.21,0
2026-09-24 04:15:00,102.53,0
2026-09-24 04:20:00,121.92,0
2026-09-24 04:25:00,111.04,0
2026-09-24 04:30:00,120.11,0
2026-09-24 04:35:00,176.05,0
2026-09-24 04:40:00,128.38,0
2026-09-24 04:45:00,137.78,0
2026-09-24 04:50:00,115.82,0
2026-09-24 04:55:00,110.01,0
2026-09-24 05:00:00,126.98,0
2026-09-24 05:05:00,201.42,0
2026-09-24 05:10:00,122.69,0
2026-09-24 05:15:00,138.85,0
2026-09-24 05:20:00,112.89,0
2026-09-24 05:25:00,80.39,0
2026-09-24 05:30:00,115.38,0
2026-09-24 05:35:00,205.76,0
2026-09-24 05:40:00,150.4,0
2026-09-24 05:45:00,183.03,0
2026-09-24 05:50:00,129.04,0
2026-09-24 05:55:00,90.65,0
2026-09-24 06:00:00,114.49,0
2026-09-24 06:05:00,151.48,0
2026-09-24 06:10:00,148.55,0
2026-09-24 06:15:00,143.4,0
2026-09-24 06:20:00,131.85,0
2026-09-24 06:25:00,173.47,0
2026-09-24 06:30:00,135.17,0
2026-09-24 06:35:00,157.95,0
2026-09-24 06:40:00,156.38,0
2026-09-24 06:45:00,142.77,0
2026-09-24 06:50:00,131.58,0
2026-09-24 06:55:00,144.33,0
2026-09-24 07:00:00,220.78,0
2026-09-24 07:05:00,194.66,0
2026-09-24 07:10:00,193.62,0
2026-09-24 07:15:00,141.46,0
2026-09-24 07:20:00,127.27,0
2026-09-24 07:25:00,203.17,0
2026-09-24 07:30:00,198.6,0
2026-09-24 07:35:00,175.03,0
2026-09-24 07:40:00,161.66,0
2026-09-24 07:45:00,134.39,0
2026-09-24 07:50:00,206.95,0
2026-09-24 07:55:00,221.86,0
2026-09-24 08:00:00,160.55,0
2026-09-24 08:05:00,160.12,0
2026-09-24 08:10:00,232.51,0
2026-09-24 08:15:00,167.75,0
2026-09-24 08:20:00,262.61,0
2026-09-24 08:25:00,189.3,0
2026-09-24 08:30:00,182.34,0
2026-09-24 08:35:00,199.56,0
2026-09-24 08:40:00,186.97,0
2026-09-24 08:45:00,248.59,0
2026-09-24 08:50:00,241.06,0
2026-09-24 08:55:00,253.14,0
2026-09-24 09:00:00,217.84,0
2026-09-24 09:05:00,196.53,0
2026-09-24 09:10:00,215.66,0
2026-09-24 09:15:00,202.56,0
2026-09-24 09:20:00,288.28,0
2026-09-24 09:25:00,268.42,0
2026-09-24 09:30:00,223.13,0
2026-09-24 09:35:00,194.32,0
2026-09-24 09:40:00,306.61,0
2026-09-24 09:45:00,240.96,0
2026-09-24 09:50:00,232.37,0
2026-09-24 09:55:00,318.08,0
2026-09-24 10:00:00,222.09,0
2026-09-24 10:05:00,232.48,0
2026-09-24 10:10:00,238.86,0
2026-09-24 10:15:00,198.64,0
2026-09-24 10:20:00,269.41,0
2026-09-24 10:25:00,224.29,0
2026-09-24 10:30:00,234.64,0
2026-09-24 10:35:00,231.46,0
2026-09-24 10:40:00,238.84,0
2026-09-24 10:45:00,230.57,0
2026-09-24 10:50:00,283.14,0
2026-09-24 10:55:00,265.9,0
2026-09-24 11:00:00,278.46,0
2026-09-24 11:05:00,425.65,0
2026-09-24 11:10:00,273.42,0
2026-09-24 11:15:00,316.33,0
2026-09-24 11:20:00,325.69,0
2026-09-24 11:25:00,285.34,0
2026-09-24 11:30:00,305.67,0
2026-09-24 11:35:00,294.39,0
2026-09-24 11:40:00,306.56,0
2026-09-24 11:45:00,267.97,0
2026-09-24 11:50:00,274.45,0
2026-09-24 11:55:00,303.02,0
2026-09-24 12:00:00,213.27,0
2026-09-24 12:05:00,400.75,0
2026-09-24 12:10:00,454.53,0
2026-09-24 12:15:00,319.57,0
2026-09-24 12:20:00,351.37,0
2026-09-24 12:25:00,380.75,0
2026-09-24 12:30:00,248.22,0
2026-09-24 12:35:00,374.21,0
2026-09-24 12:40:00,294.61,0
2026-09-24 12:45:00,482.58,0
2026-09-24 12:50:00,310.15,0
2026-09-24 12:55:00,379.28,0
2026-09-24 13:00:00,313.02,0
2026-09-24 13:05:00,481.58,0
2026-09-24 13:10:00,296.62,0
2026-09-24 13:15:00,402.27,0
2026-09-24 13:20:00,366.01,0
2026-09-24 13:25:00,352.41,0
2026-09-24 13:30:00,342.1,0
2026-09-24 13:35:00,291.61,0
2026-09-24 13:40:00,206.7,0
2026-09-24 13:45:00,399.89,0
2026-09-24 13:50:00,302.03,0
2026-09-24 13:55:00,407.27,0
2026-09-24 14:00:00,351.57,0
2026-09-24 14:05:00,409.52,0
2026-09-24 14:10:00,381.02,0
2026-09-24 14:15:00,211.48,0
2026-09-24 14:20:00,367.77,0
2026-09-24 14:25:00,309.09,0
2026-09-24 14:30:00,404.88,0
2026-09-24 14:35:00,364.47,0
2026-09-24 14:40:00,364.45,0
2026-09-24 14:45:00,310.57,0
2026-09-24 14:50:00,276.0,0
2026-09-24 14:55:00,299.99,0
2026-09-24 15:00:00,233.78,0
2026-09-24 15:05:00,289.61,0
2026-09-24 15:10:00,246.51,0
2026-09-24 15:15:00,246.66,0
2026-09-24 15:20:00,324.85,0
2026-09-24 15:25:00,348.57,0
2026-09-24 15:30:00,313.26,0
2026-09-24 15:35:00,286.51,0
2026-09-24 15:40:00,262.84,0
2026-09-24 15:45:00,292.72,0
2026-09-24 15:50:00,265.68,0
2026-09-24 15:55:00,302.7,0
2026-09-24 16:00:00,231.28,0
2026-09-24 16:05:00,342.74,0
2026-09-24 16:10:00,270.87,0
2026-09-24 16:15:00,318.68,0
2026-09-24 16:20:00,346.76,0
2026-09-24 16:25:00,311.13,0
2026-09-24 16:30:00,335.98,0
2026-09-24 16:35:00,198.94,0
2026-09-24 16:40:00,261.87,0
2026-09-24 16:45:00,346.0,0
2026-09-24 16:50:00,308.18,0
2026-09-24 16:55:00,388.64,0
2026-09-24 17:00:00,375.19,0
2026-09-24 17:05:00,288.61,0
2026-09-24 17:10:00,258.81,0
2026-09-24 17:15:00,225.66,0
2026-09-24 17:20:00,243.67,0
2026-09-24 17:25:00,244.14,0
2026-09-24 17:30:00,233.69,0
2026-09-24 17:35:00,218.08,0
2026-09-24 17:40:00,273.61,0
2026-09-24 17:45:00,341.69,0
2026-09-24 17:50:00,294.54,0
2026-09-24 17:55:00,232.33,0
2026-09-24 18:00:00,292.18,0
2026-09-24 18:05:00,256.15,0
2026-09-24 18:10:00,236.14,0
2026-09-24 18:15:00,230.78,0
2026-09-24 18:20:00,224.13,0
2026-09-24 18:25:00,258.13,0
2026-09-24 18:30:00,232.62,0
2026-09-24 18:35:00,196.57,0
2026-09-24 18:40:00,192.5,0
2026-09-24 18:45:00,231.08,0
2026-09-24 18:50:00,233.34,0
2026-09-24 18:55:00,201.67,0
2026-09-24 19:00:00,171.88,0
2026-09-24 19:05:00,260.67,0
2026-09-24 19:10:00,247.78,0
2026-09-24 19:15:00,141.93,0
2026-09-24 19:20:00,255.1,0
2026-09-24 19:25:00,190.64,0
2026-09-24 19:30:00,202.28,0
2026-09-24 19:35:00,236.95,0
2026-09-24 19:40:00,256.7,0
2026-09-24 19:45:00,225.54,0
2026-09-24 19:50:00,194.21,0
2026-09-24 19:55:00,143.39,0
2026-09-24 20:00:00,125.98,0
2026-09-24 20:05:00,209.9,0
2026-09-24 20:10:00,225.41,0
2026-09-24 20:15:00,151.05,0
2026-09-24 20:20:00,164.62,0
2026-09-24 20:25:00,154.46,0
2026-09-24 20:30:00,151.92,0
2026-09-24 20:35:00,202.39,0
2026-09-24 20:40:00,171.47,0
2026-09-24 20:45:00,156.39,0
2026-09-24 20:50:00,259.97,0
2026-09-24 20:55:00,123.08,0
2026-09-24 21:00:00,173.91,0
2026-09-24 21:05:00,129.05,0
2026-09-24 21:10:00,149.89,0
2026-09-24 21:15:00,156.7,0
2026-09-24 21:20:00,175.77,0
2026-09-24 21:25:00,142.57,0
2026-09-24 21:30:00,138.48,0
2026-09-24 21:35:00,139.3,0
2026-09-24 21:40:00,119.43,0
2026-09-24 21:45:00,160.99,0
2026-09-24 21:50:00,149.73,0
2026-09-24 21:55:00,152.53,0
2026-09-24 22:00:00,138.04,0
2026-09-24 22:05:00,133.82,0
2026-09-24 22:10:00,169.74,0
2026-09-24 22:15:00,163.73,0
2026-09-24 22:20:00,174.3,0
2026-09-24 22:25:00,143.34,0
2026-09-24 22:30:00,169.67,0
2026-09-24 22:35:00,122.48,0
2026-09-24 22:40:00,126.39,0
2026-09-24 22:45:00,161.33,0
2026-09-24 22:50:00,150.39,0
2026-09-24 22:55:00,121.8,0
2026-09-24 23:00:00,105.62,0
2026-09-24 23:05:00,122.13,0
2026-09-24 23:10:00,111.32,0
2026-09-24 23:15:00,170.74,0
2026-09-24 23:20:00,142.71,0
2026-09-24 23:25:00,107.83,0
2026-09-24 23:30:00,102.0,0
2026-09-24 23:35:00,106.46,0
2026-09-24 23:40:00,110.2,0
2026-09-24 23:45:00,117.69,0
2026-09-24 23:50:00,147.54,0
2026-09-24 23:55:00,100.99,0
